2025-01-08 16:13:04,150 - mmdet - INFO - Environment info:
------------------------------------------------------------
sys.platform: linux
Python: 3.7.12 | packaged by conda-forge | (default, Oct 26 2021, 06:08:21) [GCC 9.4.0]
CUDA available: True
GPU 0: NVIDIA GeForce RTX 3090
CUDA_HOME: /usr/local/cuda
NVCC: Cuda compilation tools, release 11.7, V11.7.64
GCC: gcc (Ubuntu 7.5.0-3ubuntu1~18.04) 7.5.0
PyTorch: 1.11.0+cu113
PyTorch compiling details: PyTorch built with:
  - GCC 7.3
  - C++ Version: 201402
  - Intel(R) Math Kernel Library Version 2020.0.0 Product Build 20191122 for Intel(R) 64 architecture applications
  - Intel(R) MKL-DNN v2.5.2 (Git Hash a9302535553c73243c632ad3c4c80beec3d19a1e)
  - OpenMP 201511 (a.k.a. OpenMP 4.5)
  - LAPACK is enabled (usually provided by MKL)
  - NNPACK is enabled
  - CPU capability usage: AVX2
  - CUDA Runtime 11.3
  - NVCC architecture flags: -gencode;arch=compute_37,code=sm_37;-gencode;arch=compute_50,code=sm_50;-gencode;arch=compute_60,code=sm_60;-gencode;arch=compute_70,code=sm_70;-gencode;arch=compute_75,code=sm_75;-gencode;arch=compute_80,code=sm_80;-gencode;arch=compute_86,code=sm_86
  - CuDNN 8.2
  - Magma 2.5.2
  - Build settings: BLAS_INFO=mkl, BUILD_TYPE=Release, CUDA_VERSION=11.3, CUDNN_VERSION=8.2.0, CXX_COMPILER=/opt/rh/devtoolset-7/root/usr/bin/c++, CXX_FLAGS= -Wno-deprecated -fvisibility-inlines-hidden -DUSE_PTHREADPOOL -fopenmp -DNDEBUG -DUSE_KINETO -DUSE_FBGEMM -DUSE_QNNPACK -DUSE_PYTORCH_QNNPACK -DUSE_XNNPACK -DSYMBOLICATE_MOBILE_DEBUG_HANDLE -DEDGE_PROFILER_USE_KINETO -O2 -fPIC -Wno-narrowing -Wall -Wextra -Werror=return-type -Wno-missing-field-initializers -Wno-type-limits -Wno-array-bounds -Wno-unknown-pragmas -Wno-sign-compare -Wno-unused-parameter -Wno-unused-function -Wno-unused-result -Wno-unused-local-typedefs -Wno-strict-overflow -Wno-strict-aliasing -Wno-error=deprecated-declarations -Wno-stringop-overflow -Wno-psabi -Wno-error=pedantic -Wno-error=redundant-decls -Wno-error=old-style-cast -fdiagnostics-color=always -faligned-new -Wno-unused-but-set-variable -Wno-maybe-uninitialized -fno-math-errno -fno-trapping-math -Werror=format -Wno-stringop-overflow, LAPACK_INFO=mkl, PERF_WITH_AVX=1, PERF_WITH_AVX2=1, PERF_WITH_AVX512=1, TORCH_VERSION=1.11.0, USE_CUDA=ON, USE_CUDNN=ON, USE_EXCEPTION_PTR=1, USE_GFLAGS=OFF, USE_GLOG=OFF, USE_MKL=ON, USE_MKLDNN=OFF, USE_MPI=OFF, USE_NCCL=ON, USE_NNPACK=ON, USE_OPENMP=ON, USE_ROCM=OFF, 

TorchVision: 0.12.0+cu113
OpenCV: 4.10.0
MMCV: 1.5.0
MMCV Compiler: GCC 7.3
MMCV CUDA Compiler: 11.3
MMDetection: 2.25.3+a4c1528
------------------------------------------------------------

2025-01-08 16:13:06,142 - mmdet - INFO - Distributed training: False
2025-01-08 16:13:07,931 - mmdet - INFO - Config:
classes = ('person', 'car', 'bicycle')
num_classes = 3
max_epochs = 36
image_size = (640, 640)
window_block_indexes = [
    0, 1, 2, 4, 5, 6, 8, 9, 10, 12, 13, 14, 16, 17, 18, 20, 21, 22, 24, 25, 26
]
residual_block_indexes = []
num_dec_layer = 6
lambda_2 = 2.0
model = dict(
    type='TwoStreamCoDETR',
    backbone=dict(
        type='ViT',
        img_size=640,
        pretrain_img_size=512,
        patch_size=16,
        embed_dim=1024,
        depth=24,
        num_heads=16,
        mlp_ratio=2.6666666666666665,
        drop_path_rate=0.4,
        window_size=24,
        window_block_indexes=[
            0, 1, 2, 4, 5, 6, 8, 9, 10, 12, 13, 14, 16, 17, 18, 20, 21, 22, 24,
            25, 26
        ],
        residual_block_indexes=[],
        qkv_bias=True,
        use_act_checkpoint=True,
        init_cfg=None),
    neck=dict(
        type='SFP',
        in_channels=[1024],
        out_channels=256,
        num_outs=5,
        use_p2=True,
        use_act_checkpoint=False),
    rpn_head=dict(
        type='RPNHead',
        in_channels=256,
        feat_channels=256,
        anchor_generator=dict(
            type='AnchorGenerator',
            octave_base_scale=4,
            scales_per_octave=3,
            ratios=[0.5, 1.0, 2.0],
            strides=[4, 8, 16, 32, 64, 128]),
        bbox_coder=dict(
            type='DeltaXYWHBBoxCoder',
            target_means=[0.0, 0.0, 0.0, 0.0],
            target_stds=[1.0, 1.0, 1.0, 1.0]),
        loss_cls=dict(
            type='CrossEntropyLoss', use_sigmoid=True, loss_weight=12.0),
        loss_bbox=dict(type='L1Loss', loss_weight=12.0)),
    query_head=dict(
        type='CoDINOHead',
        num_query=1500,
        num_classes=3,
        num_feature_levels=5,
        in_channels=2048,
        sync_cls_avg_factor=True,
        as_two_stage=True,
        with_box_refine=True,
        mixed_selection=True,
        dn_cfg=dict(
            type='CdnQueryGenerator',
            noise_scale=dict(label=0.5, box=0.4),
            group_cfg=dict(dynamic=True, num_groups=None, num_dn_queries=300)),
        transformer=dict(
            type='CoDinoTransformer',
            with_pos_coord=True,
            with_coord_feat=False,
            num_co_heads=2,
            num_feature_levels=5,
            encoder=dict(
                type='DetrTransformerEncoder',
                num_layers=6,
                with_cp=6,
                transformerlayers=dict(
                    type='BaseTransformerLayer',
                    attn_cfgs=dict(
                        type='MultiScaleDeformableAttention',
                        embed_dims=256,
                        num_levels=5,
                        dropout=0.0),
                    feedforward_channels=2048,
                    ffn_dropout=0.0,
                    operation_order=('self_attn', 'norm', 'ffn', 'norm'))),
            decoder=dict(
                type='DinoTransformerDecoder',
                num_layers=6,
                return_intermediate=True,
                transformerlayers=dict(
                    type='DetrTransformerDecoderLayer',
                    attn_cfgs=[
                        dict(
                            type='MultiheadAttention',
                            embed_dims=256,
                            num_heads=8,
                            dropout=0.0),
                        dict(
                            type='MultiScaleDeformableAttention',
                            embed_dims=256,
                            num_levels=5,
                            dropout=0.0)
                    ],
                    feedforward_channels=2048,
                    ffn_dropout=0.0,
                    operation_order=('self_attn', 'norm', 'cross_attn', 'norm',
                                     'ffn', 'norm')))),
        positional_encoding=dict(
            type='SinePositionalEncoding',
            num_feats=128,
            temperature=20,
            normalize=True),
        loss_cls=dict(
            type='QualityFocalLoss',
            use_sigmoid=True,
            beta=2.0,
            loss_weight=1.0),
        loss_bbox=dict(type='L1Loss', loss_weight=5.0),
        loss_iou=dict(type='GIoULoss', loss_weight=2.0)),
    roi_head=[
        dict(
            type='CoStandardRoIHead',
            bbox_roi_extractor=dict(
                type='SingleRoIExtractor',
                roi_layer=dict(
                    type='RoIAlign', output_size=7, sampling_ratio=0),
                out_channels=256,
                featmap_strides=[4, 8, 16, 32, 64],
                finest_scale=56),
            bbox_head=dict(
                type='ConvFCBBoxHead',
                num_shared_convs=4,
                num_shared_fcs=1,
                in_channels=256,
                conv_out_channels=256,
                fc_out_channels=1024,
                roi_feat_size=7,
                num_classes=3,
                bbox_coder=dict(
                    type='DeltaXYWHBBoxCoder',
                    target_means=[0.0, 0.0, 0.0, 0.0],
                    target_stds=[0.05, 0.05, 0.1, 0.1]),
                reg_class_agnostic=True,
                reg_decoded_bbox=True,
                norm_cfg=dict(type='GN', num_groups=32),
                loss_cls=dict(
                    type='CrossEntropyLoss',
                    use_sigmoid=False,
                    loss_weight=12.0),
                loss_bbox=dict(type='GIoULoss', loss_weight=120.0)))
    ],
    bbox_head=[
        dict(
            type='CoATSSHead',
            num_classes=3,
            in_channels=256,
            stacked_convs=1,
            feat_channels=256,
            anchor_generator=dict(
                type='AnchorGenerator',
                ratios=[1.0],
                octave_base_scale=8,
                scales_per_octave=1,
                strides=[4, 8, 16, 32, 64, 128]),
            bbox_coder=dict(
                type='DeltaXYWHBBoxCoder',
                target_means=[0.0, 0.0, 0.0, 0.0],
                target_stds=[0.1, 0.1, 0.2, 0.2]),
            loss_cls=dict(
                type='FocalLoss',
                use_sigmoid=True,
                gamma=2.0,
                alpha=0.25,
                loss_weight=12.0),
            loss_bbox=dict(type='GIoULoss', loss_weight=24.0),
            loss_centerness=dict(
                type='CrossEntropyLoss', use_sigmoid=True, loss_weight=12.0))
    ],
    train_cfg=[
        dict(
            assigner=dict(
                type='HungarianAssigner',
                cls_cost=dict(type='FocalLossCost', weight=2.0),
                reg_cost=dict(
                    type='BBoxL1Cost', weight=5.0, box_format='xywh'),
                iou_cost=dict(type='IoUCost', iou_mode='giou', weight=2.0))),
        dict(
            rpn=dict(
                assigner=dict(
                    type='MaxIoUAssigner',
                    pos_iou_thr=0.7,
                    neg_iou_thr=0.3,
                    min_pos_iou=0.3,
                    match_low_quality=True,
                    ignore_iof_thr=-1),
                sampler=dict(
                    type='RandomSampler',
                    num=256,
                    pos_fraction=0.5,
                    neg_pos_ub=-1,
                    add_gt_as_proposals=False),
                allowed_border=-1,
                pos_weight=-1,
                debug=False),
            rpn_proposal=dict(
                nms_pre=4000,
                max_per_img=1000,
                nms=dict(type='nms', iou_threshold=0.7),
                min_bbox_size=0),
            rcnn=dict(
                assigner=dict(
                    type='MaxIoUAssigner',
                    pos_iou_thr=0.5,
                    neg_iou_thr=0.5,
                    min_pos_iou=0.5,
                    match_low_quality=False,
                    ignore_iof_thr=-1),
                sampler=dict(
                    type='RandomSampler',
                    num=512,
                    pos_fraction=0.25,
                    neg_pos_ub=-1,
                    add_gt_as_proposals=True),
                pos_weight=-1,
                debug=False)),
        dict(
            assigner=dict(type='ATSSAssigner', topk=9),
            allowed_border=-1,
            pos_weight=-1,
            debug=False)
    ],
    test_cfg=[
        dict(max_per_img=1000, nms=dict(type='soft_nms', iou_threshold=0.8)),
        dict(
            rpn=dict(
                nms_pre=8000,
                max_per_img=2000,
                nms=dict(type='nms', iou_threshold=0.9),
                min_bbox_size=0),
            rcnn=dict(
                score_thr=0.0,
                mask_thr_binary=0.5,
                nms=dict(type='soft_nms', iou_threshold=0.5),
                max_per_img=1000)),
        dict(
            nms_pre=1000,
            min_bbox_size=0,
            score_thr=0.05,
            nms=dict(type='soft_nms', iou_threshold=0.6),
            max_per_img=500)
    ])
dataset_type = 'CocoDataset'
data_root = '/home/shen2/dataset_zhb/cocomulti_dataset/FLIR-align-3class-codetr/'
data_root_test = '/home/cp/cp/2023learn/2024-race-cls/2024-gaic/solution/data/'
img_norm_cfg = dict(
    mean=[123.675, 116.28, 103.53], std=[58.395, 57.12, 57.375], to_rgb=True)
train_pipeline_no_copypaste = [
    dict(type='LoadPairedImageFromFile', rgb_folder_name='rgb'),
    dict(type='LoadAnnotations', with_bbox=True),
    dict(
        type='PairedImagesResize',
        img_scale=(640, 640),
        ratio_range=(0.1, 2.5),
        multiscale_mode='range',
        keep_ratio=True),
    dict(
        type='PairedImagesRandomCrop',
        crop_type='absolute_range',
        crop_size=(640, 640),
        recompute_bbox=True,
        allow_negative_crop=True),
    dict(type='FilterAnnotations', min_gt_bbox_wh=(0.01, 0.01)),
    dict(type='PairedImagesRandomFlip', flip_ratio=0.5),
    dict(type='PairedImagesAutoAugmentCustom', autoaug_type='v1'),
    dict(
        type='PairedImagesPad',
        size=(640, 640),
        pad_val=dict(img=(114, 114, 114))),
    dict(
        type='PairedImagesNormalize',
        mean=[123.675, 116.28, 103.53],
        std=[58.395, 57.12, 57.375],
        to_rgb=True),
    dict(type='PairedImagesDefaultFormatBundle'),
    dict(type='Collect', keys=['img', 'img_lwir', 'gt_bboxes', 'gt_labels'])
]
test_pipeline = [
    dict(type='LoadPairedImageFromFile', rgb_folder_name='rgb'),
    dict(
        type='MultiScaleFlipAug',
        img_scale=(640, 640),
        flip=False,
        transforms=[
            dict(
                type='PairedImagesResize',
                img_scale=(640, 640),
                keep_ratio=True),
            dict(type='PairedImagesRandomFlip', test_flip=False),
            dict(
                type='PairedImagesPad',
                size=(640, 640),
                pad_val=dict(img=(114, 114, 114))),
            dict(
                type='PairedImagesNormalize',
                mean=[123.675, 116.28, 103.53],
                std=[58.395, 57.12, 57.375],
                to_rgb=True),
            dict(type='ImageToTensor', keys=['img', 'img_lwir']),
            dict(type='Collect', keys=['img', 'img_lwir'])
        ])
]
val_pipeline = [
    dict(type='LoadPairedImageFromFile', rgb_folder_name='rgb'),
    dict(
        type='MultiScaleFlipAug',
        img_scale=(640, 640),
        flip=False,
        transforms=[
            dict(
                type='PairedImagesResize',
                img_scale=(640, 640),
                keep_ratio=True),
            dict(type='PairedImagesRandomFlip', test_flip=False),
            dict(
                type='PairedImagesPad',
                size=(640, 640),
                pad_val=dict(img=(114, 114, 114))),
            dict(
                type='PairedImagesNormalize',
                mean=[123.675, 116.28, 103.53],
                std=[58.395, 57.12, 57.375],
                to_rgb=True),
            dict(type='ImageToTensor', keys=['img', 'img_lwir']),
            dict(type='Collect', keys=['img', 'img_lwir'])
        ])
]
data = dict(
    samples_per_gpu=1,
    workers_per_gpu=1,
    train=dict(
        type='ClassBalancedDataset',
        oversample_thr=0.2,
        dataset=[
            dict(
                type='CocoDataset',
                classes=('person', 'car', 'bicycle'),
                ann_file=
                '/home/shen2/dataset_zhb/cocomulti_dataset/FLIR-align-3class-codetr/train/train.json',
                img_prefix=
                '/home/shen2/dataset_zhb/cocomulti_dataset/FLIR-align-3class-codetr/train/rgb',
                filter_empty_gt=False,
                pipeline=[
                    dict(
                        type='LoadPairedImageFromFile', rgb_folder_name='rgb'),
                    dict(type='LoadAnnotations', with_bbox=True),
                    dict(
                        type='PairedImagesResize',
                        img_scale=(640, 640),
                        ratio_range=(0.1, 2.5),
                        multiscale_mode='range',
                        keep_ratio=True),
                    dict(
                        type='PairedImagesRandomCrop',
                        crop_type='absolute_range',
                        crop_size=(640, 640),
                        recompute_bbox=True,
                        allow_negative_crop=True),
                    dict(
                        type='FilterAnnotations', min_gt_bbox_wh=(0.01, 0.01)),
                    dict(type='PairedImagesRandomFlip', flip_ratio=0.5),
                    dict(
                        type='PairedImagesAutoAugmentCustom',
                        autoaug_type='v1'),
                    dict(
                        type='PairedImagesPad',
                        size=(640, 640),
                        pad_val=dict(img=(114, 114, 114))),
                    dict(
                        type='PairedImagesNormalize',
                        mean=[123.675, 116.28, 103.53],
                        std=[58.395, 57.12, 57.375],
                        to_rgb=True),
                    dict(type='PairedImagesDefaultFormatBundle'),
                    dict(
                        type='Collect',
                        keys=['img', 'img_lwir', 'gt_bboxes', 'gt_labels'])
                ])
        ]),
    val=dict(
        type='CocoDataset',
        classes=('person', 'car', 'bicycle'),
        ann_file=
        '/home/shen2/dataset_zhb/cocomulti_dataset/FLIR-align-3class-codetr/val/val.json',
        img_prefix=
        '/home/shen2/dataset_zhb/cocomulti_dataset/FLIR-align-3class-codetr/val/rgb/',
        pipeline=[
            dict(type='LoadPairedImageFromFile', rgb_folder_name='rgb'),
            dict(
                type='MultiScaleFlipAug',
                img_scale=(640, 640),
                flip=False,
                transforms=[
                    dict(
                        type='PairedImagesResize',
                        img_scale=(640, 640),
                        keep_ratio=True),
                    dict(type='PairedImagesRandomFlip', test_flip=False),
                    dict(
                        type='PairedImagesPad',
                        size=(640, 640),
                        pad_val=dict(img=(114, 114, 114))),
                    dict(
                        type='PairedImagesNormalize',
                        mean=[123.675, 116.28, 103.53],
                        std=[58.395, 57.12, 57.375],
                        to_rgb=True),
                    dict(type='ImageToTensor', keys=['img', 'img_lwir']),
                    dict(type='Collect', keys=['img', 'img_lwir'])
                ])
        ]),
    test=dict(
        type='CocoDataset',
        classes=('person', 'car', 'bicycle'),
        ann_file=
        '/home/shen2/dataset_zhb/cocomulti_dataset/FLIR-align-3class-codetr/val/val.json',
        img_prefix=
        '/home/shen2/dataset_zhb/cocomulti_dataset/FLIR-align-3class-codetr/val/rgb/',
        pipeline=[
            dict(type='LoadPairedImageFromFile', rgb_folder_name='rgb'),
            dict(
                type='MultiScaleFlipAug',
                img_scale=(640, 640),
                flip=False,
                transforms=[
                    dict(
                        type='PairedImagesResize',
                        img_scale=(640, 640),
                        keep_ratio=True),
                    dict(type='PairedImagesRandomFlip', test_flip=False),
                    dict(
                        type='PairedImagesPad',
                        size=(640, 640),
                        pad_val=dict(img=(114, 114, 114))),
                    dict(
                        type='PairedImagesNormalize',
                        mean=[123.675, 116.28, 103.53],
                        std=[58.395, 57.12, 57.375],
                        to_rgb=True),
                    dict(type='ImageToTensor', keys=['img', 'img_lwir']),
                    dict(type='Collect', keys=['img', 'img_lwir'])
                ])
        ]))
evaluation = dict(save_best='bbox_mAP_50', interval=1, metric=['bbox'])
dist_params = dict(backend='nccl')
optimizer_config = dict(grad_clip=dict(max_norm=0.1, norm_type=2))
steps = [28, 34]
lr_config = dict(
    policy='step',
    warmup='linear',
    warmup_iters=250,
    warmup_ratio=0.01,
    step=[28, 34])
runner = dict(type='EpochBasedRunner', max_epochs=36)
optimizer = dict(
    type='AdamW',
    lr=5e-05,
    weight_decay=0.05,
    paramwise_cfg=dict(custom_keys=dict(backbone=dict(lr_mult=0.1))))
checkpoint_config = dict(by_epoch=True, interval=1, max_keep_ckpts=36)
log_config = dict(interval=1000, hooks=[dict(type='TextLoggerHook')])
custom_hooks = [dict(type='NumClassCheckHook')]
log_level = 'INFO'
workflow = [('train', 1)]
opencv_num_threads = 0
mp_start_method = 'fork'
auto_scale_lr = dict(enable=False, base_batch_size=1)
load_from = './data/pretrained_model/co_dino_5scale_vit_large_coco_for_rgbt.pth'
resume_from = None
work_dir = '/home/shen2/zhb/2024_12_13/codino_vit_twostream_640_autoaugv1_train1_IDAF4_FLIR'
auto_resume = False
gpu_ids = [0]

2025-01-08 16:13:07,931 - mmdet - INFO - Set random seed to 1402149630, deterministic: False
2025-01-08 16:13:14,558 - mmdet - INFO - initialize RPNHead with init_cfg {'type': 'Normal', 'layer': 'Conv2d', 'std': 0.01}
Name of parameter - Initialization information

rpn_conv.weight - torch.Size([256, 256, 3, 3]): 
NormalInit: mean=0, std=0.01, bias=0 

rpn_conv.bias - torch.Size([256]): 
NormalInit: mean=0, std=0.01, bias=0 

rpn_cls.weight - torch.Size([9, 256, 1, 1]): 
NormalInit: mean=0, std=0.01, bias=0 

rpn_cls.bias - torch.Size([9]): 
NormalInit: mean=0, std=0.01, bias=0 

rpn_reg.weight - torch.Size([36, 256, 1, 1]): 
NormalInit: mean=0, std=0.01, bias=0 

rpn_reg.bias - torch.Size([36]): 
NormalInit: mean=0, std=0.01, bias=0 
2025-01-08 16:13:14,652 - mmdet - INFO - initialize ConvFCBBoxHead with init_cfg [{'type': 'Normal', 'std': 0.01, 'override': {'name': 'fc_cls'}}, {'type': 'Normal', 'std': 0.001, 'override': {'name': 'fc_reg'}}, {'type': 'Xavier', 'distribution': 'uniform', 'override': [{'name': 'shared_fcs'}, {'name': 'cls_fcs'}, {'name': 'reg_fcs'}]}]
Name of parameter - Initialization information

bbox_head.fc_cls.weight - torch.Size([4, 1024]): 
NormalInit: mean=0, std=0.01, bias=0 

bbox_head.fc_cls.bias - torch.Size([4]): 
NormalInit: mean=0, std=0.01, bias=0 

bbox_head.fc_reg.weight - torch.Size([4, 1024]): 
NormalInit: mean=0, std=0.001, bias=0 

bbox_head.fc_reg.bias - torch.Size([4]): 
NormalInit: mean=0, std=0.001, bias=0 

bbox_head.shared_convs.0.conv.weight - torch.Size([256, 256, 3, 3]): 
The value is the same before and after calling `init_weights` of CoStandardRoIHead  

bbox_head.shared_convs.0.gn.weight - torch.Size([256]): 
The value is the same before and after calling `init_weights` of CoStandardRoIHead  

bbox_head.shared_convs.0.gn.bias - torch.Size([256]): 
The value is the same before and after calling `init_weights` of CoStandardRoIHead  

bbox_head.shared_convs.1.conv.weight - torch.Size([256, 256, 3, 3]): 
The value is the same before and after calling `init_weights` of CoStandardRoIHead  

bbox_head.shared_convs.1.gn.weight - torch.Size([256]): 
The value is the same before and after calling `init_weights` of CoStandardRoIHead  

bbox_head.shared_convs.1.gn.bias - torch.Size([256]): 
The value is the same before and after calling `init_weights` of CoStandardRoIHead  

bbox_head.shared_convs.2.conv.weight - torch.Size([256, 256, 3, 3]): 
The value is the same before and after calling `init_weights` of CoStandardRoIHead  

bbox_head.shared_convs.2.gn.weight - torch.Size([256]): 
The value is the same before and after calling `init_weights` of CoStandardRoIHead  

bbox_head.shared_convs.2.gn.bias - torch.Size([256]): 
The value is the same before and after calling `init_weights` of CoStandardRoIHead  

bbox_head.shared_convs.3.conv.weight - torch.Size([256, 256, 3, 3]): 
The value is the same before and after calling `init_weights` of CoStandardRoIHead  

bbox_head.shared_convs.3.gn.weight - torch.Size([256]): 
The value is the same before and after calling `init_weights` of CoStandardRoIHead  

bbox_head.shared_convs.3.gn.bias - torch.Size([256]): 
The value is the same before and after calling `init_weights` of CoStandardRoIHead  

bbox_head.shared_fcs.0.weight - torch.Size([1024, 12544]): 
XavierInit: gain=1, distribution=uniform, bias=0 

bbox_head.shared_fcs.0.bias - torch.Size([1024]): 
XavierInit: gain=1, distribution=uniform, bias=0 
2025-01-08 16:13:14,732 - mmdet - INFO - initialize CoATSSHead with init_cfg {'type': 'Normal', 'layer': 'Conv2d', 'std': 0.01, 'override': {'type': 'Normal', 'name': 'atss_cls', 'std': 0.01, 'bias_prob': 0.01}}
Name of parameter - Initialization information

cls_convs.0.conv.weight - torch.Size([256, 256, 3, 3]): 
NormalInit: mean=0, std=0.01, bias=0 

cls_convs.0.gn.weight - torch.Size([256]): 
The value is the same before and after calling `init_weights` of CoATSSHead  

cls_convs.0.gn.bias - torch.Size([256]): 
The value is the same before and after calling `init_weights` of CoATSSHead  

reg_convs.0.conv.weight - torch.Size([256, 256, 3, 3]): 
NormalInit: mean=0, std=0.01, bias=0 

reg_convs.0.gn.weight - torch.Size([256]): 
The value is the same before and after calling `init_weights` of CoATSSHead  

reg_convs.0.gn.bias - torch.Size([256]): 
The value is the same before and after calling `init_weights` of CoATSSHead  

atss_cls.weight - torch.Size([3, 256, 3, 3]): 
NormalInit: mean=0, std=0.01, bias=-4.59511985013459 

atss_cls.bias - torch.Size([3]): 
NormalInit: mean=0, std=0.01, bias=-4.59511985013459 

atss_reg.weight - torch.Size([4, 256, 3, 3]): 
NormalInit: mean=0, std=0.01, bias=0 

atss_reg.bias - torch.Size([4]): 
NormalInit: mean=0, std=0.01, bias=0 

atss_centerness.weight - torch.Size([1, 256, 3, 3]): 
NormalInit: mean=0, std=0.01, bias=0 

atss_centerness.bias - torch.Size([1]): 
NormalInit: mean=0, std=0.01, bias=0 

scales.0.scale - torch.Size([]): 
The value is the same before and after calling `init_weights` of CoATSSHead  

scales.1.scale - torch.Size([]): 
The value is the same before and after calling `init_weights` of CoATSSHead  

scales.2.scale - torch.Size([]): 
The value is the same before and after calling `init_weights` of CoATSSHead  

scales.3.scale - torch.Size([]): 
The value is the same before and after calling `init_weights` of CoATSSHead  

scales.4.scale - torch.Size([]): 
The value is the same before and after calling `init_weights` of CoATSSHead  

scales.5.scale - torch.Size([]): 
The value is the same before and after calling `init_weights` of CoATSSHead  
2025-01-08 16:13:14,881 - mmdet - WARNING - No pre-trained weights for ViT, training start from scratch
2025-01-08 16:13:16,316 - mmdet - WARNING - No pre-trained weights for ViT, training start from scratch
2025-01-08 16:13:17,773 - mmdet - INFO - initialize SFP with init_cfg {'type': 'Xavier', 'layer': 'Conv2d', 'distribution': 'uniform'}
Name of parameter - Initialization information

backbone_vis.pos_embed - torch.Size([1, 1025, 1024]): 
The value is the same before and after calling `init_weights` of TwoStreamCoDETR  

backbone_vis.patch_embed.proj.weight - torch.Size([1024, 3, 16, 16]): 
The value is the same before and after calling `init_weights` of TwoStreamCoDETR  

backbone_vis.patch_embed.proj.bias - torch.Size([1024]): 
The value is the same before and after calling `init_weights` of TwoStreamCoDETR  

backbone_vis.blocks.0.norm1.weight - torch.Size([1024]): 
The value is the same before and after calling `init_weights` of TwoStreamCoDETR  

backbone_vis.blocks.0.norm1.bias - torch.Size([1024]): 
The value is the same before and after calling `init_weights` of TwoStreamCoDETR  

backbone_vis.blocks.0.attn.q_bias - torch.Size([1024]): 
The value is the same before and after calling `init_weights` of TwoStreamCoDETR  

backbone_vis.blocks.0.attn.v_bias - torch.Size([1024]): 
The value is the same before and after calling `init_weights` of TwoStreamCoDETR  

backbone_vis.blocks.0.attn.q_proj.weight - torch.Size([1024, 1024]): 
Initialized by user-defined `init_weights` in ViT  

backbone_vis.blocks.0.attn.k_proj.weight - torch.Size([1024, 1024]): 
Initialized by user-defined `init_weights` in ViT  

backbone_vis.blocks.0.attn.v_proj.weight - torch.Size([1024, 1024]): 
Initialized by user-defined `init_weights` in ViT  

backbone_vis.blocks.0.attn.proj.weight - torch.Size([1024, 1024]): 
Initialized by user-defined `init_weights` in ViT  

backbone_vis.blocks.0.attn.proj.bias - torch.Size([1024]): 
The value is the same before and after calling `init_weights` of TwoStreamCoDETR  

backbone_vis.blocks.0.norm2.weight - torch.Size([1024]): 
The value is the same before and after calling `init_weights` of TwoStreamCoDETR  

backbone_vis.blocks.0.norm2.bias - torch.Size([1024]): 
The value is the same before and after calling `init_weights` of TwoStreamCoDETR  

backbone_vis.blocks.0.mlp.w1.weight - torch.Size([2730, 1024]): 
Initialized by user-defined `init_weights` in ViT  

backbone_vis.blocks.0.mlp.w1.bias - torch.Size([2730]): 
The value is the same before and after calling `init_weights` of TwoStreamCoDETR  

backbone_vis.blocks.0.mlp.w2.weight - torch.Size([2730, 1024]): 
Initialized by user-defined `init_weights` in ViT  

backbone_vis.blocks.0.mlp.w2.bias - torch.Size([2730]): 
The value is the same before and after calling `init_weights` of TwoStreamCoDETR  

backbone_vis.blocks.0.mlp.ffn_ln.weight - torch.Size([2730]): 
The value is the same before and after calling `init_weights` of TwoStreamCoDETR  

backbone_vis.blocks.0.mlp.ffn_ln.bias - torch.Size([2730]): 
The value is the same before and after calling `init_weights` of TwoStreamCoDETR  

backbone_vis.blocks.0.mlp.w3.weight - torch.Size([1024, 2730]): 
Initialized by user-defined `init_weights` in ViT  

backbone_vis.blocks.0.mlp.w3.bias - torch.Size([1024]): 
The value is the same before and after calling `init_weights` of TwoStreamCoDETR  

backbone_vis.blocks.1.norm1.weight - torch.Size([1024]): 
The value is the same before and after calling `init_weights` of TwoStreamCoDETR  

backbone_vis.blocks.1.norm1.bias - torch.Size([1024]): 
The value is the same before and after calling `init_weights` of TwoStreamCoDETR  

backbone_vis.blocks.1.attn.q_bias - torch.Size([1024]): 
The value is the same before and after calling `init_weights` of TwoStreamCoDETR  

backbone_vis.blocks.1.attn.v_bias - torch.Size([1024]): 
The value is the same before and after calling `init_weights` of TwoStreamCoDETR  

backbone_vis.blocks.1.attn.q_proj.weight - torch.Size([1024, 1024]): 
Initialized by user-defined `init_weights` in ViT  

backbone_vis.blocks.1.attn.k_proj.weight - torch.Size([1024, 1024]): 
Initialized by user-defined `init_weights` in ViT  

backbone_vis.blocks.1.attn.v_proj.weight - torch.Size([1024, 1024]): 
Initialized by user-defined `init_weights` in ViT  

backbone_vis.blocks.1.attn.proj.weight - torch.Size([1024, 1024]): 
Initialized by user-defined `init_weights` in ViT  

backbone_vis.blocks.1.attn.proj.bias - torch.Size([1024]): 
The value is the same before and after calling `init_weights` of TwoStreamCoDETR  

backbone_vis.blocks.1.norm2.weight - torch.Size([1024]): 
The value is the same before and after calling `init_weights` of TwoStreamCoDETR  

backbone_vis.blocks.1.norm2.bias - torch.Size([1024]): 
The value is the same before and after calling `init_weights` of TwoStreamCoDETR  

backbone_vis.blocks.1.mlp.w1.weight - torch.Size([2730, 1024]): 
Initialized by user-defined `init_weights` in ViT  

backbone_vis.blocks.1.mlp.w1.bias - torch.Size([2730]): 
The value is the same before and after calling `init_weights` of TwoStreamCoDETR  

backbone_vis.blocks.1.mlp.w2.weight - torch.Size([2730, 1024]): 
Initialized by user-defined `init_weights` in ViT  

backbone_vis.blocks.1.mlp.w2.bias - torch.Size([2730]): 
The value is the same before and after calling `init_weights` of TwoStreamCoDETR  

backbone_vis.blocks.1.mlp.ffn_ln.weight - torch.Size([2730]): 
The value is the same before and after calling `init_weights` of TwoStreamCoDETR  

backbone_vis.blocks.1.mlp.ffn_ln.bias - torch.Size([2730]): 
The value is the same before and after calling `init_weights` of TwoStreamCoDETR  

backbone_vis.blocks.1.mlp.w3.weight - torch.Size([1024, 2730]): 
Initialized by user-defined `init_weights` in ViT  

backbone_vis.blocks.1.mlp.w3.bias - torch.Size([1024]): 
The value is the same before and after calling `init_weights` of TwoStreamCoDETR  

backbone_vis.blocks.2.norm1.weight - torch.Size([1024]): 
The value is the same before and after calling `init_weights` of TwoStreamCoDETR  

backbone_vis.blocks.2.norm1.bias - torch.Size([1024]): 
The value is the same before and after calling `init_weights` of TwoStreamCoDETR  

backbone_vis.blocks.2.attn.q_bias - torch.Size([1024]): 
The value is the same before and after calling `init_weights` of TwoStreamCoDETR  

backbone_vis.blocks.2.attn.v_bias - torch.Size([1024]): 
The value is the same before and after calling `init_weights` of TwoStreamCoDETR  

backbone_vis.blocks.2.attn.q_proj.weight - torch.Size([1024, 1024]): 
Initialized by user-defined `init_weights` in ViT  

backbone_vis.blocks.2.attn.k_proj.weight - torch.Size([1024, 1024]): 
Initialized by user-defined `init_weights` in ViT  

backbone_vis.blocks.2.attn.v_proj.weight - torch.Size([1024, 1024]): 
Initialized by user-defined `init_weights` in ViT  

backbone_vis.blocks.2.attn.proj.weight - torch.Size([1024, 1024]): 
Initialized by user-defined `init_weights` in ViT  

backbone_vis.blocks.2.attn.proj.bias - torch.Size([1024]): 
The value is the same before and after calling `init_weights` of TwoStreamCoDETR  

backbone_vis.blocks.2.norm2.weight - torch.Size([1024]): 
The value is the same before and after calling `init_weights` of TwoStreamCoDETR  

backbone_vis.blocks.2.norm2.bias - torch.Size([1024]): 
The value is the same before and after calling `init_weights` of TwoStreamCoDETR  

backbone_vis.blocks.2.mlp.w1.weight - torch.Size([2730, 1024]): 
Initialized by user-defined `init_weights` in ViT  

backbone_vis.blocks.2.mlp.w1.bias - torch.Size([2730]): 
The value is the same before and after calling `init_weights` of TwoStreamCoDETR  

backbone_vis.blocks.2.mlp.w2.weight - torch.Size([2730, 1024]): 
Initialized by user-defined `init_weights` in ViT  

backbone_vis.blocks.2.mlp.w2.bias - torch.Size([2730]): 
The value is the same before and after calling `init_weights` of TwoStreamCoDETR  

backbone_vis.blocks.2.mlp.ffn_ln.weight - torch.Size([2730]): 
The value is the same before and after calling `init_weights` of TwoStreamCoDETR  

backbone_vis.blocks.2.mlp.ffn_ln.bias - torch.Size([2730]): 
The value is the same before and after calling `init_weights` of TwoStreamCoDETR  

backbone_vis.blocks.2.mlp.w3.weight - torch.Size([1024, 2730]): 
Initialized by user-defined `init_weights` in ViT  

backbone_vis.blocks.2.mlp.w3.bias - torch.Size([1024]): 
The value is the same before and after calling `init_weights` of TwoStreamCoDETR  

backbone_vis.blocks.3.norm1.weight - torch.Size([1024]): 
The value is the same before and after calling `init_weights` of TwoStreamCoDETR  

backbone_vis.blocks.3.norm1.bias - torch.Size([1024]): 
The value is the same before and after calling `init_weights` of TwoStreamCoDETR  

backbone_vis.blocks.3.attn.q_bias - torch.Size([1024]): 
The value is the same before and after calling `init_weights` of TwoStreamCoDETR  

backbone_vis.blocks.3.attn.v_bias - torch.Size([1024]): 
The value is the same before and after calling `init_weights` of TwoStreamCoDETR  

backbone_vis.blocks.3.attn.q_proj.weight - torch.Size([1024, 1024]): 
Initialized by user-defined `init_weights` in ViT  

backbone_vis.blocks.3.attn.k_proj.weight - torch.Size([1024, 1024]): 
Initialized by user-defined `init_weights` in ViT  

backbone_vis.blocks.3.attn.v_proj.weight - torch.Size([1024, 1024]): 
Initialized by user-defined `init_weights` in ViT  

backbone_vis.blocks.3.attn.proj.weight - torch.Size([1024, 1024]): 
Initialized by user-defined `init_weights` in ViT  

backbone_vis.blocks.3.attn.proj.bias - torch.Size([1024]): 
The value is the same before and after calling `init_weights` of TwoStreamCoDETR  

backbone_vis.blocks.3.norm2.weight - torch.Size([1024]): 
The value is the same before and after calling `init_weights` of TwoStreamCoDETR  

backbone_vis.blocks.3.norm2.bias - torch.Size([1024]): 
The value is the same before and after calling `init_weights` of TwoStreamCoDETR  

backbone_vis.blocks.3.mlp.w1.weight - torch.Size([2730, 1024]): 
Initialized by user-defined `init_weights` in ViT  

backbone_vis.blocks.3.mlp.w1.bias - torch.Size([2730]): 
The value is the same before and after calling `init_weights` of TwoStreamCoDETR  

backbone_vis.blocks.3.mlp.w2.weight - torch.Size([2730, 1024]): 
Initialized by user-defined `init_weights` in ViT  

backbone_vis.blocks.3.mlp.w2.bias - torch.Size([2730]): 
The value is the same before and after calling `init_weights` of TwoStreamCoDETR  

backbone_vis.blocks.3.mlp.ffn_ln.weight - torch.Size([2730]): 
The value is the same before and after calling `init_weights` of TwoStreamCoDETR  

backbone_vis.blocks.3.mlp.ffn_ln.bias - torch.Size([2730]): 
The value is the same before and after calling `init_weights` of TwoStreamCoDETR  

backbone_vis.blocks.3.mlp.w3.weight - torch.Size([1024, 2730]): 
Initialized by user-defined `init_weights` in ViT  

backbone_vis.blocks.3.mlp.w3.bias - torch.Size([1024]): 
The value is the same before and after calling `init_weights` of TwoStreamCoDETR  

backbone_vis.blocks.4.norm1.weight - torch.Size([1024]): 
The value is the same before and after calling `init_weights` of TwoStreamCoDETR  

backbone_vis.blocks.4.norm1.bias - torch.Size([1024]): 
The value is the same before and after calling `init_weights` of TwoStreamCoDETR  

backbone_vis.blocks.4.attn.q_bias - torch.Size([1024]): 
The value is the same before and after calling `init_weights` of TwoStreamCoDETR  

backbone_vis.blocks.4.attn.v_bias - torch.Size([1024]): 
The value is the same before and after calling `init_weights` of TwoStreamCoDETR  

backbone_vis.blocks.4.attn.q_proj.weight - torch.Size([1024, 1024]): 
Initialized by user-defined `init_weights` in ViT  

backbone_vis.blocks.4.attn.k_proj.weight - torch.Size([1024, 1024]): 
Initialized by user-defined `init_weights` in ViT  

backbone_vis.blocks.4.attn.v_proj.weight - torch.Size([1024, 1024]): 
Initialized by user-defined `init_weights` in ViT  

backbone_vis.blocks.4.attn.proj.weight - torch.Size([1024, 1024]): 
Initialized by user-defined `init_weights` in ViT  

backbone_vis.blocks.4.attn.proj.bias - torch.Size([1024]): 
The value is the same before and after calling `init_weights` of TwoStreamCoDETR  

backbone_vis.blocks.4.norm2.weight - torch.Size([1024]): 
The value is the same before and after calling `init_weights` of TwoStreamCoDETR  

backbone_vis.blocks.4.norm2.bias - torch.Size([1024]): 
The value is the same before and after calling `init_weights` of TwoStreamCoDETR  

backbone_vis.blocks.4.mlp.w1.weight - torch.Size([2730, 1024]): 
Initialized by user-defined `init_weights` in ViT  

backbone_vis.blocks.4.mlp.w1.bias - torch.Size([2730]): 
The value is the same before and after calling `init_weights` of TwoStreamCoDETR  

backbone_vis.blocks.4.mlp.w2.weight - torch.Size([2730, 1024]): 
Initialized by user-defined `init_weights` in ViT  

backbone_vis.blocks.4.mlp.w2.bias - torch.Size([2730]): 
The value is the same before and after calling `init_weights` of TwoStreamCoDETR  

backbone_vis.blocks.4.mlp.ffn_ln.weight - torch.Size([2730]): 
The value is the same before and after calling `init_weights` of TwoStreamCoDETR  

backbone_vis.blocks.4.mlp.ffn_ln.bias - torch.Size([2730]): 
The value is the same before and after calling `init_weights` of TwoStreamCoDETR  

backbone_vis.blocks.4.mlp.w3.weight - torch.Size([1024, 2730]): 
Initialized by user-defined `init_weights` in ViT  

backbone_vis.blocks.4.mlp.w3.bias - torch.Size([1024]): 
The value is the same before and after calling `init_weights` of TwoStreamCoDETR  

backbone_vis.blocks.5.norm1.weight - torch.Size([1024]): 
The value is the same before and after calling `init_weights` of TwoStreamCoDETR  

backbone_vis.blocks.5.norm1.bias - torch.Size([1024]): 
The value is the same before and after calling `init_weights` of TwoStreamCoDETR  

backbone_vis.blocks.5.attn.q_bias - torch.Size([1024]): 
The value is the same before and after calling `init_weights` of TwoStreamCoDETR  

backbone_vis.blocks.5.attn.v_bias - torch.Size([1024]): 
The value is the same before and after calling `init_weights` of TwoStreamCoDETR  

backbone_vis.blocks.5.attn.q_proj.weight - torch.Size([1024, 1024]): 
Initialized by user-defined `init_weights` in ViT  

backbone_vis.blocks.5.attn.k_proj.weight - torch.Size([1024, 1024]): 
Initialized by user-defined `init_weights` in ViT  

backbone_vis.blocks.5.attn.v_proj.weight - torch.Size([1024, 1024]): 
Initialized by user-defined `init_weights` in ViT  

backbone_vis.blocks.5.attn.proj.weight - torch.Size([1024, 1024]): 
Initialized by user-defined `init_weights` in ViT  

backbone_vis.blocks.5.attn.proj.bias - torch.Size([1024]): 
The value is the same before and after calling `init_weights` of TwoStreamCoDETR  

backbone_vis.blocks.5.norm2.weight - torch.Size([1024]): 
The value is the same before and after calling `init_weights` of TwoStreamCoDETR  

backbone_vis.blocks.5.norm2.bias - torch.Size([1024]): 
The value is the same before and after calling `init_weights` of TwoStreamCoDETR  

backbone_vis.blocks.5.mlp.w1.weight - torch.Size([2730, 1024]): 
Initialized by user-defined `init_weights` in ViT  

backbone_vis.blocks.5.mlp.w1.bias - torch.Size([2730]): 
The value is the same before and after calling `init_weights` of TwoStreamCoDETR  

backbone_vis.blocks.5.mlp.w2.weight - torch.Size([2730, 1024]): 
Initialized by user-defined `init_weights` in ViT  

backbone_vis.blocks.5.mlp.w2.bias - torch.Size([2730]): 
The value is the same before and after calling `init_weights` of TwoStreamCoDETR  

backbone_vis.blocks.5.mlp.ffn_ln.weight - torch.Size([2730]): 
The value is the same before and after calling `init_weights` of TwoStreamCoDETR  

backbone_vis.blocks.5.mlp.ffn_ln.bias - torch.Size([2730]): 
The value is the same before and after calling `init_weights` of TwoStreamCoDETR  

backbone_vis.blocks.5.mlp.w3.weight - torch.Size([1024, 2730]): 
Initialized by user-defined `init_weights` in ViT  

backbone_vis.blocks.5.mlp.w3.bias - torch.Size([1024]): 
The value is the same before and after calling `init_weights` of TwoStreamCoDETR  

backbone_vis.blocks.6.norm1.weight - torch.Size([1024]): 
The value is the same before and after calling `init_weights` of TwoStreamCoDETR  

backbone_vis.blocks.6.norm1.bias - torch.Size([1024]): 
The value is the same before and after calling `init_weights` of TwoStreamCoDETR  

backbone_vis.blocks.6.attn.q_bias - torch.Size([1024]): 
The value is the same before and after calling `init_weights` of TwoStreamCoDETR  

backbone_vis.blocks.6.attn.v_bias - torch.Size([1024]): 
The value is the same before and after calling `init_weights` of TwoStreamCoDETR  

backbone_vis.blocks.6.attn.q_proj.weight - torch.Size([1024, 1024]): 
Initialized by user-defined `init_weights` in ViT  

backbone_vis.blocks.6.attn.k_proj.weight - torch.Size([1024, 1024]): 
Initialized by user-defined `init_weights` in ViT  

backbone_vis.blocks.6.attn.v_proj.weight - torch.Size([1024, 1024]): 
Initialized by user-defined `init_weights` in ViT  

backbone_vis.blocks.6.attn.proj.weight - torch.Size([1024, 1024]): 
Initialized by user-defined `init_weights` in ViT  

backbone_vis.blocks.6.attn.proj.bias - torch.Size([1024]): 
The value is the same before and after calling `init_weights` of TwoStreamCoDETR  

backbone_vis.blocks.6.norm2.weight - torch.Size([1024]): 
The value is the same before and after calling `init_weights` of TwoStreamCoDETR  

backbone_vis.blocks.6.norm2.bias - torch.Size([1024]): 
The value is the same before and after calling `init_weights` of TwoStreamCoDETR  

backbone_vis.blocks.6.mlp.w1.weight - torch.Size([2730, 1024]): 
Initialized by user-defined `init_weights` in ViT  

backbone_vis.blocks.6.mlp.w1.bias - torch.Size([2730]): 
The value is the same before and after calling `init_weights` of TwoStreamCoDETR  

backbone_vis.blocks.6.mlp.w2.weight - torch.Size([2730, 1024]): 
Initialized by user-defined `init_weights` in ViT  

backbone_vis.blocks.6.mlp.w2.bias - torch.Size([2730]): 
The value is the same before and after calling `init_weights` of TwoStreamCoDETR  

backbone_vis.blocks.6.mlp.ffn_ln.weight - torch.Size([2730]): 
The value is the same before and after calling `init_weights` of TwoStreamCoDETR  

backbone_vis.blocks.6.mlp.ffn_ln.bias - torch.Size([2730]): 
The value is the same before and after calling `init_weights` of TwoStreamCoDETR  

backbone_vis.blocks.6.mlp.w3.weight - torch.Size([1024, 2730]): 
Initialized by user-defined `init_weights` in ViT  

backbone_vis.blocks.6.mlp.w3.bias - torch.Size([1024]): 
The value is the same before and after calling `init_weights` of TwoStreamCoDETR  

backbone_vis.blocks.7.norm1.weight - torch.Size([1024]): 
The value is the same before and after calling `init_weights` of TwoStreamCoDETR  

backbone_vis.blocks.7.norm1.bias - torch.Size([1024]): 
The value is the same before and after calling `init_weights` of TwoStreamCoDETR  

backbone_vis.blocks.7.attn.q_bias - torch.Size([1024]): 
The value is the same before and after calling `init_weights` of TwoStreamCoDETR  

backbone_vis.blocks.7.attn.v_bias - torch.Size([1024]): 
The value is the same before and after calling `init_weights` of TwoStreamCoDETR  

backbone_vis.blocks.7.attn.q_proj.weight - torch.Size([1024, 1024]): 
Initialized by user-defined `init_weights` in ViT  

backbone_vis.blocks.7.attn.k_proj.weight - torch.Size([1024, 1024]): 
Initialized by user-defined `init_weights` in ViT  

backbone_vis.blocks.7.attn.v_proj.weight - torch.Size([1024, 1024]): 
Initialized by user-defined `init_weights` in ViT  

backbone_vis.blocks.7.attn.proj.weight - torch.Size([1024, 1024]): 
Initialized by user-defined `init_weights` in ViT  

backbone_vis.blocks.7.attn.proj.bias - torch.Size([1024]): 
The value is the same before and after calling `init_weights` of TwoStreamCoDETR  

backbone_vis.blocks.7.norm2.weight - torch.Size([1024]): 
The value is the same before and after calling `init_weights` of TwoStreamCoDETR  

backbone_vis.blocks.7.norm2.bias - torch.Size([1024]): 
The value is the same before and after calling `init_weights` of TwoStreamCoDETR  

backbone_vis.blocks.7.mlp.w1.weight - torch.Size([2730, 1024]): 
Initialized by user-defined `init_weights` in ViT  

backbone_vis.blocks.7.mlp.w1.bias - torch.Size([2730]): 
The value is the same before and after calling `init_weights` of TwoStreamCoDETR  

backbone_vis.blocks.7.mlp.w2.weight - torch.Size([2730, 1024]): 
Initialized by user-defined `init_weights` in ViT  

backbone_vis.blocks.7.mlp.w2.bias - torch.Size([2730]): 
The value is the same before and after calling `init_weights` of TwoStreamCoDETR  

backbone_vis.blocks.7.mlp.ffn_ln.weight - torch.Size([2730]): 
The value is the same before and after calling `init_weights` of TwoStreamCoDETR  

backbone_vis.blocks.7.mlp.ffn_ln.bias - torch.Size([2730]): 
The value is the same before and after calling `init_weights` of TwoStreamCoDETR  

backbone_vis.blocks.7.mlp.w3.weight - torch.Size([1024, 2730]): 
Initialized by user-defined `init_weights` in ViT  

backbone_vis.blocks.7.mlp.w3.bias - torch.Size([1024]): 
The value is the same before and after calling `init_weights` of TwoStreamCoDETR  

backbone_vis.blocks.8.norm1.weight - torch.Size([1024]): 
The value is the same before and after calling `init_weights` of TwoStreamCoDETR  

backbone_vis.blocks.8.norm1.bias - torch.Size([1024]): 
The value is the same before and after calling `init_weights` of TwoStreamCoDETR  

backbone_vis.blocks.8.attn.q_bias - torch.Size([1024]): 
The value is the same before and after calling `init_weights` of TwoStreamCoDETR  

backbone_vis.blocks.8.attn.v_bias - torch.Size([1024]): 
The value is the same before and after calling `init_weights` of TwoStreamCoDETR  

backbone_vis.blocks.8.attn.q_proj.weight - torch.Size([1024, 1024]): 
Initialized by user-defined `init_weights` in ViT  

backbone_vis.blocks.8.attn.k_proj.weight - torch.Size([1024, 1024]): 
Initialized by user-defined `init_weights` in ViT  

backbone_vis.blocks.8.attn.v_proj.weight - torch.Size([1024, 1024]): 
Initialized by user-defined `init_weights` in ViT  

backbone_vis.blocks.8.attn.proj.weight - torch.Size([1024, 1024]): 
Initialized by user-defined `init_weights` in ViT  

backbone_vis.blocks.8.attn.proj.bias - torch.Size([1024]): 
The value is the same before and after calling `init_weights` of TwoStreamCoDETR  

backbone_vis.blocks.8.norm2.weight - torch.Size([1024]): 
The value is the same before and after calling `init_weights` of TwoStreamCoDETR  

backbone_vis.blocks.8.norm2.bias - torch.Size([1024]): 
The value is the same before and after calling `init_weights` of TwoStreamCoDETR  

backbone_vis.blocks.8.mlp.w1.weight - torch.Size([2730, 1024]): 
Initialized by user-defined `init_weights` in ViT  

backbone_vis.blocks.8.mlp.w1.bias - torch.Size([2730]): 
The value is the same before and after calling `init_weights` of TwoStreamCoDETR  

backbone_vis.blocks.8.mlp.w2.weight - torch.Size([2730, 1024]): 
Initialized by user-defined `init_weights` in ViT  

backbone_vis.blocks.8.mlp.w2.bias - torch.Size([2730]): 
The value is the same before and after calling `init_weights` of TwoStreamCoDETR  

backbone_vis.blocks.8.mlp.ffn_ln.weight - torch.Size([2730]): 
The value is the same before and after calling `init_weights` of TwoStreamCoDETR  

backbone_vis.blocks.8.mlp.ffn_ln.bias - torch.Size([2730]): 
The value is the same before and after calling `init_weights` of TwoStreamCoDETR  

backbone_vis.blocks.8.mlp.w3.weight - torch.Size([1024, 2730]): 
Initialized by user-defined `init_weights` in ViT  

backbone_vis.blocks.8.mlp.w3.bias - torch.Size([1024]): 
The value is the same before and after calling `init_weights` of TwoStreamCoDETR  

backbone_vis.blocks.9.norm1.weight - torch.Size([1024]): 
The value is the same before and after calling `init_weights` of TwoStreamCoDETR  

backbone_vis.blocks.9.norm1.bias - torch.Size([1024]): 
The value is the same before and after calling `init_weights` of TwoStreamCoDETR  

backbone_vis.blocks.9.attn.q_bias - torch.Size([1024]): 
The value is the same before and after calling `init_weights` of TwoStreamCoDETR  

backbone_vis.blocks.9.attn.v_bias - torch.Size([1024]): 
The value is the same before and after calling `init_weights` of TwoStreamCoDETR  

backbone_vis.blocks.9.attn.q_proj.weight - torch.Size([1024, 1024]): 
Initialized by user-defined `init_weights` in ViT  

backbone_vis.blocks.9.attn.k_proj.weight - torch.Size([1024, 1024]): 
Initialized by user-defined `init_weights` in ViT  

backbone_vis.blocks.9.attn.v_proj.weight - torch.Size([1024, 1024]): 
Initialized by user-defined `init_weights` in ViT  

backbone_vis.blocks.9.attn.proj.weight - torch.Size([1024, 1024]): 
Initialized by user-defined `init_weights` in ViT  

backbone_vis.blocks.9.attn.proj.bias - torch.Size([1024]): 
The value is the same before and after calling `init_weights` of TwoStreamCoDETR  

backbone_vis.blocks.9.norm2.weight - torch.Size([1024]): 
The value is the same before and after calling `init_weights` of TwoStreamCoDETR  

backbone_vis.blocks.9.norm2.bias - torch.Size([1024]): 
The value is the same before and after calling `init_weights` of TwoStreamCoDETR  

backbone_vis.blocks.9.mlp.w1.weight - torch.Size([2730, 1024]): 
Initialized by user-defined `init_weights` in ViT  

backbone_vis.blocks.9.mlp.w1.bias - torch.Size([2730]): 
The value is the same before and after calling `init_weights` of TwoStreamCoDETR  

backbone_vis.blocks.9.mlp.w2.weight - torch.Size([2730, 1024]): 
Initialized by user-defined `init_weights` in ViT  

backbone_vis.blocks.9.mlp.w2.bias - torch.Size([2730]): 
The value is the same before and after calling `init_weights` of TwoStreamCoDETR  

backbone_vis.blocks.9.mlp.ffn_ln.weight - torch.Size([2730]): 
The value is the same before and after calling `init_weights` of TwoStreamCoDETR  

backbone_vis.blocks.9.mlp.ffn_ln.bias - torch.Size([2730]): 
The value is the same before and after calling `init_weights` of TwoStreamCoDETR  

backbone_vis.blocks.9.mlp.w3.weight - torch.Size([1024, 2730]): 
Initialized by user-defined `init_weights` in ViT  

backbone_vis.blocks.9.mlp.w3.bias - torch.Size([1024]): 
The value is the same before and after calling `init_weights` of TwoStreamCoDETR  

backbone_vis.blocks.10.norm1.weight - torch.Size([1024]): 
The value is the same before and after calling `init_weights` of TwoStreamCoDETR  

backbone_vis.blocks.10.norm1.bias - torch.Size([1024]): 
The value is the same before and after calling `init_weights` of TwoStreamCoDETR  

backbone_vis.blocks.10.attn.q_bias - torch.Size([1024]): 
The value is the same before and after calling `init_weights` of TwoStreamCoDETR  

backbone_vis.blocks.10.attn.v_bias - torch.Size([1024]): 
The value is the same before and after calling `init_weights` of TwoStreamCoDETR  

backbone_vis.blocks.10.attn.q_proj.weight - torch.Size([1024, 1024]): 
Initialized by user-defined `init_weights` in ViT  

backbone_vis.blocks.10.attn.k_proj.weight - torch.Size([1024, 1024]): 
Initialized by user-defined `init_weights` in ViT  

backbone_vis.blocks.10.attn.v_proj.weight - torch.Size([1024, 1024]): 
Initialized by user-defined `init_weights` in ViT  

backbone_vis.blocks.10.attn.proj.weight - torch.Size([1024, 1024]): 
Initialized by user-defined `init_weights` in ViT  

backbone_vis.blocks.10.attn.proj.bias - torch.Size([1024]): 
The value is the same before and after calling `init_weights` of TwoStreamCoDETR  

backbone_vis.blocks.10.norm2.weight - torch.Size([1024]): 
The value is the same before and after calling `init_weights` of TwoStreamCoDETR  

backbone_vis.blocks.10.norm2.bias - torch.Size([1024]): 
The value is the same before and after calling `init_weights` of TwoStreamCoDETR  

backbone_vis.blocks.10.mlp.w1.weight - torch.Size([2730, 1024]): 
Initialized by user-defined `init_weights` in ViT  

backbone_vis.blocks.10.mlp.w1.bias - torch.Size([2730]): 
The value is the same before and after calling `init_weights` of TwoStreamCoDETR  

backbone_vis.blocks.10.mlp.w2.weight - torch.Size([2730, 1024]): 
Initialized by user-defined `init_weights` in ViT  

backbone_vis.blocks.10.mlp.w2.bias - torch.Size([2730]): 
The value is the same before and after calling `init_weights` of TwoStreamCoDETR  

backbone_vis.blocks.10.mlp.ffn_ln.weight - torch.Size([2730]): 
The value is the same before and after calling `init_weights` of TwoStreamCoDETR  

backbone_vis.blocks.10.mlp.ffn_ln.bias - torch.Size([2730]): 
The value is the same before and after calling `init_weights` of TwoStreamCoDETR  

backbone_vis.blocks.10.mlp.w3.weight - torch.Size([1024, 2730]): 
Initialized by user-defined `init_weights` in ViT  

backbone_vis.blocks.10.mlp.w3.bias - torch.Size([1024]): 
The value is the same before and after calling `init_weights` of TwoStreamCoDETR  

backbone_vis.blocks.11.norm1.weight - torch.Size([1024]): 
The value is the same before and after calling `init_weights` of TwoStreamCoDETR  

backbone_vis.blocks.11.norm1.bias - torch.Size([1024]): 
The value is the same before and after calling `init_weights` of TwoStreamCoDETR  

backbone_vis.blocks.11.attn.q_bias - torch.Size([1024]): 
The value is the same before and after calling `init_weights` of TwoStreamCoDETR  

backbone_vis.blocks.11.attn.v_bias - torch.Size([1024]): 
The value is the same before and after calling `init_weights` of TwoStreamCoDETR  

backbone_vis.blocks.11.attn.q_proj.weight - torch.Size([1024, 1024]): 
Initialized by user-defined `init_weights` in ViT  

backbone_vis.blocks.11.attn.k_proj.weight - torch.Size([1024, 1024]): 
Initialized by user-defined `init_weights` in ViT  

backbone_vis.blocks.11.attn.v_proj.weight - torch.Size([1024, 1024]): 
Initialized by user-defined `init_weights` in ViT  

backbone_vis.blocks.11.attn.proj.weight - torch.Size([1024, 1024]): 
Initialized by user-defined `init_weights` in ViT  

backbone_vis.blocks.11.attn.proj.bias - torch.Size([1024]): 
The value is the same before and after calling `init_weights` of TwoStreamCoDETR  

backbone_vis.blocks.11.norm2.weight - torch.Size([1024]): 
The value is the same before and after calling `init_weights` of TwoStreamCoDETR  

backbone_vis.blocks.11.norm2.bias - torch.Size([1024]): 
The value is the same before and after calling `init_weights` of TwoStreamCoDETR  

backbone_vis.blocks.11.mlp.w1.weight - torch.Size([2730, 1024]): 
Initialized by user-defined `init_weights` in ViT  

backbone_vis.blocks.11.mlp.w1.bias - torch.Size([2730]): 
The value is the same before and after calling `init_weights` of TwoStreamCoDETR  

backbone_vis.blocks.11.mlp.w2.weight - torch.Size([2730, 1024]): 
Initialized by user-defined `init_weights` in ViT  

backbone_vis.blocks.11.mlp.w2.bias - torch.Size([2730]): 
The value is the same before and after calling `init_weights` of TwoStreamCoDETR  

backbone_vis.blocks.11.mlp.ffn_ln.weight - torch.Size([2730]): 
The value is the same before and after calling `init_weights` of TwoStreamCoDETR  

backbone_vis.blocks.11.mlp.ffn_ln.bias - torch.Size([2730]): 
The value is the same before and after calling `init_weights` of TwoStreamCoDETR  

backbone_vis.blocks.11.mlp.w3.weight - torch.Size([1024, 2730]): 
Initialized by user-defined `init_weights` in ViT  

backbone_vis.blocks.11.mlp.w3.bias - torch.Size([1024]): 
The value is the same before and after calling `init_weights` of TwoStreamCoDETR  

backbone_vis.blocks.12.norm1.weight - torch.Size([1024]): 
The value is the same before and after calling `init_weights` of TwoStreamCoDETR  

backbone_vis.blocks.12.norm1.bias - torch.Size([1024]): 
The value is the same before and after calling `init_weights` of TwoStreamCoDETR  

backbone_vis.blocks.12.attn.q_bias - torch.Size([1024]): 
The value is the same before and after calling `init_weights` of TwoStreamCoDETR  

backbone_vis.blocks.12.attn.v_bias - torch.Size([1024]): 
The value is the same before and after calling `init_weights` of TwoStreamCoDETR  

backbone_vis.blocks.12.attn.q_proj.weight - torch.Size([1024, 1024]): 
Initialized by user-defined `init_weights` in ViT  

backbone_vis.blocks.12.attn.k_proj.weight - torch.Size([1024, 1024]): 
Initialized by user-defined `init_weights` in ViT  

backbone_vis.blocks.12.attn.v_proj.weight - torch.Size([1024, 1024]): 
Initialized by user-defined `init_weights` in ViT  

backbone_vis.blocks.12.attn.proj.weight - torch.Size([1024, 1024]): 
Initialized by user-defined `init_weights` in ViT  

backbone_vis.blocks.12.attn.proj.bias - torch.Size([1024]): 
The value is the same before and after calling `init_weights` of TwoStreamCoDETR  

backbone_vis.blocks.12.norm2.weight - torch.Size([1024]): 
The value is the same before and after calling `init_weights` of TwoStreamCoDETR  

backbone_vis.blocks.12.norm2.bias - torch.Size([1024]): 
The value is the same before and after calling `init_weights` of TwoStreamCoDETR  

backbone_vis.blocks.12.mlp.w1.weight - torch.Size([2730, 1024]): 
Initialized by user-defined `init_weights` in ViT  

backbone_vis.blocks.12.mlp.w1.bias - torch.Size([2730]): 
The value is the same before and after calling `init_weights` of TwoStreamCoDETR  

backbone_vis.blocks.12.mlp.w2.weight - torch.Size([2730, 1024]): 
Initialized by user-defined `init_weights` in ViT  

backbone_vis.blocks.12.mlp.w2.bias - torch.Size([2730]): 
The value is the same before and after calling `init_weights` of TwoStreamCoDETR  

backbone_vis.blocks.12.mlp.ffn_ln.weight - torch.Size([2730]): 
The value is the same before and after calling `init_weights` of TwoStreamCoDETR  

backbone_vis.blocks.12.mlp.ffn_ln.bias - torch.Size([2730]): 
The value is the same before and after calling `init_weights` of TwoStreamCoDETR  

backbone_vis.blocks.12.mlp.w3.weight - torch.Size([1024, 2730]): 
Initialized by user-defined `init_weights` in ViT  

backbone_vis.blocks.12.mlp.w3.bias - torch.Size([1024]): 
The value is the same before and after calling `init_weights` of TwoStreamCoDETR  

backbone_vis.blocks.13.norm1.weight - torch.Size([1024]): 
The value is the same before and after calling `init_weights` of TwoStreamCoDETR  

backbone_vis.blocks.13.norm1.bias - torch.Size([1024]): 
The value is the same before and after calling `init_weights` of TwoStreamCoDETR  

backbone_vis.blocks.13.attn.q_bias - torch.Size([1024]): 
The value is the same before and after calling `init_weights` of TwoStreamCoDETR  

backbone_vis.blocks.13.attn.v_bias - torch.Size([1024]): 
The value is the same before and after calling `init_weights` of TwoStreamCoDETR  

backbone_vis.blocks.13.attn.q_proj.weight - torch.Size([1024, 1024]): 
Initialized by user-defined `init_weights` in ViT  

backbone_vis.blocks.13.attn.k_proj.weight - torch.Size([1024, 1024]): 
Initialized by user-defined `init_weights` in ViT  

backbone_vis.blocks.13.attn.v_proj.weight - torch.Size([1024, 1024]): 
Initialized by user-defined `init_weights` in ViT  

backbone_vis.blocks.13.attn.proj.weight - torch.Size([1024, 1024]): 
Initialized by user-defined `init_weights` in ViT  

backbone_vis.blocks.13.attn.proj.bias - torch.Size([1024]): 
The value is the same before and after calling `init_weights` of TwoStreamCoDETR  

backbone_vis.blocks.13.norm2.weight - torch.Size([1024]): 
The value is the same before and after calling `init_weights` of TwoStreamCoDETR  

backbone_vis.blocks.13.norm2.bias - torch.Size([1024]): 
The value is the same before and after calling `init_weights` of TwoStreamCoDETR  

backbone_vis.blocks.13.mlp.w1.weight - torch.Size([2730, 1024]): 
Initialized by user-defined `init_weights` in ViT  

backbone_vis.blocks.13.mlp.w1.bias - torch.Size([2730]): 
The value is the same before and after calling `init_weights` of TwoStreamCoDETR  

backbone_vis.blocks.13.mlp.w2.weight - torch.Size([2730, 1024]): 
Initialized by user-defined `init_weights` in ViT  

backbone_vis.blocks.13.mlp.w2.bias - torch.Size([2730]): 
The value is the same before and after calling `init_weights` of TwoStreamCoDETR  

backbone_vis.blocks.13.mlp.ffn_ln.weight - torch.Size([2730]): 
The value is the same before and after calling `init_weights` of TwoStreamCoDETR  

backbone_vis.blocks.13.mlp.ffn_ln.bias - torch.Size([2730]): 
The value is the same before and after calling `init_weights` of TwoStreamCoDETR  

backbone_vis.blocks.13.mlp.w3.weight - torch.Size([1024, 2730]): 
Initialized by user-defined `init_weights` in ViT  

backbone_vis.blocks.13.mlp.w3.bias - torch.Size([1024]): 
The value is the same before and after calling `init_weights` of TwoStreamCoDETR  

backbone_vis.blocks.14.norm1.weight - torch.Size([1024]): 
The value is the same before and after calling `init_weights` of TwoStreamCoDETR  

backbone_vis.blocks.14.norm1.bias - torch.Size([1024]): 
The value is the same before and after calling `init_weights` of TwoStreamCoDETR  

backbone_vis.blocks.14.attn.q_bias - torch.Size([1024]): 
The value is the same before and after calling `init_weights` of TwoStreamCoDETR  

backbone_vis.blocks.14.attn.v_bias - torch.Size([1024]): 
The value is the same before and after calling `init_weights` of TwoStreamCoDETR  

backbone_vis.blocks.14.attn.q_proj.weight - torch.Size([1024, 1024]): 
Initialized by user-defined `init_weights` in ViT  

backbone_vis.blocks.14.attn.k_proj.weight - torch.Size([1024, 1024]): 
Initialized by user-defined `init_weights` in ViT  

backbone_vis.blocks.14.attn.v_proj.weight - torch.Size([1024, 1024]): 
Initialized by user-defined `init_weights` in ViT  

backbone_vis.blocks.14.attn.proj.weight - torch.Size([1024, 1024]): 
Initialized by user-defined `init_weights` in ViT  

backbone_vis.blocks.14.attn.proj.bias - torch.Size([1024]): 
The value is the same before and after calling `init_weights` of TwoStreamCoDETR  

backbone_vis.blocks.14.norm2.weight - torch.Size([1024]): 
The value is the same before and after calling `init_weights` of TwoStreamCoDETR  

backbone_vis.blocks.14.norm2.bias - torch.Size([1024]): 
The value is the same before and after calling `init_weights` of TwoStreamCoDETR  

backbone_vis.blocks.14.mlp.w1.weight - torch.Size([2730, 1024]): 
Initialized by user-defined `init_weights` in ViT  

backbone_vis.blocks.14.mlp.w1.bias - torch.Size([2730]): 
The value is the same before and after calling `init_weights` of TwoStreamCoDETR  

backbone_vis.blocks.14.mlp.w2.weight - torch.Size([2730, 1024]): 
Initialized by user-defined `init_weights` in ViT  

backbone_vis.blocks.14.mlp.w2.bias - torch.Size([2730]): 
The value is the same before and after calling `init_weights` of TwoStreamCoDETR  

backbone_vis.blocks.14.mlp.ffn_ln.weight - torch.Size([2730]): 
The value is the same before and after calling `init_weights` of TwoStreamCoDETR  

backbone_vis.blocks.14.mlp.ffn_ln.bias - torch.Size([2730]): 
The value is the same before and after calling `init_weights` of TwoStreamCoDETR  

backbone_vis.blocks.14.mlp.w3.weight - torch.Size([1024, 2730]): 
Initialized by user-defined `init_weights` in ViT  

backbone_vis.blocks.14.mlp.w3.bias - torch.Size([1024]): 
The value is the same before and after calling `init_weights` of TwoStreamCoDETR  

backbone_vis.blocks.15.norm1.weight - torch.Size([1024]): 
The value is the same before and after calling `init_weights` of TwoStreamCoDETR  

backbone_vis.blocks.15.norm1.bias - torch.Size([1024]): 
The value is the same before and after calling `init_weights` of TwoStreamCoDETR  

backbone_vis.blocks.15.attn.q_bias - torch.Size([1024]): 
The value is the same before and after calling `init_weights` of TwoStreamCoDETR  

backbone_vis.blocks.15.attn.v_bias - torch.Size([1024]): 
The value is the same before and after calling `init_weights` of TwoStreamCoDETR  

backbone_vis.blocks.15.attn.q_proj.weight - torch.Size([1024, 1024]): 
Initialized by user-defined `init_weights` in ViT  

backbone_vis.blocks.15.attn.k_proj.weight - torch.Size([1024, 1024]): 
Initialized by user-defined `init_weights` in ViT  

backbone_vis.blocks.15.attn.v_proj.weight - torch.Size([1024, 1024]): 
Initialized by user-defined `init_weights` in ViT  

backbone_vis.blocks.15.attn.proj.weight - torch.Size([1024, 1024]): 
Initialized by user-defined `init_weights` in ViT  

backbone_vis.blocks.15.attn.proj.bias - torch.Size([1024]): 
The value is the same before and after calling `init_weights` of TwoStreamCoDETR  

backbone_vis.blocks.15.norm2.weight - torch.Size([1024]): 
The value is the same before and after calling `init_weights` of TwoStreamCoDETR  

backbone_vis.blocks.15.norm2.bias - torch.Size([1024]): 
The value is the same before and after calling `init_weights` of TwoStreamCoDETR  

backbone_vis.blocks.15.mlp.w1.weight - torch.Size([2730, 1024]): 
Initialized by user-defined `init_weights` in ViT  

backbone_vis.blocks.15.mlp.w1.bias - torch.Size([2730]): 
The value is the same before and after calling `init_weights` of TwoStreamCoDETR  

backbone_vis.blocks.15.mlp.w2.weight - torch.Size([2730, 1024]): 
Initialized by user-defined `init_weights` in ViT  

backbone_vis.blocks.15.mlp.w2.bias - torch.Size([2730]): 
The value is the same before and after calling `init_weights` of TwoStreamCoDETR  

backbone_vis.blocks.15.mlp.ffn_ln.weight - torch.Size([2730]): 
The value is the same before and after calling `init_weights` of TwoStreamCoDETR  

backbone_vis.blocks.15.mlp.ffn_ln.bias - torch.Size([2730]): 
The value is the same before and after calling `init_weights` of TwoStreamCoDETR  

backbone_vis.blocks.15.mlp.w3.weight - torch.Size([1024, 2730]): 
Initialized by user-defined `init_weights` in ViT  

backbone_vis.blocks.15.mlp.w3.bias - torch.Size([1024]): 
The value is the same before and after calling `init_weights` of TwoStreamCoDETR  

backbone_vis.blocks.16.norm1.weight - torch.Size([1024]): 
The value is the same before and after calling `init_weights` of TwoStreamCoDETR  

backbone_vis.blocks.16.norm1.bias - torch.Size([1024]): 
The value is the same before and after calling `init_weights` of TwoStreamCoDETR  

backbone_vis.blocks.16.attn.q_bias - torch.Size([1024]): 
The value is the same before and after calling `init_weights` of TwoStreamCoDETR  

backbone_vis.blocks.16.attn.v_bias - torch.Size([1024]): 
The value is the same before and after calling `init_weights` of TwoStreamCoDETR  

backbone_vis.blocks.16.attn.q_proj.weight - torch.Size([1024, 1024]): 
Initialized by user-defined `init_weights` in ViT  

backbone_vis.blocks.16.attn.k_proj.weight - torch.Size([1024, 1024]): 
Initialized by user-defined `init_weights` in ViT  

backbone_vis.blocks.16.attn.v_proj.weight - torch.Size([1024, 1024]): 
Initialized by user-defined `init_weights` in ViT  

backbone_vis.blocks.16.attn.proj.weight - torch.Size([1024, 1024]): 
Initialized by user-defined `init_weights` in ViT  

backbone_vis.blocks.16.attn.proj.bias - torch.Size([1024]): 
The value is the same before and after calling `init_weights` of TwoStreamCoDETR  

backbone_vis.blocks.16.norm2.weight - torch.Size([1024]): 
The value is the same before and after calling `init_weights` of TwoStreamCoDETR  

backbone_vis.blocks.16.norm2.bias - torch.Size([1024]): 
The value is the same before and after calling `init_weights` of TwoStreamCoDETR  

backbone_vis.blocks.16.mlp.w1.weight - torch.Size([2730, 1024]): 
Initialized by user-defined `init_weights` in ViT  

backbone_vis.blocks.16.mlp.w1.bias - torch.Size([2730]): 
The value is the same before and after calling `init_weights` of TwoStreamCoDETR  

backbone_vis.blocks.16.mlp.w2.weight - torch.Size([2730, 1024]): 
Initialized by user-defined `init_weights` in ViT  

backbone_vis.blocks.16.mlp.w2.bias - torch.Size([2730]): 
The value is the same before and after calling `init_weights` of TwoStreamCoDETR  

backbone_vis.blocks.16.mlp.ffn_ln.weight - torch.Size([2730]): 
The value is the same before and after calling `init_weights` of TwoStreamCoDETR  

backbone_vis.blocks.16.mlp.ffn_ln.bias - torch.Size([2730]): 
The value is the same before and after calling `init_weights` of TwoStreamCoDETR  

backbone_vis.blocks.16.mlp.w3.weight - torch.Size([1024, 2730]): 
Initialized by user-defined `init_weights` in ViT  

backbone_vis.blocks.16.mlp.w3.bias - torch.Size([1024]): 
The value is the same before and after calling `init_weights` of TwoStreamCoDETR  

backbone_vis.blocks.17.norm1.weight - torch.Size([1024]): 
The value is the same before and after calling `init_weights` of TwoStreamCoDETR  

backbone_vis.blocks.17.norm1.bias - torch.Size([1024]): 
The value is the same before and after calling `init_weights` of TwoStreamCoDETR  

backbone_vis.blocks.17.attn.q_bias - torch.Size([1024]): 
The value is the same before and after calling `init_weights` of TwoStreamCoDETR  

backbone_vis.blocks.17.attn.v_bias - torch.Size([1024]): 
The value is the same before and after calling `init_weights` of TwoStreamCoDETR  

backbone_vis.blocks.17.attn.q_proj.weight - torch.Size([1024, 1024]): 
Initialized by user-defined `init_weights` in ViT  

backbone_vis.blocks.17.attn.k_proj.weight - torch.Size([1024, 1024]): 
Initialized by user-defined `init_weights` in ViT  

backbone_vis.blocks.17.attn.v_proj.weight - torch.Size([1024, 1024]): 
Initialized by user-defined `init_weights` in ViT  

backbone_vis.blocks.17.attn.proj.weight - torch.Size([1024, 1024]): 
Initialized by user-defined `init_weights` in ViT  

backbone_vis.blocks.17.attn.proj.bias - torch.Size([1024]): 
The value is the same before and after calling `init_weights` of TwoStreamCoDETR  

backbone_vis.blocks.17.norm2.weight - torch.Size([1024]): 
The value is the same before and after calling `init_weights` of TwoStreamCoDETR  

backbone_vis.blocks.17.norm2.bias - torch.Size([1024]): 
The value is the same before and after calling `init_weights` of TwoStreamCoDETR  

backbone_vis.blocks.17.mlp.w1.weight - torch.Size([2730, 1024]): 
Initialized by user-defined `init_weights` in ViT  

backbone_vis.blocks.17.mlp.w1.bias - torch.Size([2730]): 
The value is the same before and after calling `init_weights` of TwoStreamCoDETR  

backbone_vis.blocks.17.mlp.w2.weight - torch.Size([2730, 1024]): 
Initialized by user-defined `init_weights` in ViT  

backbone_vis.blocks.17.mlp.w2.bias - torch.Size([2730]): 
The value is the same before and after calling `init_weights` of TwoStreamCoDETR  

backbone_vis.blocks.17.mlp.ffn_ln.weight - torch.Size([2730]): 
The value is the same before and after calling `init_weights` of TwoStreamCoDETR  

backbone_vis.blocks.17.mlp.ffn_ln.bias - torch.Size([2730]): 
The value is the same before and after calling `init_weights` of TwoStreamCoDETR  

backbone_vis.blocks.17.mlp.w3.weight - torch.Size([1024, 2730]): 
Initialized by user-defined `init_weights` in ViT  

backbone_vis.blocks.17.mlp.w3.bias - torch.Size([1024]): 
The value is the same before and after calling `init_weights` of TwoStreamCoDETR  

backbone_vis.blocks.18.norm1.weight - torch.Size([1024]): 
The value is the same before and after calling `init_weights` of TwoStreamCoDETR  

backbone_vis.blocks.18.norm1.bias - torch.Size([1024]): 
The value is the same before and after calling `init_weights` of TwoStreamCoDETR  

backbone_vis.blocks.18.attn.q_bias - torch.Size([1024]): 
The value is the same before and after calling `init_weights` of TwoStreamCoDETR  

backbone_vis.blocks.18.attn.v_bias - torch.Size([1024]): 
The value is the same before and after calling `init_weights` of TwoStreamCoDETR  

backbone_vis.blocks.18.attn.q_proj.weight - torch.Size([1024, 1024]): 
Initialized by user-defined `init_weights` in ViT  

backbone_vis.blocks.18.attn.k_proj.weight - torch.Size([1024, 1024]): 
Initialized by user-defined `init_weights` in ViT  

backbone_vis.blocks.18.attn.v_proj.weight - torch.Size([1024, 1024]): 
Initialized by user-defined `init_weights` in ViT  

backbone_vis.blocks.18.attn.proj.weight - torch.Size([1024, 1024]): 
Initialized by user-defined `init_weights` in ViT  

backbone_vis.blocks.18.attn.proj.bias - torch.Size([1024]): 
The value is the same before and after calling `init_weights` of TwoStreamCoDETR  

backbone_vis.blocks.18.norm2.weight - torch.Size([1024]): 
The value is the same before and after calling `init_weights` of TwoStreamCoDETR  

backbone_vis.blocks.18.norm2.bias - torch.Size([1024]): 
The value is the same before and after calling `init_weights` of TwoStreamCoDETR  

backbone_vis.blocks.18.mlp.w1.weight - torch.Size([2730, 1024]): 
Initialized by user-defined `init_weights` in ViT  

backbone_vis.blocks.18.mlp.w1.bias - torch.Size([2730]): 
The value is the same before and after calling `init_weights` of TwoStreamCoDETR  

backbone_vis.blocks.18.mlp.w2.weight - torch.Size([2730, 1024]): 
Initialized by user-defined `init_weights` in ViT  

backbone_vis.blocks.18.mlp.w2.bias - torch.Size([2730]): 
The value is the same before and after calling `init_weights` of TwoStreamCoDETR  

backbone_vis.blocks.18.mlp.ffn_ln.weight - torch.Size([2730]): 
The value is the same before and after calling `init_weights` of TwoStreamCoDETR  

backbone_vis.blocks.18.mlp.ffn_ln.bias - torch.Size([2730]): 
The value is the same before and after calling `init_weights` of TwoStreamCoDETR  

backbone_vis.blocks.18.mlp.w3.weight - torch.Size([1024, 2730]): 
Initialized by user-defined `init_weights` in ViT  

backbone_vis.blocks.18.mlp.w3.bias - torch.Size([1024]): 
The value is the same before and after calling `init_weights` of TwoStreamCoDETR  

backbone_vis.blocks.19.norm1.weight - torch.Size([1024]): 
The value is the same before and after calling `init_weights` of TwoStreamCoDETR  

backbone_vis.blocks.19.norm1.bias - torch.Size([1024]): 
The value is the same before and after calling `init_weights` of TwoStreamCoDETR  

backbone_vis.blocks.19.attn.q_bias - torch.Size([1024]): 
The value is the same before and after calling `init_weights` of TwoStreamCoDETR  

backbone_vis.blocks.19.attn.v_bias - torch.Size([1024]): 
The value is the same before and after calling `init_weights` of TwoStreamCoDETR  

backbone_vis.blocks.19.attn.q_proj.weight - torch.Size([1024, 1024]): 
Initialized by user-defined `init_weights` in ViT  

backbone_vis.blocks.19.attn.k_proj.weight - torch.Size([1024, 1024]): 
Initialized by user-defined `init_weights` in ViT  

backbone_vis.blocks.19.attn.v_proj.weight - torch.Size([1024, 1024]): 
Initialized by user-defined `init_weights` in ViT  

backbone_vis.blocks.19.attn.proj.weight - torch.Size([1024, 1024]): 
Initialized by user-defined `init_weights` in ViT  

backbone_vis.blocks.19.attn.proj.bias - torch.Size([1024]): 
The value is the same before and after calling `init_weights` of TwoStreamCoDETR  

backbone_vis.blocks.19.norm2.weight - torch.Size([1024]): 
The value is the same before and after calling `init_weights` of TwoStreamCoDETR  

backbone_vis.blocks.19.norm2.bias - torch.Size([1024]): 
The value is the same before and after calling `init_weights` of TwoStreamCoDETR  

backbone_vis.blocks.19.mlp.w1.weight - torch.Size([2730, 1024]): 
Initialized by user-defined `init_weights` in ViT  

backbone_vis.blocks.19.mlp.w1.bias - torch.Size([2730]): 
The value is the same before and after calling `init_weights` of TwoStreamCoDETR  

backbone_vis.blocks.19.mlp.w2.weight - torch.Size([2730, 1024]): 
Initialized by user-defined `init_weights` in ViT  

backbone_vis.blocks.19.mlp.w2.bias - torch.Size([2730]): 
The value is the same before and after calling `init_weights` of TwoStreamCoDETR  

backbone_vis.blocks.19.mlp.ffn_ln.weight - torch.Size([2730]): 
The value is the same before and after calling `init_weights` of TwoStreamCoDETR  

backbone_vis.blocks.19.mlp.ffn_ln.bias - torch.Size([2730]): 
The value is the same before and after calling `init_weights` of TwoStreamCoDETR  

backbone_vis.blocks.19.mlp.w3.weight - torch.Size([1024, 2730]): 
Initialized by user-defined `init_weights` in ViT  

backbone_vis.blocks.19.mlp.w3.bias - torch.Size([1024]): 
The value is the same before and after calling `init_weights` of TwoStreamCoDETR  

backbone_vis.blocks.20.norm1.weight - torch.Size([1024]): 
The value is the same before and after calling `init_weights` of TwoStreamCoDETR  

backbone_vis.blocks.20.norm1.bias - torch.Size([1024]): 
The value is the same before and after calling `init_weights` of TwoStreamCoDETR  

backbone_vis.blocks.20.attn.q_bias - torch.Size([1024]): 
The value is the same before and after calling `init_weights` of TwoStreamCoDETR  

backbone_vis.blocks.20.attn.v_bias - torch.Size([1024]): 
The value is the same before and after calling `init_weights` of TwoStreamCoDETR  

backbone_vis.blocks.20.attn.q_proj.weight - torch.Size([1024, 1024]): 
Initialized by user-defined `init_weights` in ViT  

backbone_vis.blocks.20.attn.k_proj.weight - torch.Size([1024, 1024]): 
Initialized by user-defined `init_weights` in ViT  

backbone_vis.blocks.20.attn.v_proj.weight - torch.Size([1024, 1024]): 
Initialized by user-defined `init_weights` in ViT  

backbone_vis.blocks.20.attn.proj.weight - torch.Size([1024, 1024]): 
Initialized by user-defined `init_weights` in ViT  

backbone_vis.blocks.20.attn.proj.bias - torch.Size([1024]): 
The value is the same before and after calling `init_weights` of TwoStreamCoDETR  

backbone_vis.blocks.20.norm2.weight - torch.Size([1024]): 
The value is the same before and after calling `init_weights` of TwoStreamCoDETR  

backbone_vis.blocks.20.norm2.bias - torch.Size([1024]): 
The value is the same before and after calling `init_weights` of TwoStreamCoDETR  

backbone_vis.blocks.20.mlp.w1.weight - torch.Size([2730, 1024]): 
Initialized by user-defined `init_weights` in ViT  

backbone_vis.blocks.20.mlp.w1.bias - torch.Size([2730]): 
The value is the same before and after calling `init_weights` of TwoStreamCoDETR  

backbone_vis.blocks.20.mlp.w2.weight - torch.Size([2730, 1024]): 
Initialized by user-defined `init_weights` in ViT  

backbone_vis.blocks.20.mlp.w2.bias - torch.Size([2730]): 
The value is the same before and after calling `init_weights` of TwoStreamCoDETR  

backbone_vis.blocks.20.mlp.ffn_ln.weight - torch.Size([2730]): 
The value is the same before and after calling `init_weights` of TwoStreamCoDETR  

backbone_vis.blocks.20.mlp.ffn_ln.bias - torch.Size([2730]): 
The value is the same before and after calling `init_weights` of TwoStreamCoDETR  

backbone_vis.blocks.20.mlp.w3.weight - torch.Size([1024, 2730]): 
Initialized by user-defined `init_weights` in ViT  

backbone_vis.blocks.20.mlp.w3.bias - torch.Size([1024]): 
The value is the same before and after calling `init_weights` of TwoStreamCoDETR  

backbone_vis.blocks.21.norm1.weight - torch.Size([1024]): 
The value is the same before and after calling `init_weights` of TwoStreamCoDETR  

backbone_vis.blocks.21.norm1.bias - torch.Size([1024]): 
The value is the same before and after calling `init_weights` of TwoStreamCoDETR  

backbone_vis.blocks.21.attn.q_bias - torch.Size([1024]): 
The value is the same before and after calling `init_weights` of TwoStreamCoDETR  

backbone_vis.blocks.21.attn.v_bias - torch.Size([1024]): 
The value is the same before and after calling `init_weights` of TwoStreamCoDETR  

backbone_vis.blocks.21.attn.q_proj.weight - torch.Size([1024, 1024]): 
Initialized by user-defined `init_weights` in ViT  

backbone_vis.blocks.21.attn.k_proj.weight - torch.Size([1024, 1024]): 
Initialized by user-defined `init_weights` in ViT  

backbone_vis.blocks.21.attn.v_proj.weight - torch.Size([1024, 1024]): 
Initialized by user-defined `init_weights` in ViT  

backbone_vis.blocks.21.attn.proj.weight - torch.Size([1024, 1024]): 
Initialized by user-defined `init_weights` in ViT  

backbone_vis.blocks.21.attn.proj.bias - torch.Size([1024]): 
The value is the same before and after calling `init_weights` of TwoStreamCoDETR  

backbone_vis.blocks.21.norm2.weight - torch.Size([1024]): 
The value is the same before and after calling `init_weights` of TwoStreamCoDETR  

backbone_vis.blocks.21.norm2.bias - torch.Size([1024]): 
The value is the same before and after calling `init_weights` of TwoStreamCoDETR  

backbone_vis.blocks.21.mlp.w1.weight - torch.Size([2730, 1024]): 
Initialized by user-defined `init_weights` in ViT  

backbone_vis.blocks.21.mlp.w1.bias - torch.Size([2730]): 
The value is the same before and after calling `init_weights` of TwoStreamCoDETR  

backbone_vis.blocks.21.mlp.w2.weight - torch.Size([2730, 1024]): 
Initialized by user-defined `init_weights` in ViT  

backbone_vis.blocks.21.mlp.w2.bias - torch.Size([2730]): 
The value is the same before and after calling `init_weights` of TwoStreamCoDETR  

backbone_vis.blocks.21.mlp.ffn_ln.weight - torch.Size([2730]): 
The value is the same before and after calling `init_weights` of TwoStreamCoDETR  

backbone_vis.blocks.21.mlp.ffn_ln.bias - torch.Size([2730]): 
The value is the same before and after calling `init_weights` of TwoStreamCoDETR  

backbone_vis.blocks.21.mlp.w3.weight - torch.Size([1024, 2730]): 
Initialized by user-defined `init_weights` in ViT  

backbone_vis.blocks.21.mlp.w3.bias - torch.Size([1024]): 
The value is the same before and after calling `init_weights` of TwoStreamCoDETR  

backbone_vis.blocks.22.norm1.weight - torch.Size([1024]): 
The value is the same before and after calling `init_weights` of TwoStreamCoDETR  

backbone_vis.blocks.22.norm1.bias - torch.Size([1024]): 
The value is the same before and after calling `init_weights` of TwoStreamCoDETR  

backbone_vis.blocks.22.attn.q_bias - torch.Size([1024]): 
The value is the same before and after calling `init_weights` of TwoStreamCoDETR  

backbone_vis.blocks.22.attn.v_bias - torch.Size([1024]): 
The value is the same before and after calling `init_weights` of TwoStreamCoDETR  

backbone_vis.blocks.22.attn.q_proj.weight - torch.Size([1024, 1024]): 
Initialized by user-defined `init_weights` in ViT  

backbone_vis.blocks.22.attn.k_proj.weight - torch.Size([1024, 1024]): 
Initialized by user-defined `init_weights` in ViT  

backbone_vis.blocks.22.attn.v_proj.weight - torch.Size([1024, 1024]): 
Initialized by user-defined `init_weights` in ViT  

backbone_vis.blocks.22.attn.proj.weight - torch.Size([1024, 1024]): 
Initialized by user-defined `init_weights` in ViT  

backbone_vis.blocks.22.attn.proj.bias - torch.Size([1024]): 
The value is the same before and after calling `init_weights` of TwoStreamCoDETR  

backbone_vis.blocks.22.norm2.weight - torch.Size([1024]): 
The value is the same before and after calling `init_weights` of TwoStreamCoDETR  

backbone_vis.blocks.22.norm2.bias - torch.Size([1024]): 
The value is the same before and after calling `init_weights` of TwoStreamCoDETR  

backbone_vis.blocks.22.mlp.w1.weight - torch.Size([2730, 1024]): 
Initialized by user-defined `init_weights` in ViT  

backbone_vis.blocks.22.mlp.w1.bias - torch.Size([2730]): 
The value is the same before and after calling `init_weights` of TwoStreamCoDETR  

backbone_vis.blocks.22.mlp.w2.weight - torch.Size([2730, 1024]): 
Initialized by user-defined `init_weights` in ViT  

backbone_vis.blocks.22.mlp.w2.bias - torch.Size([2730]): 
The value is the same before and after calling `init_weights` of TwoStreamCoDETR  

backbone_vis.blocks.22.mlp.ffn_ln.weight - torch.Size([2730]): 
The value is the same before and after calling `init_weights` of TwoStreamCoDETR  

backbone_vis.blocks.22.mlp.ffn_ln.bias - torch.Size([2730]): 
The value is the same before and after calling `init_weights` of TwoStreamCoDETR  

backbone_vis.blocks.22.mlp.w3.weight - torch.Size([1024, 2730]): 
Initialized by user-defined `init_weights` in ViT  

backbone_vis.blocks.22.mlp.w3.bias - torch.Size([1024]): 
The value is the same before and after calling `init_weights` of TwoStreamCoDETR  

backbone_vis.blocks.23.norm1.weight - torch.Size([1024]): 
The value is the same before and after calling `init_weights` of TwoStreamCoDETR  

backbone_vis.blocks.23.norm1.bias - torch.Size([1024]): 
The value is the same before and after calling `init_weights` of TwoStreamCoDETR  

backbone_vis.blocks.23.attn.q_bias - torch.Size([1024]): 
The value is the same before and after calling `init_weights` of TwoStreamCoDETR  

backbone_vis.blocks.23.attn.v_bias - torch.Size([1024]): 
The value is the same before and after calling `init_weights` of TwoStreamCoDETR  

backbone_vis.blocks.23.attn.q_proj.weight - torch.Size([1024, 1024]): 
Initialized by user-defined `init_weights` in ViT  

backbone_vis.blocks.23.attn.k_proj.weight - torch.Size([1024, 1024]): 
Initialized by user-defined `init_weights` in ViT  

backbone_vis.blocks.23.attn.v_proj.weight - torch.Size([1024, 1024]): 
Initialized by user-defined `init_weights` in ViT  

backbone_vis.blocks.23.attn.proj.weight - torch.Size([1024, 1024]): 
Initialized by user-defined `init_weights` in ViT  

backbone_vis.blocks.23.attn.proj.bias - torch.Size([1024]): 
The value is the same before and after calling `init_weights` of TwoStreamCoDETR  

backbone_vis.blocks.23.norm2.weight - torch.Size([1024]): 
The value is the same before and after calling `init_weights` of TwoStreamCoDETR  

backbone_vis.blocks.23.norm2.bias - torch.Size([1024]): 
The value is the same before and after calling `init_weights` of TwoStreamCoDETR  

backbone_vis.blocks.23.mlp.w1.weight - torch.Size([2730, 1024]): 
Initialized by user-defined `init_weights` in ViT  

backbone_vis.blocks.23.mlp.w1.bias - torch.Size([2730]): 
The value is the same before and after calling `init_weights` of TwoStreamCoDETR  

backbone_vis.blocks.23.mlp.w2.weight - torch.Size([2730, 1024]): 
Initialized by user-defined `init_weights` in ViT  

backbone_vis.blocks.23.mlp.w2.bias - torch.Size([2730]): 
The value is the same before and after calling `init_weights` of TwoStreamCoDETR  

backbone_vis.blocks.23.mlp.ffn_ln.weight - torch.Size([2730]): 
The value is the same before and after calling `init_weights` of TwoStreamCoDETR  

backbone_vis.blocks.23.mlp.ffn_ln.bias - torch.Size([2730]): 
The value is the same before and after calling `init_weights` of TwoStreamCoDETR  

backbone_vis.blocks.23.mlp.w3.weight - torch.Size([1024, 2730]): 
Initialized by user-defined `init_weights` in ViT  

backbone_vis.blocks.23.mlp.w3.bias - torch.Size([1024]): 
The value is the same before and after calling `init_weights` of TwoStreamCoDETR  

backbone_vis.out_norm.weight - torch.Size([1024]): 
The value is the same before and after calling `init_weights` of TwoStreamCoDETR  

backbone_vis.out_norm.bias - torch.Size([1024]): 
The value is the same before and after calling `init_weights` of TwoStreamCoDETR  

backbone_lwir.pos_embed - torch.Size([1, 1025, 1024]): 
The value is the same before and after calling `init_weights` of TwoStreamCoDETR  

backbone_lwir.patch_embed.proj.weight - torch.Size([1024, 3, 16, 16]): 
The value is the same before and after calling `init_weights` of TwoStreamCoDETR  

backbone_lwir.patch_embed.proj.bias - torch.Size([1024]): 
The value is the same before and after calling `init_weights` of TwoStreamCoDETR  

backbone_lwir.blocks.0.norm1.weight - torch.Size([1024]): 
The value is the same before and after calling `init_weights` of TwoStreamCoDETR  

backbone_lwir.blocks.0.norm1.bias - torch.Size([1024]): 
The value is the same before and after calling `init_weights` of TwoStreamCoDETR  

backbone_lwir.blocks.0.attn.q_bias - torch.Size([1024]): 
The value is the same before and after calling `init_weights` of TwoStreamCoDETR  

backbone_lwir.blocks.0.attn.v_bias - torch.Size([1024]): 
The value is the same before and after calling `init_weights` of TwoStreamCoDETR  

backbone_lwir.blocks.0.attn.q_proj.weight - torch.Size([1024, 1024]): 
Initialized by user-defined `init_weights` in ViT  

backbone_lwir.blocks.0.attn.k_proj.weight - torch.Size([1024, 1024]): 
Initialized by user-defined `init_weights` in ViT  

backbone_lwir.blocks.0.attn.v_proj.weight - torch.Size([1024, 1024]): 
Initialized by user-defined `init_weights` in ViT  

backbone_lwir.blocks.0.attn.proj.weight - torch.Size([1024, 1024]): 
Initialized by user-defined `init_weights` in ViT  

backbone_lwir.blocks.0.attn.proj.bias - torch.Size([1024]): 
The value is the same before and after calling `init_weights` of TwoStreamCoDETR  

backbone_lwir.blocks.0.norm2.weight - torch.Size([1024]): 
The value is the same before and after calling `init_weights` of TwoStreamCoDETR  

backbone_lwir.blocks.0.norm2.bias - torch.Size([1024]): 
The value is the same before and after calling `init_weights` of TwoStreamCoDETR  

backbone_lwir.blocks.0.mlp.w1.weight - torch.Size([2730, 1024]): 
Initialized by user-defined `init_weights` in ViT  

backbone_lwir.blocks.0.mlp.w1.bias - torch.Size([2730]): 
The value is the same before and after calling `init_weights` of TwoStreamCoDETR  

backbone_lwir.blocks.0.mlp.w2.weight - torch.Size([2730, 1024]): 
Initialized by user-defined `init_weights` in ViT  

backbone_lwir.blocks.0.mlp.w2.bias - torch.Size([2730]): 
The value is the same before and after calling `init_weights` of TwoStreamCoDETR  

backbone_lwir.blocks.0.mlp.ffn_ln.weight - torch.Size([2730]): 
The value is the same before and after calling `init_weights` of TwoStreamCoDETR  

backbone_lwir.blocks.0.mlp.ffn_ln.bias - torch.Size([2730]): 
The value is the same before and after calling `init_weights` of TwoStreamCoDETR  

backbone_lwir.blocks.0.mlp.w3.weight - torch.Size([1024, 2730]): 
Initialized by user-defined `init_weights` in ViT  

backbone_lwir.blocks.0.mlp.w3.bias - torch.Size([1024]): 
The value is the same before and after calling `init_weights` of TwoStreamCoDETR  

backbone_lwir.blocks.1.norm1.weight - torch.Size([1024]): 
The value is the same before and after calling `init_weights` of TwoStreamCoDETR  

backbone_lwir.blocks.1.norm1.bias - torch.Size([1024]): 
The value is the same before and after calling `init_weights` of TwoStreamCoDETR  

backbone_lwir.blocks.1.attn.q_bias - torch.Size([1024]): 
The value is the same before and after calling `init_weights` of TwoStreamCoDETR  

backbone_lwir.blocks.1.attn.v_bias - torch.Size([1024]): 
The value is the same before and after calling `init_weights` of TwoStreamCoDETR  

backbone_lwir.blocks.1.attn.q_proj.weight - torch.Size([1024, 1024]): 
Initialized by user-defined `init_weights` in ViT  

backbone_lwir.blocks.1.attn.k_proj.weight - torch.Size([1024, 1024]): 
Initialized by user-defined `init_weights` in ViT  

backbone_lwir.blocks.1.attn.v_proj.weight - torch.Size([1024, 1024]): 
Initialized by user-defined `init_weights` in ViT  

backbone_lwir.blocks.1.attn.proj.weight - torch.Size([1024, 1024]): 
Initialized by user-defined `init_weights` in ViT  

backbone_lwir.blocks.1.attn.proj.bias - torch.Size([1024]): 
The value is the same before and after calling `init_weights` of TwoStreamCoDETR  

backbone_lwir.blocks.1.norm2.weight - torch.Size([1024]): 
The value is the same before and after calling `init_weights` of TwoStreamCoDETR  

backbone_lwir.blocks.1.norm2.bias - torch.Size([1024]): 
The value is the same before and after calling `init_weights` of TwoStreamCoDETR  

backbone_lwir.blocks.1.mlp.w1.weight - torch.Size([2730, 1024]): 
Initialized by user-defined `init_weights` in ViT  

backbone_lwir.blocks.1.mlp.w1.bias - torch.Size([2730]): 
The value is the same before and after calling `init_weights` of TwoStreamCoDETR  

backbone_lwir.blocks.1.mlp.w2.weight - torch.Size([2730, 1024]): 
Initialized by user-defined `init_weights` in ViT  

backbone_lwir.blocks.1.mlp.w2.bias - torch.Size([2730]): 
The value is the same before and after calling `init_weights` of TwoStreamCoDETR  

backbone_lwir.blocks.1.mlp.ffn_ln.weight - torch.Size([2730]): 
The value is the same before and after calling `init_weights` of TwoStreamCoDETR  

backbone_lwir.blocks.1.mlp.ffn_ln.bias - torch.Size([2730]): 
The value is the same before and after calling `init_weights` of TwoStreamCoDETR  

backbone_lwir.blocks.1.mlp.w3.weight - torch.Size([1024, 2730]): 
Initialized by user-defined `init_weights` in ViT  

backbone_lwir.blocks.1.mlp.w3.bias - torch.Size([1024]): 
The value is the same before and after calling `init_weights` of TwoStreamCoDETR  

backbone_lwir.blocks.2.norm1.weight - torch.Size([1024]): 
The value is the same before and after calling `init_weights` of TwoStreamCoDETR  

backbone_lwir.blocks.2.norm1.bias - torch.Size([1024]): 
The value is the same before and after calling `init_weights` of TwoStreamCoDETR  

backbone_lwir.blocks.2.attn.q_bias - torch.Size([1024]): 
The value is the same before and after calling `init_weights` of TwoStreamCoDETR  

backbone_lwir.blocks.2.attn.v_bias - torch.Size([1024]): 
The value is the same before and after calling `init_weights` of TwoStreamCoDETR  

backbone_lwir.blocks.2.attn.q_proj.weight - torch.Size([1024, 1024]): 
Initialized by user-defined `init_weights` in ViT  

backbone_lwir.blocks.2.attn.k_proj.weight - torch.Size([1024, 1024]): 
Initialized by user-defined `init_weights` in ViT  

backbone_lwir.blocks.2.attn.v_proj.weight - torch.Size([1024, 1024]): 
Initialized by user-defined `init_weights` in ViT  

backbone_lwir.blocks.2.attn.proj.weight - torch.Size([1024, 1024]): 
Initialized by user-defined `init_weights` in ViT  

backbone_lwir.blocks.2.attn.proj.bias - torch.Size([1024]): 
The value is the same before and after calling `init_weights` of TwoStreamCoDETR  

backbone_lwir.blocks.2.norm2.weight - torch.Size([1024]): 
The value is the same before and after calling `init_weights` of TwoStreamCoDETR  

backbone_lwir.blocks.2.norm2.bias - torch.Size([1024]): 
The value is the same before and after calling `init_weights` of TwoStreamCoDETR  

backbone_lwir.blocks.2.mlp.w1.weight - torch.Size([2730, 1024]): 
Initialized by user-defined `init_weights` in ViT  

backbone_lwir.blocks.2.mlp.w1.bias - torch.Size([2730]): 
The value is the same before and after calling `init_weights` of TwoStreamCoDETR  

backbone_lwir.blocks.2.mlp.w2.weight - torch.Size([2730, 1024]): 
Initialized by user-defined `init_weights` in ViT  

backbone_lwir.blocks.2.mlp.w2.bias - torch.Size([2730]): 
The value is the same before and after calling `init_weights` of TwoStreamCoDETR  

backbone_lwir.blocks.2.mlp.ffn_ln.weight - torch.Size([2730]): 
The value is the same before and after calling `init_weights` of TwoStreamCoDETR  

backbone_lwir.blocks.2.mlp.ffn_ln.bias - torch.Size([2730]): 
The value is the same before and after calling `init_weights` of TwoStreamCoDETR  

backbone_lwir.blocks.2.mlp.w3.weight - torch.Size([1024, 2730]): 
Initialized by user-defined `init_weights` in ViT  

backbone_lwir.blocks.2.mlp.w3.bias - torch.Size([1024]): 
The value is the same before and after calling `init_weights` of TwoStreamCoDETR  

backbone_lwir.blocks.3.norm1.weight - torch.Size([1024]): 
The value is the same before and after calling `init_weights` of TwoStreamCoDETR  

backbone_lwir.blocks.3.norm1.bias - torch.Size([1024]): 
The value is the same before and after calling `init_weights` of TwoStreamCoDETR  

backbone_lwir.blocks.3.attn.q_bias - torch.Size([1024]): 
The value is the same before and after calling `init_weights` of TwoStreamCoDETR  

backbone_lwir.blocks.3.attn.v_bias - torch.Size([1024]): 
The value is the same before and after calling `init_weights` of TwoStreamCoDETR  

backbone_lwir.blocks.3.attn.q_proj.weight - torch.Size([1024, 1024]): 
Initialized by user-defined `init_weights` in ViT  

backbone_lwir.blocks.3.attn.k_proj.weight - torch.Size([1024, 1024]): 
Initialized by user-defined `init_weights` in ViT  

backbone_lwir.blocks.3.attn.v_proj.weight - torch.Size([1024, 1024]): 
Initialized by user-defined `init_weights` in ViT  

backbone_lwir.blocks.3.attn.proj.weight - torch.Size([1024, 1024]): 
Initialized by user-defined `init_weights` in ViT  

backbone_lwir.blocks.3.attn.proj.bias - torch.Size([1024]): 
The value is the same before and after calling `init_weights` of TwoStreamCoDETR  

backbone_lwir.blocks.3.norm2.weight - torch.Size([1024]): 
The value is the same before and after calling `init_weights` of TwoStreamCoDETR  

backbone_lwir.blocks.3.norm2.bias - torch.Size([1024]): 
The value is the same before and after calling `init_weights` of TwoStreamCoDETR  

backbone_lwir.blocks.3.mlp.w1.weight - torch.Size([2730, 1024]): 
Initialized by user-defined `init_weights` in ViT  

backbone_lwir.blocks.3.mlp.w1.bias - torch.Size([2730]): 
The value is the same before and after calling `init_weights` of TwoStreamCoDETR  

backbone_lwir.blocks.3.mlp.w2.weight - torch.Size([2730, 1024]): 
Initialized by user-defined `init_weights` in ViT  

backbone_lwir.blocks.3.mlp.w2.bias - torch.Size([2730]): 
The value is the same before and after calling `init_weights` of TwoStreamCoDETR  

backbone_lwir.blocks.3.mlp.ffn_ln.weight - torch.Size([2730]): 
The value is the same before and after calling `init_weights` of TwoStreamCoDETR  

backbone_lwir.blocks.3.mlp.ffn_ln.bias - torch.Size([2730]): 
The value is the same before and after calling `init_weights` of TwoStreamCoDETR  

backbone_lwir.blocks.3.mlp.w3.weight - torch.Size([1024, 2730]): 
Initialized by user-defined `init_weights` in ViT  

backbone_lwir.blocks.3.mlp.w3.bias - torch.Size([1024]): 
The value is the same before and after calling `init_weights` of TwoStreamCoDETR  

backbone_lwir.blocks.4.norm1.weight - torch.Size([1024]): 
The value is the same before and after calling `init_weights` of TwoStreamCoDETR  

backbone_lwir.blocks.4.norm1.bias - torch.Size([1024]): 
The value is the same before and after calling `init_weights` of TwoStreamCoDETR  

backbone_lwir.blocks.4.attn.q_bias - torch.Size([1024]): 
The value is the same before and after calling `init_weights` of TwoStreamCoDETR  

backbone_lwir.blocks.4.attn.v_bias - torch.Size([1024]): 
The value is the same before and after calling `init_weights` of TwoStreamCoDETR  

backbone_lwir.blocks.4.attn.q_proj.weight - torch.Size([1024, 1024]): 
Initialized by user-defined `init_weights` in ViT  

backbone_lwir.blocks.4.attn.k_proj.weight - torch.Size([1024, 1024]): 
Initialized by user-defined `init_weights` in ViT  

backbone_lwir.blocks.4.attn.v_proj.weight - torch.Size([1024, 1024]): 
Initialized by user-defined `init_weights` in ViT  

backbone_lwir.blocks.4.attn.proj.weight - torch.Size([1024, 1024]): 
Initialized by user-defined `init_weights` in ViT  

backbone_lwir.blocks.4.attn.proj.bias - torch.Size([1024]): 
The value is the same before and after calling `init_weights` of TwoStreamCoDETR  

backbone_lwir.blocks.4.norm2.weight - torch.Size([1024]): 
The value is the same before and after calling `init_weights` of TwoStreamCoDETR  

backbone_lwir.blocks.4.norm2.bias - torch.Size([1024]): 
The value is the same before and after calling `init_weights` of TwoStreamCoDETR  

backbone_lwir.blocks.4.mlp.w1.weight - torch.Size([2730, 1024]): 
Initialized by user-defined `init_weights` in ViT  

backbone_lwir.blocks.4.mlp.w1.bias - torch.Size([2730]): 
The value is the same before and after calling `init_weights` of TwoStreamCoDETR  

backbone_lwir.blocks.4.mlp.w2.weight - torch.Size([2730, 1024]): 
Initialized by user-defined `init_weights` in ViT  

backbone_lwir.blocks.4.mlp.w2.bias - torch.Size([2730]): 
The value is the same before and after calling `init_weights` of TwoStreamCoDETR  

backbone_lwir.blocks.4.mlp.ffn_ln.weight - torch.Size([2730]): 
The value is the same before and after calling `init_weights` of TwoStreamCoDETR  

backbone_lwir.blocks.4.mlp.ffn_ln.bias - torch.Size([2730]): 
The value is the same before and after calling `init_weights` of TwoStreamCoDETR  

backbone_lwir.blocks.4.mlp.w3.weight - torch.Size([1024, 2730]): 
Initialized by user-defined `init_weights` in ViT  

backbone_lwir.blocks.4.mlp.w3.bias - torch.Size([1024]): 
The value is the same before and after calling `init_weights` of TwoStreamCoDETR  

backbone_lwir.blocks.5.norm1.weight - torch.Size([1024]): 
The value is the same before and after calling `init_weights` of TwoStreamCoDETR  

backbone_lwir.blocks.5.norm1.bias - torch.Size([1024]): 
The value is the same before and after calling `init_weights` of TwoStreamCoDETR  

backbone_lwir.blocks.5.attn.q_bias - torch.Size([1024]): 
The value is the same before and after calling `init_weights` of TwoStreamCoDETR  

backbone_lwir.blocks.5.attn.v_bias - torch.Size([1024]): 
The value is the same before and after calling `init_weights` of TwoStreamCoDETR  

backbone_lwir.blocks.5.attn.q_proj.weight - torch.Size([1024, 1024]): 
Initialized by user-defined `init_weights` in ViT  

backbone_lwir.blocks.5.attn.k_proj.weight - torch.Size([1024, 1024]): 
Initialized by user-defined `init_weights` in ViT  

backbone_lwir.blocks.5.attn.v_proj.weight - torch.Size([1024, 1024]): 
Initialized by user-defined `init_weights` in ViT  

backbone_lwir.blocks.5.attn.proj.weight - torch.Size([1024, 1024]): 
Initialized by user-defined `init_weights` in ViT  

backbone_lwir.blocks.5.attn.proj.bias - torch.Size([1024]): 
The value is the same before and after calling `init_weights` of TwoStreamCoDETR  

backbone_lwir.blocks.5.norm2.weight - torch.Size([1024]): 
The value is the same before and after calling `init_weights` of TwoStreamCoDETR  

backbone_lwir.blocks.5.norm2.bias - torch.Size([1024]): 
The value is the same before and after calling `init_weights` of TwoStreamCoDETR  

backbone_lwir.blocks.5.mlp.w1.weight - torch.Size([2730, 1024]): 
Initialized by user-defined `init_weights` in ViT  

backbone_lwir.blocks.5.mlp.w1.bias - torch.Size([2730]): 
The value is the same before and after calling `init_weights` of TwoStreamCoDETR  

backbone_lwir.blocks.5.mlp.w2.weight - torch.Size([2730, 1024]): 
Initialized by user-defined `init_weights` in ViT  

backbone_lwir.blocks.5.mlp.w2.bias - torch.Size([2730]): 
The value is the same before and after calling `init_weights` of TwoStreamCoDETR  

backbone_lwir.blocks.5.mlp.ffn_ln.weight - torch.Size([2730]): 
The value is the same before and after calling `init_weights` of TwoStreamCoDETR  

backbone_lwir.blocks.5.mlp.ffn_ln.bias - torch.Size([2730]): 
The value is the same before and after calling `init_weights` of TwoStreamCoDETR  

backbone_lwir.blocks.5.mlp.w3.weight - torch.Size([1024, 2730]): 
Initialized by user-defined `init_weights` in ViT  

backbone_lwir.blocks.5.mlp.w3.bias - torch.Size([1024]): 
The value is the same before and after calling `init_weights` of TwoStreamCoDETR  

backbone_lwir.blocks.6.norm1.weight - torch.Size([1024]): 
The value is the same before and after calling `init_weights` of TwoStreamCoDETR  

backbone_lwir.blocks.6.norm1.bias - torch.Size([1024]): 
The value is the same before and after calling `init_weights` of TwoStreamCoDETR  

backbone_lwir.blocks.6.attn.q_bias - torch.Size([1024]): 
The value is the same before and after calling `init_weights` of TwoStreamCoDETR  

backbone_lwir.blocks.6.attn.v_bias - torch.Size([1024]): 
The value is the same before and after calling `init_weights` of TwoStreamCoDETR  

backbone_lwir.blocks.6.attn.q_proj.weight - torch.Size([1024, 1024]): 
Initialized by user-defined `init_weights` in ViT  

backbone_lwir.blocks.6.attn.k_proj.weight - torch.Size([1024, 1024]): 
Initialized by user-defined `init_weights` in ViT  

backbone_lwir.blocks.6.attn.v_proj.weight - torch.Size([1024, 1024]): 
Initialized by user-defined `init_weights` in ViT  

backbone_lwir.blocks.6.attn.proj.weight - torch.Size([1024, 1024]): 
Initialized by user-defined `init_weights` in ViT  

backbone_lwir.blocks.6.attn.proj.bias - torch.Size([1024]): 
The value is the same before and after calling `init_weights` of TwoStreamCoDETR  

backbone_lwir.blocks.6.norm2.weight - torch.Size([1024]): 
The value is the same before and after calling `init_weights` of TwoStreamCoDETR  

backbone_lwir.blocks.6.norm2.bias - torch.Size([1024]): 
The value is the same before and after calling `init_weights` of TwoStreamCoDETR  

backbone_lwir.blocks.6.mlp.w1.weight - torch.Size([2730, 1024]): 
Initialized by user-defined `init_weights` in ViT  

backbone_lwir.blocks.6.mlp.w1.bias - torch.Size([2730]): 
The value is the same before and after calling `init_weights` of TwoStreamCoDETR  

backbone_lwir.blocks.6.mlp.w2.weight - torch.Size([2730, 1024]): 
Initialized by user-defined `init_weights` in ViT  

backbone_lwir.blocks.6.mlp.w2.bias - torch.Size([2730]): 
The value is the same before and after calling `init_weights` of TwoStreamCoDETR  

backbone_lwir.blocks.6.mlp.ffn_ln.weight - torch.Size([2730]): 
The value is the same before and after calling `init_weights` of TwoStreamCoDETR  

backbone_lwir.blocks.6.mlp.ffn_ln.bias - torch.Size([2730]): 
The value is the same before and after calling `init_weights` of TwoStreamCoDETR  

backbone_lwir.blocks.6.mlp.w3.weight - torch.Size([1024, 2730]): 
Initialized by user-defined `init_weights` in ViT  

backbone_lwir.blocks.6.mlp.w3.bias - torch.Size([1024]): 
The value is the same before and after calling `init_weights` of TwoStreamCoDETR  

backbone_lwir.blocks.7.norm1.weight - torch.Size([1024]): 
The value is the same before and after calling `init_weights` of TwoStreamCoDETR  

backbone_lwir.blocks.7.norm1.bias - torch.Size([1024]): 
The value is the same before and after calling `init_weights` of TwoStreamCoDETR  

backbone_lwir.blocks.7.attn.q_bias - torch.Size([1024]): 
The value is the same before and after calling `init_weights` of TwoStreamCoDETR  

backbone_lwir.blocks.7.attn.v_bias - torch.Size([1024]): 
The value is the same before and after calling `init_weights` of TwoStreamCoDETR  

backbone_lwir.blocks.7.attn.q_proj.weight - torch.Size([1024, 1024]): 
Initialized by user-defined `init_weights` in ViT  

backbone_lwir.blocks.7.attn.k_proj.weight - torch.Size([1024, 1024]): 
Initialized by user-defined `init_weights` in ViT  

backbone_lwir.blocks.7.attn.v_proj.weight - torch.Size([1024, 1024]): 
Initialized by user-defined `init_weights` in ViT  

backbone_lwir.blocks.7.attn.proj.weight - torch.Size([1024, 1024]): 
Initialized by user-defined `init_weights` in ViT  

backbone_lwir.blocks.7.attn.proj.bias - torch.Size([1024]): 
The value is the same before and after calling `init_weights` of TwoStreamCoDETR  

backbone_lwir.blocks.7.norm2.weight - torch.Size([1024]): 
The value is the same before and after calling `init_weights` of TwoStreamCoDETR  

backbone_lwir.blocks.7.norm2.bias - torch.Size([1024]): 
The value is the same before and after calling `init_weights` of TwoStreamCoDETR  

backbone_lwir.blocks.7.mlp.w1.weight - torch.Size([2730, 1024]): 
Initialized by user-defined `init_weights` in ViT  

backbone_lwir.blocks.7.mlp.w1.bias - torch.Size([2730]): 
The value is the same before and after calling `init_weights` of TwoStreamCoDETR  

backbone_lwir.blocks.7.mlp.w2.weight - torch.Size([2730, 1024]): 
Initialized by user-defined `init_weights` in ViT  

backbone_lwir.blocks.7.mlp.w2.bias - torch.Size([2730]): 
The value is the same before and after calling `init_weights` of TwoStreamCoDETR  

backbone_lwir.blocks.7.mlp.ffn_ln.weight - torch.Size([2730]): 
The value is the same before and after calling `init_weights` of TwoStreamCoDETR  

backbone_lwir.blocks.7.mlp.ffn_ln.bias - torch.Size([2730]): 
The value is the same before and after calling `init_weights` of TwoStreamCoDETR  

backbone_lwir.blocks.7.mlp.w3.weight - torch.Size([1024, 2730]): 
Initialized by user-defined `init_weights` in ViT  

backbone_lwir.blocks.7.mlp.w3.bias - torch.Size([1024]): 
The value is the same before and after calling `init_weights` of TwoStreamCoDETR  

backbone_lwir.blocks.8.norm1.weight - torch.Size([1024]): 
The value is the same before and after calling `init_weights` of TwoStreamCoDETR  

backbone_lwir.blocks.8.norm1.bias - torch.Size([1024]): 
The value is the same before and after calling `init_weights` of TwoStreamCoDETR  

backbone_lwir.blocks.8.attn.q_bias - torch.Size([1024]): 
The value is the same before and after calling `init_weights` of TwoStreamCoDETR  

backbone_lwir.blocks.8.attn.v_bias - torch.Size([1024]): 
The value is the same before and after calling `init_weights` of TwoStreamCoDETR  

backbone_lwir.blocks.8.attn.q_proj.weight - torch.Size([1024, 1024]): 
Initialized by user-defined `init_weights` in ViT  

backbone_lwir.blocks.8.attn.k_proj.weight - torch.Size([1024, 1024]): 
Initialized by user-defined `init_weights` in ViT  

backbone_lwir.blocks.8.attn.v_proj.weight - torch.Size([1024, 1024]): 
Initialized by user-defined `init_weights` in ViT  

backbone_lwir.blocks.8.attn.proj.weight - torch.Size([1024, 1024]): 
Initialized by user-defined `init_weights` in ViT  

backbone_lwir.blocks.8.attn.proj.bias - torch.Size([1024]): 
The value is the same before and after calling `init_weights` of TwoStreamCoDETR  

backbone_lwir.blocks.8.norm2.weight - torch.Size([1024]): 
The value is the same before and after calling `init_weights` of TwoStreamCoDETR  

backbone_lwir.blocks.8.norm2.bias - torch.Size([1024]): 
The value is the same before and after calling `init_weights` of TwoStreamCoDETR  

backbone_lwir.blocks.8.mlp.w1.weight - torch.Size([2730, 1024]): 
Initialized by user-defined `init_weights` in ViT  

backbone_lwir.blocks.8.mlp.w1.bias - torch.Size([2730]): 
The value is the same before and after calling `init_weights` of TwoStreamCoDETR  

backbone_lwir.blocks.8.mlp.w2.weight - torch.Size([2730, 1024]): 
Initialized by user-defined `init_weights` in ViT  

backbone_lwir.blocks.8.mlp.w2.bias - torch.Size([2730]): 
The value is the same before and after calling `init_weights` of TwoStreamCoDETR  

backbone_lwir.blocks.8.mlp.ffn_ln.weight - torch.Size([2730]): 
The value is the same before and after calling `init_weights` of TwoStreamCoDETR  

backbone_lwir.blocks.8.mlp.ffn_ln.bias - torch.Size([2730]): 
The value is the same before and after calling `init_weights` of TwoStreamCoDETR  

backbone_lwir.blocks.8.mlp.w3.weight - torch.Size([1024, 2730]): 
Initialized by user-defined `init_weights` in ViT  

backbone_lwir.blocks.8.mlp.w3.bias - torch.Size([1024]): 
The value is the same before and after calling `init_weights` of TwoStreamCoDETR  

backbone_lwir.blocks.9.norm1.weight - torch.Size([1024]): 
The value is the same before and after calling `init_weights` of TwoStreamCoDETR  

backbone_lwir.blocks.9.norm1.bias - torch.Size([1024]): 
The value is the same before and after calling `init_weights` of TwoStreamCoDETR  

backbone_lwir.blocks.9.attn.q_bias - torch.Size([1024]): 
The value is the same before and after calling `init_weights` of TwoStreamCoDETR  

backbone_lwir.blocks.9.attn.v_bias - torch.Size([1024]): 
The value is the same before and after calling `init_weights` of TwoStreamCoDETR  

backbone_lwir.blocks.9.attn.q_proj.weight - torch.Size([1024, 1024]): 
Initialized by user-defined `init_weights` in ViT  

backbone_lwir.blocks.9.attn.k_proj.weight - torch.Size([1024, 1024]): 
Initialized by user-defined `init_weights` in ViT  

backbone_lwir.blocks.9.attn.v_proj.weight - torch.Size([1024, 1024]): 
Initialized by user-defined `init_weights` in ViT  

backbone_lwir.blocks.9.attn.proj.weight - torch.Size([1024, 1024]): 
Initialized by user-defined `init_weights` in ViT  

backbone_lwir.blocks.9.attn.proj.bias - torch.Size([1024]): 
The value is the same before and after calling `init_weights` of TwoStreamCoDETR  

backbone_lwir.blocks.9.norm2.weight - torch.Size([1024]): 
The value is the same before and after calling `init_weights` of TwoStreamCoDETR  

backbone_lwir.blocks.9.norm2.bias - torch.Size([1024]): 
The value is the same before and after calling `init_weights` of TwoStreamCoDETR  

backbone_lwir.blocks.9.mlp.w1.weight - torch.Size([2730, 1024]): 
Initialized by user-defined `init_weights` in ViT  

backbone_lwir.blocks.9.mlp.w1.bias - torch.Size([2730]): 
The value is the same before and after calling `init_weights` of TwoStreamCoDETR  

backbone_lwir.blocks.9.mlp.w2.weight - torch.Size([2730, 1024]): 
Initialized by user-defined `init_weights` in ViT  

backbone_lwir.blocks.9.mlp.w2.bias - torch.Size([2730]): 
The value is the same before and after calling `init_weights` of TwoStreamCoDETR  

backbone_lwir.blocks.9.mlp.ffn_ln.weight - torch.Size([2730]): 
The value is the same before and after calling `init_weights` of TwoStreamCoDETR  

backbone_lwir.blocks.9.mlp.ffn_ln.bias - torch.Size([2730]): 
The value is the same before and after calling `init_weights` of TwoStreamCoDETR  

backbone_lwir.blocks.9.mlp.w3.weight - torch.Size([1024, 2730]): 
Initialized by user-defined `init_weights` in ViT  

backbone_lwir.blocks.9.mlp.w3.bias - torch.Size([1024]): 
The value is the same before and after calling `init_weights` of TwoStreamCoDETR  

backbone_lwir.blocks.10.norm1.weight - torch.Size([1024]): 
The value is the same before and after calling `init_weights` of TwoStreamCoDETR  

backbone_lwir.blocks.10.norm1.bias - torch.Size([1024]): 
The value is the same before and after calling `init_weights` of TwoStreamCoDETR  

backbone_lwir.blocks.10.attn.q_bias - torch.Size([1024]): 
The value is the same before and after calling `init_weights` of TwoStreamCoDETR  

backbone_lwir.blocks.10.attn.v_bias - torch.Size([1024]): 
The value is the same before and after calling `init_weights` of TwoStreamCoDETR  

backbone_lwir.blocks.10.attn.q_proj.weight - torch.Size([1024, 1024]): 
Initialized by user-defined `init_weights` in ViT  

backbone_lwir.blocks.10.attn.k_proj.weight - torch.Size([1024, 1024]): 
Initialized by user-defined `init_weights` in ViT  

backbone_lwir.blocks.10.attn.v_proj.weight - torch.Size([1024, 1024]): 
Initialized by user-defined `init_weights` in ViT  

backbone_lwir.blocks.10.attn.proj.weight - torch.Size([1024, 1024]): 
Initialized by user-defined `init_weights` in ViT  

backbone_lwir.blocks.10.attn.proj.bias - torch.Size([1024]): 
The value is the same before and after calling `init_weights` of TwoStreamCoDETR  

backbone_lwir.blocks.10.norm2.weight - torch.Size([1024]): 
The value is the same before and after calling `init_weights` of TwoStreamCoDETR  

backbone_lwir.blocks.10.norm2.bias - torch.Size([1024]): 
The value is the same before and after calling `init_weights` of TwoStreamCoDETR  

backbone_lwir.blocks.10.mlp.w1.weight - torch.Size([2730, 1024]): 
Initialized by user-defined `init_weights` in ViT  

backbone_lwir.blocks.10.mlp.w1.bias - torch.Size([2730]): 
The value is the same before and after calling `init_weights` of TwoStreamCoDETR  

backbone_lwir.blocks.10.mlp.w2.weight - torch.Size([2730, 1024]): 
Initialized by user-defined `init_weights` in ViT  

backbone_lwir.blocks.10.mlp.w2.bias - torch.Size([2730]): 
The value is the same before and after calling `init_weights` of TwoStreamCoDETR  

backbone_lwir.blocks.10.mlp.ffn_ln.weight - torch.Size([2730]): 
The value is the same before and after calling `init_weights` of TwoStreamCoDETR  

backbone_lwir.blocks.10.mlp.ffn_ln.bias - torch.Size([2730]): 
The value is the same before and after calling `init_weights` of TwoStreamCoDETR  

backbone_lwir.blocks.10.mlp.w3.weight - torch.Size([1024, 2730]): 
Initialized by user-defined `init_weights` in ViT  

backbone_lwir.blocks.10.mlp.w3.bias - torch.Size([1024]): 
The value is the same before and after calling `init_weights` of TwoStreamCoDETR  

backbone_lwir.blocks.11.norm1.weight - torch.Size([1024]): 
The value is the same before and after calling `init_weights` of TwoStreamCoDETR  

backbone_lwir.blocks.11.norm1.bias - torch.Size([1024]): 
The value is the same before and after calling `init_weights` of TwoStreamCoDETR  

backbone_lwir.blocks.11.attn.q_bias - torch.Size([1024]): 
The value is the same before and after calling `init_weights` of TwoStreamCoDETR  

backbone_lwir.blocks.11.attn.v_bias - torch.Size([1024]): 
The value is the same before and after calling `init_weights` of TwoStreamCoDETR  

backbone_lwir.blocks.11.attn.q_proj.weight - torch.Size([1024, 1024]): 
Initialized by user-defined `init_weights` in ViT  

backbone_lwir.blocks.11.attn.k_proj.weight - torch.Size([1024, 1024]): 
Initialized by user-defined `init_weights` in ViT  

backbone_lwir.blocks.11.attn.v_proj.weight - torch.Size([1024, 1024]): 
Initialized by user-defined `init_weights` in ViT  

backbone_lwir.blocks.11.attn.proj.weight - torch.Size([1024, 1024]): 
Initialized by user-defined `init_weights` in ViT  

backbone_lwir.blocks.11.attn.proj.bias - torch.Size([1024]): 
The value is the same before and after calling `init_weights` of TwoStreamCoDETR  

backbone_lwir.blocks.11.norm2.weight - torch.Size([1024]): 
The value is the same before and after calling `init_weights` of TwoStreamCoDETR  

backbone_lwir.blocks.11.norm2.bias - torch.Size([1024]): 
The value is the same before and after calling `init_weights` of TwoStreamCoDETR  

backbone_lwir.blocks.11.mlp.w1.weight - torch.Size([2730, 1024]): 
Initialized by user-defined `init_weights` in ViT  

backbone_lwir.blocks.11.mlp.w1.bias - torch.Size([2730]): 
The value is the same before and after calling `init_weights` of TwoStreamCoDETR  

backbone_lwir.blocks.11.mlp.w2.weight - torch.Size([2730, 1024]): 
Initialized by user-defined `init_weights` in ViT  

backbone_lwir.blocks.11.mlp.w2.bias - torch.Size([2730]): 
The value is the same before and after calling `init_weights` of TwoStreamCoDETR  

backbone_lwir.blocks.11.mlp.ffn_ln.weight - torch.Size([2730]): 
The value is the same before and after calling `init_weights` of TwoStreamCoDETR  

backbone_lwir.blocks.11.mlp.ffn_ln.bias - torch.Size([2730]): 
The value is the same before and after calling `init_weights` of TwoStreamCoDETR  

backbone_lwir.blocks.11.mlp.w3.weight - torch.Size([1024, 2730]): 
Initialized by user-defined `init_weights` in ViT  

backbone_lwir.blocks.11.mlp.w3.bias - torch.Size([1024]): 
The value is the same before and after calling `init_weights` of TwoStreamCoDETR  

backbone_lwir.blocks.12.norm1.weight - torch.Size([1024]): 
The value is the same before and after calling `init_weights` of TwoStreamCoDETR  

backbone_lwir.blocks.12.norm1.bias - torch.Size([1024]): 
The value is the same before and after calling `init_weights` of TwoStreamCoDETR  

backbone_lwir.blocks.12.attn.q_bias - torch.Size([1024]): 
The value is the same before and after calling `init_weights` of TwoStreamCoDETR  

backbone_lwir.blocks.12.attn.v_bias - torch.Size([1024]): 
The value is the same before and after calling `init_weights` of TwoStreamCoDETR  

backbone_lwir.blocks.12.attn.q_proj.weight - torch.Size([1024, 1024]): 
Initialized by user-defined `init_weights` in ViT  

backbone_lwir.blocks.12.attn.k_proj.weight - torch.Size([1024, 1024]): 
Initialized by user-defined `init_weights` in ViT  

backbone_lwir.blocks.12.attn.v_proj.weight - torch.Size([1024, 1024]): 
Initialized by user-defined `init_weights` in ViT  

backbone_lwir.blocks.12.attn.proj.weight - torch.Size([1024, 1024]): 
Initialized by user-defined `init_weights` in ViT  

backbone_lwir.blocks.12.attn.proj.bias - torch.Size([1024]): 
The value is the same before and after calling `init_weights` of TwoStreamCoDETR  

backbone_lwir.blocks.12.norm2.weight - torch.Size([1024]): 
The value is the same before and after calling `init_weights` of TwoStreamCoDETR  

backbone_lwir.blocks.12.norm2.bias - torch.Size([1024]): 
The value is the same before and after calling `init_weights` of TwoStreamCoDETR  

backbone_lwir.blocks.12.mlp.w1.weight - torch.Size([2730, 1024]): 
Initialized by user-defined `init_weights` in ViT  

backbone_lwir.blocks.12.mlp.w1.bias - torch.Size([2730]): 
The value is the same before and after calling `init_weights` of TwoStreamCoDETR  

backbone_lwir.blocks.12.mlp.w2.weight - torch.Size([2730, 1024]): 
Initialized by user-defined `init_weights` in ViT  

backbone_lwir.blocks.12.mlp.w2.bias - torch.Size([2730]): 
The value is the same before and after calling `init_weights` of TwoStreamCoDETR  

backbone_lwir.blocks.12.mlp.ffn_ln.weight - torch.Size([2730]): 
The value is the same before and after calling `init_weights` of TwoStreamCoDETR  

backbone_lwir.blocks.12.mlp.ffn_ln.bias - torch.Size([2730]): 
The value is the same before and after calling `init_weights` of TwoStreamCoDETR  

backbone_lwir.blocks.12.mlp.w3.weight - torch.Size([1024, 2730]): 
Initialized by user-defined `init_weights` in ViT  

backbone_lwir.blocks.12.mlp.w3.bias - torch.Size([1024]): 
The value is the same before and after calling `init_weights` of TwoStreamCoDETR  

backbone_lwir.blocks.13.norm1.weight - torch.Size([1024]): 
The value is the same before and after calling `init_weights` of TwoStreamCoDETR  

backbone_lwir.blocks.13.norm1.bias - torch.Size([1024]): 
The value is the same before and after calling `init_weights` of TwoStreamCoDETR  

backbone_lwir.blocks.13.attn.q_bias - torch.Size([1024]): 
The value is the same before and after calling `init_weights` of TwoStreamCoDETR  

backbone_lwir.blocks.13.attn.v_bias - torch.Size([1024]): 
The value is the same before and after calling `init_weights` of TwoStreamCoDETR  

backbone_lwir.blocks.13.attn.q_proj.weight - torch.Size([1024, 1024]): 
Initialized by user-defined `init_weights` in ViT  

backbone_lwir.blocks.13.attn.k_proj.weight - torch.Size([1024, 1024]): 
Initialized by user-defined `init_weights` in ViT  

backbone_lwir.blocks.13.attn.v_proj.weight - torch.Size([1024, 1024]): 
Initialized by user-defined `init_weights` in ViT  

backbone_lwir.blocks.13.attn.proj.weight - torch.Size([1024, 1024]): 
Initialized by user-defined `init_weights` in ViT  

backbone_lwir.blocks.13.attn.proj.bias - torch.Size([1024]): 
The value is the same before and after calling `init_weights` of TwoStreamCoDETR  

backbone_lwir.blocks.13.norm2.weight - torch.Size([1024]): 
The value is the same before and after calling `init_weights` of TwoStreamCoDETR  

backbone_lwir.blocks.13.norm2.bias - torch.Size([1024]): 
The value is the same before and after calling `init_weights` of TwoStreamCoDETR  

backbone_lwir.blocks.13.mlp.w1.weight - torch.Size([2730, 1024]): 
Initialized by user-defined `init_weights` in ViT  

backbone_lwir.blocks.13.mlp.w1.bias - torch.Size([2730]): 
The value is the same before and after calling `init_weights` of TwoStreamCoDETR  

backbone_lwir.blocks.13.mlp.w2.weight - torch.Size([2730, 1024]): 
Initialized by user-defined `init_weights` in ViT  

backbone_lwir.blocks.13.mlp.w2.bias - torch.Size([2730]): 
The value is the same before and after calling `init_weights` of TwoStreamCoDETR  

backbone_lwir.blocks.13.mlp.ffn_ln.weight - torch.Size([2730]): 
The value is the same before and after calling `init_weights` of TwoStreamCoDETR  

backbone_lwir.blocks.13.mlp.ffn_ln.bias - torch.Size([2730]): 
The value is the same before and after calling `init_weights` of TwoStreamCoDETR  

backbone_lwir.blocks.13.mlp.w3.weight - torch.Size([1024, 2730]): 
Initialized by user-defined `init_weights` in ViT  

backbone_lwir.blocks.13.mlp.w3.bias - torch.Size([1024]): 
The value is the same before and after calling `init_weights` of TwoStreamCoDETR  

backbone_lwir.blocks.14.norm1.weight - torch.Size([1024]): 
The value is the same before and after calling `init_weights` of TwoStreamCoDETR  

backbone_lwir.blocks.14.norm1.bias - torch.Size([1024]): 
The value is the same before and after calling `init_weights` of TwoStreamCoDETR  

backbone_lwir.blocks.14.attn.q_bias - torch.Size([1024]): 
The value is the same before and after calling `init_weights` of TwoStreamCoDETR  

backbone_lwir.blocks.14.attn.v_bias - torch.Size([1024]): 
The value is the same before and after calling `init_weights` of TwoStreamCoDETR  

backbone_lwir.blocks.14.attn.q_proj.weight - torch.Size([1024, 1024]): 
Initialized by user-defined `init_weights` in ViT  

backbone_lwir.blocks.14.attn.k_proj.weight - torch.Size([1024, 1024]): 
Initialized by user-defined `init_weights` in ViT  

backbone_lwir.blocks.14.attn.v_proj.weight - torch.Size([1024, 1024]): 
Initialized by user-defined `init_weights` in ViT  

backbone_lwir.blocks.14.attn.proj.weight - torch.Size([1024, 1024]): 
Initialized by user-defined `init_weights` in ViT  

backbone_lwir.blocks.14.attn.proj.bias - torch.Size([1024]): 
The value is the same before and after calling `init_weights` of TwoStreamCoDETR  

backbone_lwir.blocks.14.norm2.weight - torch.Size([1024]): 
The value is the same before and after calling `init_weights` of TwoStreamCoDETR  

backbone_lwir.blocks.14.norm2.bias - torch.Size([1024]): 
The value is the same before and after calling `init_weights` of TwoStreamCoDETR  

backbone_lwir.blocks.14.mlp.w1.weight - torch.Size([2730, 1024]): 
Initialized by user-defined `init_weights` in ViT  

backbone_lwir.blocks.14.mlp.w1.bias - torch.Size([2730]): 
The value is the same before and after calling `init_weights` of TwoStreamCoDETR  

backbone_lwir.blocks.14.mlp.w2.weight - torch.Size([2730, 1024]): 
Initialized by user-defined `init_weights` in ViT  

backbone_lwir.blocks.14.mlp.w2.bias - torch.Size([2730]): 
The value is the same before and after calling `init_weights` of TwoStreamCoDETR  

backbone_lwir.blocks.14.mlp.ffn_ln.weight - torch.Size([2730]): 
The value is the same before and after calling `init_weights` of TwoStreamCoDETR  

backbone_lwir.blocks.14.mlp.ffn_ln.bias - torch.Size([2730]): 
The value is the same before and after calling `init_weights` of TwoStreamCoDETR  

backbone_lwir.blocks.14.mlp.w3.weight - torch.Size([1024, 2730]): 
Initialized by user-defined `init_weights` in ViT  

backbone_lwir.blocks.14.mlp.w3.bias - torch.Size([1024]): 
The value is the same before and after calling `init_weights` of TwoStreamCoDETR  

backbone_lwir.blocks.15.norm1.weight - torch.Size([1024]): 
The value is the same before and after calling `init_weights` of TwoStreamCoDETR  

backbone_lwir.blocks.15.norm1.bias - torch.Size([1024]): 
The value is the same before and after calling `init_weights` of TwoStreamCoDETR  

backbone_lwir.blocks.15.attn.q_bias - torch.Size([1024]): 
The value is the same before and after calling `init_weights` of TwoStreamCoDETR  

backbone_lwir.blocks.15.attn.v_bias - torch.Size([1024]): 
The value is the same before and after calling `init_weights` of TwoStreamCoDETR  

backbone_lwir.blocks.15.attn.q_proj.weight - torch.Size([1024, 1024]): 
Initialized by user-defined `init_weights` in ViT  

backbone_lwir.blocks.15.attn.k_proj.weight - torch.Size([1024, 1024]): 
Initialized by user-defined `init_weights` in ViT  

backbone_lwir.blocks.15.attn.v_proj.weight - torch.Size([1024, 1024]): 
Initialized by user-defined `init_weights` in ViT  

backbone_lwir.blocks.15.attn.proj.weight - torch.Size([1024, 1024]): 
Initialized by user-defined `init_weights` in ViT  

backbone_lwir.blocks.15.attn.proj.bias - torch.Size([1024]): 
The value is the same before and after calling `init_weights` of TwoStreamCoDETR  

backbone_lwir.blocks.15.norm2.weight - torch.Size([1024]): 
The value is the same before and after calling `init_weights` of TwoStreamCoDETR  

backbone_lwir.blocks.15.norm2.bias - torch.Size([1024]): 
The value is the same before and after calling `init_weights` of TwoStreamCoDETR  

backbone_lwir.blocks.15.mlp.w1.weight - torch.Size([2730, 1024]): 
Initialized by user-defined `init_weights` in ViT  

backbone_lwir.blocks.15.mlp.w1.bias - torch.Size([2730]): 
The value is the same before and after calling `init_weights` of TwoStreamCoDETR  

backbone_lwir.blocks.15.mlp.w2.weight - torch.Size([2730, 1024]): 
Initialized by user-defined `init_weights` in ViT  

backbone_lwir.blocks.15.mlp.w2.bias - torch.Size([2730]): 
The value is the same before and after calling `init_weights` of TwoStreamCoDETR  

backbone_lwir.blocks.15.mlp.ffn_ln.weight - torch.Size([2730]): 
The value is the same before and after calling `init_weights` of TwoStreamCoDETR  

backbone_lwir.blocks.15.mlp.ffn_ln.bias - torch.Size([2730]): 
The value is the same before and after calling `init_weights` of TwoStreamCoDETR  

backbone_lwir.blocks.15.mlp.w3.weight - torch.Size([1024, 2730]): 
Initialized by user-defined `init_weights` in ViT  

backbone_lwir.blocks.15.mlp.w3.bias - torch.Size([1024]): 
The value is the same before and after calling `init_weights` of TwoStreamCoDETR  

backbone_lwir.blocks.16.norm1.weight - torch.Size([1024]): 
The value is the same before and after calling `init_weights` of TwoStreamCoDETR  

backbone_lwir.blocks.16.norm1.bias - torch.Size([1024]): 
The value is the same before and after calling `init_weights` of TwoStreamCoDETR  

backbone_lwir.blocks.16.attn.q_bias - torch.Size([1024]): 
The value is the same before and after calling `init_weights` of TwoStreamCoDETR  

backbone_lwir.blocks.16.attn.v_bias - torch.Size([1024]): 
The value is the same before and after calling `init_weights` of TwoStreamCoDETR  

backbone_lwir.blocks.16.attn.q_proj.weight - torch.Size([1024, 1024]): 
Initialized by user-defined `init_weights` in ViT  

backbone_lwir.blocks.16.attn.k_proj.weight - torch.Size([1024, 1024]): 
Initialized by user-defined `init_weights` in ViT  

backbone_lwir.blocks.16.attn.v_proj.weight - torch.Size([1024, 1024]): 
Initialized by user-defined `init_weights` in ViT  

backbone_lwir.blocks.16.attn.proj.weight - torch.Size([1024, 1024]): 
Initialized by user-defined `init_weights` in ViT  

backbone_lwir.blocks.16.attn.proj.bias - torch.Size([1024]): 
The value is the same before and after calling `init_weights` of TwoStreamCoDETR  

backbone_lwir.blocks.16.norm2.weight - torch.Size([1024]): 
The value is the same before and after calling `init_weights` of TwoStreamCoDETR  

backbone_lwir.blocks.16.norm2.bias - torch.Size([1024]): 
The value is the same before and after calling `init_weights` of TwoStreamCoDETR  

backbone_lwir.blocks.16.mlp.w1.weight - torch.Size([2730, 1024]): 
Initialized by user-defined `init_weights` in ViT  

backbone_lwir.blocks.16.mlp.w1.bias - torch.Size([2730]): 
The value is the same before and after calling `init_weights` of TwoStreamCoDETR  

backbone_lwir.blocks.16.mlp.w2.weight - torch.Size([2730, 1024]): 
Initialized by user-defined `init_weights` in ViT  

backbone_lwir.blocks.16.mlp.w2.bias - torch.Size([2730]): 
The value is the same before and after calling `init_weights` of TwoStreamCoDETR  

backbone_lwir.blocks.16.mlp.ffn_ln.weight - torch.Size([2730]): 
The value is the same before and after calling `init_weights` of TwoStreamCoDETR  

backbone_lwir.blocks.16.mlp.ffn_ln.bias - torch.Size([2730]): 
The value is the same before and after calling `init_weights` of TwoStreamCoDETR  

backbone_lwir.blocks.16.mlp.w3.weight - torch.Size([1024, 2730]): 
Initialized by user-defined `init_weights` in ViT  

backbone_lwir.blocks.16.mlp.w3.bias - torch.Size([1024]): 
The value is the same before and after calling `init_weights` of TwoStreamCoDETR  

backbone_lwir.blocks.17.norm1.weight - torch.Size([1024]): 
The value is the same before and after calling `init_weights` of TwoStreamCoDETR  

backbone_lwir.blocks.17.norm1.bias - torch.Size([1024]): 
The value is the same before and after calling `init_weights` of TwoStreamCoDETR  

backbone_lwir.blocks.17.attn.q_bias - torch.Size([1024]): 
The value is the same before and after calling `init_weights` of TwoStreamCoDETR  

backbone_lwir.blocks.17.attn.v_bias - torch.Size([1024]): 
The value is the same before and after calling `init_weights` of TwoStreamCoDETR  

backbone_lwir.blocks.17.attn.q_proj.weight - torch.Size([1024, 1024]): 
Initialized by user-defined `init_weights` in ViT  

backbone_lwir.blocks.17.attn.k_proj.weight - torch.Size([1024, 1024]): 
Initialized by user-defined `init_weights` in ViT  

backbone_lwir.blocks.17.attn.v_proj.weight - torch.Size([1024, 1024]): 
Initialized by user-defined `init_weights` in ViT  

backbone_lwir.blocks.17.attn.proj.weight - torch.Size([1024, 1024]): 
Initialized by user-defined `init_weights` in ViT  

backbone_lwir.blocks.17.attn.proj.bias - torch.Size([1024]): 
The value is the same before and after calling `init_weights` of TwoStreamCoDETR  

backbone_lwir.blocks.17.norm2.weight - torch.Size([1024]): 
The value is the same before and after calling `init_weights` of TwoStreamCoDETR  

backbone_lwir.blocks.17.norm2.bias - torch.Size([1024]): 
The value is the same before and after calling `init_weights` of TwoStreamCoDETR  

backbone_lwir.blocks.17.mlp.w1.weight - torch.Size([2730, 1024]): 
Initialized by user-defined `init_weights` in ViT  

backbone_lwir.blocks.17.mlp.w1.bias - torch.Size([2730]): 
The value is the same before and after calling `init_weights` of TwoStreamCoDETR  

backbone_lwir.blocks.17.mlp.w2.weight - torch.Size([2730, 1024]): 
Initialized by user-defined `init_weights` in ViT  

backbone_lwir.blocks.17.mlp.w2.bias - torch.Size([2730]): 
The value is the same before and after calling `init_weights` of TwoStreamCoDETR  

backbone_lwir.blocks.17.mlp.ffn_ln.weight - torch.Size([2730]): 
The value is the same before and after calling `init_weights` of TwoStreamCoDETR  

backbone_lwir.blocks.17.mlp.ffn_ln.bias - torch.Size([2730]): 
The value is the same before and after calling `init_weights` of TwoStreamCoDETR  

backbone_lwir.blocks.17.mlp.w3.weight - torch.Size([1024, 2730]): 
Initialized by user-defined `init_weights` in ViT  

backbone_lwir.blocks.17.mlp.w3.bias - torch.Size([1024]): 
The value is the same before and after calling `init_weights` of TwoStreamCoDETR  

backbone_lwir.blocks.18.norm1.weight - torch.Size([1024]): 
The value is the same before and after calling `init_weights` of TwoStreamCoDETR  

backbone_lwir.blocks.18.norm1.bias - torch.Size([1024]): 
The value is the same before and after calling `init_weights` of TwoStreamCoDETR  

backbone_lwir.blocks.18.attn.q_bias - torch.Size([1024]): 
The value is the same before and after calling `init_weights` of TwoStreamCoDETR  

backbone_lwir.blocks.18.attn.v_bias - torch.Size([1024]): 
The value is the same before and after calling `init_weights` of TwoStreamCoDETR  

backbone_lwir.blocks.18.attn.q_proj.weight - torch.Size([1024, 1024]): 
Initialized by user-defined `init_weights` in ViT  

backbone_lwir.blocks.18.attn.k_proj.weight - torch.Size([1024, 1024]): 
Initialized by user-defined `init_weights` in ViT  

backbone_lwir.blocks.18.attn.v_proj.weight - torch.Size([1024, 1024]): 
Initialized by user-defined `init_weights` in ViT  

backbone_lwir.blocks.18.attn.proj.weight - torch.Size([1024, 1024]): 
Initialized by user-defined `init_weights` in ViT  

backbone_lwir.blocks.18.attn.proj.bias - torch.Size([1024]): 
The value is the same before and after calling `init_weights` of TwoStreamCoDETR  

backbone_lwir.blocks.18.norm2.weight - torch.Size([1024]): 
The value is the same before and after calling `init_weights` of TwoStreamCoDETR  

backbone_lwir.blocks.18.norm2.bias - torch.Size([1024]): 
The value is the same before and after calling `init_weights` of TwoStreamCoDETR  

backbone_lwir.blocks.18.mlp.w1.weight - torch.Size([2730, 1024]): 
Initialized by user-defined `init_weights` in ViT  

backbone_lwir.blocks.18.mlp.w1.bias - torch.Size([2730]): 
The value is the same before and after calling `init_weights` of TwoStreamCoDETR  

backbone_lwir.blocks.18.mlp.w2.weight - torch.Size([2730, 1024]): 
Initialized by user-defined `init_weights` in ViT  

backbone_lwir.blocks.18.mlp.w2.bias - torch.Size([2730]): 
The value is the same before and after calling `init_weights` of TwoStreamCoDETR  

backbone_lwir.blocks.18.mlp.ffn_ln.weight - torch.Size([2730]): 
The value is the same before and after calling `init_weights` of TwoStreamCoDETR  

backbone_lwir.blocks.18.mlp.ffn_ln.bias - torch.Size([2730]): 
The value is the same before and after calling `init_weights` of TwoStreamCoDETR  

backbone_lwir.blocks.18.mlp.w3.weight - torch.Size([1024, 2730]): 
Initialized by user-defined `init_weights` in ViT  

backbone_lwir.blocks.18.mlp.w3.bias - torch.Size([1024]): 
The value is the same before and after calling `init_weights` of TwoStreamCoDETR  

backbone_lwir.blocks.19.norm1.weight - torch.Size([1024]): 
The value is the same before and after calling `init_weights` of TwoStreamCoDETR  

backbone_lwir.blocks.19.norm1.bias - torch.Size([1024]): 
The value is the same before and after calling `init_weights` of TwoStreamCoDETR  

backbone_lwir.blocks.19.attn.q_bias - torch.Size([1024]): 
The value is the same before and after calling `init_weights` of TwoStreamCoDETR  

backbone_lwir.blocks.19.attn.v_bias - torch.Size([1024]): 
The value is the same before and after calling `init_weights` of TwoStreamCoDETR  

backbone_lwir.blocks.19.attn.q_proj.weight - torch.Size([1024, 1024]): 
Initialized by user-defined `init_weights` in ViT  

backbone_lwir.blocks.19.attn.k_proj.weight - torch.Size([1024, 1024]): 
Initialized by user-defined `init_weights` in ViT  

backbone_lwir.blocks.19.attn.v_proj.weight - torch.Size([1024, 1024]): 
Initialized by user-defined `init_weights` in ViT  

backbone_lwir.blocks.19.attn.proj.weight - torch.Size([1024, 1024]): 
Initialized by user-defined `init_weights` in ViT  

backbone_lwir.blocks.19.attn.proj.bias - torch.Size([1024]): 
The value is the same before and after calling `init_weights` of TwoStreamCoDETR  

backbone_lwir.blocks.19.norm2.weight - torch.Size([1024]): 
The value is the same before and after calling `init_weights` of TwoStreamCoDETR  

backbone_lwir.blocks.19.norm2.bias - torch.Size([1024]): 
The value is the same before and after calling `init_weights` of TwoStreamCoDETR  

backbone_lwir.blocks.19.mlp.w1.weight - torch.Size([2730, 1024]): 
Initialized by user-defined `init_weights` in ViT  

backbone_lwir.blocks.19.mlp.w1.bias - torch.Size([2730]): 
The value is the same before and after calling `init_weights` of TwoStreamCoDETR  

backbone_lwir.blocks.19.mlp.w2.weight - torch.Size([2730, 1024]): 
Initialized by user-defined `init_weights` in ViT  

backbone_lwir.blocks.19.mlp.w2.bias - torch.Size([2730]): 
The value is the same before and after calling `init_weights` of TwoStreamCoDETR  

backbone_lwir.blocks.19.mlp.ffn_ln.weight - torch.Size([2730]): 
The value is the same before and after calling `init_weights` of TwoStreamCoDETR  

backbone_lwir.blocks.19.mlp.ffn_ln.bias - torch.Size([2730]): 
The value is the same before and after calling `init_weights` of TwoStreamCoDETR  

backbone_lwir.blocks.19.mlp.w3.weight - torch.Size([1024, 2730]): 
Initialized by user-defined `init_weights` in ViT  

backbone_lwir.blocks.19.mlp.w3.bias - torch.Size([1024]): 
The value is the same before and after calling `init_weights` of TwoStreamCoDETR  

backbone_lwir.blocks.20.norm1.weight - torch.Size([1024]): 
The value is the same before and after calling `init_weights` of TwoStreamCoDETR  

backbone_lwir.blocks.20.norm1.bias - torch.Size([1024]): 
The value is the same before and after calling `init_weights` of TwoStreamCoDETR  

backbone_lwir.blocks.20.attn.q_bias - torch.Size([1024]): 
The value is the same before and after calling `init_weights` of TwoStreamCoDETR  

backbone_lwir.blocks.20.attn.v_bias - torch.Size([1024]): 
The value is the same before and after calling `init_weights` of TwoStreamCoDETR  

backbone_lwir.blocks.20.attn.q_proj.weight - torch.Size([1024, 1024]): 
Initialized by user-defined `init_weights` in ViT  

backbone_lwir.blocks.20.attn.k_proj.weight - torch.Size([1024, 1024]): 
Initialized by user-defined `init_weights` in ViT  

backbone_lwir.blocks.20.attn.v_proj.weight - torch.Size([1024, 1024]): 
Initialized by user-defined `init_weights` in ViT  

backbone_lwir.blocks.20.attn.proj.weight - torch.Size([1024, 1024]): 
Initialized by user-defined `init_weights` in ViT  

backbone_lwir.blocks.20.attn.proj.bias - torch.Size([1024]): 
The value is the same before and after calling `init_weights` of TwoStreamCoDETR  

backbone_lwir.blocks.20.norm2.weight - torch.Size([1024]): 
The value is the same before and after calling `init_weights` of TwoStreamCoDETR  

backbone_lwir.blocks.20.norm2.bias - torch.Size([1024]): 
The value is the same before and after calling `init_weights` of TwoStreamCoDETR  

backbone_lwir.blocks.20.mlp.w1.weight - torch.Size([2730, 1024]): 
Initialized by user-defined `init_weights` in ViT  

backbone_lwir.blocks.20.mlp.w1.bias - torch.Size([2730]): 
The value is the same before and after calling `init_weights` of TwoStreamCoDETR  

backbone_lwir.blocks.20.mlp.w2.weight - torch.Size([2730, 1024]): 
Initialized by user-defined `init_weights` in ViT  

backbone_lwir.blocks.20.mlp.w2.bias - torch.Size([2730]): 
The value is the same before and after calling `init_weights` of TwoStreamCoDETR  

backbone_lwir.blocks.20.mlp.ffn_ln.weight - torch.Size([2730]): 
The value is the same before and after calling `init_weights` of TwoStreamCoDETR  

backbone_lwir.blocks.20.mlp.ffn_ln.bias - torch.Size([2730]): 
The value is the same before and after calling `init_weights` of TwoStreamCoDETR  

backbone_lwir.blocks.20.mlp.w3.weight - torch.Size([1024, 2730]): 
Initialized by user-defined `init_weights` in ViT  

backbone_lwir.blocks.20.mlp.w3.bias - torch.Size([1024]): 
The value is the same before and after calling `init_weights` of TwoStreamCoDETR  

backbone_lwir.blocks.21.norm1.weight - torch.Size([1024]): 
The value is the same before and after calling `init_weights` of TwoStreamCoDETR  

backbone_lwir.blocks.21.norm1.bias - torch.Size([1024]): 
The value is the same before and after calling `init_weights` of TwoStreamCoDETR  

backbone_lwir.blocks.21.attn.q_bias - torch.Size([1024]): 
The value is the same before and after calling `init_weights` of TwoStreamCoDETR  

backbone_lwir.blocks.21.attn.v_bias - torch.Size([1024]): 
The value is the same before and after calling `init_weights` of TwoStreamCoDETR  

backbone_lwir.blocks.21.attn.q_proj.weight - torch.Size([1024, 1024]): 
Initialized by user-defined `init_weights` in ViT  

backbone_lwir.blocks.21.attn.k_proj.weight - torch.Size([1024, 1024]): 
Initialized by user-defined `init_weights` in ViT  

backbone_lwir.blocks.21.attn.v_proj.weight - torch.Size([1024, 1024]): 
Initialized by user-defined `init_weights` in ViT  

backbone_lwir.blocks.21.attn.proj.weight - torch.Size([1024, 1024]): 
Initialized by user-defined `init_weights` in ViT  

backbone_lwir.blocks.21.attn.proj.bias - torch.Size([1024]): 
The value is the same before and after calling `init_weights` of TwoStreamCoDETR  

backbone_lwir.blocks.21.norm2.weight - torch.Size([1024]): 
The value is the same before and after calling `init_weights` of TwoStreamCoDETR  

backbone_lwir.blocks.21.norm2.bias - torch.Size([1024]): 
The value is the same before and after calling `init_weights` of TwoStreamCoDETR  

backbone_lwir.blocks.21.mlp.w1.weight - torch.Size([2730, 1024]): 
Initialized by user-defined `init_weights` in ViT  

backbone_lwir.blocks.21.mlp.w1.bias - torch.Size([2730]): 
The value is the same before and after calling `init_weights` of TwoStreamCoDETR  

backbone_lwir.blocks.21.mlp.w2.weight - torch.Size([2730, 1024]): 
Initialized by user-defined `init_weights` in ViT  

backbone_lwir.blocks.21.mlp.w2.bias - torch.Size([2730]): 
The value is the same before and after calling `init_weights` of TwoStreamCoDETR  

backbone_lwir.blocks.21.mlp.ffn_ln.weight - torch.Size([2730]): 
The value is the same before and after calling `init_weights` of TwoStreamCoDETR  

backbone_lwir.blocks.21.mlp.ffn_ln.bias - torch.Size([2730]): 
The value is the same before and after calling `init_weights` of TwoStreamCoDETR  

backbone_lwir.blocks.21.mlp.w3.weight - torch.Size([1024, 2730]): 
Initialized by user-defined `init_weights` in ViT  

backbone_lwir.blocks.21.mlp.w3.bias - torch.Size([1024]): 
The value is the same before and after calling `init_weights` of TwoStreamCoDETR  

backbone_lwir.blocks.22.norm1.weight - torch.Size([1024]): 
The value is the same before and after calling `init_weights` of TwoStreamCoDETR  

backbone_lwir.blocks.22.norm1.bias - torch.Size([1024]): 
The value is the same before and after calling `init_weights` of TwoStreamCoDETR  

backbone_lwir.blocks.22.attn.q_bias - torch.Size([1024]): 
The value is the same before and after calling `init_weights` of TwoStreamCoDETR  

backbone_lwir.blocks.22.attn.v_bias - torch.Size([1024]): 
The value is the same before and after calling `init_weights` of TwoStreamCoDETR  

backbone_lwir.blocks.22.attn.q_proj.weight - torch.Size([1024, 1024]): 
Initialized by user-defined `init_weights` in ViT  

backbone_lwir.blocks.22.attn.k_proj.weight - torch.Size([1024, 1024]): 
Initialized by user-defined `init_weights` in ViT  

backbone_lwir.blocks.22.attn.v_proj.weight - torch.Size([1024, 1024]): 
Initialized by user-defined `init_weights` in ViT  

backbone_lwir.blocks.22.attn.proj.weight - torch.Size([1024, 1024]): 
Initialized by user-defined `init_weights` in ViT  

backbone_lwir.blocks.22.attn.proj.bias - torch.Size([1024]): 
The value is the same before and after calling `init_weights` of TwoStreamCoDETR  

backbone_lwir.blocks.22.norm2.weight - torch.Size([1024]): 
The value is the same before and after calling `init_weights` of TwoStreamCoDETR  

backbone_lwir.blocks.22.norm2.bias - torch.Size([1024]): 
The value is the same before and after calling `init_weights` of TwoStreamCoDETR  

backbone_lwir.blocks.22.mlp.w1.weight - torch.Size([2730, 1024]): 
Initialized by user-defined `init_weights` in ViT  

backbone_lwir.blocks.22.mlp.w1.bias - torch.Size([2730]): 
The value is the same before and after calling `init_weights` of TwoStreamCoDETR  

backbone_lwir.blocks.22.mlp.w2.weight - torch.Size([2730, 1024]): 
Initialized by user-defined `init_weights` in ViT  

backbone_lwir.blocks.22.mlp.w2.bias - torch.Size([2730]): 
The value is the same before and after calling `init_weights` of TwoStreamCoDETR  

backbone_lwir.blocks.22.mlp.ffn_ln.weight - torch.Size([2730]): 
The value is the same before and after calling `init_weights` of TwoStreamCoDETR  

backbone_lwir.blocks.22.mlp.ffn_ln.bias - torch.Size([2730]): 
The value is the same before and after calling `init_weights` of TwoStreamCoDETR  

backbone_lwir.blocks.22.mlp.w3.weight - torch.Size([1024, 2730]): 
Initialized by user-defined `init_weights` in ViT  

backbone_lwir.blocks.22.mlp.w3.bias - torch.Size([1024]): 
The value is the same before and after calling `init_weights` of TwoStreamCoDETR  

backbone_lwir.blocks.23.norm1.weight - torch.Size([1024]): 
The value is the same before and after calling `init_weights` of TwoStreamCoDETR  

backbone_lwir.blocks.23.norm1.bias - torch.Size([1024]): 
The value is the same before and after calling `init_weights` of TwoStreamCoDETR  

backbone_lwir.blocks.23.attn.q_bias - torch.Size([1024]): 
The value is the same before and after calling `init_weights` of TwoStreamCoDETR  

backbone_lwir.blocks.23.attn.v_bias - torch.Size([1024]): 
The value is the same before and after calling `init_weights` of TwoStreamCoDETR  

backbone_lwir.blocks.23.attn.q_proj.weight - torch.Size([1024, 1024]): 
Initialized by user-defined `init_weights` in ViT  

backbone_lwir.blocks.23.attn.k_proj.weight - torch.Size([1024, 1024]): 
Initialized by user-defined `init_weights` in ViT  

backbone_lwir.blocks.23.attn.v_proj.weight - torch.Size([1024, 1024]): 
Initialized by user-defined `init_weights` in ViT  

backbone_lwir.blocks.23.attn.proj.weight - torch.Size([1024, 1024]): 
Initialized by user-defined `init_weights` in ViT  

backbone_lwir.blocks.23.attn.proj.bias - torch.Size([1024]): 
The value is the same before and after calling `init_weights` of TwoStreamCoDETR  

backbone_lwir.blocks.23.norm2.weight - torch.Size([1024]): 
The value is the same before and after calling `init_weights` of TwoStreamCoDETR  

backbone_lwir.blocks.23.norm2.bias - torch.Size([1024]): 
The value is the same before and after calling `init_weights` of TwoStreamCoDETR  

backbone_lwir.blocks.23.mlp.w1.weight - torch.Size([2730, 1024]): 
Initialized by user-defined `init_weights` in ViT  

backbone_lwir.blocks.23.mlp.w1.bias - torch.Size([2730]): 
The value is the same before and after calling `init_weights` of TwoStreamCoDETR  

backbone_lwir.blocks.23.mlp.w2.weight - torch.Size([2730, 1024]): 
Initialized by user-defined `init_weights` in ViT  

backbone_lwir.blocks.23.mlp.w2.bias - torch.Size([2730]): 
The value is the same before and after calling `init_weights` of TwoStreamCoDETR  

backbone_lwir.blocks.23.mlp.ffn_ln.weight - torch.Size([2730]): 
The value is the same before and after calling `init_weights` of TwoStreamCoDETR  

backbone_lwir.blocks.23.mlp.ffn_ln.bias - torch.Size([2730]): 
The value is the same before and after calling `init_weights` of TwoStreamCoDETR  

backbone_lwir.blocks.23.mlp.w3.weight - torch.Size([1024, 2730]): 
Initialized by user-defined `init_weights` in ViT  

backbone_lwir.blocks.23.mlp.w3.bias - torch.Size([1024]): 
The value is the same before and after calling `init_weights` of TwoStreamCoDETR  

backbone_lwir.out_norm.weight - torch.Size([1024]): 
The value is the same before and after calling `init_weights` of TwoStreamCoDETR  

backbone_lwir.out_norm.bias - torch.Size([1024]): 
The value is the same before and after calling `init_weights` of TwoStreamCoDETR  

neck.p2.1.weight - torch.Size([512, 1024, 3, 3]): 
XavierInit: gain=1, distribution=uniform, bias=0 

neck.p2.2.weight - torch.Size([512]): 
The value is the same before and after calling `init_weights` of TwoStreamCoDETR  

neck.p2.2.bias - torch.Size([512]): 
The value is the same before and after calling `init_weights` of TwoStreamCoDETR  

neck.p2.5.weight - torch.Size([256, 512, 3, 3]): 
XavierInit: gain=1, distribution=uniform, bias=0 

neck.p2.6.weight - torch.Size([256]): 
The value is the same before and after calling `init_weights` of TwoStreamCoDETR  

neck.p2.6.bias - torch.Size([256]): 
The value is the same before and after calling `init_weights` of TwoStreamCoDETR  

neck.p2.8.weight - torch.Size([256, 256, 1, 1]): 
XavierInit: gain=1, distribution=uniform, bias=0 

neck.p2.9.weight - torch.Size([256]): 
The value is the same before and after calling `init_weights` of TwoStreamCoDETR  

neck.p2.9.bias - torch.Size([256]): 
The value is the same before and after calling `init_weights` of TwoStreamCoDETR  

neck.p2.11.weight - torch.Size([256, 256, 3, 3]): 
XavierInit: gain=1, distribution=uniform, bias=0 

neck.p2.12.weight - torch.Size([256]): 
The value is the same before and after calling `init_weights` of TwoStreamCoDETR  

neck.p2.12.bias - torch.Size([256]): 
The value is the same before and after calling `init_weights` of TwoStreamCoDETR  

neck.p3.1.weight - torch.Size([512, 1024, 3, 3]): 
XavierInit: gain=1, distribution=uniform, bias=0 

neck.p3.2.weight - torch.Size([512]): 
The value is the same before and after calling `init_weights` of TwoStreamCoDETR  

neck.p3.2.bias - torch.Size([512]): 
The value is the same before and after calling `init_weights` of TwoStreamCoDETR  

neck.p3.4.weight - torch.Size([256, 512, 1, 1]): 
XavierInit: gain=1, distribution=uniform, bias=0 

neck.p3.5.weight - torch.Size([256]): 
The value is the same before and after calling `init_weights` of TwoStreamCoDETR  

neck.p3.5.bias - torch.Size([256]): 
The value is the same before and after calling `init_weights` of TwoStreamCoDETR  

neck.p3.7.weight - torch.Size([256, 256, 3, 3]): 
XavierInit: gain=1, distribution=uniform, bias=0 

neck.p3.8.weight - torch.Size([256]): 
The value is the same before and after calling `init_weights` of TwoStreamCoDETR  

neck.p3.8.bias - torch.Size([256]): 
The value is the same before and after calling `init_weights` of TwoStreamCoDETR  

neck.p4.0.weight - torch.Size([256, 1024, 1, 1]): 
XavierInit: gain=1, distribution=uniform, bias=0 

neck.p4.1.weight - torch.Size([256]): 
The value is the same before and after calling `init_weights` of TwoStreamCoDETR  

neck.p4.1.bias - torch.Size([256]): 
The value is the same before and after calling `init_weights` of TwoStreamCoDETR  

neck.p4.3.weight - torch.Size([256, 256, 3, 3]): 
XavierInit: gain=1, distribution=uniform, bias=0 

neck.p4.4.weight - torch.Size([256]): 
The value is the same before and after calling `init_weights` of TwoStreamCoDETR  

neck.p4.4.bias - torch.Size([256]): 
The value is the same before and after calling `init_weights` of TwoStreamCoDETR  

neck.p5.1.weight - torch.Size([256, 1024, 1, 1]): 
XavierInit: gain=1, distribution=uniform, bias=0 

neck.p5.2.weight - torch.Size([256]): 
The value is the same before and after calling `init_weights` of TwoStreamCoDETR  

neck.p5.2.bias - torch.Size([256]): 
The value is the same before and after calling `init_weights` of TwoStreamCoDETR  

neck.p5.4.weight - torch.Size([256, 256, 3, 3]): 
XavierInit: gain=1, distribution=uniform, bias=0 

neck.p5.5.weight - torch.Size([256]): 
The value is the same before and after calling `init_weights` of TwoStreamCoDETR  

neck.p5.5.bias - torch.Size([256]): 
The value is the same before and after calling `init_weights` of TwoStreamCoDETR  

neck.p6.1.weight - torch.Size([1024, 1024, 3, 3]): 
XavierInit: gain=1, distribution=uniform, bias=0 

neck.p6.2.weight - torch.Size([1024]): 
The value is the same before and after calling `init_weights` of TwoStreamCoDETR  

neck.p6.2.bias - torch.Size([1024]): 
The value is the same before and after calling `init_weights` of TwoStreamCoDETR  

neck.p6.4.weight - torch.Size([256, 1024, 1, 1]): 
XavierInit: gain=1, distribution=uniform, bias=0 

neck.p6.5.weight - torch.Size([256]): 
The value is the same before and after calling `init_weights` of TwoStreamCoDETR  

neck.p6.5.bias - torch.Size([256]): 
The value is the same before and after calling `init_weights` of TwoStreamCoDETR  

neck.p6.7.weight - torch.Size([256, 256, 3, 3]): 
XavierInit: gain=1, distribution=uniform, bias=0 

neck.p6.8.weight - torch.Size([256]): 
The value is the same before and after calling `init_weights` of TwoStreamCoDETR  

neck.p6.8.bias - torch.Size([256]): 
The value is the same before and after calling `init_weights` of TwoStreamCoDETR  

tfb_blocks.0.pos_emb_vis - torch.Size([1, 1600, 1024]): 
The value is the same before and after calling `init_weights` of TwoStreamCoDETR  

tfb_blocks.0.pos_emb_ir - torch.Size([1, 1600, 1024]): 
The value is the same before and after calling `init_weights` of TwoStreamCoDETR  

tfb_blocks.0.vis_coefficient.w1 - torch.Size([1]): 
The value is the same before and after calling `init_weights` of TwoStreamCoDETR  

tfb_blocks.0.vis_coefficient.w2 - torch.Size([1]): 
The value is the same before and after calling `init_weights` of TwoStreamCoDETR  

tfb_blocks.0.ir_coefficient.w1 - torch.Size([1]): 
The value is the same before and after calling `init_weights` of TwoStreamCoDETR  

tfb_blocks.0.ir_coefficient.w2 - torch.Size([1]): 
The value is the same before and after calling `init_weights` of TwoStreamCoDETR  

tfb_blocks.0.crosstransformer.0.lambda_q_rgb1 - torch.Size([1024]): 
The value is the same before and after calling `init_weights` of TwoStreamCoDETR  

tfb_blocks.0.crosstransformer.0.lambda_k_rgb1 - torch.Size([1024]): 
The value is the same before and after calling `init_weights` of TwoStreamCoDETR  

tfb_blocks.0.crosstransformer.0.lambda_q_rgb2 - torch.Size([1024]): 
The value is the same before and after calling `init_weights` of TwoStreamCoDETR  

tfb_blocks.0.crosstransformer.0.lambda_k_rgb2 - torch.Size([1024]): 
The value is the same before and after calling `init_weights` of TwoStreamCoDETR  

tfb_blocks.0.crosstransformer.0.lambda_q_ir1 - torch.Size([1024]): 
The value is the same before and after calling `init_weights` of TwoStreamCoDETR  

tfb_blocks.0.crosstransformer.0.lambda_k_ir1 - torch.Size([1024]): 
The value is the same before and after calling `init_weights` of TwoStreamCoDETR  

tfb_blocks.0.crosstransformer.0.lambda_q_ir2 - torch.Size([1024]): 
The value is the same before and after calling `init_weights` of TwoStreamCoDETR  

tfb_blocks.0.crosstransformer.0.lambda_k_ir2 - torch.Size([1024]): 
The value is the same before and after calling `init_weights` of TwoStreamCoDETR  

tfb_blocks.0.crosstransformer.0.ln_input.weight - torch.Size([1024]): 
The value is the same before and after calling `init_weights` of TwoStreamCoDETR  

tfb_blocks.0.crosstransformer.0.ln_input.bias - torch.Size([1024]): 
The value is the same before and after calling `init_weights` of TwoStreamCoDETR  

tfb_blocks.0.crosstransformer.0.ln_output.weight - torch.Size([1024]): 
The value is the same before and after calling `init_weights` of TwoStreamCoDETR  

tfb_blocks.0.crosstransformer.0.ln_output.bias - torch.Size([1024]): 
The value is the same before and after calling `init_weights` of TwoStreamCoDETR  

tfb_blocks.0.crosstransformer.0.crossatt_ir.lambda_q_rgb1 - torch.Size([1024]): 
The value is the same before and after calling `init_weights` of TwoStreamCoDETR  

tfb_blocks.0.crosstransformer.0.crossatt_ir.lambda_k_rgb1 - torch.Size([1024]): 
The value is the same before and after calling `init_weights` of TwoStreamCoDETR  

tfb_blocks.0.crosstransformer.0.crossatt_ir.lambda_q_rgb2 - torch.Size([1024]): 
The value is the same before and after calling `init_weights` of TwoStreamCoDETR  

tfb_blocks.0.crosstransformer.0.crossatt_ir.lambda_k_rgb2 - torch.Size([1024]): 
The value is the same before and after calling `init_weights` of TwoStreamCoDETR  

tfb_blocks.0.crosstransformer.0.crossatt_ir.lambda_q_ir1 - torch.Size([1024]): 
The value is the same before and after calling `init_weights` of TwoStreamCoDETR  

tfb_blocks.0.crosstransformer.0.crossatt_ir.lambda_k_ir1 - torch.Size([1024]): 
The value is the same before and after calling `init_weights` of TwoStreamCoDETR  

tfb_blocks.0.crosstransformer.0.crossatt_ir.lambda_q_ir2 - torch.Size([1024]): 
The value is the same before and after calling `init_weights` of TwoStreamCoDETR  

tfb_blocks.0.crosstransformer.0.crossatt_ir.lambda_k_ir2 - torch.Size([1024]): 
The value is the same before and after calling `init_weights` of TwoStreamCoDETR  

tfb_blocks.0.crosstransformer.0.crossatt_ir.que_proj_vis.weight - torch.Size([1024, 1024]): 
The value is the same before and after calling `init_weights` of TwoStreamCoDETR  

tfb_blocks.0.crosstransformer.0.crossatt_ir.que_proj_vis.bias - torch.Size([1024]): 
The value is the same before and after calling `init_weights` of TwoStreamCoDETR  

tfb_blocks.0.crosstransformer.0.crossatt_ir.key_proj_vis.weight - torch.Size([1024, 1024]): 
The value is the same before and after calling `init_weights` of TwoStreamCoDETR  

tfb_blocks.0.crosstransformer.0.crossatt_ir.key_proj_vis.bias - torch.Size([1024]): 
The value is the same before and after calling `init_weights` of TwoStreamCoDETR  

tfb_blocks.0.crosstransformer.0.crossatt_ir.val_proj_vis.weight - torch.Size([1024, 1024]): 
The value is the same before and after calling `init_weights` of TwoStreamCoDETR  

tfb_blocks.0.crosstransformer.0.crossatt_ir.val_proj_vis.bias - torch.Size([1024]): 
The value is the same before and after calling `init_weights` of TwoStreamCoDETR  

tfb_blocks.0.crosstransformer.0.crossatt_ir.que_proj_ir.weight - torch.Size([1024, 1024]): 
The value is the same before and after calling `init_weights` of TwoStreamCoDETR  

tfb_blocks.0.crosstransformer.0.crossatt_ir.que_proj_ir.bias - torch.Size([1024]): 
The value is the same before and after calling `init_weights` of TwoStreamCoDETR  

tfb_blocks.0.crosstransformer.0.crossatt_ir.key_proj_ir.weight - torch.Size([1024, 1024]): 
The value is the same before and after calling `init_weights` of TwoStreamCoDETR  

tfb_blocks.0.crosstransformer.0.crossatt_ir.key_proj_ir.bias - torch.Size([1024]): 
The value is the same before and after calling `init_weights` of TwoStreamCoDETR  

tfb_blocks.0.crosstransformer.0.crossatt_ir.val_proj_ir.weight - torch.Size([1024, 1024]): 
The value is the same before and after calling `init_weights` of TwoStreamCoDETR  

tfb_blocks.0.crosstransformer.0.crossatt_ir.val_proj_ir.bias - torch.Size([1024]): 
The value is the same before and after calling `init_weights` of TwoStreamCoDETR  

tfb_blocks.0.crosstransformer.0.crossatt_ir.out_proj_vis.weight - torch.Size([1024, 1024]): 
The value is the same before and after calling `init_weights` of TwoStreamCoDETR  

tfb_blocks.0.crosstransformer.0.crossatt_ir.out_proj_vis.bias - torch.Size([1024]): 
The value is the same before and after calling `init_weights` of TwoStreamCoDETR  

tfb_blocks.0.crosstransformer.0.crossatt_ir.out_proj_ir.weight - torch.Size([1024, 1024]): 
The value is the same before and after calling `init_weights` of TwoStreamCoDETR  

tfb_blocks.0.crosstransformer.0.crossatt_ir.out_proj_ir.bias - torch.Size([1024]): 
The value is the same before and after calling `init_weights` of TwoStreamCoDETR  

tfb_blocks.0.crosstransformer.0.crossatt_ir.LN1.weight - torch.Size([1024]): 
The value is the same before and after calling `init_weights` of TwoStreamCoDETR  

tfb_blocks.0.crosstransformer.0.crossatt_ir.LN1.bias - torch.Size([1024]): 
The value is the same before and after calling `init_weights` of TwoStreamCoDETR  

tfb_blocks.0.crosstransformer.0.crossatt_ir.LN2.weight - torch.Size([1024]): 
The value is the same before and after calling `init_weights` of TwoStreamCoDETR  

tfb_blocks.0.crosstransformer.0.crossatt_ir.LN2.bias - torch.Size([1024]): 
The value is the same before and after calling `init_weights` of TwoStreamCoDETR  

tfb_blocks.0.crosstransformer.0.crossatt_rgb.lambda_q_rgb1 - torch.Size([1024]): 
The value is the same before and after calling `init_weights` of TwoStreamCoDETR  

tfb_blocks.0.crosstransformer.0.crossatt_rgb.lambda_k_rgb1 - torch.Size([1024]): 
The value is the same before and after calling `init_weights` of TwoStreamCoDETR  

tfb_blocks.0.crosstransformer.0.crossatt_rgb.lambda_q_rgb2 - torch.Size([1024]): 
The value is the same before and after calling `init_weights` of TwoStreamCoDETR  

tfb_blocks.0.crosstransformer.0.crossatt_rgb.lambda_k_rgb2 - torch.Size([1024]): 
The value is the same before and after calling `init_weights` of TwoStreamCoDETR  

tfb_blocks.0.crosstransformer.0.crossatt_rgb.lambda_q_ir1 - torch.Size([1024]): 
The value is the same before and after calling `init_weights` of TwoStreamCoDETR  

tfb_blocks.0.crosstransformer.0.crossatt_rgb.lambda_k_ir1 - torch.Size([1024]): 
The value is the same before and after calling `init_weights` of TwoStreamCoDETR  

tfb_blocks.0.crosstransformer.0.crossatt_rgb.lambda_q_ir2 - torch.Size([1024]): 
The value is the same before and after calling `init_weights` of TwoStreamCoDETR  

tfb_blocks.0.crosstransformer.0.crossatt_rgb.lambda_k_ir2 - torch.Size([1024]): 
The value is the same before and after calling `init_weights` of TwoStreamCoDETR  

tfb_blocks.0.crosstransformer.0.crossatt_rgb.que_proj_vis.weight - torch.Size([1024, 1024]): 
The value is the same before and after calling `init_weights` of TwoStreamCoDETR  

tfb_blocks.0.crosstransformer.0.crossatt_rgb.que_proj_vis.bias - torch.Size([1024]): 
The value is the same before and after calling `init_weights` of TwoStreamCoDETR  

tfb_blocks.0.crosstransformer.0.crossatt_rgb.key_proj_vis.weight - torch.Size([1024, 1024]): 
The value is the same before and after calling `init_weights` of TwoStreamCoDETR  

tfb_blocks.0.crosstransformer.0.crossatt_rgb.key_proj_vis.bias - torch.Size([1024]): 
The value is the same before and after calling `init_weights` of TwoStreamCoDETR  

tfb_blocks.0.crosstransformer.0.crossatt_rgb.val_proj_vis.weight - torch.Size([1024, 1024]): 
The value is the same before and after calling `init_weights` of TwoStreamCoDETR  

tfb_blocks.0.crosstransformer.0.crossatt_rgb.val_proj_vis.bias - torch.Size([1024]): 
The value is the same before and after calling `init_weights` of TwoStreamCoDETR  

tfb_blocks.0.crosstransformer.0.crossatt_rgb.que_proj_ir.weight - torch.Size([1024, 1024]): 
The value is the same before and after calling `init_weights` of TwoStreamCoDETR  

tfb_blocks.0.crosstransformer.0.crossatt_rgb.que_proj_ir.bias - torch.Size([1024]): 
The value is the same before and after calling `init_weights` of TwoStreamCoDETR  

tfb_blocks.0.crosstransformer.0.crossatt_rgb.key_proj_ir.weight - torch.Size([1024, 1024]): 
The value is the same before and after calling `init_weights` of TwoStreamCoDETR  

tfb_blocks.0.crosstransformer.0.crossatt_rgb.key_proj_ir.bias - torch.Size([1024]): 
The value is the same before and after calling `init_weights` of TwoStreamCoDETR  

tfb_blocks.0.crosstransformer.0.crossatt_rgb.val_proj_ir.weight - torch.Size([1024, 1024]): 
The value is the same before and after calling `init_weights` of TwoStreamCoDETR  

tfb_blocks.0.crosstransformer.0.crossatt_rgb.val_proj_ir.bias - torch.Size([1024]): 
The value is the same before and after calling `init_weights` of TwoStreamCoDETR  

tfb_blocks.0.crosstransformer.0.crossatt_rgb.out_proj_vis.weight - torch.Size([1024, 1024]): 
The value is the same before and after calling `init_weights` of TwoStreamCoDETR  

tfb_blocks.0.crosstransformer.0.crossatt_rgb.out_proj_vis.bias - torch.Size([1024]): 
The value is the same before and after calling `init_weights` of TwoStreamCoDETR  

tfb_blocks.0.crosstransformer.0.crossatt_rgb.out_proj_ir.weight - torch.Size([1024, 1024]): 
The value is the same before and after calling `init_weights` of TwoStreamCoDETR  

tfb_blocks.0.crosstransformer.0.crossatt_rgb.out_proj_ir.bias - torch.Size([1024]): 
The value is the same before and after calling `init_weights` of TwoStreamCoDETR  

tfb_blocks.0.crosstransformer.0.crossatt_rgb.LN1.weight - torch.Size([1024]): 
The value is the same before and after calling `init_weights` of TwoStreamCoDETR  

tfb_blocks.0.crosstransformer.0.crossatt_rgb.LN1.bias - torch.Size([1024]): 
The value is the same before and after calling `init_weights` of TwoStreamCoDETR  

tfb_blocks.0.crosstransformer.0.crossatt_rgb.LN2.weight - torch.Size([1024]): 
The value is the same before and after calling `init_weights` of TwoStreamCoDETR  

tfb_blocks.0.crosstransformer.0.crossatt_rgb.LN2.bias - torch.Size([1024]): 
The value is the same before and after calling `init_weights` of TwoStreamCoDETR  

tfb_blocks.0.crosstransformer.0.mlp_vis.0.weight - torch.Size([4096, 1024]): 
The value is the same before and after calling `init_weights` of TwoStreamCoDETR  

tfb_blocks.0.crosstransformer.0.mlp_vis.0.bias - torch.Size([4096]): 
The value is the same before and after calling `init_weights` of TwoStreamCoDETR  

tfb_blocks.0.crosstransformer.0.mlp_vis.2.weight - torch.Size([1024, 4096]): 
The value is the same before and after calling `init_weights` of TwoStreamCoDETR  

tfb_blocks.0.crosstransformer.0.mlp_vis.2.bias - torch.Size([1024]): 
The value is the same before and after calling `init_weights` of TwoStreamCoDETR  

tfb_blocks.0.crosstransformer.0.mlp_ir.0.weight - torch.Size([4096, 1024]): 
The value is the same before and after calling `init_weights` of TwoStreamCoDETR  

tfb_blocks.0.crosstransformer.0.mlp_ir.0.bias - torch.Size([4096]): 
The value is the same before and after calling `init_weights` of TwoStreamCoDETR  

tfb_blocks.0.crosstransformer.0.mlp_ir.2.weight - torch.Size([1024, 4096]): 
The value is the same before and after calling `init_weights` of TwoStreamCoDETR  

tfb_blocks.0.crosstransformer.0.mlp_ir.2.bias - torch.Size([1024]): 
The value is the same before and after calling `init_weights` of TwoStreamCoDETR  

tfb_blocks.0.crosstransformer.0.mlp.0.weight - torch.Size([4096, 1024]): 
The value is the same before and after calling `init_weights` of TwoStreamCoDETR  

tfb_blocks.0.crosstransformer.0.mlp.0.bias - torch.Size([4096]): 
The value is the same before and after calling `init_weights` of TwoStreamCoDETR  

tfb_blocks.0.crosstransformer.0.mlp.2.weight - torch.Size([1024, 4096]): 
The value is the same before and after calling `init_weights` of TwoStreamCoDETR  

tfb_blocks.0.crosstransformer.0.mlp.2.bias - torch.Size([1024]): 
The value is the same before and after calling `init_weights` of TwoStreamCoDETR  

tfb_blocks.0.crosstransformer.0.LN1.weight - torch.Size([1024]): 
The value is the same before and after calling `init_weights` of TwoStreamCoDETR  

tfb_blocks.0.crosstransformer.0.LN1.bias - torch.Size([1024]): 
The value is the same before and after calling `init_weights` of TwoStreamCoDETR  

tfb_blocks.0.crosstransformer.0.LN2.weight - torch.Size([1024]): 
The value is the same before and after calling `init_weights` of TwoStreamCoDETR  

tfb_blocks.0.crosstransformer.0.LN2.bias - torch.Size([1024]): 
The value is the same before and after calling `init_weights` of TwoStreamCoDETR  

tfb_blocks.0.crosstransformer.0.coefficient1.bias - torch.Size([1]): 
The value is the same before and after calling `init_weights` of TwoStreamCoDETR  

tfb_blocks.0.crosstransformer.0.coefficient2.bias - torch.Size([1]): 
The value is the same before and after calling `init_weights` of TwoStreamCoDETR  

tfb_blocks.0.crosstransformer.0.coefficient3.bias - torch.Size([1]): 
The value is the same before and after calling `init_weights` of TwoStreamCoDETR  

tfb_blocks.0.crosstransformer.0.coefficient4.bias - torch.Size([1]): 
The value is the same before and after calling `init_weights` of TwoStreamCoDETR  

tfb_blocks.0.crosstransformer.0.coefficient5.bias - torch.Size([1]): 
The value is the same before and after calling `init_weights` of TwoStreamCoDETR  

tfb_blocks.0.crosstransformer.0.coefficient6.bias - torch.Size([1]): 
The value is the same before and after calling `init_weights` of TwoStreamCoDETR  

tfb_blocks.0.crosstransformer.0.coefficient7.bias - torch.Size([1]): 
The value is the same before and after calling `init_weights` of TwoStreamCoDETR  

tfb_blocks.0.crosstransformer.0.coefficient8.bias - torch.Size([1]): 
The value is the same before and after calling `init_weights` of TwoStreamCoDETR  

tfb_blocks.0.fused.conv.weight - torch.Size([1024, 2048, 1, 1]): 
The value is the same before and after calling `init_weights` of TwoStreamCoDETR  

tfb_blocks.0.conv1x1_out.conv.weight - torch.Size([1024, 2048, 1, 1]): 
The value is the same before and after calling `init_weights` of TwoStreamCoDETR  

tfb_blocks.0.conv1x1_out.bn.weight - torch.Size([1024]): 
The value is the same before and after calling `init_weights` of TwoStreamCoDETR  

tfb_blocks.0.conv1x1_out.bn.bias - torch.Size([1024]): 
The value is the same before and after calling `init_weights` of TwoStreamCoDETR  

query_head.transformer.level_embeds - torch.Size([5, 256]): 
Initialized by user-defined `init_weights` in CoDINOHead  

query_head.transformer.encoder.layers.0.attentions.0.sampling_offsets.weight - torch.Size([320, 256]): 
The value is the same before and after calling `init_weights` of TwoStreamCoDETR  

query_head.transformer.encoder.layers.0.attentions.0.sampling_offsets.bias - torch.Size([320]): 
The value is the same before and after calling `init_weights` of TwoStreamCoDETR  

query_head.transformer.encoder.layers.0.attentions.0.attention_weights.weight - torch.Size([160, 256]): 
The value is the same before and after calling `init_weights` of TwoStreamCoDETR  

query_head.transformer.encoder.layers.0.attentions.0.attention_weights.bias - torch.Size([160]): 
The value is the same before and after calling `init_weights` of TwoStreamCoDETR  

query_head.transformer.encoder.layers.0.attentions.0.value_proj.weight - torch.Size([256, 256]): 
Initialized by user-defined `init_weights` in CoDINOHead  

query_head.transformer.encoder.layers.0.attentions.0.value_proj.bias - torch.Size([256]): 
The value is the same before and after calling `init_weights` of TwoStreamCoDETR  

query_head.transformer.encoder.layers.0.attentions.0.output_proj.weight - torch.Size([256, 256]): 
Initialized by user-defined `init_weights` in CoDINOHead  

query_head.transformer.encoder.layers.0.attentions.0.output_proj.bias - torch.Size([256]): 
The value is the same before and after calling `init_weights` of TwoStreamCoDETR  

query_head.transformer.encoder.layers.0.ffns.0.layers.0.0.weight - torch.Size([2048, 256]): 
Initialized by user-defined `init_weights` in CoDINOHead  

query_head.transformer.encoder.layers.0.ffns.0.layers.0.0.bias - torch.Size([2048]): 
The value is the same before and after calling `init_weights` of TwoStreamCoDETR  

query_head.transformer.encoder.layers.0.ffns.0.layers.1.weight - torch.Size([256, 2048]): 
Initialized by user-defined `init_weights` in CoDINOHead  

query_head.transformer.encoder.layers.0.ffns.0.layers.1.bias - torch.Size([256]): 
The value is the same before and after calling `init_weights` of TwoStreamCoDETR  

query_head.transformer.encoder.layers.0.norms.0.weight - torch.Size([256]): 
The value is the same before and after calling `init_weights` of TwoStreamCoDETR  

query_head.transformer.encoder.layers.0.norms.0.bias - torch.Size([256]): 
The value is the same before and after calling `init_weights` of TwoStreamCoDETR  

query_head.transformer.encoder.layers.0.norms.1.weight - torch.Size([256]): 
The value is the same before and after calling `init_weights` of TwoStreamCoDETR  

query_head.transformer.encoder.layers.0.norms.1.bias - torch.Size([256]): 
The value is the same before and after calling `init_weights` of TwoStreamCoDETR  

query_head.transformer.encoder.layers.1.attentions.0.sampling_offsets.weight - torch.Size([320, 256]): 
The value is the same before and after calling `init_weights` of TwoStreamCoDETR  

query_head.transformer.encoder.layers.1.attentions.0.sampling_offsets.bias - torch.Size([320]): 
The value is the same before and after calling `init_weights` of TwoStreamCoDETR  

query_head.transformer.encoder.layers.1.attentions.0.attention_weights.weight - torch.Size([160, 256]): 
The value is the same before and after calling `init_weights` of TwoStreamCoDETR  

query_head.transformer.encoder.layers.1.attentions.0.attention_weights.bias - torch.Size([160]): 
The value is the same before and after calling `init_weights` of TwoStreamCoDETR  

query_head.transformer.encoder.layers.1.attentions.0.value_proj.weight - torch.Size([256, 256]): 
Initialized by user-defined `init_weights` in CoDINOHead  

query_head.transformer.encoder.layers.1.attentions.0.value_proj.bias - torch.Size([256]): 
The value is the same before and after calling `init_weights` of TwoStreamCoDETR  

query_head.transformer.encoder.layers.1.attentions.0.output_proj.weight - torch.Size([256, 256]): 
Initialized by user-defined `init_weights` in CoDINOHead  

query_head.transformer.encoder.layers.1.attentions.0.output_proj.bias - torch.Size([256]): 
The value is the same before and after calling `init_weights` of TwoStreamCoDETR  

query_head.transformer.encoder.layers.1.ffns.0.layers.0.0.weight - torch.Size([2048, 256]): 
Initialized by user-defined `init_weights` in CoDINOHead  

query_head.transformer.encoder.layers.1.ffns.0.layers.0.0.bias - torch.Size([2048]): 
The value is the same before and after calling `init_weights` of TwoStreamCoDETR  

query_head.transformer.encoder.layers.1.ffns.0.layers.1.weight - torch.Size([256, 2048]): 
Initialized by user-defined `init_weights` in CoDINOHead  

query_head.transformer.encoder.layers.1.ffns.0.layers.1.bias - torch.Size([256]): 
The value is the same before and after calling `init_weights` of TwoStreamCoDETR  

query_head.transformer.encoder.layers.1.norms.0.weight - torch.Size([256]): 
The value is the same before and after calling `init_weights` of TwoStreamCoDETR  

query_head.transformer.encoder.layers.1.norms.0.bias - torch.Size([256]): 
The value is the same before and after calling `init_weights` of TwoStreamCoDETR  

query_head.transformer.encoder.layers.1.norms.1.weight - torch.Size([256]): 
The value is the same before and after calling `init_weights` of TwoStreamCoDETR  

query_head.transformer.encoder.layers.1.norms.1.bias - torch.Size([256]): 
The value is the same before and after calling `init_weights` of TwoStreamCoDETR  

query_head.transformer.encoder.layers.2.attentions.0.sampling_offsets.weight - torch.Size([320, 256]): 
The value is the same before and after calling `init_weights` of TwoStreamCoDETR  

query_head.transformer.encoder.layers.2.attentions.0.sampling_offsets.bias - torch.Size([320]): 
The value is the same before and after calling `init_weights` of TwoStreamCoDETR  

query_head.transformer.encoder.layers.2.attentions.0.attention_weights.weight - torch.Size([160, 256]): 
The value is the same before and after calling `init_weights` of TwoStreamCoDETR  

query_head.transformer.encoder.layers.2.attentions.0.attention_weights.bias - torch.Size([160]): 
The value is the same before and after calling `init_weights` of TwoStreamCoDETR  

query_head.transformer.encoder.layers.2.attentions.0.value_proj.weight - torch.Size([256, 256]): 
Initialized by user-defined `init_weights` in CoDINOHead  

query_head.transformer.encoder.layers.2.attentions.0.value_proj.bias - torch.Size([256]): 
The value is the same before and after calling `init_weights` of TwoStreamCoDETR  

query_head.transformer.encoder.layers.2.attentions.0.output_proj.weight - torch.Size([256, 256]): 
Initialized by user-defined `init_weights` in CoDINOHead  

query_head.transformer.encoder.layers.2.attentions.0.output_proj.bias - torch.Size([256]): 
The value is the same before and after calling `init_weights` of TwoStreamCoDETR  

query_head.transformer.encoder.layers.2.ffns.0.layers.0.0.weight - torch.Size([2048, 256]): 
Initialized by user-defined `init_weights` in CoDINOHead  

query_head.transformer.encoder.layers.2.ffns.0.layers.0.0.bias - torch.Size([2048]): 
The value is the same before and after calling `init_weights` of TwoStreamCoDETR  

query_head.transformer.encoder.layers.2.ffns.0.layers.1.weight - torch.Size([256, 2048]): 
Initialized by user-defined `init_weights` in CoDINOHead  

query_head.transformer.encoder.layers.2.ffns.0.layers.1.bias - torch.Size([256]): 
The value is the same before and after calling `init_weights` of TwoStreamCoDETR  

query_head.transformer.encoder.layers.2.norms.0.weight - torch.Size([256]): 
The value is the same before and after calling `init_weights` of TwoStreamCoDETR  

query_head.transformer.encoder.layers.2.norms.0.bias - torch.Size([256]): 
The value is the same before and after calling `init_weights` of TwoStreamCoDETR  

query_head.transformer.encoder.layers.2.norms.1.weight - torch.Size([256]): 
The value is the same before and after calling `init_weights` of TwoStreamCoDETR  

query_head.transformer.encoder.layers.2.norms.1.bias - torch.Size([256]): 
The value is the same before and after calling `init_weights` of TwoStreamCoDETR  

query_head.transformer.encoder.layers.3.attentions.0.sampling_offsets.weight - torch.Size([320, 256]): 
The value is the same before and after calling `init_weights` of TwoStreamCoDETR  

query_head.transformer.encoder.layers.3.attentions.0.sampling_offsets.bias - torch.Size([320]): 
The value is the same before and after calling `init_weights` of TwoStreamCoDETR  

query_head.transformer.encoder.layers.3.attentions.0.attention_weights.weight - torch.Size([160, 256]): 
The value is the same before and after calling `init_weights` of TwoStreamCoDETR  

query_head.transformer.encoder.layers.3.attentions.0.attention_weights.bias - torch.Size([160]): 
The value is the same before and after calling `init_weights` of TwoStreamCoDETR  

query_head.transformer.encoder.layers.3.attentions.0.value_proj.weight - torch.Size([256, 256]): 
Initialized by user-defined `init_weights` in CoDINOHead  

query_head.transformer.encoder.layers.3.attentions.0.value_proj.bias - torch.Size([256]): 
The value is the same before and after calling `init_weights` of TwoStreamCoDETR  

query_head.transformer.encoder.layers.3.attentions.0.output_proj.weight - torch.Size([256, 256]): 
Initialized by user-defined `init_weights` in CoDINOHead  

query_head.transformer.encoder.layers.3.attentions.0.output_proj.bias - torch.Size([256]): 
The value is the same before and after calling `init_weights` of TwoStreamCoDETR  

query_head.transformer.encoder.layers.3.ffns.0.layers.0.0.weight - torch.Size([2048, 256]): 
Initialized by user-defined `init_weights` in CoDINOHead  

query_head.transformer.encoder.layers.3.ffns.0.layers.0.0.bias - torch.Size([2048]): 
The value is the same before and after calling `init_weights` of TwoStreamCoDETR  

query_head.transformer.encoder.layers.3.ffns.0.layers.1.weight - torch.Size([256, 2048]): 
Initialized by user-defined `init_weights` in CoDINOHead  

query_head.transformer.encoder.layers.3.ffns.0.layers.1.bias - torch.Size([256]): 
The value is the same before and after calling `init_weights` of TwoStreamCoDETR  

query_head.transformer.encoder.layers.3.norms.0.weight - torch.Size([256]): 
The value is the same before and after calling `init_weights` of TwoStreamCoDETR  

query_head.transformer.encoder.layers.3.norms.0.bias - torch.Size([256]): 
The value is the same before and after calling `init_weights` of TwoStreamCoDETR  

query_head.transformer.encoder.layers.3.norms.1.weight - torch.Size([256]): 
The value is the same before and after calling `init_weights` of TwoStreamCoDETR  

query_head.transformer.encoder.layers.3.norms.1.bias - torch.Size([256]): 
The value is the same before and after calling `init_weights` of TwoStreamCoDETR  

query_head.transformer.encoder.layers.4.attentions.0.sampling_offsets.weight - torch.Size([320, 256]): 
The value is the same before and after calling `init_weights` of TwoStreamCoDETR  

query_head.transformer.encoder.layers.4.attentions.0.sampling_offsets.bias - torch.Size([320]): 
The value is the same before and after calling `init_weights` of TwoStreamCoDETR  

query_head.transformer.encoder.layers.4.attentions.0.attention_weights.weight - torch.Size([160, 256]): 
The value is the same before and after calling `init_weights` of TwoStreamCoDETR  

query_head.transformer.encoder.layers.4.attentions.0.attention_weights.bias - torch.Size([160]): 
The value is the same before and after calling `init_weights` of TwoStreamCoDETR  

query_head.transformer.encoder.layers.4.attentions.0.value_proj.weight - torch.Size([256, 256]): 
Initialized by user-defined `init_weights` in CoDINOHead  

query_head.transformer.encoder.layers.4.attentions.0.value_proj.bias - torch.Size([256]): 
The value is the same before and after calling `init_weights` of TwoStreamCoDETR  

query_head.transformer.encoder.layers.4.attentions.0.output_proj.weight - torch.Size([256, 256]): 
Initialized by user-defined `init_weights` in CoDINOHead  

query_head.transformer.encoder.layers.4.attentions.0.output_proj.bias - torch.Size([256]): 
The value is the same before and after calling `init_weights` of TwoStreamCoDETR  

query_head.transformer.encoder.layers.4.ffns.0.layers.0.0.weight - torch.Size([2048, 256]): 
Initialized by user-defined `init_weights` in CoDINOHead  

query_head.transformer.encoder.layers.4.ffns.0.layers.0.0.bias - torch.Size([2048]): 
The value is the same before and after calling `init_weights` of TwoStreamCoDETR  

query_head.transformer.encoder.layers.4.ffns.0.layers.1.weight - torch.Size([256, 2048]): 
Initialized by user-defined `init_weights` in CoDINOHead  

query_head.transformer.encoder.layers.4.ffns.0.layers.1.bias - torch.Size([256]): 
The value is the same before and after calling `init_weights` of TwoStreamCoDETR  

query_head.transformer.encoder.layers.4.norms.0.weight - torch.Size([256]): 
The value is the same before and after calling `init_weights` of TwoStreamCoDETR  

query_head.transformer.encoder.layers.4.norms.0.bias - torch.Size([256]): 
The value is the same before and after calling `init_weights` of TwoStreamCoDETR  

query_head.transformer.encoder.layers.4.norms.1.weight - torch.Size([256]): 
The value is the same before and after calling `init_weights` of TwoStreamCoDETR  

query_head.transformer.encoder.layers.4.norms.1.bias - torch.Size([256]): 
The value is the same before and after calling `init_weights` of TwoStreamCoDETR  

query_head.transformer.encoder.layers.5.attentions.0.sampling_offsets.weight - torch.Size([320, 256]): 
The value is the same before and after calling `init_weights` of TwoStreamCoDETR  

query_head.transformer.encoder.layers.5.attentions.0.sampling_offsets.bias - torch.Size([320]): 
The value is the same before and after calling `init_weights` of TwoStreamCoDETR  

query_head.transformer.encoder.layers.5.attentions.0.attention_weights.weight - torch.Size([160, 256]): 
The value is the same before and after calling `init_weights` of TwoStreamCoDETR  

query_head.transformer.encoder.layers.5.attentions.0.attention_weights.bias - torch.Size([160]): 
The value is the same before and after calling `init_weights` of TwoStreamCoDETR  

query_head.transformer.encoder.layers.5.attentions.0.value_proj.weight - torch.Size([256, 256]): 
Initialized by user-defined `init_weights` in CoDINOHead  

query_head.transformer.encoder.layers.5.attentions.0.value_proj.bias - torch.Size([256]): 
The value is the same before and after calling `init_weights` of TwoStreamCoDETR  

query_head.transformer.encoder.layers.5.attentions.0.output_proj.weight - torch.Size([256, 256]): 
Initialized by user-defined `init_weights` in CoDINOHead  

query_head.transformer.encoder.layers.5.attentions.0.output_proj.bias - torch.Size([256]): 
The value is the same before and after calling `init_weights` of TwoStreamCoDETR  

query_head.transformer.encoder.layers.5.ffns.0.layers.0.0.weight - torch.Size([2048, 256]): 
Initialized by user-defined `init_weights` in CoDINOHead  

query_head.transformer.encoder.layers.5.ffns.0.layers.0.0.bias - torch.Size([2048]): 
The value is the same before and after calling `init_weights` of TwoStreamCoDETR  

query_head.transformer.encoder.layers.5.ffns.0.layers.1.weight - torch.Size([256, 2048]): 
Initialized by user-defined `init_weights` in CoDINOHead  

query_head.transformer.encoder.layers.5.ffns.0.layers.1.bias - torch.Size([256]): 
The value is the same before and after calling `init_weights` of TwoStreamCoDETR  

query_head.transformer.encoder.layers.5.norms.0.weight - torch.Size([256]): 
The value is the same before and after calling `init_weights` of TwoStreamCoDETR  

query_head.transformer.encoder.layers.5.norms.0.bias - torch.Size([256]): 
The value is the same before and after calling `init_weights` of TwoStreamCoDETR  

query_head.transformer.encoder.layers.5.norms.1.weight - torch.Size([256]): 
The value is the same before and after calling `init_weights` of TwoStreamCoDETR  

query_head.transformer.encoder.layers.5.norms.1.bias - torch.Size([256]): 
The value is the same before and after calling `init_weights` of TwoStreamCoDETR  

query_head.transformer.decoder.layers.0.attentions.0.attn.in_proj_weight - torch.Size([768, 256]): 
Initialized by user-defined `init_weights` in CoDINOHead  

query_head.transformer.decoder.layers.0.attentions.0.attn.in_proj_bias - torch.Size([768]): 
The value is the same before and after calling `init_weights` of TwoStreamCoDETR  

query_head.transformer.decoder.layers.0.attentions.0.attn.out_proj.weight - torch.Size([256, 256]): 
Initialized by user-defined `init_weights` in CoDINOHead  

query_head.transformer.decoder.layers.0.attentions.0.attn.out_proj.bias - torch.Size([256]): 
The value is the same before and after calling `init_weights` of TwoStreamCoDETR  

query_head.transformer.decoder.layers.0.attentions.1.sampling_offsets.weight - torch.Size([320, 256]): 
The value is the same before and after calling `init_weights` of TwoStreamCoDETR  

query_head.transformer.decoder.layers.0.attentions.1.sampling_offsets.bias - torch.Size([320]): 
The value is the same before and after calling `init_weights` of TwoStreamCoDETR  

query_head.transformer.decoder.layers.0.attentions.1.attention_weights.weight - torch.Size([160, 256]): 
The value is the same before and after calling `init_weights` of TwoStreamCoDETR  

query_head.transformer.decoder.layers.0.attentions.1.attention_weights.bias - torch.Size([160]): 
The value is the same before and after calling `init_weights` of TwoStreamCoDETR  

query_head.transformer.decoder.layers.0.attentions.1.value_proj.weight - torch.Size([256, 256]): 
Initialized by user-defined `init_weights` in CoDINOHead  

query_head.transformer.decoder.layers.0.attentions.1.value_proj.bias - torch.Size([256]): 
The value is the same before and after calling `init_weights` of TwoStreamCoDETR  

query_head.transformer.decoder.layers.0.attentions.1.output_proj.weight - torch.Size([256, 256]): 
Initialized by user-defined `init_weights` in CoDINOHead  

query_head.transformer.decoder.layers.0.attentions.1.output_proj.bias - torch.Size([256]): 
The value is the same before and after calling `init_weights` of TwoStreamCoDETR  

query_head.transformer.decoder.layers.0.ffns.0.layers.0.0.weight - torch.Size([2048, 256]): 
Initialized by user-defined `init_weights` in CoDINOHead  

query_head.transformer.decoder.layers.0.ffns.0.layers.0.0.bias - torch.Size([2048]): 
The value is the same before and after calling `init_weights` of TwoStreamCoDETR  

query_head.transformer.decoder.layers.0.ffns.0.layers.1.weight - torch.Size([256, 2048]): 
Initialized by user-defined `init_weights` in CoDINOHead  

query_head.transformer.decoder.layers.0.ffns.0.layers.1.bias - torch.Size([256]): 
The value is the same before and after calling `init_weights` of TwoStreamCoDETR  

query_head.transformer.decoder.layers.0.norms.0.weight - torch.Size([256]): 
The value is the same before and after calling `init_weights` of TwoStreamCoDETR  

query_head.transformer.decoder.layers.0.norms.0.bias - torch.Size([256]): 
The value is the same before and after calling `init_weights` of TwoStreamCoDETR  

query_head.transformer.decoder.layers.0.norms.1.weight - torch.Size([256]): 
The value is the same before and after calling `init_weights` of TwoStreamCoDETR  

query_head.transformer.decoder.layers.0.norms.1.bias - torch.Size([256]): 
The value is the same before and after calling `init_weights` of TwoStreamCoDETR  

query_head.transformer.decoder.layers.0.norms.2.weight - torch.Size([256]): 
The value is the same before and after calling `init_weights` of TwoStreamCoDETR  

query_head.transformer.decoder.layers.0.norms.2.bias - torch.Size([256]): 
The value is the same before and after calling `init_weights` of TwoStreamCoDETR  

query_head.transformer.decoder.layers.1.attentions.0.attn.in_proj_weight - torch.Size([768, 256]): 
Initialized by user-defined `init_weights` in CoDINOHead  

query_head.transformer.decoder.layers.1.attentions.0.attn.in_proj_bias - torch.Size([768]): 
The value is the same before and after calling `init_weights` of TwoStreamCoDETR  

query_head.transformer.decoder.layers.1.attentions.0.attn.out_proj.weight - torch.Size([256, 256]): 
Initialized by user-defined `init_weights` in CoDINOHead  

query_head.transformer.decoder.layers.1.attentions.0.attn.out_proj.bias - torch.Size([256]): 
The value is the same before and after calling `init_weights` of TwoStreamCoDETR  

query_head.transformer.decoder.layers.1.attentions.1.sampling_offsets.weight - torch.Size([320, 256]): 
The value is the same before and after calling `init_weights` of TwoStreamCoDETR  

query_head.transformer.decoder.layers.1.attentions.1.sampling_offsets.bias - torch.Size([320]): 
The value is the same before and after calling `init_weights` of TwoStreamCoDETR  

query_head.transformer.decoder.layers.1.attentions.1.attention_weights.weight - torch.Size([160, 256]): 
The value is the same before and after calling `init_weights` of TwoStreamCoDETR  

query_head.transformer.decoder.layers.1.attentions.1.attention_weights.bias - torch.Size([160]): 
The value is the same before and after calling `init_weights` of TwoStreamCoDETR  

query_head.transformer.decoder.layers.1.attentions.1.value_proj.weight - torch.Size([256, 256]): 
Initialized by user-defined `init_weights` in CoDINOHead  

query_head.transformer.decoder.layers.1.attentions.1.value_proj.bias - torch.Size([256]): 
The value is the same before and after calling `init_weights` of TwoStreamCoDETR  

query_head.transformer.decoder.layers.1.attentions.1.output_proj.weight - torch.Size([256, 256]): 
Initialized by user-defined `init_weights` in CoDINOHead  

query_head.transformer.decoder.layers.1.attentions.1.output_proj.bias - torch.Size([256]): 
The value is the same before and after calling `init_weights` of TwoStreamCoDETR  

query_head.transformer.decoder.layers.1.ffns.0.layers.0.0.weight - torch.Size([2048, 256]): 
Initialized by user-defined `init_weights` in CoDINOHead  

query_head.transformer.decoder.layers.1.ffns.0.layers.0.0.bias - torch.Size([2048]): 
The value is the same before and after calling `init_weights` of TwoStreamCoDETR  

query_head.transformer.decoder.layers.1.ffns.0.layers.1.weight - torch.Size([256, 2048]): 
Initialized by user-defined `init_weights` in CoDINOHead  

query_head.transformer.decoder.layers.1.ffns.0.layers.1.bias - torch.Size([256]): 
The value is the same before and after calling `init_weights` of TwoStreamCoDETR  

query_head.transformer.decoder.layers.1.norms.0.weight - torch.Size([256]): 
The value is the same before and after calling `init_weights` of TwoStreamCoDETR  

query_head.transformer.decoder.layers.1.norms.0.bias - torch.Size([256]): 
The value is the same before and after calling `init_weights` of TwoStreamCoDETR  

query_head.transformer.decoder.layers.1.norms.1.weight - torch.Size([256]): 
The value is the same before and after calling `init_weights` of TwoStreamCoDETR  

query_head.transformer.decoder.layers.1.norms.1.bias - torch.Size([256]): 
The value is the same before and after calling `init_weights` of TwoStreamCoDETR  

query_head.transformer.decoder.layers.1.norms.2.weight - torch.Size([256]): 
The value is the same before and after calling `init_weights` of TwoStreamCoDETR  

query_head.transformer.decoder.layers.1.norms.2.bias - torch.Size([256]): 
The value is the same before and after calling `init_weights` of TwoStreamCoDETR  

query_head.transformer.decoder.layers.2.attentions.0.attn.in_proj_weight - torch.Size([768, 256]): 
Initialized by user-defined `init_weights` in CoDINOHead  

query_head.transformer.decoder.layers.2.attentions.0.attn.in_proj_bias - torch.Size([768]): 
The value is the same before and after calling `init_weights` of TwoStreamCoDETR  

query_head.transformer.decoder.layers.2.attentions.0.attn.out_proj.weight - torch.Size([256, 256]): 
Initialized by user-defined `init_weights` in CoDINOHead  

query_head.transformer.decoder.layers.2.attentions.0.attn.out_proj.bias - torch.Size([256]): 
The value is the same before and after calling `init_weights` of TwoStreamCoDETR  

query_head.transformer.decoder.layers.2.attentions.1.sampling_offsets.weight - torch.Size([320, 256]): 
The value is the same before and after calling `init_weights` of TwoStreamCoDETR  

query_head.transformer.decoder.layers.2.attentions.1.sampling_offsets.bias - torch.Size([320]): 
The value is the same before and after calling `init_weights` of TwoStreamCoDETR  

query_head.transformer.decoder.layers.2.attentions.1.attention_weights.weight - torch.Size([160, 256]): 
The value is the same before and after calling `init_weights` of TwoStreamCoDETR  

query_head.transformer.decoder.layers.2.attentions.1.attention_weights.bias - torch.Size([160]): 
The value is the same before and after calling `init_weights` of TwoStreamCoDETR  

query_head.transformer.decoder.layers.2.attentions.1.value_proj.weight - torch.Size([256, 256]): 
Initialized by user-defined `init_weights` in CoDINOHead  

query_head.transformer.decoder.layers.2.attentions.1.value_proj.bias - torch.Size([256]): 
The value is the same before and after calling `init_weights` of TwoStreamCoDETR  

query_head.transformer.decoder.layers.2.attentions.1.output_proj.weight - torch.Size([256, 256]): 
Initialized by user-defined `init_weights` in CoDINOHead  

query_head.transformer.decoder.layers.2.attentions.1.output_proj.bias - torch.Size([256]): 
The value is the same before and after calling `init_weights` of TwoStreamCoDETR  

query_head.transformer.decoder.layers.2.ffns.0.layers.0.0.weight - torch.Size([2048, 256]): 
Initialized by user-defined `init_weights` in CoDINOHead  

query_head.transformer.decoder.layers.2.ffns.0.layers.0.0.bias - torch.Size([2048]): 
The value is the same before and after calling `init_weights` of TwoStreamCoDETR  

query_head.transformer.decoder.layers.2.ffns.0.layers.1.weight - torch.Size([256, 2048]): 
Initialized by user-defined `init_weights` in CoDINOHead  

query_head.transformer.decoder.layers.2.ffns.0.layers.1.bias - torch.Size([256]): 
The value is the same before and after calling `init_weights` of TwoStreamCoDETR  

query_head.transformer.decoder.layers.2.norms.0.weight - torch.Size([256]): 
The value is the same before and after calling `init_weights` of TwoStreamCoDETR  

query_head.transformer.decoder.layers.2.norms.0.bias - torch.Size([256]): 
The value is the same before and after calling `init_weights` of TwoStreamCoDETR  

query_head.transformer.decoder.layers.2.norms.1.weight - torch.Size([256]): 
The value is the same before and after calling `init_weights` of TwoStreamCoDETR  

query_head.transformer.decoder.layers.2.norms.1.bias - torch.Size([256]): 
The value is the same before and after calling `init_weights` of TwoStreamCoDETR  

query_head.transformer.decoder.layers.2.norms.2.weight - torch.Size([256]): 
The value is the same before and after calling `init_weights` of TwoStreamCoDETR  

query_head.transformer.decoder.layers.2.norms.2.bias - torch.Size([256]): 
The value is the same before and after calling `init_weights` of TwoStreamCoDETR  

query_head.transformer.decoder.layers.3.attentions.0.attn.in_proj_weight - torch.Size([768, 256]): 
Initialized by user-defined `init_weights` in CoDINOHead  

query_head.transformer.decoder.layers.3.attentions.0.attn.in_proj_bias - torch.Size([768]): 
The value is the same before and after calling `init_weights` of TwoStreamCoDETR  

query_head.transformer.decoder.layers.3.attentions.0.attn.out_proj.weight - torch.Size([256, 256]): 
Initialized by user-defined `init_weights` in CoDINOHead  

query_head.transformer.decoder.layers.3.attentions.0.attn.out_proj.bias - torch.Size([256]): 
The value is the same before and after calling `init_weights` of TwoStreamCoDETR  

query_head.transformer.decoder.layers.3.attentions.1.sampling_offsets.weight - torch.Size([320, 256]): 
The value is the same before and after calling `init_weights` of TwoStreamCoDETR  

query_head.transformer.decoder.layers.3.attentions.1.sampling_offsets.bias - torch.Size([320]): 
The value is the same before and after calling `init_weights` of TwoStreamCoDETR  

query_head.transformer.decoder.layers.3.attentions.1.attention_weights.weight - torch.Size([160, 256]): 
The value is the same before and after calling `init_weights` of TwoStreamCoDETR  

query_head.transformer.decoder.layers.3.attentions.1.attention_weights.bias - torch.Size([160]): 
The value is the same before and after calling `init_weights` of TwoStreamCoDETR  

query_head.transformer.decoder.layers.3.attentions.1.value_proj.weight - torch.Size([256, 256]): 
Initialized by user-defined `init_weights` in CoDINOHead  

query_head.transformer.decoder.layers.3.attentions.1.value_proj.bias - torch.Size([256]): 
The value is the same before and after calling `init_weights` of TwoStreamCoDETR  

query_head.transformer.decoder.layers.3.attentions.1.output_proj.weight - torch.Size([256, 256]): 
Initialized by user-defined `init_weights` in CoDINOHead  

query_head.transformer.decoder.layers.3.attentions.1.output_proj.bias - torch.Size([256]): 
The value is the same before and after calling `init_weights` of TwoStreamCoDETR  

query_head.transformer.decoder.layers.3.ffns.0.layers.0.0.weight - torch.Size([2048, 256]): 
Initialized by user-defined `init_weights` in CoDINOHead  

query_head.transformer.decoder.layers.3.ffns.0.layers.0.0.bias - torch.Size([2048]): 
The value is the same before and after calling `init_weights` of TwoStreamCoDETR  

query_head.transformer.decoder.layers.3.ffns.0.layers.1.weight - torch.Size([256, 2048]): 
Initialized by user-defined `init_weights` in CoDINOHead  

query_head.transformer.decoder.layers.3.ffns.0.layers.1.bias - torch.Size([256]): 
The value is the same before and after calling `init_weights` of TwoStreamCoDETR  

query_head.transformer.decoder.layers.3.norms.0.weight - torch.Size([256]): 
The value is the same before and after calling `init_weights` of TwoStreamCoDETR  

query_head.transformer.decoder.layers.3.norms.0.bias - torch.Size([256]): 
The value is the same before and after calling `init_weights` of TwoStreamCoDETR  

query_head.transformer.decoder.layers.3.norms.1.weight - torch.Size([256]): 
The value is the same before and after calling `init_weights` of TwoStreamCoDETR  

query_head.transformer.decoder.layers.3.norms.1.bias - torch.Size([256]): 
The value is the same before and after calling `init_weights` of TwoStreamCoDETR  

query_head.transformer.decoder.layers.3.norms.2.weight - torch.Size([256]): 
The value is the same before and after calling `init_weights` of TwoStreamCoDETR  

query_head.transformer.decoder.layers.3.norms.2.bias - torch.Size([256]): 
The value is the same before and after calling `init_weights` of TwoStreamCoDETR  

query_head.transformer.decoder.layers.4.attentions.0.attn.in_proj_weight - torch.Size([768, 256]): 
Initialized by user-defined `init_weights` in CoDINOHead  

query_head.transformer.decoder.layers.4.attentions.0.attn.in_proj_bias - torch.Size([768]): 
The value is the same before and after calling `init_weights` of TwoStreamCoDETR  

query_head.transformer.decoder.layers.4.attentions.0.attn.out_proj.weight - torch.Size([256, 256]): 
Initialized by user-defined `init_weights` in CoDINOHead  

query_head.transformer.decoder.layers.4.attentions.0.attn.out_proj.bias - torch.Size([256]): 
The value is the same before and after calling `init_weights` of TwoStreamCoDETR  

query_head.transformer.decoder.layers.4.attentions.1.sampling_offsets.weight - torch.Size([320, 256]): 
The value is the same before and after calling `init_weights` of TwoStreamCoDETR  

query_head.transformer.decoder.layers.4.attentions.1.sampling_offsets.bias - torch.Size([320]): 
The value is the same before and after calling `init_weights` of TwoStreamCoDETR  

query_head.transformer.decoder.layers.4.attentions.1.attention_weights.weight - torch.Size([160, 256]): 
The value is the same before and after calling `init_weights` of TwoStreamCoDETR  

query_head.transformer.decoder.layers.4.attentions.1.attention_weights.bias - torch.Size([160]): 
The value is the same before and after calling `init_weights` of TwoStreamCoDETR  

query_head.transformer.decoder.layers.4.attentions.1.value_proj.weight - torch.Size([256, 256]): 
Initialized by user-defined `init_weights` in CoDINOHead  

query_head.transformer.decoder.layers.4.attentions.1.value_proj.bias - torch.Size([256]): 
The value is the same before and after calling `init_weights` of TwoStreamCoDETR  

query_head.transformer.decoder.layers.4.attentions.1.output_proj.weight - torch.Size([256, 256]): 
Initialized by user-defined `init_weights` in CoDINOHead  

query_head.transformer.decoder.layers.4.attentions.1.output_proj.bias - torch.Size([256]): 
The value is the same before and after calling `init_weights` of TwoStreamCoDETR  

query_head.transformer.decoder.layers.4.ffns.0.layers.0.0.weight - torch.Size([2048, 256]): 
Initialized by user-defined `init_weights` in CoDINOHead  

query_head.transformer.decoder.layers.4.ffns.0.layers.0.0.bias - torch.Size([2048]): 
The value is the same before and after calling `init_weights` of TwoStreamCoDETR  

query_head.transformer.decoder.layers.4.ffns.0.layers.1.weight - torch.Size([256, 2048]): 
Initialized by user-defined `init_weights` in CoDINOHead  

query_head.transformer.decoder.layers.4.ffns.0.layers.1.bias - torch.Size([256]): 
The value is the same before and after calling `init_weights` of TwoStreamCoDETR  

query_head.transformer.decoder.layers.4.norms.0.weight - torch.Size([256]): 
The value is the same before and after calling `init_weights` of TwoStreamCoDETR  

query_head.transformer.decoder.layers.4.norms.0.bias - torch.Size([256]): 
The value is the same before and after calling `init_weights` of TwoStreamCoDETR  

query_head.transformer.decoder.layers.4.norms.1.weight - torch.Size([256]): 
The value is the same before and after calling `init_weights` of TwoStreamCoDETR  

query_head.transformer.decoder.layers.4.norms.1.bias - torch.Size([256]): 
The value is the same before and after calling `init_weights` of TwoStreamCoDETR  

query_head.transformer.decoder.layers.4.norms.2.weight - torch.Size([256]): 
The value is the same before and after calling `init_weights` of TwoStreamCoDETR  

query_head.transformer.decoder.layers.4.norms.2.bias - torch.Size([256]): 
The value is the same before and after calling `init_weights` of TwoStreamCoDETR  

query_head.transformer.decoder.layers.5.attentions.0.attn.in_proj_weight - torch.Size([768, 256]): 
Initialized by user-defined `init_weights` in CoDINOHead  

query_head.transformer.decoder.layers.5.attentions.0.attn.in_proj_bias - torch.Size([768]): 
The value is the same before and after calling `init_weights` of TwoStreamCoDETR  

query_head.transformer.decoder.layers.5.attentions.0.attn.out_proj.weight - torch.Size([256, 256]): 
Initialized by user-defined `init_weights` in CoDINOHead  

query_head.transformer.decoder.layers.5.attentions.0.attn.out_proj.bias - torch.Size([256]): 
The value is the same before and after calling `init_weights` of TwoStreamCoDETR  

query_head.transformer.decoder.layers.5.attentions.1.sampling_offsets.weight - torch.Size([320, 256]): 
The value is the same before and after calling `init_weights` of TwoStreamCoDETR  

query_head.transformer.decoder.layers.5.attentions.1.sampling_offsets.bias - torch.Size([320]): 
The value is the same before and after calling `init_weights` of TwoStreamCoDETR  

query_head.transformer.decoder.layers.5.attentions.1.attention_weights.weight - torch.Size([160, 256]): 
The value is the same before and after calling `init_weights` of TwoStreamCoDETR  

query_head.transformer.decoder.layers.5.attentions.1.attention_weights.bias - torch.Size([160]): 
The value is the same before and after calling `init_weights` of TwoStreamCoDETR  

query_head.transformer.decoder.layers.5.attentions.1.value_proj.weight - torch.Size([256, 256]): 
Initialized by user-defined `init_weights` in CoDINOHead  

query_head.transformer.decoder.layers.5.attentions.1.value_proj.bias - torch.Size([256]): 
The value is the same before and after calling `init_weights` of TwoStreamCoDETR  

query_head.transformer.decoder.layers.5.attentions.1.output_proj.weight - torch.Size([256, 256]): 
Initialized by user-defined `init_weights` in CoDINOHead  

query_head.transformer.decoder.layers.5.attentions.1.output_proj.bias - torch.Size([256]): 
The value is the same before and after calling `init_weights` of TwoStreamCoDETR  

query_head.transformer.decoder.layers.5.ffns.0.layers.0.0.weight - torch.Size([2048, 256]): 
Initialized by user-defined `init_weights` in CoDINOHead  

query_head.transformer.decoder.layers.5.ffns.0.layers.0.0.bias - torch.Size([2048]): 
The value is the same before and after calling `init_weights` of TwoStreamCoDETR  

query_head.transformer.decoder.layers.5.ffns.0.layers.1.weight - torch.Size([256, 2048]): 
Initialized by user-defined `init_weights` in CoDINOHead  

query_head.transformer.decoder.layers.5.ffns.0.layers.1.bias - torch.Size([256]): 
The value is the same before and after calling `init_weights` of TwoStreamCoDETR  

query_head.transformer.decoder.layers.5.norms.0.weight - torch.Size([256]): 
The value is the same before and after calling `init_weights` of TwoStreamCoDETR  

query_head.transformer.decoder.layers.5.norms.0.bias - torch.Size([256]): 
The value is the same before and after calling `init_weights` of TwoStreamCoDETR  

query_head.transformer.decoder.layers.5.norms.1.weight - torch.Size([256]): 
The value is the same before and after calling `init_weights` of TwoStreamCoDETR  

query_head.transformer.decoder.layers.5.norms.1.bias - torch.Size([256]): 
The value is the same before and after calling `init_weights` of TwoStreamCoDETR  

query_head.transformer.decoder.layers.5.norms.2.weight - torch.Size([256]): 
The value is the same before and after calling `init_weights` of TwoStreamCoDETR  

query_head.transformer.decoder.layers.5.norms.2.bias - torch.Size([256]): 
The value is the same before and after calling `init_weights` of TwoStreamCoDETR  

query_head.transformer.decoder.ref_point_head.0.weight - torch.Size([256, 512]): 
Initialized by user-defined `init_weights` in CoDINOHead  

query_head.transformer.decoder.ref_point_head.0.bias - torch.Size([256]): 
The value is the same before and after calling `init_weights` of TwoStreamCoDETR  

query_head.transformer.decoder.ref_point_head.2.weight - torch.Size([256, 256]): 
Initialized by user-defined `init_weights` in CoDINOHead  

query_head.transformer.decoder.ref_point_head.2.bias - torch.Size([256]): 
The value is the same before and after calling `init_weights` of TwoStreamCoDETR  

query_head.transformer.decoder.norm.weight - torch.Size([256]): 
The value is the same before and after calling `init_weights` of TwoStreamCoDETR  

query_head.transformer.decoder.norm.bias - torch.Size([256]): 
The value is the same before and after calling `init_weights` of TwoStreamCoDETR  

query_head.transformer.enc_output.weight - torch.Size([256, 256]): 
Initialized by user-defined `init_weights` in CoDINOHead  

query_head.transformer.enc_output.bias - torch.Size([256]): 
The value is the same before and after calling `init_weights` of TwoStreamCoDETR  

query_head.transformer.enc_output_norm.weight - torch.Size([256]): 
The value is the same before and after calling `init_weights` of TwoStreamCoDETR  

query_head.transformer.enc_output_norm.bias - torch.Size([256]): 
The value is the same before and after calling `init_weights` of TwoStreamCoDETR  

query_head.transformer.query_embed.weight - torch.Size([1500, 256]): 
Initialized by user-defined `init_weights` in CoDINOHead  

query_head.transformer.aux_pos_trans.0.weight - torch.Size([256, 512]): 
Initialized by user-defined `init_weights` in CoDINOHead  

query_head.transformer.aux_pos_trans.0.bias - torch.Size([256]): 
The value is the same before and after calling `init_weights` of TwoStreamCoDETR  

query_head.transformer.aux_pos_trans.1.weight - torch.Size([256, 512]): 
Initialized by user-defined `init_weights` in CoDINOHead  

query_head.transformer.aux_pos_trans.1.bias - torch.Size([256]): 
The value is the same before and after calling `init_weights` of TwoStreamCoDETR  

query_head.transformer.aux_pos_trans_norm.0.weight - torch.Size([256]): 
The value is the same before and after calling `init_weights` of TwoStreamCoDETR  

query_head.transformer.aux_pos_trans_norm.0.bias - torch.Size([256]): 
The value is the same before and after calling `init_weights` of TwoStreamCoDETR  

query_head.transformer.aux_pos_trans_norm.1.weight - torch.Size([256]): 
The value is the same before and after calling `init_weights` of TwoStreamCoDETR  

query_head.transformer.aux_pos_trans_norm.1.bias - torch.Size([256]): 
The value is the same before and after calling `init_weights` of TwoStreamCoDETR  

query_head.downsample.0.weight - torch.Size([256, 256, 3, 3]): 
The value is the same before and after calling `init_weights` of TwoStreamCoDETR  

query_head.downsample.0.bias - torch.Size([256]): 
The value is the same before and after calling `init_weights` of TwoStreamCoDETR  

query_head.downsample.1.weight - torch.Size([256]): 
The value is the same before and after calling `init_weights` of TwoStreamCoDETR  

query_head.downsample.1.bias - torch.Size([256]): 
The value is the same before and after calling `init_weights` of TwoStreamCoDETR  

query_head.cls_branches.0.weight - torch.Size([3, 256]): 
The value is the same before and after calling `init_weights` of TwoStreamCoDETR  

query_head.cls_branches.0.bias - torch.Size([3]): 
The value is the same before and after calling `init_weights` of TwoStreamCoDETR  

query_head.cls_branches.1.weight - torch.Size([3, 256]): 
The value is the same before and after calling `init_weights` of TwoStreamCoDETR  

query_head.cls_branches.1.bias - torch.Size([3]): 
The value is the same before and after calling `init_weights` of TwoStreamCoDETR  

query_head.cls_branches.2.weight - torch.Size([3, 256]): 
The value is the same before and after calling `init_weights` of TwoStreamCoDETR  

query_head.cls_branches.2.bias - torch.Size([3]): 
The value is the same before and after calling `init_weights` of TwoStreamCoDETR  

query_head.cls_branches.3.weight - torch.Size([3, 256]): 
The value is the same before and after calling `init_weights` of TwoStreamCoDETR  

query_head.cls_branches.3.bias - torch.Size([3]): 
The value is the same before and after calling `init_weights` of TwoStreamCoDETR  

query_head.cls_branches.4.weight - torch.Size([3, 256]): 
The value is the same before and after calling `init_weights` of TwoStreamCoDETR  

query_head.cls_branches.4.bias - torch.Size([3]): 
The value is the same before and after calling `init_weights` of TwoStreamCoDETR  

query_head.cls_branches.5.weight - torch.Size([3, 256]): 
The value is the same before and after calling `init_weights` of TwoStreamCoDETR  

query_head.cls_branches.5.bias - torch.Size([3]): 
The value is the same before and after calling `init_weights` of TwoStreamCoDETR  

query_head.cls_branches.6.weight - torch.Size([3, 256]): 
The value is the same before and after calling `init_weights` of TwoStreamCoDETR  

query_head.cls_branches.6.bias - torch.Size([3]): 
The value is the same before and after calling `init_weights` of TwoStreamCoDETR  

query_head.reg_branches.0.0.weight - torch.Size([256, 256]): 
The value is the same before and after calling `init_weights` of TwoStreamCoDETR  

query_head.reg_branches.0.0.bias - torch.Size([256]): 
The value is the same before and after calling `init_weights` of TwoStreamCoDETR  

query_head.reg_branches.0.2.weight - torch.Size([256, 256]): 
The value is the same before and after calling `init_weights` of TwoStreamCoDETR  

query_head.reg_branches.0.2.bias - torch.Size([256]): 
The value is the same before and after calling `init_weights` of TwoStreamCoDETR  

query_head.reg_branches.0.4.weight - torch.Size([4, 256]): 
The value is the same before and after calling `init_weights` of TwoStreamCoDETR  

query_head.reg_branches.0.4.bias - torch.Size([4]): 
The value is the same before and after calling `init_weights` of TwoStreamCoDETR  

query_head.reg_branches.1.0.weight - torch.Size([256, 256]): 
The value is the same before and after calling `init_weights` of TwoStreamCoDETR  

query_head.reg_branches.1.0.bias - torch.Size([256]): 
The value is the same before and after calling `init_weights` of TwoStreamCoDETR  

query_head.reg_branches.1.2.weight - torch.Size([256, 256]): 
The value is the same before and after calling `init_weights` of TwoStreamCoDETR  

query_head.reg_branches.1.2.bias - torch.Size([256]): 
The value is the same before and after calling `init_weights` of TwoStreamCoDETR  

query_head.reg_branches.1.4.weight - torch.Size([4, 256]): 
The value is the same before and after calling `init_weights` of TwoStreamCoDETR  

query_head.reg_branches.1.4.bias - torch.Size([4]): 
The value is the same before and after calling `init_weights` of TwoStreamCoDETR  

query_head.reg_branches.2.0.weight - torch.Size([256, 256]): 
The value is the same before and after calling `init_weights` of TwoStreamCoDETR  

query_head.reg_branches.2.0.bias - torch.Size([256]): 
The value is the same before and after calling `init_weights` of TwoStreamCoDETR  

query_head.reg_branches.2.2.weight - torch.Size([256, 256]): 
The value is the same before and after calling `init_weights` of TwoStreamCoDETR  

query_head.reg_branches.2.2.bias - torch.Size([256]): 
The value is the same before and after calling `init_weights` of TwoStreamCoDETR  

query_head.reg_branches.2.4.weight - torch.Size([4, 256]): 
The value is the same before and after calling `init_weights` of TwoStreamCoDETR  

query_head.reg_branches.2.4.bias - torch.Size([4]): 
The value is the same before and after calling `init_weights` of TwoStreamCoDETR  

query_head.reg_branches.3.0.weight - torch.Size([256, 256]): 
The value is the same before and after calling `init_weights` of TwoStreamCoDETR  

query_head.reg_branches.3.0.bias - torch.Size([256]): 
The value is the same before and after calling `init_weights` of TwoStreamCoDETR  

query_head.reg_branches.3.2.weight - torch.Size([256, 256]): 
The value is the same before and after calling `init_weights` of TwoStreamCoDETR  

query_head.reg_branches.3.2.bias - torch.Size([256]): 
The value is the same before and after calling `init_weights` of TwoStreamCoDETR  

query_head.reg_branches.3.4.weight - torch.Size([4, 256]): 
The value is the same before and after calling `init_weights` of TwoStreamCoDETR  

query_head.reg_branches.3.4.bias - torch.Size([4]): 
The value is the same before and after calling `init_weights` of TwoStreamCoDETR  

query_head.reg_branches.4.0.weight - torch.Size([256, 256]): 
The value is the same before and after calling `init_weights` of TwoStreamCoDETR  

query_head.reg_branches.4.0.bias - torch.Size([256]): 
The value is the same before and after calling `init_weights` of TwoStreamCoDETR  

query_head.reg_branches.4.2.weight - torch.Size([256, 256]): 
The value is the same before and after calling `init_weights` of TwoStreamCoDETR  

query_head.reg_branches.4.2.bias - torch.Size([256]): 
The value is the same before and after calling `init_weights` of TwoStreamCoDETR  

query_head.reg_branches.4.4.weight - torch.Size([4, 256]): 
The value is the same before and after calling `init_weights` of TwoStreamCoDETR  

query_head.reg_branches.4.4.bias - torch.Size([4]): 
The value is the same before and after calling `init_weights` of TwoStreamCoDETR  

query_head.reg_branches.5.0.weight - torch.Size([256, 256]): 
The value is the same before and after calling `init_weights` of TwoStreamCoDETR  

query_head.reg_branches.5.0.bias - torch.Size([256]): 
The value is the same before and after calling `init_weights` of TwoStreamCoDETR  

query_head.reg_branches.5.2.weight - torch.Size([256, 256]): 
The value is the same before and after calling `init_weights` of TwoStreamCoDETR  

query_head.reg_branches.5.2.bias - torch.Size([256]): 
The value is the same before and after calling `init_weights` of TwoStreamCoDETR  

query_head.reg_branches.5.4.weight - torch.Size([4, 256]): 
The value is the same before and after calling `init_weights` of TwoStreamCoDETR  

query_head.reg_branches.5.4.bias - torch.Size([4]): 
The value is the same before and after calling `init_weights` of TwoStreamCoDETR  

query_head.reg_branches.6.0.weight - torch.Size([256, 256]): 
The value is the same before and after calling `init_weights` of TwoStreamCoDETR  

query_head.reg_branches.6.0.bias - torch.Size([256]): 
The value is the same before and after calling `init_weights` of TwoStreamCoDETR  

query_head.reg_branches.6.2.weight - torch.Size([256, 256]): 
The value is the same before and after calling `init_weights` of TwoStreamCoDETR  

query_head.reg_branches.6.2.bias - torch.Size([256]): 
The value is the same before and after calling `init_weights` of TwoStreamCoDETR  

query_head.reg_branches.6.4.weight - torch.Size([4, 256]): 
The value is the same before and after calling `init_weights` of TwoStreamCoDETR  

query_head.reg_branches.6.4.bias - torch.Size([4]): 
The value is the same before and after calling `init_weights` of TwoStreamCoDETR  

query_head.label_embedding.weight - torch.Size([3, 256]): 
The value is the same before and after calling `init_weights` of TwoStreamCoDETR  

rpn_head.rpn_conv.weight - torch.Size([256, 256, 3, 3]): 
The value is the same before and after calling `init_weights` of TwoStreamCoDETR  

rpn_head.rpn_conv.bias - torch.Size([256]): 
The value is the same before and after calling `init_weights` of TwoStreamCoDETR  

rpn_head.rpn_cls.weight - torch.Size([9, 256, 1, 1]): 
The value is the same before and after calling `init_weights` of TwoStreamCoDETR  

rpn_head.rpn_cls.bias - torch.Size([9]): 
The value is the same before and after calling `init_weights` of TwoStreamCoDETR  

rpn_head.rpn_reg.weight - torch.Size([36, 256, 1, 1]): 
The value is the same before and after calling `init_weights` of TwoStreamCoDETR  

rpn_head.rpn_reg.bias - torch.Size([36]): 
The value is the same before and after calling `init_weights` of TwoStreamCoDETR  

roi_head.0.bbox_head.fc_cls.weight - torch.Size([4, 1024]): 
The value is the same before and after calling `init_weights` of TwoStreamCoDETR  

roi_head.0.bbox_head.fc_cls.bias - torch.Size([4]): 
The value is the same before and after calling `init_weights` of TwoStreamCoDETR  

roi_head.0.bbox_head.fc_reg.weight - torch.Size([4, 1024]): 
The value is the same before and after calling `init_weights` of TwoStreamCoDETR  

roi_head.0.bbox_head.fc_reg.bias - torch.Size([4]): 
The value is the same before and after calling `init_weights` of TwoStreamCoDETR  

roi_head.0.bbox_head.shared_convs.0.conv.weight - torch.Size([256, 256, 3, 3]): 
The value is the same before and after calling `init_weights` of TwoStreamCoDETR  

roi_head.0.bbox_head.shared_convs.0.gn.weight - torch.Size([256]): 
The value is the same before and after calling `init_weights` of TwoStreamCoDETR  

roi_head.0.bbox_head.shared_convs.0.gn.bias - torch.Size([256]): 
The value is the same before and after calling `init_weights` of TwoStreamCoDETR  

roi_head.0.bbox_head.shared_convs.1.conv.weight - torch.Size([256, 256, 3, 3]): 
The value is the same before and after calling `init_weights` of TwoStreamCoDETR  

roi_head.0.bbox_head.shared_convs.1.gn.weight - torch.Size([256]): 
The value is the same before and after calling `init_weights` of TwoStreamCoDETR  

roi_head.0.bbox_head.shared_convs.1.gn.bias - torch.Size([256]): 
The value is the same before and after calling `init_weights` of TwoStreamCoDETR  

roi_head.0.bbox_head.shared_convs.2.conv.weight - torch.Size([256, 256, 3, 3]): 
The value is the same before and after calling `init_weights` of TwoStreamCoDETR  

roi_head.0.bbox_head.shared_convs.2.gn.weight - torch.Size([256]): 
The value is the same before and after calling `init_weights` of TwoStreamCoDETR  

roi_head.0.bbox_head.shared_convs.2.gn.bias - torch.Size([256]): 
The value is the same before and after calling `init_weights` of TwoStreamCoDETR  

roi_head.0.bbox_head.shared_convs.3.conv.weight - torch.Size([256, 256, 3, 3]): 
The value is the same before and after calling `init_weights` of TwoStreamCoDETR  

roi_head.0.bbox_head.shared_convs.3.gn.weight - torch.Size([256]): 
The value is the same before and after calling `init_weights` of TwoStreamCoDETR  

roi_head.0.bbox_head.shared_convs.3.gn.bias - torch.Size([256]): 
The value is the same before and after calling `init_weights` of TwoStreamCoDETR  

roi_head.0.bbox_head.shared_fcs.0.weight - torch.Size([1024, 12544]): 
The value is the same before and after calling `init_weights` of TwoStreamCoDETR  

roi_head.0.bbox_head.shared_fcs.0.bias - torch.Size([1024]): 
The value is the same before and after calling `init_weights` of TwoStreamCoDETR  

bbox_head.0.cls_convs.0.conv.weight - torch.Size([256, 256, 3, 3]): 
The value is the same before and after calling `init_weights` of TwoStreamCoDETR  

bbox_head.0.cls_convs.0.gn.weight - torch.Size([256]): 
The value is the same before and after calling `init_weights` of TwoStreamCoDETR  

bbox_head.0.cls_convs.0.gn.bias - torch.Size([256]): 
The value is the same before and after calling `init_weights` of TwoStreamCoDETR  

bbox_head.0.reg_convs.0.conv.weight - torch.Size([256, 256, 3, 3]): 
The value is the same before and after calling `init_weights` of TwoStreamCoDETR  

bbox_head.0.reg_convs.0.gn.weight - torch.Size([256]): 
The value is the same before and after calling `init_weights` of TwoStreamCoDETR  

bbox_head.0.reg_convs.0.gn.bias - torch.Size([256]): 
The value is the same before and after calling `init_weights` of TwoStreamCoDETR  

bbox_head.0.atss_cls.weight - torch.Size([3, 256, 3, 3]): 
The value is the same before and after calling `init_weights` of TwoStreamCoDETR  

bbox_head.0.atss_cls.bias - torch.Size([3]): 
The value is the same before and after calling `init_weights` of TwoStreamCoDETR  

bbox_head.0.atss_reg.weight - torch.Size([4, 256, 3, 3]): 
The value is the same before and after calling `init_weights` of TwoStreamCoDETR  

bbox_head.0.atss_reg.bias - torch.Size([4]): 
The value is the same before and after calling `init_weights` of TwoStreamCoDETR  

bbox_head.0.atss_centerness.weight - torch.Size([1, 256, 3, 3]): 
The value is the same before and after calling `init_weights` of TwoStreamCoDETR  

bbox_head.0.atss_centerness.bias - torch.Size([1]): 
The value is the same before and after calling `init_weights` of TwoStreamCoDETR  

bbox_head.0.scales.0.scale - torch.Size([]): 
The value is the same before and after calling `init_weights` of TwoStreamCoDETR  

bbox_head.0.scales.1.scale - torch.Size([]): 
The value is the same before and after calling `init_weights` of TwoStreamCoDETR  

bbox_head.0.scales.2.scale - torch.Size([]): 
The value is the same before and after calling `init_weights` of TwoStreamCoDETR  

bbox_head.0.scales.3.scale - torch.Size([]): 
The value is the same before and after calling `init_weights` of TwoStreamCoDETR  

bbox_head.0.scales.4.scale - torch.Size([]): 
The value is the same before and after calling `init_weights` of TwoStreamCoDETR  

bbox_head.0.scales.5.scale - torch.Size([]): 
The value is the same before and after calling `init_weights` of TwoStreamCoDETR  
2025-01-08 16:13:22,340 - mmdet - INFO - Automatic scaling of learning rate (LR) has been disabled.
2025-01-08 16:13:22,851 - mmdet - INFO - load checkpoint from local path: ./data/pretrained_model/co_dino_5scale_vit_large_coco_for_rgbt.pth
2025-01-08 16:13:24,804 - mmdet - WARNING - The model and loaded state dict do not match exactly

size mismatch for query_head.cls_branches.0.weight: copying a param with shape torch.Size([80, 256]) from checkpoint, the shape in current model is torch.Size([3, 256]).
size mismatch for query_head.cls_branches.0.bias: copying a param with shape torch.Size([80]) from checkpoint, the shape in current model is torch.Size([3]).
size mismatch for query_head.cls_branches.1.weight: copying a param with shape torch.Size([80, 256]) from checkpoint, the shape in current model is torch.Size([3, 256]).
size mismatch for query_head.cls_branches.1.bias: copying a param with shape torch.Size([80]) from checkpoint, the shape in current model is torch.Size([3]).
size mismatch for query_head.cls_branches.2.weight: copying a param with shape torch.Size([80, 256]) from checkpoint, the shape in current model is torch.Size([3, 256]).
size mismatch for query_head.cls_branches.2.bias: copying a param with shape torch.Size([80]) from checkpoint, the shape in current model is torch.Size([3]).
size mismatch for query_head.cls_branches.3.weight: copying a param with shape torch.Size([80, 256]) from checkpoint, the shape in current model is torch.Size([3, 256]).
size mismatch for query_head.cls_branches.3.bias: copying a param with shape torch.Size([80]) from checkpoint, the shape in current model is torch.Size([3]).
size mismatch for query_head.cls_branches.4.weight: copying a param with shape torch.Size([80, 256]) from checkpoint, the shape in current model is torch.Size([3, 256]).
size mismatch for query_head.cls_branches.4.bias: copying a param with shape torch.Size([80]) from checkpoint, the shape in current model is torch.Size([3]).
size mismatch for query_head.cls_branches.5.weight: copying a param with shape torch.Size([80, 256]) from checkpoint, the shape in current model is torch.Size([3, 256]).
size mismatch for query_head.cls_branches.5.bias: copying a param with shape torch.Size([80]) from checkpoint, the shape in current model is torch.Size([3]).
size mismatch for query_head.cls_branches.6.weight: copying a param with shape torch.Size([80, 256]) from checkpoint, the shape in current model is torch.Size([3, 256]).
size mismatch for query_head.cls_branches.6.bias: copying a param with shape torch.Size([80]) from checkpoint, the shape in current model is torch.Size([3]).
size mismatch for query_head.label_embedding.weight: copying a param with shape torch.Size([80, 256]) from checkpoint, the shape in current model is torch.Size([3, 256]).
size mismatch for roi_head.0.bbox_head.fc_cls.weight: copying a param with shape torch.Size([81, 1024]) from checkpoint, the shape in current model is torch.Size([4, 1024]).
size mismatch for roi_head.0.bbox_head.fc_cls.bias: copying a param with shape torch.Size([81]) from checkpoint, the shape in current model is torch.Size([4]).
size mismatch for bbox_head.0.atss_cls.weight: copying a param with shape torch.Size([80, 256, 3, 3]) from checkpoint, the shape in current model is torch.Size([3, 256, 3, 3]).
size mismatch for bbox_head.0.atss_cls.bias: copying a param with shape torch.Size([80]) from checkpoint, the shape in current model is torch.Size([3]).
unexpected key in source state_dict: ema_backbone_pos_embed, ema_backbone_patch_embed_proj_weight, ema_backbone_patch_embed_proj_bias, ema_backbone_rope_win_freqs_cos, ema_backbone_rope_win_freqs_sin, ema_backbone_blocks_0_norm1_weight, ema_backbone_blocks_0_norm1_bias, ema_backbone_blocks_0_attn_q_bias, ema_backbone_blocks_0_attn_v_bias, ema_backbone_blocks_0_attn_q_proj_weight, ema_backbone_blocks_0_attn_k_proj_weight, ema_backbone_blocks_0_attn_v_proj_weight, ema_backbone_blocks_0_attn_rope_freqs_cos, ema_backbone_blocks_0_attn_rope_freqs_sin, ema_backbone_blocks_0_attn_proj_weight, ema_backbone_blocks_0_attn_proj_bias, ema_backbone_blocks_0_norm2_weight, ema_backbone_blocks_0_norm2_bias, ema_backbone_blocks_0_mlp_w1_weight, ema_backbone_blocks_0_mlp_w1_bias, ema_backbone_blocks_0_mlp_w2_weight, ema_backbone_blocks_0_mlp_w2_bias, ema_backbone_blocks_0_mlp_ffn_ln_weight, ema_backbone_blocks_0_mlp_ffn_ln_bias, ema_backbone_blocks_0_mlp_w3_weight, ema_backbone_blocks_0_mlp_w3_bias, ema_backbone_blocks_1_norm1_weight, ema_backbone_blocks_1_norm1_bias, ema_backbone_blocks_1_attn_q_bias, ema_backbone_blocks_1_attn_v_bias, ema_backbone_blocks_1_attn_q_proj_weight, ema_backbone_blocks_1_attn_k_proj_weight, ema_backbone_blocks_1_attn_v_proj_weight, ema_backbone_blocks_1_attn_rope_freqs_cos, ema_backbone_blocks_1_attn_rope_freqs_sin, ema_backbone_blocks_1_attn_proj_weight, ema_backbone_blocks_1_attn_proj_bias, ema_backbone_blocks_1_norm2_weight, ema_backbone_blocks_1_norm2_bias, ema_backbone_blocks_1_mlp_w1_weight, ema_backbone_blocks_1_mlp_w1_bias, ema_backbone_blocks_1_mlp_w2_weight, ema_backbone_blocks_1_mlp_w2_bias, ema_backbone_blocks_1_mlp_ffn_ln_weight, ema_backbone_blocks_1_mlp_ffn_ln_bias, ema_backbone_blocks_1_mlp_w3_weight, ema_backbone_blocks_1_mlp_w3_bias, ema_backbone_blocks_2_norm1_weight, ema_backbone_blocks_2_norm1_bias, ema_backbone_blocks_2_attn_q_bias, ema_backbone_blocks_2_attn_v_bias, ema_backbone_blocks_2_attn_q_proj_weight, ema_backbone_blocks_2_attn_k_proj_weight, ema_backbone_blocks_2_attn_v_proj_weight, ema_backbone_blocks_2_attn_rope_freqs_cos, ema_backbone_blocks_2_attn_rope_freqs_sin, ema_backbone_blocks_2_attn_proj_weight, ema_backbone_blocks_2_attn_proj_bias, ema_backbone_blocks_2_norm2_weight, ema_backbone_blocks_2_norm2_bias, ema_backbone_blocks_2_mlp_w1_weight, ema_backbone_blocks_2_mlp_w1_bias, ema_backbone_blocks_2_mlp_w2_weight, ema_backbone_blocks_2_mlp_w2_bias, ema_backbone_blocks_2_mlp_ffn_ln_weight, ema_backbone_blocks_2_mlp_ffn_ln_bias, ema_backbone_blocks_2_mlp_w3_weight, ema_backbone_blocks_2_mlp_w3_bias, ema_backbone_blocks_3_norm1_weight, ema_backbone_blocks_3_norm1_bias, ema_backbone_blocks_3_attn_q_bias, ema_backbone_blocks_3_attn_v_bias, ema_backbone_blocks_3_attn_q_proj_weight, ema_backbone_blocks_3_attn_k_proj_weight, ema_backbone_blocks_3_attn_v_proj_weight, ema_backbone_blocks_3_attn_proj_weight, ema_backbone_blocks_3_attn_proj_bias, ema_backbone_blocks_3_norm2_weight, ema_backbone_blocks_3_norm2_bias, ema_backbone_blocks_3_mlp_w1_weight, ema_backbone_blocks_3_mlp_w1_bias, ema_backbone_blocks_3_mlp_w2_weight, ema_backbone_blocks_3_mlp_w2_bias, ema_backbone_blocks_3_mlp_ffn_ln_weight, ema_backbone_blocks_3_mlp_ffn_ln_bias, ema_backbone_blocks_3_mlp_w3_weight, ema_backbone_blocks_3_mlp_w3_bias, ema_backbone_blocks_4_norm1_weight, ema_backbone_blocks_4_norm1_bias, ema_backbone_blocks_4_attn_q_bias, ema_backbone_blocks_4_attn_v_bias, ema_backbone_blocks_4_attn_q_proj_weight, ema_backbone_blocks_4_attn_k_proj_weight, ema_backbone_blocks_4_attn_v_proj_weight, ema_backbone_blocks_4_attn_rope_freqs_cos, ema_backbone_blocks_4_attn_rope_freqs_sin, ema_backbone_blocks_4_attn_proj_weight, ema_backbone_blocks_4_attn_proj_bias, ema_backbone_blocks_4_norm2_weight, ema_backbone_blocks_4_norm2_bias, ema_backbone_blocks_4_mlp_w1_weight, ema_backbone_blocks_4_mlp_w1_bias, ema_backbone_blocks_4_mlp_w2_weight, ema_backbone_blocks_4_mlp_w2_bias, ema_backbone_blocks_4_mlp_ffn_ln_weight, ema_backbone_blocks_4_mlp_ffn_ln_bias, ema_backbone_blocks_4_mlp_w3_weight, ema_backbone_blocks_4_mlp_w3_bias, ema_backbone_blocks_5_norm1_weight, ema_backbone_blocks_5_norm1_bias, ema_backbone_blocks_5_attn_q_bias, ema_backbone_blocks_5_attn_v_bias, ema_backbone_blocks_5_attn_q_proj_weight, ema_backbone_blocks_5_attn_k_proj_weight, ema_backbone_blocks_5_attn_v_proj_weight, ema_backbone_blocks_5_attn_rope_freqs_cos, ema_backbone_blocks_5_attn_rope_freqs_sin, ema_backbone_blocks_5_attn_proj_weight, ema_backbone_blocks_5_attn_proj_bias, ema_backbone_blocks_5_norm2_weight, ema_backbone_blocks_5_norm2_bias, ema_backbone_blocks_5_mlp_w1_weight, ema_backbone_blocks_5_mlp_w1_bias, ema_backbone_blocks_5_mlp_w2_weight, ema_backbone_blocks_5_mlp_w2_bias, ema_backbone_blocks_5_mlp_ffn_ln_weight, ema_backbone_blocks_5_mlp_ffn_ln_bias, ema_backbone_blocks_5_mlp_w3_weight, ema_backbone_blocks_5_mlp_w3_bias, ema_backbone_blocks_6_norm1_weight, ema_backbone_blocks_6_norm1_bias, ema_backbone_blocks_6_attn_q_bias, ema_backbone_blocks_6_attn_v_bias, ema_backbone_blocks_6_attn_q_proj_weight, ema_backbone_blocks_6_attn_k_proj_weight, ema_backbone_blocks_6_attn_v_proj_weight, ema_backbone_blocks_6_attn_rope_freqs_cos, ema_backbone_blocks_6_attn_rope_freqs_sin, ema_backbone_blocks_6_attn_proj_weight, ema_backbone_blocks_6_attn_proj_bias, ema_backbone_blocks_6_norm2_weight, ema_backbone_blocks_6_norm2_bias, ema_backbone_blocks_6_mlp_w1_weight, ema_backbone_blocks_6_mlp_w1_bias, ema_backbone_blocks_6_mlp_w2_weight, ema_backbone_blocks_6_mlp_w2_bias, ema_backbone_blocks_6_mlp_ffn_ln_weight, ema_backbone_blocks_6_mlp_ffn_ln_bias, ema_backbone_blocks_6_mlp_w3_weight, ema_backbone_blocks_6_mlp_w3_bias, ema_backbone_blocks_7_norm1_weight, ema_backbone_blocks_7_norm1_bias, ema_backbone_blocks_7_attn_q_bias, ema_backbone_blocks_7_attn_v_bias, ema_backbone_blocks_7_attn_q_proj_weight, ema_backbone_blocks_7_attn_k_proj_weight, ema_backbone_blocks_7_attn_v_proj_weight, ema_backbone_blocks_7_attn_proj_weight, ema_backbone_blocks_7_attn_proj_bias, ema_backbone_blocks_7_norm2_weight, ema_backbone_blocks_7_norm2_bias, ema_backbone_blocks_7_mlp_w1_weight, ema_backbone_blocks_7_mlp_w1_bias, ema_backbone_blocks_7_mlp_w2_weight, ema_backbone_blocks_7_mlp_w2_bias, ema_backbone_blocks_7_mlp_ffn_ln_weight, ema_backbone_blocks_7_mlp_ffn_ln_bias, ema_backbone_blocks_7_mlp_w3_weight, ema_backbone_blocks_7_mlp_w3_bias, ema_backbone_blocks_8_norm1_weight, ema_backbone_blocks_8_norm1_bias, ema_backbone_blocks_8_attn_q_bias, ema_backbone_blocks_8_attn_v_bias, ema_backbone_blocks_8_attn_q_proj_weight, ema_backbone_blocks_8_attn_k_proj_weight, ema_backbone_blocks_8_attn_v_proj_weight, ema_backbone_blocks_8_attn_rope_freqs_cos, ema_backbone_blocks_8_attn_rope_freqs_sin, ema_backbone_blocks_8_attn_proj_weight, ema_backbone_blocks_8_attn_proj_bias, ema_backbone_blocks_8_norm2_weight, ema_backbone_blocks_8_norm2_bias, ema_backbone_blocks_8_mlp_w1_weight, ema_backbone_blocks_8_mlp_w1_bias, ema_backbone_blocks_8_mlp_w2_weight, ema_backbone_blocks_8_mlp_w2_bias, ema_backbone_blocks_8_mlp_ffn_ln_weight, ema_backbone_blocks_8_mlp_ffn_ln_bias, ema_backbone_blocks_8_mlp_w3_weight, ema_backbone_blocks_8_mlp_w3_bias, ema_backbone_blocks_9_norm1_weight, ema_backbone_blocks_9_norm1_bias, ema_backbone_blocks_9_attn_q_bias, ema_backbone_blocks_9_attn_v_bias, ema_backbone_blocks_9_attn_q_proj_weight, ema_backbone_blocks_9_attn_k_proj_weight, ema_backbone_blocks_9_attn_v_proj_weight, ema_backbone_blocks_9_attn_rope_freqs_cos, ema_backbone_blocks_9_attn_rope_freqs_sin, ema_backbone_blocks_9_attn_proj_weight, ema_backbone_blocks_9_attn_proj_bias, ema_backbone_blocks_9_norm2_weight, ema_backbone_blocks_9_norm2_bias, ema_backbone_blocks_9_mlp_w1_weight, ema_backbone_blocks_9_mlp_w1_bias, ema_backbone_blocks_9_mlp_w2_weight, ema_backbone_blocks_9_mlp_w2_bias, ema_backbone_blocks_9_mlp_ffn_ln_weight, ema_backbone_blocks_9_mlp_ffn_ln_bias, ema_backbone_blocks_9_mlp_w3_weight, ema_backbone_blocks_9_mlp_w3_bias, ema_backbone_blocks_10_norm1_weight, ema_backbone_blocks_10_norm1_bias, ema_backbone_blocks_10_attn_q_bias, ema_backbone_blocks_10_attn_v_bias, ema_backbone_blocks_10_attn_q_proj_weight, ema_backbone_blocks_10_attn_k_proj_weight, ema_backbone_blocks_10_attn_v_proj_weight, ema_backbone_blocks_10_attn_rope_freqs_cos, ema_backbone_blocks_10_attn_rope_freqs_sin, ema_backbone_blocks_10_attn_proj_weight, ema_backbone_blocks_10_attn_proj_bias, ema_backbone_blocks_10_norm2_weight, ema_backbone_blocks_10_norm2_bias, ema_backbone_blocks_10_mlp_w1_weight, ema_backbone_blocks_10_mlp_w1_bias, ema_backbone_blocks_10_mlp_w2_weight, ema_backbone_blocks_10_mlp_w2_bias, ema_backbone_blocks_10_mlp_ffn_ln_weight, ema_backbone_blocks_10_mlp_ffn_ln_bias, ema_backbone_blocks_10_mlp_w3_weight, ema_backbone_blocks_10_mlp_w3_bias, ema_backbone_blocks_11_norm1_weight, ema_backbone_blocks_11_norm1_bias, ema_backbone_blocks_11_attn_q_bias, ema_backbone_blocks_11_attn_v_bias, ema_backbone_blocks_11_attn_q_proj_weight, ema_backbone_blocks_11_attn_k_proj_weight, ema_backbone_blocks_11_attn_v_proj_weight, ema_backbone_blocks_11_attn_proj_weight, ema_backbone_blocks_11_attn_proj_bias, ema_backbone_blocks_11_norm2_weight, ema_backbone_blocks_11_norm2_bias, ema_backbone_blocks_11_mlp_w1_weight, ema_backbone_blocks_11_mlp_w1_bias, ema_backbone_blocks_11_mlp_w2_weight, ema_backbone_blocks_11_mlp_w2_bias, ema_backbone_blocks_11_mlp_ffn_ln_weight, ema_backbone_blocks_11_mlp_ffn_ln_bias, ema_backbone_blocks_11_mlp_w3_weight, ema_backbone_blocks_11_mlp_w3_bias, ema_backbone_blocks_12_norm1_weight, ema_backbone_blocks_12_norm1_bias, ema_backbone_blocks_12_attn_q_bias, ema_backbone_blocks_12_attn_v_bias, ema_backbone_blocks_12_attn_q_proj_weight, ema_backbone_blocks_12_attn_k_proj_weight, ema_backbone_blocks_12_attn_v_proj_weight, ema_backbone_blocks_12_attn_rope_freqs_cos, ema_backbone_blocks_12_attn_rope_freqs_sin, ema_backbone_blocks_12_attn_proj_weight, ema_backbone_blocks_12_attn_proj_bias, ema_backbone_blocks_12_norm2_weight, ema_backbone_blocks_12_norm2_bias, ema_backbone_blocks_12_mlp_w1_weight, ema_backbone_blocks_12_mlp_w1_bias, ema_backbone_blocks_12_mlp_w2_weight, ema_backbone_blocks_12_mlp_w2_bias, ema_backbone_blocks_12_mlp_ffn_ln_weight, ema_backbone_blocks_12_mlp_ffn_ln_bias, ema_backbone_blocks_12_mlp_w3_weight, ema_backbone_blocks_12_mlp_w3_bias, ema_backbone_blocks_13_norm1_weight, ema_backbone_blocks_13_norm1_bias, ema_backbone_blocks_13_attn_q_bias, ema_backbone_blocks_13_attn_v_bias, ema_backbone_blocks_13_attn_q_proj_weight, ema_backbone_blocks_13_attn_k_proj_weight, ema_backbone_blocks_13_attn_v_proj_weight, ema_backbone_blocks_13_attn_rope_freqs_cos, ema_backbone_blocks_13_attn_rope_freqs_sin, ema_backbone_blocks_13_attn_proj_weight, ema_backbone_blocks_13_attn_proj_bias, ema_backbone_blocks_13_norm2_weight, ema_backbone_blocks_13_norm2_bias, ema_backbone_blocks_13_mlp_w1_weight, ema_backbone_blocks_13_mlp_w1_bias, ema_backbone_blocks_13_mlp_w2_weight, ema_backbone_blocks_13_mlp_w2_bias, ema_backbone_blocks_13_mlp_ffn_ln_weight, ema_backbone_blocks_13_mlp_ffn_ln_bias, ema_backbone_blocks_13_mlp_w3_weight, ema_backbone_blocks_13_mlp_w3_bias, ema_backbone_blocks_14_norm1_weight, ema_backbone_blocks_14_norm1_bias, ema_backbone_blocks_14_attn_q_bias, ema_backbone_blocks_14_attn_v_bias, ema_backbone_blocks_14_attn_q_proj_weight, ema_backbone_blocks_14_attn_k_proj_weight, ema_backbone_blocks_14_attn_v_proj_weight, ema_backbone_blocks_14_attn_rope_freqs_cos, ema_backbone_blocks_14_attn_rope_freqs_sin, ema_backbone_blocks_14_attn_proj_weight, ema_backbone_blocks_14_attn_proj_bias, ema_backbone_blocks_14_norm2_weight, ema_backbone_blocks_14_norm2_bias, ema_backbone_blocks_14_mlp_w1_weight, ema_backbone_blocks_14_mlp_w1_bias, ema_backbone_blocks_14_mlp_w2_weight, ema_backbone_blocks_14_mlp_w2_bias, ema_backbone_blocks_14_mlp_ffn_ln_weight, ema_backbone_blocks_14_mlp_ffn_ln_bias, ema_backbone_blocks_14_mlp_w3_weight, ema_backbone_blocks_14_mlp_w3_bias, ema_backbone_blocks_15_norm1_weight, ema_backbone_blocks_15_norm1_bias, ema_backbone_blocks_15_attn_q_bias, ema_backbone_blocks_15_attn_v_bias, ema_backbone_blocks_15_attn_q_proj_weight, ema_backbone_blocks_15_attn_k_proj_weight, ema_backbone_blocks_15_attn_v_proj_weight, ema_backbone_blocks_15_attn_proj_weight, ema_backbone_blocks_15_attn_proj_bias, ema_backbone_blocks_15_norm2_weight, ema_backbone_blocks_15_norm2_bias, ema_backbone_blocks_15_mlp_w1_weight, ema_backbone_blocks_15_mlp_w1_bias, ema_backbone_blocks_15_mlp_w2_weight, ema_backbone_blocks_15_mlp_w2_bias, ema_backbone_blocks_15_mlp_ffn_ln_weight, ema_backbone_blocks_15_mlp_ffn_ln_bias, ema_backbone_blocks_15_mlp_w3_weight, ema_backbone_blocks_15_mlp_w3_bias, ema_backbone_blocks_16_norm1_weight, ema_backbone_blocks_16_norm1_bias, ema_backbone_blocks_16_attn_q_bias, ema_backbone_blocks_16_attn_v_bias, ema_backbone_blocks_16_attn_q_proj_weight, ema_backbone_blocks_16_attn_k_proj_weight, ema_backbone_blocks_16_attn_v_proj_weight, ema_backbone_blocks_16_attn_rope_freqs_cos, ema_backbone_blocks_16_attn_rope_freqs_sin, ema_backbone_blocks_16_attn_proj_weight, ema_backbone_blocks_16_attn_proj_bias, ema_backbone_blocks_16_norm2_weight, ema_backbone_blocks_16_norm2_bias, ema_backbone_blocks_16_mlp_w1_weight, ema_backbone_blocks_16_mlp_w1_bias, ema_backbone_blocks_16_mlp_w2_weight, ema_backbone_blocks_16_mlp_w2_bias, ema_backbone_blocks_16_mlp_ffn_ln_weight, ema_backbone_blocks_16_mlp_ffn_ln_bias, ema_backbone_blocks_16_mlp_w3_weight, ema_backbone_blocks_16_mlp_w3_bias, ema_backbone_blocks_17_norm1_weight, ema_backbone_blocks_17_norm1_bias, ema_backbone_blocks_17_attn_q_bias, ema_backbone_blocks_17_attn_v_bias, ema_backbone_blocks_17_attn_q_proj_weight, ema_backbone_blocks_17_attn_k_proj_weight, ema_backbone_blocks_17_attn_v_proj_weight, ema_backbone_blocks_17_attn_rope_freqs_cos, ema_backbone_blocks_17_attn_rope_freqs_sin, ema_backbone_blocks_17_attn_proj_weight, ema_backbone_blocks_17_attn_proj_bias, ema_backbone_blocks_17_norm2_weight, ema_backbone_blocks_17_norm2_bias, ema_backbone_blocks_17_mlp_w1_weight, ema_backbone_blocks_17_mlp_w1_bias, ema_backbone_blocks_17_mlp_w2_weight, ema_backbone_blocks_17_mlp_w2_bias, ema_backbone_blocks_17_mlp_ffn_ln_weight, ema_backbone_blocks_17_mlp_ffn_ln_bias, ema_backbone_blocks_17_mlp_w3_weight, ema_backbone_blocks_17_mlp_w3_bias, ema_backbone_blocks_18_norm1_weight, ema_backbone_blocks_18_norm1_bias, ema_backbone_blocks_18_attn_q_bias, ema_backbone_blocks_18_attn_v_bias, ema_backbone_blocks_18_attn_q_proj_weight, ema_backbone_blocks_18_attn_k_proj_weight, ema_backbone_blocks_18_attn_v_proj_weight, ema_backbone_blocks_18_attn_rope_freqs_cos, ema_backbone_blocks_18_attn_rope_freqs_sin, ema_backbone_blocks_18_attn_proj_weight, ema_backbone_blocks_18_attn_proj_bias, ema_backbone_blocks_18_norm2_weight, ema_backbone_blocks_18_norm2_bias, ema_backbone_blocks_18_mlp_w1_weight, ema_backbone_blocks_18_mlp_w1_bias, ema_backbone_blocks_18_mlp_w2_weight, ema_backbone_blocks_18_mlp_w2_bias, ema_backbone_blocks_18_mlp_ffn_ln_weight, ema_backbone_blocks_18_mlp_ffn_ln_bias, ema_backbone_blocks_18_mlp_w3_weight, ema_backbone_blocks_18_mlp_w3_bias, ema_backbone_blocks_19_norm1_weight, ema_backbone_blocks_19_norm1_bias, ema_backbone_blocks_19_attn_q_bias, ema_backbone_blocks_19_attn_v_bias, ema_backbone_blocks_19_attn_q_proj_weight, ema_backbone_blocks_19_attn_k_proj_weight, ema_backbone_blocks_19_attn_v_proj_weight, ema_backbone_blocks_19_attn_proj_weight, ema_backbone_blocks_19_attn_proj_bias, ema_backbone_blocks_19_norm2_weight, ema_backbone_blocks_19_norm2_bias, ema_backbone_blocks_19_mlp_w1_weight, ema_backbone_blocks_19_mlp_w1_bias, ema_backbone_blocks_19_mlp_w2_weight, ema_backbone_blocks_19_mlp_w2_bias, ema_backbone_blocks_19_mlp_ffn_ln_weight, ema_backbone_blocks_19_mlp_ffn_ln_bias, ema_backbone_blocks_19_mlp_w3_weight, ema_backbone_blocks_19_mlp_w3_bias, ema_backbone_blocks_20_norm1_weight, ema_backbone_blocks_20_norm1_bias, ema_backbone_blocks_20_attn_q_bias, ema_backbone_blocks_20_attn_v_bias, ema_backbone_blocks_20_attn_q_proj_weight, ema_backbone_blocks_20_attn_k_proj_weight, ema_backbone_blocks_20_attn_v_proj_weight, ema_backbone_blocks_20_attn_rope_freqs_cos, ema_backbone_blocks_20_attn_rope_freqs_sin, ema_backbone_blocks_20_attn_proj_weight, ema_backbone_blocks_20_attn_proj_bias, ema_backbone_blocks_20_norm2_weight, ema_backbone_blocks_20_norm2_bias, ema_backbone_blocks_20_mlp_w1_weight, ema_backbone_blocks_20_mlp_w1_bias, ema_backbone_blocks_20_mlp_w2_weight, ema_backbone_blocks_20_mlp_w2_bias, ema_backbone_blocks_20_mlp_ffn_ln_weight, ema_backbone_blocks_20_mlp_ffn_ln_bias, ema_backbone_blocks_20_mlp_w3_weight, ema_backbone_blocks_20_mlp_w3_bias, ema_backbone_blocks_21_norm1_weight, ema_backbone_blocks_21_norm1_bias, ema_backbone_blocks_21_attn_q_bias, ema_backbone_blocks_21_attn_v_bias, ema_backbone_blocks_21_attn_q_proj_weight, ema_backbone_blocks_21_attn_k_proj_weight, ema_backbone_blocks_21_attn_v_proj_weight, ema_backbone_blocks_21_attn_rope_freqs_cos, ema_backbone_blocks_21_attn_rope_freqs_sin, ema_backbone_blocks_21_attn_proj_weight, ema_backbone_blocks_21_attn_proj_bias, ema_backbone_blocks_21_norm2_weight, ema_backbone_blocks_21_norm2_bias, ema_backbone_blocks_21_mlp_w1_weight, ema_backbone_blocks_21_mlp_w1_bias, ema_backbone_blocks_21_mlp_w2_weight, ema_backbone_blocks_21_mlp_w2_bias, ema_backbone_blocks_21_mlp_ffn_ln_weight, ema_backbone_blocks_21_mlp_ffn_ln_bias, ema_backbone_blocks_21_mlp_w3_weight, ema_backbone_blocks_21_mlp_w3_bias, ema_backbone_blocks_22_norm1_weight, ema_backbone_blocks_22_norm1_bias, ema_backbone_blocks_22_attn_q_bias, ema_backbone_blocks_22_attn_v_bias, ema_backbone_blocks_22_attn_q_proj_weight, ema_backbone_blocks_22_attn_k_proj_weight, ema_backbone_blocks_22_attn_v_proj_weight, ema_backbone_blocks_22_attn_rope_freqs_cos, ema_backbone_blocks_22_attn_rope_freqs_sin, ema_backbone_blocks_22_attn_proj_weight, ema_backbone_blocks_22_attn_proj_bias, ema_backbone_blocks_22_norm2_weight, ema_backbone_blocks_22_norm2_bias, ema_backbone_blocks_22_mlp_w1_weight, ema_backbone_blocks_22_mlp_w1_bias, ema_backbone_blocks_22_mlp_w2_weight, ema_backbone_blocks_22_mlp_w2_bias, ema_backbone_blocks_22_mlp_ffn_ln_weight, ema_backbone_blocks_22_mlp_ffn_ln_bias, ema_backbone_blocks_22_mlp_w3_weight, ema_backbone_blocks_22_mlp_w3_bias, ema_backbone_blocks_23_norm1_weight, ema_backbone_blocks_23_norm1_bias, ema_backbone_blocks_23_attn_q_bias, ema_backbone_blocks_23_attn_v_bias, ema_backbone_blocks_23_attn_q_proj_weight, ema_backbone_blocks_23_attn_k_proj_weight, ema_backbone_blocks_23_attn_v_proj_weight, ema_backbone_blocks_23_attn_proj_weight, ema_backbone_blocks_23_attn_proj_bias, ema_backbone_blocks_23_norm2_weight, ema_backbone_blocks_23_norm2_bias, ema_backbone_blocks_23_mlp_w1_weight, ema_backbone_blocks_23_mlp_w1_bias, ema_backbone_blocks_23_mlp_w2_weight, ema_backbone_blocks_23_mlp_w2_bias, ema_backbone_blocks_23_mlp_ffn_ln_weight, ema_backbone_blocks_23_mlp_ffn_ln_bias, ema_backbone_blocks_23_mlp_w3_weight, ema_backbone_blocks_23_mlp_w3_bias, ema_backbone_out_norm_weight, ema_backbone_out_norm_bias, ema_neck_p2_1_weight, ema_neck_p2_2_weight, ema_neck_p2_2_bias, ema_neck_p2_5_weight, ema_neck_p2_6_weight, ema_neck_p2_6_bias, ema_neck_p2_8_weight, ema_neck_p2_9_weight, ema_neck_p2_9_bias, ema_neck_p2_11_weight, ema_neck_p2_12_weight, ema_neck_p2_12_bias, ema_neck_p3_1_weight, ema_neck_p3_2_weight, ema_neck_p3_2_bias, ema_neck_p3_4_weight, ema_neck_p3_5_weight, ema_neck_p3_5_bias, ema_neck_p3_7_weight, ema_neck_p3_8_weight, ema_neck_p3_8_bias, ema_neck_p4_0_weight, ema_neck_p4_1_weight, ema_neck_p4_1_bias, ema_neck_p4_3_weight, ema_neck_p4_4_weight, ema_neck_p4_4_bias, ema_neck_p5_1_weight, ema_neck_p5_2_weight, ema_neck_p5_2_bias, ema_neck_p5_4_weight, ema_neck_p5_5_weight, ema_neck_p5_5_bias, ema_neck_p6_1_weight, ema_neck_p6_2_weight, ema_neck_p6_2_bias, ema_neck_p6_4_weight, ema_neck_p6_5_weight, ema_neck_p6_5_bias, ema_neck_p6_7_weight, ema_neck_p6_8_weight, ema_neck_p6_8_bias, ema_query_head_transformer_level_embeds, ema_query_head_transformer_encoder_layers_0_attentions_0_sampling_offsets_weight, ema_query_head_transformer_encoder_layers_0_attentions_0_sampling_offsets_bias, ema_query_head_transformer_encoder_layers_0_attentions_0_attention_weights_weight, ema_query_head_transformer_encoder_layers_0_attentions_0_attention_weights_bias, ema_query_head_transformer_encoder_layers_0_attentions_0_value_proj_weight, ema_query_head_transformer_encoder_layers_0_attentions_0_value_proj_bias, ema_query_head_transformer_encoder_layers_0_attentions_0_output_proj_weight, ema_query_head_transformer_encoder_layers_0_attentions_0_output_proj_bias, ema_query_head_transformer_encoder_layers_0_ffns_0_layers_0_0_weight, ema_query_head_transformer_encoder_layers_0_ffns_0_layers_0_0_bias, ema_query_head_transformer_encoder_layers_0_ffns_0_layers_1_weight, ema_query_head_transformer_encoder_layers_0_ffns_0_layers_1_bias, ema_query_head_transformer_encoder_layers_0_norms_0_weight, ema_query_head_transformer_encoder_layers_0_norms_0_bias, ema_query_head_transformer_encoder_layers_0_norms_1_weight, ema_query_head_transformer_encoder_layers_0_norms_1_bias, ema_query_head_transformer_encoder_layers_1_attentions_0_sampling_offsets_weight, ema_query_head_transformer_encoder_layers_1_attentions_0_sampling_offsets_bias, ema_query_head_transformer_encoder_layers_1_attentions_0_attention_weights_weight, ema_query_head_transformer_encoder_layers_1_attentions_0_attention_weights_bias, ema_query_head_transformer_encoder_layers_1_attentions_0_value_proj_weight, ema_query_head_transformer_encoder_layers_1_attentions_0_value_proj_bias, ema_query_head_transformer_encoder_layers_1_attentions_0_output_proj_weight, ema_query_head_transformer_encoder_layers_1_attentions_0_output_proj_bias, ema_query_head_transformer_encoder_layers_1_ffns_0_layers_0_0_weight, ema_query_head_transformer_encoder_layers_1_ffns_0_layers_0_0_bias, ema_query_head_transformer_encoder_layers_1_ffns_0_layers_1_weight, ema_query_head_transformer_encoder_layers_1_ffns_0_layers_1_bias, ema_query_head_transformer_encoder_layers_1_norms_0_weight, ema_query_head_transformer_encoder_layers_1_norms_0_bias, ema_query_head_transformer_encoder_layers_1_norms_1_weight, ema_query_head_transformer_encoder_layers_1_norms_1_bias, ema_query_head_transformer_encoder_layers_2_attentions_0_sampling_offsets_weight, ema_query_head_transformer_encoder_layers_2_attentions_0_sampling_offsets_bias, ema_query_head_transformer_encoder_layers_2_attentions_0_attention_weights_weight, ema_query_head_transformer_encoder_layers_2_attentions_0_attention_weights_bias, ema_query_head_transformer_encoder_layers_2_attentions_0_value_proj_weight, ema_query_head_transformer_encoder_layers_2_attentions_0_value_proj_bias, ema_query_head_transformer_encoder_layers_2_attentions_0_output_proj_weight, ema_query_head_transformer_encoder_layers_2_attentions_0_output_proj_bias, ema_query_head_transformer_encoder_layers_2_ffns_0_layers_0_0_weight, ema_query_head_transformer_encoder_layers_2_ffns_0_layers_0_0_bias, ema_query_head_transformer_encoder_layers_2_ffns_0_layers_1_weight, ema_query_head_transformer_encoder_layers_2_ffns_0_layers_1_bias, ema_query_head_transformer_encoder_layers_2_norms_0_weight, ema_query_head_transformer_encoder_layers_2_norms_0_bias, ema_query_head_transformer_encoder_layers_2_norms_1_weight, ema_query_head_transformer_encoder_layers_2_norms_1_bias, ema_query_head_transformer_encoder_layers_3_attentions_0_sampling_offsets_weight, ema_query_head_transformer_encoder_layers_3_attentions_0_sampling_offsets_bias, ema_query_head_transformer_encoder_layers_3_attentions_0_attention_weights_weight, ema_query_head_transformer_encoder_layers_3_attentions_0_attention_weights_bias, ema_query_head_transformer_encoder_layers_3_attentions_0_value_proj_weight, ema_query_head_transformer_encoder_layers_3_attentions_0_value_proj_bias, ema_query_head_transformer_encoder_layers_3_attentions_0_output_proj_weight, ema_query_head_transformer_encoder_layers_3_attentions_0_output_proj_bias, ema_query_head_transformer_encoder_layers_3_ffns_0_layers_0_0_weight, ema_query_head_transformer_encoder_layers_3_ffns_0_layers_0_0_bias, ema_query_head_transformer_encoder_layers_3_ffns_0_layers_1_weight, ema_query_head_transformer_encoder_layers_3_ffns_0_layers_1_bias, ema_query_head_transformer_encoder_layers_3_norms_0_weight, ema_query_head_transformer_encoder_layers_3_norms_0_bias, ema_query_head_transformer_encoder_layers_3_norms_1_weight, ema_query_head_transformer_encoder_layers_3_norms_1_bias, ema_query_head_transformer_encoder_layers_4_attentions_0_sampling_offsets_weight, ema_query_head_transformer_encoder_layers_4_attentions_0_sampling_offsets_bias, ema_query_head_transformer_encoder_layers_4_attentions_0_attention_weights_weight, ema_query_head_transformer_encoder_layers_4_attentions_0_attention_weights_bias, ema_query_head_transformer_encoder_layers_4_attentions_0_value_proj_weight, ema_query_head_transformer_encoder_layers_4_attentions_0_value_proj_bias, ema_query_head_transformer_encoder_layers_4_attentions_0_output_proj_weight, ema_query_head_transformer_encoder_layers_4_attentions_0_output_proj_bias, ema_query_head_transformer_encoder_layers_4_ffns_0_layers_0_0_weight, ema_query_head_transformer_encoder_layers_4_ffns_0_layers_0_0_bias, ema_query_head_transformer_encoder_layers_4_ffns_0_layers_1_weight, ema_query_head_transformer_encoder_layers_4_ffns_0_layers_1_bias, ema_query_head_transformer_encoder_layers_4_norms_0_weight, ema_query_head_transformer_encoder_layers_4_norms_0_bias, ema_query_head_transformer_encoder_layers_4_norms_1_weight, ema_query_head_transformer_encoder_layers_4_norms_1_bias, ema_query_head_transformer_encoder_layers_5_attentions_0_sampling_offsets_weight, ema_query_head_transformer_encoder_layers_5_attentions_0_sampling_offsets_bias, ema_query_head_transformer_encoder_layers_5_attentions_0_attention_weights_weight, ema_query_head_transformer_encoder_layers_5_attentions_0_attention_weights_bias, ema_query_head_transformer_encoder_layers_5_attentions_0_value_proj_weight, ema_query_head_transformer_encoder_layers_5_attentions_0_value_proj_bias, ema_query_head_transformer_encoder_layers_5_attentions_0_output_proj_weight, ema_query_head_transformer_encoder_layers_5_attentions_0_output_proj_bias, ema_query_head_transformer_encoder_layers_5_ffns_0_layers_0_0_weight, ema_query_head_transformer_encoder_layers_5_ffns_0_layers_0_0_bias, ema_query_head_transformer_encoder_layers_5_ffns_0_layers_1_weight, ema_query_head_transformer_encoder_layers_5_ffns_0_layers_1_bias, ema_query_head_transformer_encoder_layers_5_norms_0_weight, ema_query_head_transformer_encoder_layers_5_norms_0_bias, ema_query_head_transformer_encoder_layers_5_norms_1_weight, ema_query_head_transformer_encoder_layers_5_norms_1_bias, ema_query_head_transformer_decoder_layers_0_attentions_0_attn_in_proj_weight, ema_query_head_transformer_decoder_layers_0_attentions_0_attn_in_proj_bias, ema_query_head_transformer_decoder_layers_0_attentions_0_attn_out_proj_weight, ema_query_head_transformer_decoder_layers_0_attentions_0_attn_out_proj_bias, ema_query_head_transformer_decoder_layers_0_attentions_1_sampling_offsets_weight, ema_query_head_transformer_decoder_layers_0_attentions_1_sampling_offsets_bias, ema_query_head_transformer_decoder_layers_0_attentions_1_attention_weights_weight, ema_query_head_transformer_decoder_layers_0_attentions_1_attention_weights_bias, ema_query_head_transformer_decoder_layers_0_attentions_1_value_proj_weight, ema_query_head_transformer_decoder_layers_0_attentions_1_value_proj_bias, ema_query_head_transformer_decoder_layers_0_attentions_1_output_proj_weight, ema_query_head_transformer_decoder_layers_0_attentions_1_output_proj_bias, ema_query_head_transformer_decoder_layers_0_ffns_0_layers_0_0_weight, ema_query_head_transformer_decoder_layers_0_ffns_0_layers_0_0_bias, ema_query_head_transformer_decoder_layers_0_ffns_0_layers_1_weight, ema_query_head_transformer_decoder_layers_0_ffns_0_layers_1_bias, ema_query_head_transformer_decoder_layers_0_norms_0_weight, ema_query_head_transformer_decoder_layers_0_norms_0_bias, ema_query_head_transformer_decoder_layers_0_norms_1_weight, ema_query_head_transformer_decoder_layers_0_norms_1_bias, ema_query_head_transformer_decoder_layers_0_norms_2_weight, ema_query_head_transformer_decoder_layers_0_norms_2_bias, ema_query_head_transformer_decoder_layers_1_attentions_0_attn_in_proj_weight, ema_query_head_transformer_decoder_layers_1_attentions_0_attn_in_proj_bias, ema_query_head_transformer_decoder_layers_1_attentions_0_attn_out_proj_weight, ema_query_head_transformer_decoder_layers_1_attentions_0_attn_out_proj_bias, ema_query_head_transformer_decoder_layers_1_attentions_1_sampling_offsets_weight, ema_query_head_transformer_decoder_layers_1_attentions_1_sampling_offsets_bias, ema_query_head_transformer_decoder_layers_1_attentions_1_attention_weights_weight, ema_query_head_transformer_decoder_layers_1_attentions_1_attention_weights_bias, ema_query_head_transformer_decoder_layers_1_attentions_1_value_proj_weight, ema_query_head_transformer_decoder_layers_1_attentions_1_value_proj_bias, ema_query_head_transformer_decoder_layers_1_attentions_1_output_proj_weight, ema_query_head_transformer_decoder_layers_1_attentions_1_output_proj_bias, ema_query_head_transformer_decoder_layers_1_ffns_0_layers_0_0_weight, ema_query_head_transformer_decoder_layers_1_ffns_0_layers_0_0_bias, ema_query_head_transformer_decoder_layers_1_ffns_0_layers_1_weight, ema_query_head_transformer_decoder_layers_1_ffns_0_layers_1_bias, ema_query_head_transformer_decoder_layers_1_norms_0_weight, ema_query_head_transformer_decoder_layers_1_norms_0_bias, ema_query_head_transformer_decoder_layers_1_norms_1_weight, ema_query_head_transformer_decoder_layers_1_norms_1_bias, ema_query_head_transformer_decoder_layers_1_norms_2_weight, ema_query_head_transformer_decoder_layers_1_norms_2_bias, ema_query_head_transformer_decoder_layers_2_attentions_0_attn_in_proj_weight, ema_query_head_transformer_decoder_layers_2_attentions_0_attn_in_proj_bias, ema_query_head_transformer_decoder_layers_2_attentions_0_attn_out_proj_weight, ema_query_head_transformer_decoder_layers_2_attentions_0_attn_out_proj_bias, ema_query_head_transformer_decoder_layers_2_attentions_1_sampling_offsets_weight, ema_query_head_transformer_decoder_layers_2_attentions_1_sampling_offsets_bias, ema_query_head_transformer_decoder_layers_2_attentions_1_attention_weights_weight, ema_query_head_transformer_decoder_layers_2_attentions_1_attention_weights_bias, ema_query_head_transformer_decoder_layers_2_attentions_1_value_proj_weight, ema_query_head_transformer_decoder_layers_2_attentions_1_value_proj_bias, ema_query_head_transformer_decoder_layers_2_attentions_1_output_proj_weight, ema_query_head_transformer_decoder_layers_2_attentions_1_output_proj_bias, ema_query_head_transformer_decoder_layers_2_ffns_0_layers_0_0_weight, ema_query_head_transformer_decoder_layers_2_ffns_0_layers_0_0_bias, ema_query_head_transformer_decoder_layers_2_ffns_0_layers_1_weight, ema_query_head_transformer_decoder_layers_2_ffns_0_layers_1_bias, ema_query_head_transformer_decoder_layers_2_norms_0_weight, ema_query_head_transformer_decoder_layers_2_norms_0_bias, ema_query_head_transformer_decoder_layers_2_norms_1_weight, ema_query_head_transformer_decoder_layers_2_norms_1_bias, ema_query_head_transformer_decoder_layers_2_norms_2_weight, ema_query_head_transformer_decoder_layers_2_norms_2_bias, ema_query_head_transformer_decoder_layers_3_attentions_0_attn_in_proj_weight, ema_query_head_transformer_decoder_layers_3_attentions_0_attn_in_proj_bias, ema_query_head_transformer_decoder_layers_3_attentions_0_attn_out_proj_weight, ema_query_head_transformer_decoder_layers_3_attentions_0_attn_out_proj_bias, ema_query_head_transformer_decoder_layers_3_attentions_1_sampling_offsets_weight, ema_query_head_transformer_decoder_layers_3_attentions_1_sampling_offsets_bias, ema_query_head_transformer_decoder_layers_3_attentions_1_attention_weights_weight, ema_query_head_transformer_decoder_layers_3_attentions_1_attention_weights_bias, ema_query_head_transformer_decoder_layers_3_attentions_1_value_proj_weight, ema_query_head_transformer_decoder_layers_3_attentions_1_value_proj_bias, ema_query_head_transformer_decoder_layers_3_attentions_1_output_proj_weight, ema_query_head_transformer_decoder_layers_3_attentions_1_output_proj_bias, ema_query_head_transformer_decoder_layers_3_ffns_0_layers_0_0_weight, ema_query_head_transformer_decoder_layers_3_ffns_0_layers_0_0_bias, ema_query_head_transformer_decoder_layers_3_ffns_0_layers_1_weight, ema_query_head_transformer_decoder_layers_3_ffns_0_layers_1_bias, ema_query_head_transformer_decoder_layers_3_norms_0_weight, ema_query_head_transformer_decoder_layers_3_norms_0_bias, ema_query_head_transformer_decoder_layers_3_norms_1_weight, ema_query_head_transformer_decoder_layers_3_norms_1_bias, ema_query_head_transformer_decoder_layers_3_norms_2_weight, ema_query_head_transformer_decoder_layers_3_norms_2_bias, ema_query_head_transformer_decoder_layers_4_attentions_0_attn_in_proj_weight, ema_query_head_transformer_decoder_layers_4_attentions_0_attn_in_proj_bias, ema_query_head_transformer_decoder_layers_4_attentions_0_attn_out_proj_weight, ema_query_head_transformer_decoder_layers_4_attentions_0_attn_out_proj_bias, ema_query_head_transformer_decoder_layers_4_attentions_1_sampling_offsets_weight, ema_query_head_transformer_decoder_layers_4_attentions_1_sampling_offsets_bias, ema_query_head_transformer_decoder_layers_4_attentions_1_attention_weights_weight, ema_query_head_transformer_decoder_layers_4_attentions_1_attention_weights_bias, ema_query_head_transformer_decoder_layers_4_attentions_1_value_proj_weight, ema_query_head_transformer_decoder_layers_4_attentions_1_value_proj_bias, ema_query_head_transformer_decoder_layers_4_attentions_1_output_proj_weight, ema_query_head_transformer_decoder_layers_4_attentions_1_output_proj_bias, ema_query_head_transformer_decoder_layers_4_ffns_0_layers_0_0_weight, ema_query_head_transformer_decoder_layers_4_ffns_0_layers_0_0_bias, ema_query_head_transformer_decoder_layers_4_ffns_0_layers_1_weight, ema_query_head_transformer_decoder_layers_4_ffns_0_layers_1_bias, ema_query_head_transformer_decoder_layers_4_norms_0_weight, ema_query_head_transformer_decoder_layers_4_norms_0_bias, ema_query_head_transformer_decoder_layers_4_norms_1_weight, ema_query_head_transformer_decoder_layers_4_norms_1_bias, ema_query_head_transformer_decoder_layers_4_norms_2_weight, ema_query_head_transformer_decoder_layers_4_norms_2_bias, ema_query_head_transformer_decoder_layers_5_attentions_0_attn_in_proj_weight, ema_query_head_transformer_decoder_layers_5_attentions_0_attn_in_proj_bias, ema_query_head_transformer_decoder_layers_5_attentions_0_attn_out_proj_weight, ema_query_head_transformer_decoder_layers_5_attentions_0_attn_out_proj_bias, ema_query_head_transformer_decoder_layers_5_attentions_1_sampling_offsets_weight, ema_query_head_transformer_decoder_layers_5_attentions_1_sampling_offsets_bias, ema_query_head_transformer_decoder_layers_5_attentions_1_attention_weights_weight, ema_query_head_transformer_decoder_layers_5_attentions_1_attention_weights_bias, ema_query_head_transformer_decoder_layers_5_attentions_1_value_proj_weight, ema_query_head_transformer_decoder_layers_5_attentions_1_value_proj_bias, ema_query_head_transformer_decoder_layers_5_attentions_1_output_proj_weight, ema_query_head_transformer_decoder_layers_5_attentions_1_output_proj_bias, ema_query_head_transformer_decoder_layers_5_ffns_0_layers_0_0_weight, ema_query_head_transformer_decoder_layers_5_ffns_0_layers_0_0_bias, ema_query_head_transformer_decoder_layers_5_ffns_0_layers_1_weight, ema_query_head_transformer_decoder_layers_5_ffns_0_layers_1_bias, ema_query_head_transformer_decoder_layers_5_norms_0_weight, ema_query_head_transformer_decoder_layers_5_norms_0_bias, ema_query_head_transformer_decoder_layers_5_norms_1_weight, ema_query_head_transformer_decoder_layers_5_norms_1_bias, ema_query_head_transformer_decoder_layers_5_norms_2_weight, ema_query_head_transformer_decoder_layers_5_norms_2_bias, ema_query_head_transformer_decoder_ref_point_head_0_weight, ema_query_head_transformer_decoder_ref_point_head_0_bias, ema_query_head_transformer_decoder_ref_point_head_2_weight, ema_query_head_transformer_decoder_ref_point_head_2_bias, ema_query_head_transformer_decoder_norm_weight, ema_query_head_transformer_decoder_norm_bias, ema_query_head_transformer_enc_output_weight, ema_query_head_transformer_enc_output_bias, ema_query_head_transformer_enc_output_norm_weight, ema_query_head_transformer_enc_output_norm_bias, ema_query_head_transformer_query_embed_weight, ema_query_head_transformer_aux_pos_trans_0_weight, ema_query_head_transformer_aux_pos_trans_0_bias, ema_query_head_transformer_aux_pos_trans_1_weight, ema_query_head_transformer_aux_pos_trans_1_bias, ema_query_head_transformer_aux_pos_trans_norm_0_weight, ema_query_head_transformer_aux_pos_trans_norm_0_bias, ema_query_head_transformer_aux_pos_trans_norm_1_weight, ema_query_head_transformer_aux_pos_trans_norm_1_bias, ema_query_head_cls_branches_0_weight, ema_query_head_cls_branches_0_bias, ema_query_head_cls_branches_1_weight, ema_query_head_cls_branches_1_bias, ema_query_head_cls_branches_2_weight, ema_query_head_cls_branches_2_bias, ema_query_head_cls_branches_3_weight, ema_query_head_cls_branches_3_bias, ema_query_head_cls_branches_4_weight, ema_query_head_cls_branches_4_bias, ema_query_head_cls_branches_5_weight, ema_query_head_cls_branches_5_bias, ema_query_head_cls_branches_6_weight, ema_query_head_cls_branches_6_bias, ema_query_head_reg_branches_0_0_weight, ema_query_head_reg_branches_0_0_bias, ema_query_head_reg_branches_0_2_weight, ema_query_head_reg_branches_0_2_bias, ema_query_head_reg_branches_0_4_weight, ema_query_head_reg_branches_0_4_bias, ema_query_head_reg_branches_1_0_weight, ema_query_head_reg_branches_1_0_bias, ema_query_head_reg_branches_1_2_weight, ema_query_head_reg_branches_1_2_bias, ema_query_head_reg_branches_1_4_weight, ema_query_head_reg_branches_1_4_bias, ema_query_head_reg_branches_2_0_weight, ema_query_head_reg_branches_2_0_bias, ema_query_head_reg_branches_2_2_weight, ema_query_head_reg_branches_2_2_bias, ema_query_head_reg_branches_2_4_weight, ema_query_head_reg_branches_2_4_bias, ema_query_head_reg_branches_3_0_weight, ema_query_head_reg_branches_3_0_bias, ema_query_head_reg_branches_3_2_weight, ema_query_head_reg_branches_3_2_bias, ema_query_head_reg_branches_3_4_weight, ema_query_head_reg_branches_3_4_bias, ema_query_head_reg_branches_4_0_weight, ema_query_head_reg_branches_4_0_bias, ema_query_head_reg_branches_4_2_weight, ema_query_head_reg_branches_4_2_bias, ema_query_head_reg_branches_4_4_weight, ema_query_head_reg_branches_4_4_bias, ema_query_head_reg_branches_5_0_weight, ema_query_head_reg_branches_5_0_bias, ema_query_head_reg_branches_5_2_weight, ema_query_head_reg_branches_5_2_bias, ema_query_head_reg_branches_5_4_weight, ema_query_head_reg_branches_5_4_bias, ema_query_head_reg_branches_6_0_weight, ema_query_head_reg_branches_6_0_bias, ema_query_head_reg_branches_6_2_weight, ema_query_head_reg_branches_6_2_bias, ema_query_head_reg_branches_6_4_weight, ema_query_head_reg_branches_6_4_bias, ema_query_head_label_embedding_weight, ema_query_head_downsample_0_weight, ema_query_head_downsample_0_bias, ema_query_head_downsample_1_weight, ema_query_head_downsample_1_bias, ema_rpn_head_rpn_conv_weight, ema_rpn_head_rpn_conv_bias, ema_rpn_head_rpn_cls_weight, ema_rpn_head_rpn_cls_bias, ema_rpn_head_rpn_reg_weight, ema_rpn_head_rpn_reg_bias, ema_roi_head_0_bbox_head_fc_cls_weight, ema_roi_head_0_bbox_head_fc_cls_bias, ema_roi_head_0_bbox_head_fc_reg_weight, ema_roi_head_0_bbox_head_fc_reg_bias, ema_roi_head_0_bbox_head_shared_convs_0_conv_weight, ema_roi_head_0_bbox_head_shared_convs_0_gn_weight, ema_roi_head_0_bbox_head_shared_convs_0_gn_bias, ema_roi_head_0_bbox_head_shared_convs_1_conv_weight, ema_roi_head_0_bbox_head_shared_convs_1_gn_weight, ema_roi_head_0_bbox_head_shared_convs_1_gn_bias, ema_roi_head_0_bbox_head_shared_convs_2_conv_weight, ema_roi_head_0_bbox_head_shared_convs_2_gn_weight, ema_roi_head_0_bbox_head_shared_convs_2_gn_bias, ema_roi_head_0_bbox_head_shared_convs_3_conv_weight, ema_roi_head_0_bbox_head_shared_convs_3_gn_weight, ema_roi_head_0_bbox_head_shared_convs_3_gn_bias, ema_roi_head_0_bbox_head_shared_fcs_0_weight, ema_roi_head_0_bbox_head_shared_fcs_0_bias, ema_bbox_head_0_cls_convs_0_conv_weight, ema_bbox_head_0_cls_convs_0_gn_weight, ema_bbox_head_0_cls_convs_0_gn_bias, ema_bbox_head_0_reg_convs_0_conv_weight, ema_bbox_head_0_reg_convs_0_gn_weight, ema_bbox_head_0_reg_convs_0_gn_bias, ema_bbox_head_0_atss_cls_weight, ema_bbox_head_0_atss_cls_bias, ema_bbox_head_0_atss_reg_weight, ema_bbox_head_0_atss_reg_bias, ema_bbox_head_0_atss_centerness_weight, ema_bbox_head_0_atss_centerness_bias, ema_bbox_head_0_scales_0_scale, ema_bbox_head_0_scales_1_scale, ema_bbox_head_0_scales_2_scale, ema_bbox_head_0_scales_3_scale, ema_bbox_head_0_scales_4_scale, ema_bbox_head_0_scales_5_scale, neck_vis.p2.1.weight, neck_lwir.p2.1.weight, neck_vis.p2.2.weight, neck_lwir.p2.2.weight, neck_vis.p2.2.bias, neck_lwir.p2.2.bias, neck_vis.p2.5.weight, neck_lwir.p2.5.weight, neck_vis.p2.6.weight, neck_lwir.p2.6.weight, neck_vis.p2.6.bias, neck_lwir.p2.6.bias, neck_vis.p2.8.weight, neck_lwir.p2.8.weight, neck_vis.p2.9.weight, neck_lwir.p2.9.weight, neck_vis.p2.9.bias, neck_lwir.p2.9.bias, neck_vis.p2.11.weight, neck_lwir.p2.11.weight, neck_vis.p2.12.weight, neck_lwir.p2.12.weight, neck_vis.p2.12.bias, neck_lwir.p2.12.bias, neck_vis.p3.1.weight, neck_lwir.p3.1.weight, neck_vis.p3.2.weight, neck_lwir.p3.2.weight, neck_vis.p3.2.bias, neck_lwir.p3.2.bias, neck_vis.p3.4.weight, neck_lwir.p3.4.weight, neck_vis.p3.5.weight, neck_lwir.p3.5.weight, neck_vis.p3.5.bias, neck_lwir.p3.5.bias, neck_vis.p3.7.weight, neck_lwir.p3.7.weight, neck_vis.p3.8.weight, neck_lwir.p3.8.weight, neck_vis.p3.8.bias, neck_lwir.p3.8.bias, neck_vis.p4.0.weight, neck_lwir.p4.0.weight, neck_vis.p4.1.weight, neck_lwir.p4.1.weight, neck_vis.p4.1.bias, neck_lwir.p4.1.bias, neck_vis.p4.3.weight, neck_lwir.p4.3.weight, neck_vis.p4.4.weight, neck_lwir.p4.4.weight, neck_vis.p4.4.bias, neck_lwir.p4.4.bias, neck_vis.p5.1.weight, neck_lwir.p5.1.weight, neck_vis.p5.2.weight, neck_lwir.p5.2.weight, neck_vis.p5.2.bias, neck_lwir.p5.2.bias, neck_vis.p5.4.weight, neck_lwir.p5.4.weight, neck_vis.p5.5.weight, neck_lwir.p5.5.weight, neck_vis.p5.5.bias, neck_lwir.p5.5.bias, neck_vis.p6.1.weight, neck_lwir.p6.1.weight, neck_vis.p6.2.weight, neck_lwir.p6.2.weight, neck_vis.p6.2.bias, neck_lwir.p6.2.bias, neck_vis.p6.4.weight, neck_lwir.p6.4.weight, neck_vis.p6.5.weight, neck_lwir.p6.5.weight, neck_vis.p6.5.bias, neck_lwir.p6.5.bias, neck_vis.p6.7.weight, neck_lwir.p6.7.weight, neck_vis.p6.8.weight, neck_lwir.p6.8.weight, neck_vis.p6.8.bias, neck_lwir.p6.8.bias

missing keys in source state_dict: tfb_blocks.0.pos_emb_vis, tfb_blocks.0.pos_emb_ir, tfb_blocks.0.vis_coefficient.w1, tfb_blocks.0.vis_coefficient.w2, tfb_blocks.0.ir_coefficient.w1, tfb_blocks.0.ir_coefficient.w2, tfb_blocks.0.crosstransformer.0.lambda_q_rgb1, tfb_blocks.0.crosstransformer.0.lambda_k_rgb1, tfb_blocks.0.crosstransformer.0.lambda_q_rgb2, tfb_blocks.0.crosstransformer.0.lambda_k_rgb2, tfb_blocks.0.crosstransformer.0.lambda_q_ir1, tfb_blocks.0.crosstransformer.0.lambda_k_ir1, tfb_blocks.0.crosstransformer.0.lambda_q_ir2, tfb_blocks.0.crosstransformer.0.lambda_k_ir2, tfb_blocks.0.crosstransformer.0.ln_input.weight, tfb_blocks.0.crosstransformer.0.ln_input.bias, tfb_blocks.0.crosstransformer.0.ln_output.weight, tfb_blocks.0.crosstransformer.0.ln_output.bias, tfb_blocks.0.crosstransformer.0.crossatt_ir.lambda_q_rgb1, tfb_blocks.0.crosstransformer.0.crossatt_ir.lambda_k_rgb1, tfb_blocks.0.crosstransformer.0.crossatt_ir.lambda_q_rgb2, tfb_blocks.0.crosstransformer.0.crossatt_ir.lambda_k_rgb2, tfb_blocks.0.crosstransformer.0.crossatt_ir.lambda_q_ir1, tfb_blocks.0.crosstransformer.0.crossatt_ir.lambda_k_ir1, tfb_blocks.0.crosstransformer.0.crossatt_ir.lambda_q_ir2, tfb_blocks.0.crosstransformer.0.crossatt_ir.lambda_k_ir2, tfb_blocks.0.crosstransformer.0.crossatt_ir.que_proj_vis.weight, tfb_blocks.0.crosstransformer.0.crossatt_ir.que_proj_vis.bias, tfb_blocks.0.crosstransformer.0.crossatt_ir.key_proj_vis.weight, tfb_blocks.0.crosstransformer.0.crossatt_ir.key_proj_vis.bias, tfb_blocks.0.crosstransformer.0.crossatt_ir.val_proj_vis.weight, tfb_blocks.0.crosstransformer.0.crossatt_ir.val_proj_vis.bias, tfb_blocks.0.crosstransformer.0.crossatt_ir.que_proj_ir.weight, tfb_blocks.0.crosstransformer.0.crossatt_ir.que_proj_ir.bias, tfb_blocks.0.crosstransformer.0.crossatt_ir.key_proj_ir.weight, tfb_blocks.0.crosstransformer.0.crossatt_ir.key_proj_ir.bias, tfb_blocks.0.crosstransformer.0.crossatt_ir.val_proj_ir.weight, tfb_blocks.0.crosstransformer.0.crossatt_ir.val_proj_ir.bias, tfb_blocks.0.crosstransformer.0.crossatt_ir.out_proj_vis.weight, tfb_blocks.0.crosstransformer.0.crossatt_ir.out_proj_vis.bias, tfb_blocks.0.crosstransformer.0.crossatt_ir.out_proj_ir.weight, tfb_blocks.0.crosstransformer.0.crossatt_ir.out_proj_ir.bias, tfb_blocks.0.crosstransformer.0.crossatt_ir.LN1.weight, tfb_blocks.0.crosstransformer.0.crossatt_ir.LN1.bias, tfb_blocks.0.crosstransformer.0.crossatt_ir.LN2.weight, tfb_blocks.0.crosstransformer.0.crossatt_ir.LN2.bias, tfb_blocks.0.crosstransformer.0.crossatt_rgb.lambda_q_rgb1, tfb_blocks.0.crosstransformer.0.crossatt_rgb.lambda_k_rgb1, tfb_blocks.0.crosstransformer.0.crossatt_rgb.lambda_q_rgb2, tfb_blocks.0.crosstransformer.0.crossatt_rgb.lambda_k_rgb2, tfb_blocks.0.crosstransformer.0.crossatt_rgb.lambda_q_ir1, tfb_blocks.0.crosstransformer.0.crossatt_rgb.lambda_k_ir1, tfb_blocks.0.crosstransformer.0.crossatt_rgb.lambda_q_ir2, tfb_blocks.0.crosstransformer.0.crossatt_rgb.lambda_k_ir2, tfb_blocks.0.crosstransformer.0.crossatt_rgb.que_proj_vis.weight, tfb_blocks.0.crosstransformer.0.crossatt_rgb.que_proj_vis.bias, tfb_blocks.0.crosstransformer.0.crossatt_rgb.key_proj_vis.weight, tfb_blocks.0.crosstransformer.0.crossatt_rgb.key_proj_vis.bias, tfb_blocks.0.crosstransformer.0.crossatt_rgb.val_proj_vis.weight, tfb_blocks.0.crosstransformer.0.crossatt_rgb.val_proj_vis.bias, tfb_blocks.0.crosstransformer.0.crossatt_rgb.que_proj_ir.weight, tfb_blocks.0.crosstransformer.0.crossatt_rgb.que_proj_ir.bias, tfb_blocks.0.crosstransformer.0.crossatt_rgb.key_proj_ir.weight, tfb_blocks.0.crosstransformer.0.crossatt_rgb.key_proj_ir.bias, tfb_blocks.0.crosstransformer.0.crossatt_rgb.val_proj_ir.weight, tfb_blocks.0.crosstransformer.0.crossatt_rgb.val_proj_ir.bias, tfb_blocks.0.crosstransformer.0.crossatt_rgb.out_proj_vis.weight, tfb_blocks.0.crosstransformer.0.crossatt_rgb.out_proj_vis.bias, tfb_blocks.0.crosstransformer.0.crossatt_rgb.out_proj_ir.weight, tfb_blocks.0.crosstransformer.0.crossatt_rgb.out_proj_ir.bias, tfb_blocks.0.crosstransformer.0.crossatt_rgb.LN1.weight, tfb_blocks.0.crosstransformer.0.crossatt_rgb.LN1.bias, tfb_blocks.0.crosstransformer.0.crossatt_rgb.LN2.weight, tfb_blocks.0.crosstransformer.0.crossatt_rgb.LN2.bias, tfb_blocks.0.crosstransformer.0.mlp_vis.0.weight, tfb_blocks.0.crosstransformer.0.mlp_vis.0.bias, tfb_blocks.0.crosstransformer.0.mlp_vis.2.weight, tfb_blocks.0.crosstransformer.0.mlp_vis.2.bias, tfb_blocks.0.crosstransformer.0.mlp_ir.0.weight, tfb_blocks.0.crosstransformer.0.mlp_ir.0.bias, tfb_blocks.0.crosstransformer.0.mlp_ir.2.weight, tfb_blocks.0.crosstransformer.0.mlp_ir.2.bias, tfb_blocks.0.crosstransformer.0.mlp.0.weight, tfb_blocks.0.crosstransformer.0.mlp.0.bias, tfb_blocks.0.crosstransformer.0.mlp.2.weight, tfb_blocks.0.crosstransformer.0.mlp.2.bias, tfb_blocks.0.crosstransformer.0.LN1.weight, tfb_blocks.0.crosstransformer.0.LN1.bias, tfb_blocks.0.crosstransformer.0.LN2.weight, tfb_blocks.0.crosstransformer.0.LN2.bias, tfb_blocks.0.crosstransformer.0.coefficient1.bias, tfb_blocks.0.crosstransformer.0.coefficient2.bias, tfb_blocks.0.crosstransformer.0.coefficient3.bias, tfb_blocks.0.crosstransformer.0.coefficient4.bias, tfb_blocks.0.crosstransformer.0.coefficient5.bias, tfb_blocks.0.crosstransformer.0.coefficient6.bias, tfb_blocks.0.crosstransformer.0.coefficient7.bias, tfb_blocks.0.crosstransformer.0.coefficient8.bias, tfb_blocks.0.fused.conv.weight, tfb_blocks.0.conv1x1_out.conv.weight, tfb_blocks.0.conv1x1_out.bn.weight, tfb_blocks.0.conv1x1_out.bn.bias, tfb_blocks.0.conv1x1_out.bn.running_mean, tfb_blocks.0.conv1x1_out.bn.running_var

2025-01-08 16:13:24,869 - mmdet - INFO - Start running, host: ubuntu@ubuntu, work_dir: /home/shen2/zhb/2024_12_13/codino_vit_twostream_640_autoaugv1_train1_IDAF4_FLIR
2025-01-08 16:13:24,869 - mmdet - INFO - Hooks will be executed in the following order:
before_run:
(VERY_HIGH   ) StepLrUpdaterHook                  
(NORMAL      ) CheckpointHook                     
(LOW         ) EvalHook                           
(VERY_LOW    ) TextLoggerHook                     
 -------------------- 
before_train_epoch:
(VERY_HIGH   ) StepLrUpdaterHook                  
(NORMAL      ) NumClassCheckHook                  
(LOW         ) IterTimerHook                      
(LOW         ) EvalHook                           
(VERY_LOW    ) TextLoggerHook                     
 -------------------- 
before_train_iter:
(VERY_HIGH   ) StepLrUpdaterHook                  
(LOW         ) IterTimerHook                      
(LOW         ) EvalHook                           
 -------------------- 
after_train_iter:
(ABOVE_NORMAL) OptimizerHook                      
(NORMAL      ) CheckpointHook                     
(LOW         ) IterTimerHook                      
(LOW         ) EvalHook                           
(VERY_LOW    ) TextLoggerHook                     
 -------------------- 
after_train_epoch:
(NORMAL      ) CheckpointHook                     
(LOW         ) EvalHook                           
(VERY_LOW    ) TextLoggerHook                     
 -------------------- 
before_val_epoch:
(NORMAL      ) NumClassCheckHook                  
(LOW         ) IterTimerHook                      
(VERY_LOW    ) TextLoggerHook                     
 -------------------- 
before_val_iter:
(LOW         ) IterTimerHook                      
 -------------------- 
after_val_iter:
(LOW         ) IterTimerHook                      
 -------------------- 
after_val_epoch:
(VERY_LOW    ) TextLoggerHook                     
 -------------------- 
after_run:
(VERY_LOW    ) TextLoggerHook                     
 -------------------- 
2025-01-08 16:13:24,869 - mmdet - INFO - workflow: [('train', 1)], max: 36 epochs
2025-01-08 16:13:24,870 - mmdet - INFO - Checkpoints will be saved to /home/shen2/zhb/2024_12_13/codino_vit_twostream_640_autoaugv1_train1_IDAF4_FLIR by HardDiskBackend.
2025-01-08 16:39:06,313 - mmdet - INFO - Exp name: codino_vit_twostream_640_autoaugv1_train1.py
2025-01-08 16:39:06,313 - mmdet - INFO - Epoch [1][1000/4129]	lr: 5.000e-06, eta: 2 days, 15:12:56, time: 1.541, data_time: 0.007, memory: 18706, enc_loss_cls: 0.3833, enc_loss_bbox: 0.2260, enc_loss_iou: 0.7623, loss_cls: 0.2268, loss_bbox: 0.2066, loss_iou: 0.7403, d0.loss_cls: 0.3731, d0.loss_bbox: 0.2069, d0.loss_iou: 0.7228, d1.loss_cls: 0.2467, d1.loss_bbox: 0.2180, d1.loss_iou: 0.7728, d2.loss_cls: 0.2359, d2.loss_bbox: 0.2096, d2.loss_iou: 0.7413, d3.loss_cls: 0.2307, d3.loss_bbox: 0.2070, d3.loss_iou: 0.7402, d4.loss_cls: 0.2264, d4.loss_bbox: 0.2057, d4.loss_iou: 0.7390, dn_loss_cls: 0.1954, dn_loss_bbox: 0.0940, dn_loss_iou: 0.3726, d0.dn_loss_cls: 0.3442, d0.dn_loss_bbox: 0.1158, d0.dn_loss_iou: 0.4616, d1.dn_loss_cls: 0.2458, d1.dn_loss_bbox: 0.0980, d1.dn_loss_iou: 0.3948, d2.dn_loss_cls: 0.2234, d2.dn_loss_bbox: 0.0944, d2.dn_loss_iou: 0.3754, d3.dn_loss_cls: 0.2109, d3.dn_loss_bbox: 0.0940, d3.dn_loss_iou: 0.3725, d4.dn_loss_cls: 0.1979, d4.dn_loss_bbox: 0.0940, d4.dn_loss_iou: 0.3724, loss_rpn_cls: 0.3049, loss_rpn_bbox: 0.1726, loss_cls0: 3.4898, acc0: 89.4090, loss_bbox0: 4.3946, loss_cls1: 4.5229, loss_bbox1: 7.6598, loss_centerness1: 7.3117, loss_cls_aux0: 0.2749, loss_bbox_aux0: 0.0382, loss_iou_aux0: 0.1411, d0.loss_cls_aux0: 0.4236, d0.loss_bbox_aux0: 0.1023, d0.loss_iou_aux0: 0.3408, d1.loss_cls_aux0: 0.3604, d1.loss_bbox_aux0: 0.0572, d1.loss_iou_aux0: 0.2011, d2.loss_cls_aux0: 0.2906, d2.loss_bbox_aux0: 0.0439, d2.loss_iou_aux0: 0.1571, d3.loss_cls_aux0: 0.2832, d3.loss_bbox_aux0: 0.0379, d3.loss_iou_aux0: 0.1397, d4.loss_cls_aux0: 0.2702, d4.loss_bbox_aux0: 0.0381, d4.loss_iou_aux0: 0.1405, loss_cls_aux1: 0.1020, loss_bbox_aux1: 0.1590, loss_iou_aux1: 0.5067, d0.loss_cls_aux1: 0.1849, d0.loss_bbox_aux1: 0.2022, d0.loss_iou_aux1: 0.5875, d1.loss_cls_aux1: 0.1455, d1.loss_bbox_aux1: 0.1654, d1.loss_iou_aux1: 0.5223, d2.loss_cls_aux1: 0.1231, d2.loss_bbox_aux1: 0.1604, d2.loss_iou_aux1: 0.5102, d3.loss_cls_aux1: 0.1108, d3.loss_bbox_aux1: 0.1592, d3.loss_iou_aux1: 0.5069, d4.loss_cls_aux1: 0.1005, d4.loss_bbox_aux1: 0.1591, d4.loss_iou_aux1: 0.5067, loss: 49.0875, grad_norm: 537.2398
2025-01-08 17:04:49,101 - mmdet - INFO - Exp name: codino_vit_twostream_640_autoaugv1_train1.py
2025-01-08 17:04:49,102 - mmdet - INFO - Epoch [1][2000/4129]	lr: 5.000e-06, eta: 2 days, 14:48:56, time: 1.543, data_time: 0.005, memory: 18728, enc_loss_cls: 0.1768, enc_loss_bbox: 0.1703, enc_loss_iou: 0.6316, loss_cls: 0.1627, loss_bbox: 0.1500, loss_iou: 0.5882, d0.loss_cls: 0.2079, d0.loss_bbox: 0.1513, d0.loss_iou: 0.5922, d1.loss_cls: 0.1666, d1.loss_bbox: 0.1514, d1.loss_iou: 0.5924, d2.loss_cls: 0.1645, d2.loss_bbox: 0.1490, d2.loss_iou: 0.5861, d3.loss_cls: 0.1586, d3.loss_bbox: 0.1502, d3.loss_iou: 0.5883, d4.loss_cls: 0.1589, d4.loss_bbox: 0.1511, d4.loss_iou: 0.5895, dn_loss_cls: 0.0432, dn_loss_bbox: 0.0651, dn_loss_iou: 0.2787, d0.dn_loss_cls: 0.1062, d0.dn_loss_bbox: 0.0955, d0.dn_loss_iou: 0.3987, d1.dn_loss_cls: 0.0629, d1.dn_loss_bbox: 0.0698, d1.dn_loss_iou: 0.3001, d2.dn_loss_cls: 0.0488, d2.dn_loss_bbox: 0.0657, d2.dn_loss_iou: 0.2815, d3.dn_loss_cls: 0.0426, d3.dn_loss_bbox: 0.0650, d3.dn_loss_iou: 0.2783, d4.dn_loss_cls: 0.0422, d4.dn_loss_bbox: 0.0650, d4.dn_loss_iou: 0.2785, loss_rpn_cls: 0.1248, loss_rpn_bbox: 0.1531, loss_cls0: 2.6211, acc0: 91.4260, loss_bbox0: 4.3117, loss_cls1: 2.6334, loss_bbox1: 6.1066, loss_centerness1: 7.2109, loss_cls_aux0: 0.0444, loss_bbox_aux0: 0.0281, loss_iou_aux0: 0.1135, d0.loss_cls_aux0: 0.0728, d0.loss_bbox_aux0: 0.0886, d0.loss_iou_aux0: 0.3255, d1.loss_cls_aux0: 0.0515, d1.loss_bbox_aux0: 0.0449, d1.loss_iou_aux0: 0.1718, d2.loss_cls_aux0: 0.0446, d2.loss_bbox_aux0: 0.0330, d2.loss_iou_aux0: 0.1288, d3.loss_cls_aux0: 0.0419, d3.loss_bbox_aux0: 0.0279, d3.loss_iou_aux0: 0.1122, d4.loss_cls_aux0: 0.0442, d4.loss_bbox_aux0: 0.0280, d4.loss_iou_aux0: 0.1129, loss_cls_aux1: 0.0264, loss_bbox_aux1: 0.0991, loss_iou_aux1: 0.3834, d0.loss_cls_aux1: 0.0357, d0.loss_bbox_aux1: 0.1356, d0.loss_iou_aux1: 0.4818, d1.loss_cls_aux1: 0.0323, d1.loss_bbox_aux1: 0.1048, d1.loss_iou_aux1: 0.3999, d2.loss_cls_aux1: 0.0278, d2.loss_bbox_aux1: 0.0998, d2.loss_iou_aux1: 0.3864, d3.loss_cls_aux1: 0.0260, d3.loss_bbox_aux1: 0.0990, d3.loss_iou_aux1: 0.3832, d4.loss_cls_aux1: 0.0263, d4.loss_bbox_aux1: 0.0991, d4.loss_iou_aux1: 0.3833, loss: 36.9317, grad_norm: 437.8318
2025-01-08 17:30:32,830 - mmdet - INFO - Exp name: codino_vit_twostream_640_autoaugv1_train1.py
2025-01-08 17:30:32,831 - mmdet - INFO - Epoch [1][3000/4129]	lr: 5.000e-06, eta: 2 days, 14:24:34, time: 1.544, data_time: 0.005, memory: 18728, enc_loss_cls: 0.1730, enc_loss_bbox: 0.1598, enc_loss_iou: 0.6259, loss_cls: 0.1695, loss_bbox: 0.1400, loss_iou: 0.5798, d0.loss_cls: 0.1973, d0.loss_bbox: 0.1441, d0.loss_iou: 0.5914, d1.loss_cls: 0.1705, d1.loss_bbox: 0.1426, d1.loss_iou: 0.5840, d2.loss_cls: 0.1653, d2.loss_bbox: 0.1408, d2.loss_iou: 0.5817, d3.loss_cls: 0.1668, d3.loss_bbox: 0.1391, d3.loss_iou: 0.5787, d4.loss_cls: 0.1677, d4.loss_bbox: 0.1399, d4.loss_iou: 0.5800, dn_loss_cls: 0.0425, dn_loss_bbox: 0.0622, dn_loss_iou: 0.2785, d0.dn_loss_cls: 0.0992, d0.dn_loss_bbox: 0.0913, d0.dn_loss_iou: 0.3996, d1.dn_loss_cls: 0.0602, d1.dn_loss_bbox: 0.0666, d1.dn_loss_iou: 0.2998, d2.dn_loss_cls: 0.0477, d2.dn_loss_bbox: 0.0628, d2.dn_loss_iou: 0.2814, d3.dn_loss_cls: 0.0422, d3.dn_loss_bbox: 0.0621, d3.dn_loss_iou: 0.2780, d4.dn_loss_cls: 0.0416, d4.dn_loss_bbox: 0.0621, d4.dn_loss_iou: 0.2782, loss_rpn_cls: 0.1120, loss_rpn_bbox: 0.1520, loss_cls0: 2.5404, acc0: 91.7451, loss_bbox0: 4.1633, loss_cls1: 2.5697, loss_bbox1: 6.2450, loss_centerness1: 7.2510, loss_cls_aux0: 0.0420, loss_bbox_aux0: 0.0277, loss_iou_aux0: 0.1131, d0.loss_cls_aux0: 0.0664, d0.loss_bbox_aux0: 0.0843, d0.loss_iou_aux0: 0.3206, d1.loss_cls_aux0: 0.0472, d1.loss_bbox_aux0: 0.0439, d1.loss_iou_aux0: 0.1727, d2.loss_cls_aux0: 0.0419, d2.loss_bbox_aux0: 0.0321, d2.loss_iou_aux0: 0.1273, d3.loss_cls_aux0: 0.0411, d3.loss_bbox_aux0: 0.0275, d3.loss_iou_aux0: 0.1116, d4.loss_cls_aux0: 0.0407, d4.loss_bbox_aux0: 0.0276, d4.loss_iou_aux0: 0.1123, loss_cls_aux1: 0.0266, loss_bbox_aux1: 0.0988, loss_iou_aux1: 0.3995, d0.loss_cls_aux1: 0.0347, d0.loss_bbox_aux1: 0.1301, d0.loss_iou_aux1: 0.4889, d1.loss_cls_aux1: 0.0328, d1.loss_bbox_aux1: 0.1045, d1.loss_iou_aux1: 0.4154, d2.loss_cls_aux1: 0.0286, d2.loss_bbox_aux1: 0.0995, d2.loss_iou_aux1: 0.4023, d3.loss_cls_aux1: 0.0272, d3.loss_bbox_aux1: 0.0988, d3.loss_iou_aux1: 0.3994, d4.loss_cls_aux1: 0.0266, d4.loss_bbox_aux1: 0.0988, d4.loss_iou_aux1: 0.3994, loss: 36.7193, grad_norm: 416.0125
2025-01-08 17:56:13,935 - mmdet - INFO - Exp name: codino_vit_twostream_640_autoaugv1_train1.py
2025-01-08 17:56:13,935 - mmdet - INFO - Epoch [1][4000/4129]	lr: 5.000e-06, eta: 2 days, 13:57:56, time: 1.541, data_time: 0.005, memory: 18728, enc_loss_cls: 0.1893, enc_loss_bbox: 0.1603, enc_loss_iou: 0.6013, loss_cls: 0.1639, loss_bbox: 0.1429, loss_iou: 0.5654, d0.loss_cls: 0.2074, d0.loss_bbox: 0.1457, d0.loss_iou: 0.5720, d1.loss_cls: 0.1720, d1.loss_bbox: 0.1451, d1.loss_iou: 0.5706, d2.loss_cls: 0.1637, d2.loss_bbox: 0.1437, d2.loss_iou: 0.5673, d3.loss_cls: 0.1637, d3.loss_bbox: 0.1419, d3.loss_iou: 0.5634, d4.loss_cls: 0.1636, d4.loss_bbox: 0.1429, d4.loss_iou: 0.5647, dn_loss_cls: 0.0375, dn_loss_bbox: 0.0637, dn_loss_iou: 0.2714, d0.dn_loss_cls: 0.0889, d0.dn_loss_bbox: 0.0937, d0.dn_loss_iou: 0.3936, d1.dn_loss_cls: 0.0529, d1.dn_loss_bbox: 0.0682, d1.dn_loss_iou: 0.2930, d2.dn_loss_cls: 0.0426, d2.dn_loss_bbox: 0.0644, d2.dn_loss_iou: 0.2745, d3.dn_loss_cls: 0.0375, d3.dn_loss_bbox: 0.0637, d3.dn_loss_iou: 0.2711, d4.dn_loss_cls: 0.0366, d4.dn_loss_bbox: 0.0637, d4.dn_loss_iou: 0.2714, loss_rpn_cls: 0.1098, loss_rpn_bbox: 0.1504, loss_cls0: 2.5334, acc0: 91.5824, loss_bbox0: 4.1813, loss_cls1: 2.4227, loss_bbox1: 5.9529, loss_centerness1: 7.2542, loss_cls_aux0: 0.0338, loss_bbox_aux0: 0.0282, loss_iou_aux0: 0.1086, d0.loss_cls_aux0: 0.0506, d0.loss_bbox_aux0: 0.0878, d0.loss_iou_aux0: 0.3176, d1.loss_cls_aux0: 0.0383, d1.loss_bbox_aux0: 0.0447, d1.loss_iou_aux0: 0.1658, d2.loss_cls_aux0: 0.0350, d2.loss_bbox_aux0: 0.0322, d2.loss_iou_aux0: 0.1215, d3.loss_cls_aux0: 0.0334, d3.loss_bbox_aux0: 0.0280, d3.loss_iou_aux0: 0.1072, d4.loss_cls_aux0: 0.0324, d4.loss_bbox_aux0: 0.0281, d4.loss_iou_aux0: 0.1079, loss_cls_aux1: 0.0276, loss_bbox_aux1: 0.0990, loss_iou_aux1: 0.3835, d0.loss_cls_aux1: 0.0303, d0.loss_bbox_aux1: 0.1330, d0.loss_iou_aux1: 0.4741, d1.loss_cls_aux1: 0.0300, d1.loss_bbox_aux1: 0.1057, d1.loss_iou_aux1: 0.3993, d2.loss_cls_aux1: 0.0277, d2.loss_bbox_aux1: 0.1000, d2.loss_iou_aux1: 0.3860, d3.loss_cls_aux1: 0.0269, d3.loss_bbox_aux1: 0.0989, d3.loss_iou_aux1: 0.3832, d4.loss_cls_aux1: 0.0269, d4.loss_bbox_aux1: 0.0990, d4.loss_iou_aux1: 0.3834, loss: 35.9599, grad_norm: 380.1558
2025-01-08 17:59:32,581 - mmdet - INFO - Saving checkpoint at 1 epochs
2025-01-08 18:05:40,088 - mmdet - INFO - Evaluating bbox...
2025-01-08 18:06:51,351 - mmdet - INFO - 
 Average Precision  (AP) @[ IoU=0.50:0.95 | area=   all | maxDets=100 ] = 0.470
 Average Precision  (AP) @[ IoU=0.50      | area=   all | maxDets=1000 ] = 0.855
 Average Precision  (AP) @[ IoU=0.75      | area=   all | maxDets=1000 ] = 0.424
 Average Precision  (AP) @[ IoU=0.50:0.95 | area= small | maxDets=1000 ] = 0.336
 Average Precision  (AP) @[ IoU=0.50:0.95 | area=medium | maxDets=1000 ] = 0.528
 Average Precision  (AP) @[ IoU=0.50:0.95 | area= large | maxDets=1000 ] = 0.689
 Average Recall     (AR) @[ IoU=0.50:0.95 | area=   all | maxDets=100 ] = 0.584
 Average Recall     (AR) @[ IoU=0.50:0.95 | area=   all | maxDets=300 ] = 0.586
 Average Recall     (AR) @[ IoU=0.50:0.95 | area=   all | maxDets=1000 ] = 0.586
 Average Recall     (AR) @[ IoU=0.50:0.95 | area= small | maxDets=1000 ] = 0.492
 Average Recall     (AR) @[ IoU=0.50:0.95 | area=medium | maxDets=1000 ] = 0.629
 Average Recall     (AR) @[ IoU=0.50:0.95 | area= large | maxDets=1000 ] = 0.797

2025-01-08 18:06:51,352 - mmdet - INFO - 
+----------+-------+--------+--------+-------+-------+-------+
| category | mAP   | mAP_50 | mAP_75 | mAP_s | mAP_m | mAP_l |
+----------+-------+--------+--------+-------+-------+-------+
| person   | 0.486 | 0.881  | 0.462  | 0.344 | 0.553 | 0.771 |
| car      | 0.612 | 0.92   | 0.671  | 0.394 | 0.67  | 0.885 |
| bicycle  | 0.313 | 0.765  | 0.14   | 0.268 | 0.362 | 0.411 |
+----------+-------+--------+--------+-------+-------+-------+
2025-01-08 18:07:12,340 - mmdet - INFO - Now best checkpoint is saved as best_bbox_mAP_50_epoch_1.pth.
2025-01-08 18:07:12,341 - mmdet - INFO - Best bbox_mAP_50 is 0.8550 at 1 epoch.
2025-01-08 18:07:12,341 - mmdet - INFO - Exp name: codino_vit_twostream_640_autoaugv1_train1.py
2025-01-08 18:07:12,341 - mmdet - INFO - Epoch(val) [1][1013]	person_precision: 0.4860, car_precision: 0.6120, bicycle_precision: 0.3130, bbox_mAP: 0.4700, bbox_mAP_50: 0.8550, bbox_mAP_75: 0.4240, bbox_mAP_s: 0.3360, bbox_mAP_m: 0.5280, bbox_mAP_l: 0.6890, bbox_mAP_copypaste: 0.470 0.855 0.424 0.336 0.528 0.689
2025-01-08 18:32:54,289 - mmdet - INFO - Epoch [2][1000/4129]	lr: 5.000e-06, eta: 2 days, 11:55:58, time: 1.542, data_time: 0.008, memory: 18728, enc_loss_cls: 0.1758, enc_loss_bbox: 0.1506, enc_loss_iou: 0.5796, loss_cls: 0.1419, loss_bbox: 0.1431, loss_iou: 0.5626, d0.loss_cls: 0.1957, d0.loss_bbox: 0.1378, d0.loss_iou: 0.5500, d1.loss_cls: 0.1585, d1.loss_bbox: 0.1388, d1.loss_iou: 0.5528, d2.loss_cls: 0.1485, d2.loss_bbox: 0.1397, d2.loss_iou: 0.5559, d3.loss_cls: 0.1444, d3.loss_bbox: 0.1419, d3.loss_iou: 0.5586, d4.loss_cls: 0.1382, d4.loss_bbox: 0.1444, d4.loss_iou: 0.5680, dn_loss_cls: 0.0346, dn_loss_bbox: 0.0632, dn_loss_iou: 0.2675, d0.dn_loss_cls: 0.0807, d0.dn_loss_bbox: 0.0926, d0.dn_loss_iou: 0.3862, d1.dn_loss_cls: 0.0478, d1.dn_loss_bbox: 0.0678, d1.dn_loss_iou: 0.2881, d2.dn_loss_cls: 0.0387, d2.dn_loss_bbox: 0.0639, d2.dn_loss_iou: 0.2705, d3.dn_loss_cls: 0.0337, d3.dn_loss_bbox: 0.0632, d3.dn_loss_iou: 0.2671, d4.dn_loss_cls: 0.0336, d4.dn_loss_bbox: 0.0632, d4.dn_loss_iou: 0.2674, loss_rpn_cls: 0.0997, loss_rpn_bbox: 0.1460, loss_cls0: 2.4584, acc0: 91.7166, loss_bbox0: 4.1799, loss_cls1: 2.3485, loss_bbox1: 5.7994, loss_centerness1: 7.2592, loss_cls_aux0: 0.0304, loss_bbox_aux0: 0.0277, loss_iou_aux0: 0.1085, d0.loss_cls_aux0: 0.0451, d0.loss_bbox_aux0: 0.0861, d0.loss_iou_aux0: 0.3123, d1.loss_cls_aux0: 0.0358, d1.loss_bbox_aux0: 0.0428, d1.loss_iou_aux0: 0.1634, d2.loss_cls_aux0: 0.0315, d2.loss_bbox_aux0: 0.0320, d2.loss_iou_aux0: 0.1225, d3.loss_cls_aux0: 0.0297, d3.loss_bbox_aux0: 0.0276, d3.loss_iou_aux0: 0.1072, d4.loss_cls_aux0: 0.0298, d4.loss_bbox_aux0: 0.0276, d4.loss_iou_aux0: 0.1078, loss_cls_aux1: 0.0223, loss_bbox_aux1: 0.0957, loss_iou_aux1: 0.3693, d0.loss_cls_aux1: 0.0263, d0.loss_bbox_aux1: 0.1285, d0.loss_iou_aux1: 0.4605, d1.loss_cls_aux1: 0.0242, d1.loss_bbox_aux1: 0.1019, d1.loss_iou_aux1: 0.3860, d2.loss_cls_aux1: 0.0232, d2.loss_bbox_aux1: 0.0965, d2.loss_iou_aux1: 0.3723, d3.loss_cls_aux1: 0.0220, d3.loss_bbox_aux1: 0.0957, d3.loss_iou_aux1: 0.3692, d4.loss_cls_aux1: 0.0215, d4.loss_bbox_aux1: 0.0957, d4.loss_iou_aux1: 0.3693, loss: 35.1959, grad_norm: 396.2228
2025-01-08 18:58:33,325 - mmdet - INFO - Epoch [2][2000/4129]	lr: 5.000e-06, eta: 2 days, 11:44:43, time: 1.539, data_time: 0.006, memory: 18728, enc_loss_cls: 0.1692, enc_loss_bbox: 0.1444, enc_loss_iou: 0.5755, loss_cls: 0.1324, loss_bbox: 0.1379, loss_iou: 0.5698, d0.loss_cls: 0.1933, d0.loss_bbox: 0.1319, d0.loss_iou: 0.5463, d1.loss_cls: 0.1568, d1.loss_bbox: 0.1330, d1.loss_iou: 0.5528, d2.loss_cls: 0.1377, d2.loss_bbox: 0.1356, d2.loss_iou: 0.5641, d3.loss_cls: 0.1308, d3.loss_bbox: 0.1374, d3.loss_iou: 0.5712, d4.loss_cls: 0.1297, d4.loss_bbox: 0.1378, d4.loss_iou: 0.5717, dn_loss_cls: 0.0346, dn_loss_bbox: 0.0576, dn_loss_iou: 0.2642, d0.dn_loss_cls: 0.0818, d0.dn_loss_bbox: 0.0844, d0.dn_loss_iou: 0.3813, d1.dn_loss_cls: 0.0473, d1.dn_loss_bbox: 0.0615, d1.dn_loss_iou: 0.2840, d2.dn_loss_cls: 0.0378, d2.dn_loss_bbox: 0.0582, d2.dn_loss_iou: 0.2673, d3.dn_loss_cls: 0.0339, d3.dn_loss_bbox: 0.0575, d3.dn_loss_iou: 0.2637, d4.dn_loss_cls: 0.0339, d4.dn_loss_bbox: 0.0575, d4.dn_loss_iou: 0.2639, loss_rpn_cls: 0.1036, loss_rpn_bbox: 0.1417, loss_cls0: 2.3891, acc0: 92.0488, loss_bbox0: 4.0289, loss_cls1: 2.3581, loss_bbox1: 5.7238, loss_centerness1: 7.1914, loss_cls_aux0: 0.0385, loss_bbox_aux0: 0.0246, loss_iou_aux0: 0.1023, d0.loss_cls_aux0: 0.0546, d0.loss_bbox_aux0: 0.0760, d0.loss_iou_aux0: 0.3020, d1.loss_cls_aux0: 0.0449, d1.loss_bbox_aux0: 0.0375, d1.loss_iou_aux0: 0.1539, d2.loss_cls_aux0: 0.0395, d2.loss_bbox_aux0: 0.0284, d2.loss_iou_aux0: 0.1165, d3.loss_cls_aux0: 0.0369, d3.loss_bbox_aux0: 0.0244, d3.loss_iou_aux0: 0.1011, d4.loss_cls_aux0: 0.0370, d4.loss_bbox_aux0: 0.0245, d4.loss_iou_aux0: 0.1017, loss_cls_aux1: 0.0256, loss_bbox_aux1: 0.0883, loss_iou_aux1: 0.3653, d0.loss_cls_aux1: 0.0292, d0.loss_bbox_aux1: 0.1169, d0.loss_iou_aux1: 0.4506, d1.loss_cls_aux1: 0.0282, d1.loss_bbox_aux1: 0.0931, d1.loss_iou_aux1: 0.3796, d2.loss_cls_aux1: 0.0254, d2.loss_bbox_aux1: 0.0892, d2.loss_iou_aux1: 0.3684, d3.loss_cls_aux1: 0.0245, d3.loss_bbox_aux1: 0.0883, d3.loss_iou_aux1: 0.3652, d4.loss_cls_aux1: 0.0247, d4.loss_bbox_aux1: 0.0883, d4.loss_iou_aux1: 0.3653, loss: 34.6265, grad_norm: 442.8889
2025-01-08 19:23:59,685 - mmdet - INFO - Epoch [2][3000/4129]	lr: 5.000e-06, eta: 2 days, 11:25:14, time: 1.526, data_time: 0.004, memory: 18728, enc_loss_cls: 0.1667, enc_loss_bbox: 0.1358, enc_loss_iou: 0.5419, loss_cls: 0.1359, loss_bbox: 0.1271, loss_iou: 0.5263, d0.loss_cls: 0.1850, d0.loss_bbox: 0.1250, d0.loss_iou: 0.5195, d1.loss_cls: 0.1547, d1.loss_bbox: 0.1258, d1.loss_iou: 0.5205, d2.loss_cls: 0.1424, d2.loss_bbox: 0.1258, d2.loss_iou: 0.5214, d3.loss_cls: 0.1366, d3.loss_bbox: 0.1274, d3.loss_iou: 0.5275, d4.loss_cls: 0.1362, d4.loss_bbox: 0.1270, d4.loss_iou: 0.5264, dn_loss_cls: 0.0275, dn_loss_bbox: 0.0581, dn_loss_iou: 0.2559, d0.dn_loss_cls: 0.0706, d0.dn_loss_bbox: 0.0855, d0.dn_loss_iou: 0.3718, d1.dn_loss_cls: 0.0390, d1.dn_loss_bbox: 0.0621, d1.dn_loss_iou: 0.2745, d2.dn_loss_cls: 0.0306, d2.dn_loss_bbox: 0.0588, d2.dn_loss_iou: 0.2584, d3.dn_loss_cls: 0.0270, d3.dn_loss_bbox: 0.0581, d3.dn_loss_iou: 0.2554, d4.dn_loss_cls: 0.0270, d4.dn_loss_bbox: 0.0580, d4.dn_loss_iou: 0.2559, loss_rpn_cls: 0.0955, loss_rpn_bbox: 0.1504, loss_cls0: 2.4785, acc0: 91.6088, loss_bbox0: 4.1996, loss_cls1: 2.1686, loss_bbox1: 5.5434, loss_centerness1: 7.1934, loss_cls_aux0: 0.0350, loss_bbox_aux0: 0.0246, loss_iou_aux0: 0.1017, d0.loss_cls_aux0: 0.0328, d0.loss_bbox_aux0: 0.0781, d0.loss_iou_aux0: 0.3065, d1.loss_cls_aux0: 0.0274, d1.loss_bbox_aux0: 0.0391, d1.loss_iou_aux0: 0.1532, d2.loss_cls_aux0: 0.0257, d2.loss_bbox_aux0: 0.0287, d2.loss_iou_aux0: 0.1137, d3.loss_cls_aux0: 0.0269, d3.loss_bbox_aux0: 0.0244, d3.loss_iou_aux0: 0.1005, d4.loss_cls_aux0: 0.0333, d4.loss_bbox_aux0: 0.0245, d4.loss_iou_aux0: 0.1011, loss_cls_aux1: 0.0187, loss_bbox_aux1: 0.0830, loss_iou_aux1: 0.3432, d0.loss_cls_aux1: 0.0223, d0.loss_bbox_aux1: 0.1102, d0.loss_iou_aux1: 0.4259, d1.loss_cls_aux1: 0.0207, d1.loss_bbox_aux1: 0.0874, d1.loss_iou_aux1: 0.3566, d2.loss_cls_aux1: 0.0182, d2.loss_bbox_aux1: 0.0836, d2.loss_iou_aux1: 0.3455, d3.loss_cls_aux1: 0.0172, d3.loss_bbox_aux1: 0.0830, d3.loss_iou_aux1: 0.3430, d4.loss_cls_aux1: 0.0178, d4.loss_bbox_aux1: 0.0830, d4.loss_iou_aux1: 0.3431, loss: 33.8181, grad_norm: 419.4666
2025-01-08 19:49:25,257 - mmdet - INFO - Epoch [2][4000/4129]	lr: 5.000e-06, eta: 2 days, 11:04:04, time: 1.526, data_time: 0.004, memory: 18728, enc_loss_cls: 0.1648, enc_loss_bbox: 0.1420, enc_loss_iou: 0.5538, loss_cls: 0.1372, loss_bbox: 0.1300, loss_iou: 0.5301, d0.loss_cls: 0.1810, d0.loss_bbox: 0.1291, d0.loss_iou: 0.5265, d1.loss_cls: 0.1588, d1.loss_bbox: 0.1263, d1.loss_iou: 0.5214, d2.loss_cls: 0.1458, d2.loss_bbox: 0.1268, d2.loss_iou: 0.5225, d3.loss_cls: 0.1355, d3.loss_bbox: 0.1297, d3.loss_iou: 0.5300, d4.loss_cls: 0.1363, d4.loss_bbox: 0.1295, d4.loss_iou: 0.5294, dn_loss_cls: 0.0299, dn_loss_bbox: 0.0590, dn_loss_iou: 0.2549, d0.dn_loss_cls: 0.0735, d0.dn_loss_bbox: 0.0873, d0.dn_loss_iou: 0.3702, d1.dn_loss_cls: 0.0412, d1.dn_loss_bbox: 0.0634, d1.dn_loss_iou: 0.2746, d2.dn_loss_cls: 0.0339, d2.dn_loss_bbox: 0.0595, d2.dn_loss_iou: 0.2574, d3.dn_loss_cls: 0.0298, d3.dn_loss_bbox: 0.0589, d3.dn_loss_iou: 0.2544, d4.dn_loss_cls: 0.0297, d4.dn_loss_bbox: 0.0590, d4.dn_loss_iou: 0.2547, loss_rpn_cls: 0.0896, loss_rpn_bbox: 0.1417, loss_cls0: 2.3940, acc0: 92.0676, loss_bbox0: 4.0434, loss_cls1: 2.2312, loss_bbox1: 5.5512, loss_centerness1: 7.1418, loss_cls_aux0: 0.0290, loss_bbox_aux0: 0.0252, loss_iou_aux0: 0.1007, d0.loss_cls_aux0: 0.0411, d0.loss_bbox_aux0: 0.0782, d0.loss_iou_aux0: 0.3024, d1.loss_cls_aux0: 0.0320, d1.loss_bbox_aux0: 0.0384, d1.loss_iou_aux0: 0.1510, d2.loss_cls_aux0: 0.0304, d2.loss_bbox_aux0: 0.0283, d2.loss_iou_aux0: 0.1118, d3.loss_cls_aux0: 0.0280, d3.loss_bbox_aux0: 0.0251, d3.loss_iou_aux0: 0.0994, d4.loss_cls_aux0: 0.0284, d4.loss_bbox_aux0: 0.0251, d4.loss_iou_aux0: 0.1000, loss_cls_aux1: 0.0209, loss_bbox_aux1: 0.0873, loss_iou_aux1: 0.3491, d0.loss_cls_aux1: 0.0250, d0.loss_bbox_aux1: 0.1191, d0.loss_iou_aux1: 0.4358, d1.loss_cls_aux1: 0.0241, d1.loss_bbox_aux1: 0.0925, d1.loss_iou_aux1: 0.3641, d2.loss_cls_aux1: 0.0220, d2.loss_bbox_aux1: 0.0885, d2.loss_iou_aux1: 0.3520, d3.loss_cls_aux1: 0.0199, d3.loss_bbox_aux1: 0.0872, d3.loss_iou_aux1: 0.3489, d4.loss_cls_aux1: 0.0203, d4.loss_bbox_aux1: 0.0873, d4.loss_iou_aux1: 0.3490, loss: 33.7379, grad_norm: 363.7078
2025-01-08 19:52:42,461 - mmdet - INFO - Saving checkpoint at 2 epochs
2025-01-08 19:58:45,921 - mmdet - INFO - Evaluating bbox...
2025-01-08 19:59:53,596 - mmdet - INFO - 
 Average Precision  (AP) @[ IoU=0.50:0.95 | area=   all | maxDets=100 ] = 0.459
 Average Precision  (AP) @[ IoU=0.50      | area=   all | maxDets=1000 ] = 0.846
 Average Precision  (AP) @[ IoU=0.75      | area=   all | maxDets=1000 ] = 0.406
 Average Precision  (AP) @[ IoU=0.50:0.95 | area= small | maxDets=1000 ] = 0.323
 Average Precision  (AP) @[ IoU=0.50:0.95 | area=medium | maxDets=1000 ] = 0.524
 Average Precision  (AP) @[ IoU=0.50:0.95 | area= large | maxDets=1000 ] = 0.694
 Average Recall     (AR) @[ IoU=0.50:0.95 | area=   all | maxDets=100 ] = 0.583
 Average Recall     (AR) @[ IoU=0.50:0.95 | area=   all | maxDets=300 ] = 0.590
 Average Recall     (AR) @[ IoU=0.50:0.95 | area=   all | maxDets=1000 ] = 0.590
 Average Recall     (AR) @[ IoU=0.50:0.95 | area= small | maxDets=1000 ] = 0.492
 Average Recall     (AR) @[ IoU=0.50:0.95 | area=medium | maxDets=1000 ] = 0.636
 Average Recall     (AR) @[ IoU=0.50:0.95 | area= large | maxDets=1000 ] = 0.810

2025-01-08 19:59:53,596 - mmdet - INFO - 
+----------+-------+--------+--------+-------+-------+-------+
| category | mAP   | mAP_50 | mAP_75 | mAP_s | mAP_m | mAP_l |
+----------+-------+--------+--------+-------+-------+-------+
| person   | 0.454 | 0.877  | 0.398  | 0.305 | 0.534 | 0.759 |
| car      | 0.608 | 0.922  | 0.657  | 0.389 | 0.667 | 0.897 |
| bicycle  | 0.316 | 0.74   | 0.162  | 0.273 | 0.372 | 0.425 |
+----------+-------+--------+--------+-------+-------+-------+
2025-01-08 19:59:54,140 - mmdet - INFO - Exp name: codino_vit_twostream_640_autoaugv1_train1.py
2025-01-08 19:59:54,140 - mmdet - INFO - Epoch(val) [2][1013]	person_precision: 0.4540, car_precision: 0.6080, bicycle_precision: 0.3160, bbox_mAP: 0.4590, bbox_mAP_50: 0.8460, bbox_mAP_75: 0.4060, bbox_mAP_s: 0.3230, bbox_mAP_m: 0.5240, bbox_mAP_l: 0.6940, bbox_mAP_copypaste: 0.459 0.846 0.406 0.323 0.524 0.694
2025-01-08 20:25:21,574 - mmdet - INFO - Epoch [3][1000/4129]	lr: 5.000e-06, eta: 2 days, 9:50:08, time: 1.527, data_time: 0.007, memory: 18728, enc_loss_cls: 0.1622, enc_loss_bbox: 0.1445, enc_loss_iou: 0.5448, loss_cls: 0.1325, loss_bbox: 0.1330, loss_iou: 0.5250, d0.loss_cls: 0.1846, d0.loss_bbox: 0.1313, d0.loss_iou: 0.5204, d1.loss_cls: 0.1457, d1.loss_bbox: 0.1323, d1.loss_iou: 0.5229, d2.loss_cls: 0.1366, d2.loss_bbox: 0.1321, d2.loss_iou: 0.5216, d3.loss_cls: 0.1352, d3.loss_bbox: 0.1320, d3.loss_iou: 0.5227, d4.loss_cls: 0.1319, d4.loss_bbox: 0.1327, d4.loss_iou: 0.5257, dn_loss_cls: 0.0287, dn_loss_bbox: 0.0609, dn_loss_iou: 0.2549, d0.dn_loss_cls: 0.0692, d0.dn_loss_bbox: 0.0900, d0.dn_loss_iou: 0.3706, d1.dn_loss_cls: 0.0395, d1.dn_loss_bbox: 0.0651, d1.dn_loss_iou: 0.2738, d2.dn_loss_cls: 0.0320, d2.dn_loss_bbox: 0.0615, d2.dn_loss_iou: 0.2575, d3.dn_loss_cls: 0.0285, d3.dn_loss_bbox: 0.0608, d3.dn_loss_iou: 0.2546, d4.dn_loss_cls: 0.0284, d4.dn_loss_bbox: 0.0609, d4.dn_loss_iou: 0.2547, loss_rpn_cls: 0.0804, loss_rpn_bbox: 0.1353, loss_cls0: 2.3076, acc0: 92.3176, loss_bbox0: 4.0476, loss_cls1: 2.1561, loss_bbox1: 5.5338, loss_centerness1: 7.1780, loss_cls_aux0: 0.0363, loss_bbox_aux0: 0.0244, loss_iou_aux0: 0.0980, d0.loss_cls_aux0: 0.0384, d0.loss_bbox_aux0: 0.0804, d0.loss_iou_aux0: 0.3029, d1.loss_cls_aux0: 0.0343, d1.loss_bbox_aux0: 0.0380, d1.loss_iou_aux0: 0.1483, d2.loss_cls_aux0: 0.0336, d2.loss_bbox_aux0: 0.0285, d2.loss_iou_aux0: 0.1117, d3.loss_cls_aux0: 0.0343, d3.loss_bbox_aux0: 0.0243, d3.loss_iou_aux0: 0.0967, d4.loss_cls_aux0: 0.0362, d4.loss_bbox_aux0: 0.0244, d4.loss_iou_aux0: 0.0973, loss_cls_aux1: 0.0179, loss_bbox_aux1: 0.0915, loss_iou_aux1: 0.3500, d0.loss_cls_aux1: 0.0202, d0.loss_bbox_aux1: 0.1215, d0.loss_iou_aux1: 0.4350, d1.loss_cls_aux1: 0.0188, d1.loss_bbox_aux1: 0.0967, d1.loss_iou_aux1: 0.3648, d2.loss_cls_aux1: 0.0182, d2.loss_bbox_aux1: 0.0925, d2.loss_iou_aux1: 0.3523, d3.loss_cls_aux1: 0.0171, d3.loss_bbox_aux1: 0.0915, d3.loss_iou_aux1: 0.3498, d4.loss_cls_aux1: 0.0172, d4.loss_bbox_aux1: 0.0915, d4.loss_iou_aux1: 0.3499, loss: 33.5643, grad_norm: 332.5738
2025-01-08 20:50:48,739 - mmdet - INFO - Epoch [3][2000/4129]	lr: 5.000e-06, eta: 2 days, 9:32:45, time: 1.527, data_time: 0.005, memory: 18728, enc_loss_cls: 0.1566, enc_loss_bbox: 0.1359, enc_loss_iou: 0.5616, loss_cls: 0.1387, loss_bbox: 0.1271, loss_iou: 0.5411, d0.loss_cls: 0.1761, d0.loss_bbox: 0.1250, d0.loss_iou: 0.5347, d1.loss_cls: 0.1495, d1.loss_bbox: 0.1252, d1.loss_iou: 0.5341, d2.loss_cls: 0.1425, d2.loss_bbox: 0.1251, d2.loss_iou: 0.5366, d3.loss_cls: 0.1360, d3.loss_bbox: 0.1283, d3.loss_iou: 0.5440, d4.loss_cls: 0.1387, d4.loss_bbox: 0.1280, d4.loss_iou: 0.5413, dn_loss_cls: 0.0314, dn_loss_bbox: 0.0581, dn_loss_iou: 0.2592, d0.dn_loss_cls: 0.0734, d0.dn_loss_bbox: 0.0853, d0.dn_loss_iou: 0.3759, d1.dn_loss_cls: 0.0420, d1.dn_loss_bbox: 0.0622, d1.dn_loss_iou: 0.2781, d2.dn_loss_cls: 0.0344, d2.dn_loss_bbox: 0.0587, d2.dn_loss_iou: 0.2620, d3.dn_loss_cls: 0.0313, d3.dn_loss_bbox: 0.0581, d3.dn_loss_iou: 0.2589, d4.dn_loss_cls: 0.0306, d4.dn_loss_bbox: 0.0581, d4.dn_loss_iou: 0.2591, loss_rpn_cls: 0.0876, loss_rpn_bbox: 0.1447, loss_cls0: 2.3785, acc0: 92.0506, loss_bbox0: 4.0836, loss_cls1: 2.2817, loss_bbox1: 5.5058, loss_centerness1: 7.2191, loss_cls_aux0: 0.0335, loss_bbox_aux0: 0.0233, loss_iou_aux0: 0.0978, d0.loss_cls_aux0: 0.0461, d0.loss_bbox_aux0: 0.0780, d0.loss_iou_aux0: 0.3088, d1.loss_cls_aux0: 0.0341, d1.loss_bbox_aux0: 0.0375, d1.loss_iou_aux0: 0.1508, d2.loss_cls_aux0: 0.0320, d2.loss_bbox_aux0: 0.0268, d2.loss_iou_aux0: 0.1098, d3.loss_cls_aux0: 0.0311, d3.loss_bbox_aux0: 0.0231, d3.loss_iou_aux0: 0.0965, d4.loss_cls_aux0: 0.0315, d4.loss_bbox_aux0: 0.0232, d4.loss_iou_aux0: 0.0972, loss_cls_aux1: 0.0220, loss_bbox_aux1: 0.0829, loss_iou_aux1: 0.3455, d0.loss_cls_aux1: 0.0266, d0.loss_bbox_aux1: 0.1116, d0.loss_iou_aux1: 0.4315, d1.loss_cls_aux1: 0.0242, d1.loss_bbox_aux1: 0.0877, d1.loss_iou_aux1: 0.3600, d2.loss_cls_aux1: 0.0222, d2.loss_bbox_aux1: 0.0838, d2.loss_iou_aux1: 0.3479, d3.loss_cls_aux1: 0.0211, d3.loss_bbox_aux1: 0.0828, d3.loss_iou_aux1: 0.3453, d4.loss_cls_aux1: 0.0209, d4.loss_bbox_aux1: 0.0829, d4.loss_iou_aux1: 0.3454, loss: 33.8690, grad_norm: 342.7805
2025-01-08 21:16:15,121 - mmdet - INFO - Epoch [3][3000/4129]	lr: 5.000e-06, eta: 2 days, 9:13:46, time: 1.526, data_time: 0.005, memory: 18728, enc_loss_cls: 0.1551, enc_loss_bbox: 0.1338, enc_loss_iou: 0.5633, loss_cls: 0.1357, loss_bbox: 0.1253, loss_iou: 0.5436, d0.loss_cls: 0.1760, d0.loss_bbox: 0.1236, d0.loss_iou: 0.5384, d1.loss_cls: 0.1491, d1.loss_bbox: 0.1222, d1.loss_iou: 0.5360, d2.loss_cls: 0.1430, d2.loss_bbox: 0.1225, d2.loss_iou: 0.5373, d3.loss_cls: 0.1356, d3.loss_bbox: 0.1257, d3.loss_iou: 0.5447, d4.loss_cls: 0.1357, d4.loss_bbox: 0.1249, d4.loss_iou: 0.5442, dn_loss_cls: 0.0276, dn_loss_bbox: 0.0558, dn_loss_iou: 0.2564, d0.dn_loss_cls: 0.0726, d0.dn_loss_bbox: 0.0826, d0.dn_loss_iou: 0.3749, d1.dn_loss_cls: 0.0394, d1.dn_loss_bbox: 0.0596, d1.dn_loss_iou: 0.2760, d2.dn_loss_cls: 0.0316, d2.dn_loss_bbox: 0.0564, d2.dn_loss_iou: 0.2592, d3.dn_loss_cls: 0.0277, d3.dn_loss_bbox: 0.0558, d3.dn_loss_iou: 0.2560, d4.dn_loss_cls: 0.0273, d4.dn_loss_bbox: 0.0558, d4.dn_loss_iou: 0.2568, loss_rpn_cls: 0.0828, loss_rpn_bbox: 0.1445, loss_cls0: 2.3289, acc0: 92.1613, loss_bbox0: 4.0507, loss_cls1: 2.1515, loss_bbox1: 5.5147, loss_centerness1: 7.1491, loss_cls_aux0: 0.0249, loss_bbox_aux0: 0.0222, loss_iou_aux0: 0.0954, d0.loss_cls_aux0: 0.0440, d0.loss_bbox_aux0: 0.0750, d0.loss_iou_aux0: 0.3018, d1.loss_cls_aux0: 0.0318, d1.loss_bbox_aux0: 0.0347, d1.loss_iou_aux0: 0.1444, d2.loss_cls_aux0: 0.0272, d2.loss_bbox_aux0: 0.0252, d2.loss_iou_aux0: 0.1059, d3.loss_cls_aux0: 0.0237, d3.loss_bbox_aux0: 0.0221, d3.loss_iou_aux0: 0.0937, d4.loss_cls_aux0: 0.0241, d4.loss_bbox_aux0: 0.0221, d4.loss_iou_aux0: 0.0947, loss_cls_aux1: 0.0198, loss_bbox_aux1: 0.0843, loss_iou_aux1: 0.3510, d0.loss_cls_aux1: 0.0256, d0.loss_bbox_aux1: 0.1111, d0.loss_iou_aux1: 0.4325, d1.loss_cls_aux1: 0.0220, d1.loss_bbox_aux1: 0.0889, d1.loss_iou_aux1: 0.3646, d2.loss_cls_aux1: 0.0202, d2.loss_bbox_aux1: 0.0849, d2.loss_iou_aux1: 0.3529, d3.loss_cls_aux1: 0.0193, d3.loss_bbox_aux1: 0.0843, d3.loss_iou_aux1: 0.3509, d4.loss_cls_aux1: 0.0194, d4.loss_bbox_aux1: 0.0843, d4.loss_iou_aux1: 0.3511, loss: 33.4899, grad_norm: 377.6064
2025-01-08 21:41:41,175 - mmdet - INFO - Epoch [3][4000/4129]	lr: 5.000e-06, eta: 2 days, 8:53:41, time: 1.526, data_time: 0.005, memory: 18728, enc_loss_cls: 0.1651, enc_loss_bbox: 0.1384, enc_loss_iou: 0.5487, loss_cls: 0.1468, loss_bbox: 0.1263, loss_iou: 0.5223, d0.loss_cls: 0.1958, d0.loss_bbox: 0.1254, d0.loss_iou: 0.5177, d1.loss_cls: 0.1599, d1.loss_bbox: 0.1252, d1.loss_iou: 0.5171, d2.loss_cls: 0.1572, d2.loss_bbox: 0.1244, d2.loss_iou: 0.5158, d3.loss_cls: 0.1467, d3.loss_bbox: 0.1266, d3.loss_iou: 0.5218, d4.loss_cls: 0.1474, d4.loss_bbox: 0.1259, d4.loss_iou: 0.5213, dn_loss_cls: 0.0285, dn_loss_bbox: 0.0572, dn_loss_iou: 0.2515, d0.dn_loss_cls: 0.0697, d0.dn_loss_bbox: 0.0855, d0.dn_loss_iou: 0.3670, d1.dn_loss_cls: 0.0381, d1.dn_loss_bbox: 0.0615, d1.dn_loss_iou: 0.2706, d2.dn_loss_cls: 0.0311, d2.dn_loss_bbox: 0.0578, d2.dn_loss_iou: 0.2544, d3.dn_loss_cls: 0.0279, d3.dn_loss_bbox: 0.0571, d3.dn_loss_iou: 0.2512, d4.dn_loss_cls: 0.0280, d4.dn_loss_bbox: 0.0571, d4.dn_loss_iou: 0.2513, loss_rpn_cls: 0.0887, loss_rpn_bbox: 0.1337, loss_cls0: 2.2949, acc0: 92.3570, loss_bbox0: 3.9372, loss_cls1: 2.2474, loss_bbox1: 5.4221, loss_centerness1: 7.1400, loss_cls_aux0: 0.0231, loss_bbox_aux0: 0.0219, loss_iou_aux0: 0.0908, d0.loss_cls_aux0: 0.0429, d0.loss_bbox_aux0: 0.0756, d0.loss_iou_aux0: 0.2966, d1.loss_cls_aux0: 0.0284, d1.loss_bbox_aux0: 0.0355, d1.loss_iou_aux0: 0.1427, d2.loss_cls_aux0: 0.0246, d2.loss_bbox_aux0: 0.0257, d2.loss_iou_aux0: 0.1047, d3.loss_cls_aux0: 0.0219, d3.loss_bbox_aux0: 0.0217, d3.loss_iou_aux0: 0.0892, d4.loss_cls_aux0: 0.0221, d4.loss_bbox_aux0: 0.0218, d4.loss_iou_aux0: 0.0900, loss_cls_aux1: 0.0201, loss_bbox_aux1: 0.0835, loss_iou_aux1: 0.3333, d0.loss_cls_aux1: 0.0259, d0.loss_bbox_aux1: 0.1136, d0.loss_iou_aux1: 0.4209, d1.loss_cls_aux1: 0.0224, d1.loss_bbox_aux1: 0.0891, d1.loss_iou_aux1: 0.3484, d2.loss_cls_aux1: 0.0204, d2.loss_bbox_aux1: 0.0847, d2.loss_iou_aux1: 0.3363, d3.loss_cls_aux1: 0.0193, d3.loss_bbox_aux1: 0.0834, d3.loss_iou_aux1: 0.3331, d4.loss_cls_aux1: 0.0193, d4.loss_bbox_aux1: 0.0835, d4.loss_iou_aux1: 0.3332, loss: 33.1350, grad_norm: 348.9251
2025-01-08 21:44:58,221 - mmdet - INFO - Saving checkpoint at 3 epochs
2025-01-08 21:51:02,129 - mmdet - INFO - Evaluating bbox...
2025-01-08 21:52:13,271 - mmdet - INFO - 
 Average Precision  (AP) @[ IoU=0.50:0.95 | area=   all | maxDets=100 ] = 0.474
 Average Precision  (AP) @[ IoU=0.50      | area=   all | maxDets=1000 ] = 0.865
 Average Precision  (AP) @[ IoU=0.75      | area=   all | maxDets=1000 ] = 0.428
 Average Precision  (AP) @[ IoU=0.50:0.95 | area= small | maxDets=1000 ] = 0.328
 Average Precision  (AP) @[ IoU=0.50:0.95 | area=medium | maxDets=1000 ] = 0.542
 Average Precision  (AP) @[ IoU=0.50:0.95 | area= large | maxDets=1000 ] = 0.688
 Average Recall     (AR) @[ IoU=0.50:0.95 | area=   all | maxDets=100 ] = 0.600
 Average Recall     (AR) @[ IoU=0.50:0.95 | area=   all | maxDets=300 ] = 0.606
 Average Recall     (AR) @[ IoU=0.50:0.95 | area=   all | maxDets=1000 ] = 0.607
 Average Recall     (AR) @[ IoU=0.50:0.95 | area= small | maxDets=1000 ] = 0.512
 Average Recall     (AR) @[ IoU=0.50:0.95 | area=medium | maxDets=1000 ] = 0.655
 Average Recall     (AR) @[ IoU=0.50:0.95 | area= large | maxDets=1000 ] = 0.796

2025-01-08 21:52:13,271 - mmdet - INFO - 
+----------+-------+--------+--------+-------+-------+-------+
| category | mAP   | mAP_50 | mAP_75 | mAP_s | mAP_m | mAP_l |
+----------+-------+--------+--------+-------+-------+-------+
| person   | 0.483 | 0.886  | 0.461  | 0.331 | 0.567 | 0.775 |
| car      | 0.624 | 0.923  | 0.674  | 0.394 | 0.686 | 0.904 |
| bicycle  | 0.315 | 0.786  | 0.148  | 0.258 | 0.374 | 0.385 |
+----------+-------+--------+--------+-------+-------+-------+
2025-01-08 21:52:14,476 - mmdet - INFO - The previous best checkpoint /home/shen2/zhb/2024_12_13/codino_vit_twostream_640_autoaugv1_train1_IDAF4_FLIR/best_bbox_mAP_50_epoch_1.pth was removed
2025-01-08 21:52:34,751 - mmdet - INFO - Now best checkpoint is saved as best_bbox_mAP_50_epoch_3.pth.
2025-01-08 21:52:34,752 - mmdet - INFO - Best bbox_mAP_50 is 0.8650 at 3 epoch.
2025-01-08 21:52:34,752 - mmdet - INFO - Exp name: codino_vit_twostream_640_autoaugv1_train1.py
2025-01-08 21:52:34,752 - mmdet - INFO - Epoch(val) [3][1013]	person_precision: 0.4830, car_precision: 0.6240, bicycle_precision: 0.3150, bbox_mAP: 0.4740, bbox_mAP_50: 0.8650, bbox_mAP_75: 0.4280, bbox_mAP_s: 0.3280, bbox_mAP_m: 0.5420, bbox_mAP_l: 0.6880, bbox_mAP_copypaste: 0.474 0.865 0.428 0.328 0.542 0.688
2025-01-08 22:18:04,263 - mmdet - INFO - Epoch [4][1000/4129]	lr: 5.000e-06, eta: 2 days, 7:57:28, time: 1.529, data_time: 0.007, memory: 18728, enc_loss_cls: 0.1575, enc_loss_bbox: 0.1373, enc_loss_iou: 0.5502, loss_cls: 0.1361, loss_bbox: 0.1235, loss_iou: 0.5233, d0.loss_cls: 0.1814, d0.loss_bbox: 0.1232, d0.loss_iou: 0.5204, d1.loss_cls: 0.1420, d1.loss_bbox: 0.1234, d1.loss_iou: 0.5264, d2.loss_cls: 0.1376, d2.loss_bbox: 0.1233, d2.loss_iou: 0.5244, d3.loss_cls: 0.1351, d3.loss_bbox: 0.1233, d3.loss_iou: 0.5235, d4.loss_cls: 0.1357, d4.loss_bbox: 0.1233, d4.loss_iou: 0.5231, dn_loss_cls: 0.0268, dn_loss_bbox: 0.0579, dn_loss_iou: 0.2554, d0.dn_loss_cls: 0.0679, d0.dn_loss_bbox: 0.0858, d0.dn_loss_iou: 0.3713, d1.dn_loss_cls: 0.0369, d1.dn_loss_bbox: 0.0621, d1.dn_loss_iou: 0.2748, d2.dn_loss_cls: 0.0301, d2.dn_loss_bbox: 0.0586, d2.dn_loss_iou: 0.2585, d3.dn_loss_cls: 0.0266, d3.dn_loss_bbox: 0.0579, d3.dn_loss_iou: 0.2552, d4.dn_loss_cls: 0.0264, d4.dn_loss_bbox: 0.0579, d4.dn_loss_iou: 0.2554, loss_rpn_cls: 0.0888, loss_rpn_bbox: 0.1445, loss_cls0: 2.3511, acc0: 92.0990, loss_bbox0: 4.0639, loss_cls1: 2.1383, loss_bbox1: 5.5540, loss_centerness1: 7.2319, loss_cls_aux0: 0.0236, loss_bbox_aux0: 0.0232, loss_iou_aux0: 0.0972, d0.loss_cls_aux0: 0.0332, d0.loss_bbox_aux0: 0.0772, d0.loss_iou_aux0: 0.3005, d1.loss_cls_aux0: 0.0240, d1.loss_bbox_aux0: 0.0368, d1.loss_iou_aux0: 0.1482, d2.loss_cls_aux0: 0.0210, d2.loss_bbox_aux0: 0.0268, d2.loss_iou_aux0: 0.1100, d3.loss_cls_aux0: 0.0201, d3.loss_bbox_aux0: 0.0230, d3.loss_iou_aux0: 0.0960, d4.loss_cls_aux0: 0.0217, d4.loss_bbox_aux0: 0.0231, d4.loss_iou_aux0: 0.0965, loss_cls_aux1: 0.0164, loss_bbox_aux1: 0.0860, loss_iou_aux1: 0.3506, d0.loss_cls_aux1: 0.0220, d0.loss_bbox_aux1: 0.1144, d0.loss_iou_aux1: 0.4333, d1.loss_cls_aux1: 0.0185, d1.loss_bbox_aux1: 0.0908, d1.loss_iou_aux1: 0.3648, d2.loss_cls_aux1: 0.0163, d2.loss_bbox_aux1: 0.0869, d2.loss_iou_aux1: 0.3529, d3.loss_cls_aux1: 0.0158, d3.loss_bbox_aux1: 0.0860, d3.loss_iou_aux1: 0.3505, d4.loss_cls_aux1: 0.0158, d4.loss_bbox_aux1: 0.0860, d4.loss_iou_aux1: 0.3506, loss: 33.4918, grad_norm: 340.4187
2025-01-08 22:43:32,039 - mmdet - INFO - Epoch [4][2000/4129]	lr: 5.000e-06, eta: 2 days, 7:38:36, time: 1.528, data_time: 0.005, memory: 18733, enc_loss_cls: 0.1635, enc_loss_bbox: 0.1266, enc_loss_iou: 0.5292, loss_cls: 0.1445, loss_bbox: 0.1152, loss_iou: 0.4989, d0.loss_cls: 0.1860, d0.loss_bbox: 0.1148, d0.loss_iou: 0.5023, d1.loss_cls: 0.1459, d1.loss_bbox: 0.1162, d1.loss_iou: 0.5056, d2.loss_cls: 0.1421, d2.loss_bbox: 0.1154, d2.loss_iou: 0.5023, d3.loss_cls: 0.1424, d3.loss_bbox: 0.1157, d3.loss_iou: 0.5008, d4.loss_cls: 0.1427, d4.loss_bbox: 0.1159, d4.loss_iou: 0.5005, dn_loss_cls: 0.0254, dn_loss_bbox: 0.0546, dn_loss_iou: 0.2465, d0.dn_loss_cls: 0.0661, d0.dn_loss_bbox: 0.0807, d0.dn_loss_iou: 0.3603, d1.dn_loss_cls: 0.0351, d1.dn_loss_bbox: 0.0583, d1.dn_loss_iou: 0.2645, d2.dn_loss_cls: 0.0286, d2.dn_loss_bbox: 0.0551, d2.dn_loss_iou: 0.2488, d3.dn_loss_cls: 0.0254, d3.dn_loss_bbox: 0.0545, d3.dn_loss_iou: 0.2462, d4.dn_loss_cls: 0.0251, d4.dn_loss_bbox: 0.0545, d4.dn_loss_iou: 0.2463, loss_rpn_cls: 0.0869, loss_rpn_bbox: 0.1367, loss_cls0: 2.2671, acc0: 92.4818, loss_bbox0: 3.9618, loss_cls1: 2.1240, loss_bbox1: 5.3375, loss_centerness1: 7.2025, loss_cls_aux0: 0.0279, loss_bbox_aux0: 0.0215, loss_iou_aux0: 0.0911, d0.loss_cls_aux0: 0.0424, d0.loss_bbox_aux0: 0.0730, d0.loss_iou_aux0: 0.2980, d1.loss_cls_aux0: 0.0331, d1.loss_bbox_aux0: 0.0345, d1.loss_iou_aux0: 0.1424, d2.loss_cls_aux0: 0.0277, d2.loss_bbox_aux0: 0.0254, d2.loss_iou_aux0: 0.1035, d3.loss_cls_aux0: 0.0261, d3.loss_bbox_aux0: 0.0213, d3.loss_iou_aux0: 0.0893, d4.loss_cls_aux0: 0.0269, d4.loss_bbox_aux0: 0.0214, d4.loss_iou_aux0: 0.0899, loss_cls_aux1: 0.0184, loss_bbox_aux1: 0.0801, loss_iou_aux1: 0.3333, d0.loss_cls_aux1: 0.0251, d0.loss_bbox_aux1: 0.1070, d0.loss_iou_aux1: 0.4181, d1.loss_cls_aux1: 0.0212, d1.loss_bbox_aux1: 0.0849, d1.loss_iou_aux1: 0.3473, d2.loss_cls_aux1: 0.0197, d2.loss_bbox_aux1: 0.0810, d2.loss_iou_aux1: 0.3360, d3.loss_cls_aux1: 0.0184, d3.loss_bbox_aux1: 0.0801, d3.loss_iou_aux1: 0.3331, d4.loss_cls_aux1: 0.0178, d4.loss_bbox_aux1: 0.0801, d4.loss_iou_aux1: 0.3332, loss: 32.6494, grad_norm: 338.0231
2025-01-08 23:08:59,609 - mmdet - INFO - Epoch [4][3000/4129]	lr: 5.000e-06, eta: 2 days, 7:18:52, time: 1.528, data_time: 0.005, memory: 18733, enc_loss_cls: 0.1638, enc_loss_bbox: 0.1279, enc_loss_iou: 0.5385, loss_cls: 0.1485, loss_bbox: 0.1174, loss_iou: 0.5109, d0.loss_cls: 0.1863, d0.loss_bbox: 0.1169, d0.loss_iou: 0.5133, d1.loss_cls: 0.1480, d1.loss_bbox: 0.1172, d1.loss_iou: 0.5174, d2.loss_cls: 0.1439, d2.loss_bbox: 0.1172, d2.loss_iou: 0.5146, d3.loss_cls: 0.1456, d3.loss_bbox: 0.1182, d3.loss_iou: 0.5124, d4.loss_cls: 0.1479, d4.loss_bbox: 0.1182, d4.loss_iou: 0.5110, dn_loss_cls: 0.0248, dn_loss_bbox: 0.0550, dn_loss_iou: 0.2509, d0.dn_loss_cls: 0.0665, d0.dn_loss_bbox: 0.0813, d0.dn_loss_iou: 0.3667, d1.dn_loss_cls: 0.0352, d1.dn_loss_bbox: 0.0587, d1.dn_loss_iou: 0.2688, d2.dn_loss_cls: 0.0284, d2.dn_loss_bbox: 0.0556, d2.dn_loss_iou: 0.2534, d3.dn_loss_cls: 0.0253, d3.dn_loss_bbox: 0.0549, d3.dn_loss_iou: 0.2504, d4.dn_loss_cls: 0.0246, d4.dn_loss_bbox: 0.0550, d4.dn_loss_iou: 0.2506, loss_rpn_cls: 0.0793, loss_rpn_bbox: 0.1383, loss_cls0: 2.2623, acc0: 92.4771, loss_bbox0: 3.9286, loss_cls1: 2.1365, loss_bbox1: 5.4057, loss_centerness1: 7.1601, loss_cls_aux0: 0.0273, loss_bbox_aux0: 0.0208, loss_iou_aux0: 0.0918, d0.loss_cls_aux0: 0.0446, d0.loss_bbox_aux0: 0.0749, d0.loss_iou_aux0: 0.3030, d1.loss_cls_aux0: 0.0324, d1.loss_bbox_aux0: 0.0342, d1.loss_iou_aux0: 0.1448, d2.loss_cls_aux0: 0.0255, d2.loss_bbox_aux0: 0.0248, d2.loss_iou_aux0: 0.1055, d3.loss_cls_aux0: 0.0255, d3.loss_bbox_aux0: 0.0207, d3.loss_iou_aux0: 0.0905, d4.loss_cls_aux0: 0.0244, d4.loss_bbox_aux0: 0.0208, d4.loss_iou_aux0: 0.0912, loss_cls_aux1: 0.0182, loss_bbox_aux1: 0.0797, loss_iou_aux1: 0.3393, d0.loss_cls_aux1: 0.0210, d0.loss_bbox_aux1: 0.1067, d0.loss_iou_aux1: 0.4225, d1.loss_cls_aux1: 0.0202, d1.loss_bbox_aux1: 0.0843, d1.loss_iou_aux1: 0.3514, d2.loss_cls_aux1: 0.0186, d2.loss_bbox_aux1: 0.0807, d2.loss_iou_aux1: 0.3419, d3.loss_cls_aux1: 0.0178, d3.loss_bbox_aux1: 0.0796, d3.loss_iou_aux1: 0.3391, d4.loss_cls_aux1: 0.0176, d4.loss_bbox_aux1: 0.0797, d4.loss_iou_aux1: 0.3393, loss: 32.8124, grad_norm: 329.7599
2025-01-08 23:34:25,423 - mmdet - INFO - Epoch [4][4000/4129]	lr: 5.000e-06, eta: 2 days, 6:58:12, time: 1.526, data_time: 0.005, memory: 18733, enc_loss_cls: 0.1657, enc_loss_bbox: 0.1291, enc_loss_iou: 0.5305, loss_cls: 0.1266, loss_bbox: 0.1207, loss_iou: 0.5171, d0.loss_cls: 0.1812, d0.loss_bbox: 0.1183, d0.loss_iou: 0.5071, d1.loss_cls: 0.1482, d1.loss_bbox: 0.1188, d1.loss_iou: 0.5105, d2.loss_cls: 0.1263, d2.loss_bbox: 0.1209, d2.loss_iou: 0.5205, d3.loss_cls: 0.1260, d3.loss_bbox: 0.1205, d3.loss_iou: 0.5179, d4.loss_cls: 0.1260, d4.loss_bbox: 0.1209, d4.loss_iou: 0.5174, dn_loss_cls: 0.0266, dn_loss_bbox: 0.0563, dn_loss_iou: 0.2486, d0.dn_loss_cls: 0.0679, d0.dn_loss_bbox: 0.0832, d0.dn_loss_iou: 0.3644, d1.dn_loss_cls: 0.0363, d1.dn_loss_bbox: 0.0601, d1.dn_loss_iou: 0.2678, d2.dn_loss_cls: 0.0296, d2.dn_loss_bbox: 0.0569, d2.dn_loss_iou: 0.2514, d3.dn_loss_cls: 0.0267, d3.dn_loss_bbox: 0.0563, d3.dn_loss_iou: 0.2483, d4.dn_loss_cls: 0.0263, d4.dn_loss_bbox: 0.0563, d4.dn_loss_iou: 0.2486, loss_rpn_cls: 0.0736, loss_rpn_bbox: 0.1359, loss_cls0: 2.2604, acc0: 92.4711, loss_bbox0: 3.9686, loss_cls1: 2.0395, loss_bbox1: 5.3395, loss_centerness1: 7.1384, loss_cls_aux0: 0.0283, loss_bbox_aux0: 0.0225, loss_iou_aux0: 0.0939, d0.loss_cls_aux0: 0.0386, d0.loss_bbox_aux0: 0.0764, d0.loss_iou_aux0: 0.3018, d1.loss_cls_aux0: 0.0316, d1.loss_bbox_aux0: 0.0353, d1.loss_iou_aux0: 0.1428, d2.loss_cls_aux0: 0.0271, d2.loss_bbox_aux0: 0.0260, d2.loss_iou_aux0: 0.1056, d3.loss_cls_aux0: 0.0260, d3.loss_bbox_aux0: 0.0224, d3.loss_iou_aux0: 0.0927, d4.loss_cls_aux0: 0.0262, d4.loss_bbox_aux0: 0.0225, d4.loss_iou_aux0: 0.0933, loss_cls_aux1: 0.0211, loss_bbox_aux1: 0.0809, loss_iou_aux1: 0.3327, d0.loss_cls_aux1: 0.0240, d0.loss_bbox_aux1: 0.1092, d0.loss_iou_aux1: 0.4215, d1.loss_cls_aux1: 0.0221, d1.loss_bbox_aux1: 0.0858, d1.loss_iou_aux1: 0.3498, d2.loss_cls_aux1: 0.0216, d2.loss_bbox_aux1: 0.0823, d2.loss_iou_aux1: 0.3363, d3.loss_cls_aux1: 0.0201, d3.loss_bbox_aux1: 0.0809, d3.loss_iou_aux1: 0.3326, d4.loss_cls_aux1: 0.0201, d4.loss_bbox_aux1: 0.0809, d4.loss_iou_aux1: 0.3326, loss: 32.6052, grad_norm: 306.8357
2025-01-08 23:37:42,642 - mmdet - INFO - Saving checkpoint at 4 epochs
2025-01-08 23:43:45,677 - mmdet - INFO - Evaluating bbox...
2025-01-08 23:44:51,985 - mmdet - INFO - 
 Average Precision  (AP) @[ IoU=0.50:0.95 | area=   all | maxDets=100 ] = 0.490
 Average Precision  (AP) @[ IoU=0.50      | area=   all | maxDets=1000 ] = 0.866
 Average Precision  (AP) @[ IoU=0.75      | area=   all | maxDets=1000 ] = 0.462
 Average Precision  (AP) @[ IoU=0.50:0.95 | area= small | maxDets=1000 ] = 0.356
 Average Precision  (AP) @[ IoU=0.50:0.95 | area=medium | maxDets=1000 ] = 0.551
 Average Precision  (AP) @[ IoU=0.50:0.95 | area= large | maxDets=1000 ] = 0.679
 Average Recall     (AR) @[ IoU=0.50:0.95 | area=   all | maxDets=100 ] = 0.603
 Average Recall     (AR) @[ IoU=0.50:0.95 | area=   all | maxDets=300 ] = 0.610
 Average Recall     (AR) @[ IoU=0.50:0.95 | area=   all | maxDets=1000 ] = 0.611
 Average Recall     (AR) @[ IoU=0.50:0.95 | area= small | maxDets=1000 ] = 0.521
 Average Recall     (AR) @[ IoU=0.50:0.95 | area=medium | maxDets=1000 ] = 0.656
 Average Recall     (AR) @[ IoU=0.50:0.95 | area= large | maxDets=1000 ] = 0.783

2025-01-08 23:44:51,986 - mmdet - INFO - 
+----------+-------+--------+--------+-------+-------+-------+
| category | mAP   | mAP_50 | mAP_75 | mAP_s | mAP_m | mAP_l |
+----------+-------+--------+--------+-------+-------+-------+
| person   | 0.492 | 0.891  | 0.476  | 0.35  | 0.567 | 0.748 |
| car      | 0.623 | 0.922  | 0.674  | 0.402 | 0.682 | 0.913 |
| bicycle  | 0.356 | 0.784  | 0.237  | 0.316 | 0.404 | 0.375 |
+----------+-------+--------+--------+-------+-------+-------+
2025-01-08 23:44:53,133 - mmdet - INFO - The previous best checkpoint /home/shen2/zhb/2024_12_13/codino_vit_twostream_640_autoaugv1_train1_IDAF4_FLIR/best_bbox_mAP_50_epoch_3.pth was removed
2025-01-08 23:45:13,517 - mmdet - INFO - Now best checkpoint is saved as best_bbox_mAP_50_epoch_4.pth.
2025-01-08 23:45:13,518 - mmdet - INFO - Best bbox_mAP_50 is 0.8660 at 4 epoch.
2025-01-08 23:45:13,519 - mmdet - INFO - Exp name: codino_vit_twostream_640_autoaugv1_train1.py
2025-01-08 23:45:13,519 - mmdet - INFO - Epoch(val) [4][1013]	person_precision: 0.4920, car_precision: 0.6230, bicycle_precision: 0.3560, bbox_mAP: 0.4900, bbox_mAP_50: 0.8660, bbox_mAP_75: 0.4620, bbox_mAP_s: 0.3560, bbox_mAP_m: 0.5510, bbox_mAP_l: 0.6790, bbox_mAP_copypaste: 0.490 0.866 0.462 0.356 0.551 0.679
2025-01-09 00:10:40,337 - mmdet - INFO - Epoch [5][1000/4129]	lr: 5.000e-06, eta: 2 days, 6:09:46, time: 1.527, data_time: 0.007, memory: 18733, enc_loss_cls: 0.1508, enc_loss_bbox: 0.1278, enc_loss_iou: 0.5395, loss_cls: 0.1219, loss_bbox: 0.1197, loss_iou: 0.5208, d0.loss_cls: 0.1691, d0.loss_bbox: 0.1187, d0.loss_iou: 0.5149, d1.loss_cls: 0.1398, d1.loss_bbox: 0.1190, d1.loss_iou: 0.5166, d2.loss_cls: 0.1240, d2.loss_bbox: 0.1204, d2.loss_iou: 0.5219, d3.loss_cls: 0.1238, d3.loss_bbox: 0.1198, d3.loss_iou: 0.5203, d4.loss_cls: 0.1217, d4.loss_bbox: 0.1196, d4.loss_iou: 0.5211, dn_loss_cls: 0.0252, dn_loss_bbox: 0.0555, dn_loss_iou: 0.2520, d0.dn_loss_cls: 0.0661, d0.dn_loss_bbox: 0.0818, d0.dn_loss_iou: 0.3665, d1.dn_loss_cls: 0.0354, d1.dn_loss_bbox: 0.0595, d1.dn_loss_iou: 0.2713, d2.dn_loss_cls: 0.0287, d2.dn_loss_bbox: 0.0561, d2.dn_loss_iou: 0.2550, d3.dn_loss_cls: 0.0255, d3.dn_loss_bbox: 0.0555, d3.dn_loss_iou: 0.2517, d4.dn_loss_cls: 0.0249, d4.dn_loss_bbox: 0.0555, d4.dn_loss_iou: 0.2520, loss_rpn_cls: 0.0748, loss_rpn_bbox: 0.1397, loss_cls0: 2.2845, acc0: 92.3529, loss_bbox0: 3.9022, loss_cls1: 2.0398, loss_bbox1: 5.4351, loss_centerness1: 7.1497, loss_cls_aux0: 0.0207, loss_bbox_aux0: 0.0227, loss_iou_aux0: 0.0959, d0.loss_cls_aux0: 0.0314, d0.loss_bbox_aux0: 0.0748, d0.loss_iou_aux0: 0.2952, d1.loss_cls_aux0: 0.0227, d1.loss_bbox_aux0: 0.0349, d1.loss_iou_aux0: 0.1440, d2.loss_cls_aux0: 0.0209, d2.loss_bbox_aux0: 0.0259, d2.loss_iou_aux0: 0.1073, d3.loss_cls_aux0: 0.0213, d3.loss_bbox_aux0: 0.0226, d3.loss_iou_aux0: 0.0943, d4.loss_cls_aux0: 0.0205, d4.loss_bbox_aux0: 0.0226, d4.loss_iou_aux0: 0.0951, loss_cls_aux1: 0.0172, loss_bbox_aux1: 0.0830, loss_iou_aux1: 0.3430, d0.loss_cls_aux1: 0.0212, d0.loss_bbox_aux1: 0.1107, d0.loss_iou_aux1: 0.4265, d1.loss_cls_aux1: 0.0179, d1.loss_bbox_aux1: 0.0883, d1.loss_iou_aux1: 0.3571, d2.loss_cls_aux1: 0.0163, d2.loss_bbox_aux1: 0.0837, d2.loss_iou_aux1: 0.3450, d3.loss_cls_aux1: 0.0159, d3.loss_bbox_aux1: 0.0830, d3.loss_iou_aux1: 0.3428, d4.loss_cls_aux1: 0.0163, d4.loss_bbox_aux1: 0.0830, d4.loss_iou_aux1: 0.3429, loss: 32.6614, grad_norm: 330.0892
2025-01-09 00:36:06,052 - mmdet - INFO - Epoch [5][2000/4129]	lr: 5.000e-06, eta: 2 days, 5:49:31, time: 1.526, data_time: 0.005, memory: 18733, enc_loss_cls: 0.1623, enc_loss_bbox: 0.1295, enc_loss_iou: 0.5390, loss_cls: 0.1320, loss_bbox: 0.1202, loss_iou: 0.5209, d0.loss_cls: 0.1849, d0.loss_bbox: 0.1177, d0.loss_iou: 0.5138, d1.loss_cls: 0.1506, d1.loss_bbox: 0.1175, d1.loss_iou: 0.5173, d2.loss_cls: 0.1352, d2.loss_bbox: 0.1197, d2.loss_iou: 0.5203, d3.loss_cls: 0.1310, d3.loss_bbox: 0.1196, d3.loss_iou: 0.5213, d4.loss_cls: 0.1293, d4.loss_bbox: 0.1198, d4.loss_iou: 0.5214, dn_loss_cls: 0.0257, dn_loss_bbox: 0.0551, dn_loss_iou: 0.2527, d0.dn_loss_cls: 0.0664, d0.dn_loss_bbox: 0.0814, d0.dn_loss_iou: 0.3702, d1.dn_loss_cls: 0.0356, d1.dn_loss_bbox: 0.0589, d1.dn_loss_iou: 0.2721, d2.dn_loss_cls: 0.0288, d2.dn_loss_bbox: 0.0556, d2.dn_loss_iou: 0.2559, d3.dn_loss_cls: 0.0257, d3.dn_loss_bbox: 0.0550, d3.dn_loss_iou: 0.2525, d4.dn_loss_cls: 0.0254, d4.dn_loss_bbox: 0.0550, d4.dn_loss_iou: 0.2528, loss_rpn_cls: 0.1049, loss_rpn_bbox: 0.1384, loss_cls0: 2.2319, acc0: 92.4561, loss_bbox0: 3.9106, loss_cls1: 2.1163, loss_bbox1: 5.5052, loss_centerness1: 7.2630, loss_cls_aux0: 0.0262, loss_bbox_aux0: 0.0201, loss_iou_aux0: 0.0876, d0.loss_cls_aux0: 0.0372, d0.loss_bbox_aux0: 0.0722, d0.loss_iou_aux0: 0.2924, d1.loss_cls_aux0: 0.0272, d1.loss_bbox_aux0: 0.0329, d1.loss_iou_aux0: 0.1366, d2.loss_cls_aux0: 0.0261, d2.loss_bbox_aux0: 0.0239, d2.loss_iou_aux0: 0.1003, d3.loss_cls_aux0: 0.0251, d3.loss_bbox_aux0: 0.0200, d3.loss_iou_aux0: 0.0864, d4.loss_cls_aux0: 0.0257, d4.loss_bbox_aux0: 0.0200, d4.loss_iou_aux0: 0.0870, loss_cls_aux1: 0.0187, loss_bbox_aux1: 0.0848, loss_iou_aux1: 0.3478, d0.loss_cls_aux1: 0.0230, d0.loss_bbox_aux1: 0.1143, d0.loss_iou_aux1: 0.4358, d1.loss_cls_aux1: 0.0200, d1.loss_bbox_aux1: 0.0896, d1.loss_iou_aux1: 0.3623, d2.loss_cls_aux1: 0.0185, d2.loss_bbox_aux1: 0.0858, d2.loss_iou_aux1: 0.3505, d3.loss_cls_aux1: 0.0182, d3.loss_bbox_aux1: 0.0847, d3.loss_iou_aux1: 0.3477, d4.loss_cls_aux1: 0.0180, d4.loss_bbox_aux1: 0.0847, d4.loss_iou_aux1: 0.3477, loss: 33.0179, grad_norm: 322.0560
2025-01-09 01:01:31,624 - mmdet - INFO - Epoch [5][3000/4129]	lr: 5.000e-06, eta: 2 days, 5:28:43, time: 1.526, data_time: 0.005, memory: 18733, enc_loss_cls: 0.1584, enc_loss_bbox: 0.1262, enc_loss_iou: 0.5366, loss_cls: 0.1276, loss_bbox: 0.1183, loss_iou: 0.5168, d0.loss_cls: 0.1816, d0.loss_bbox: 0.1165, d0.loss_iou: 0.5098, d1.loss_cls: 0.1460, d1.loss_bbox: 0.1180, d1.loss_iou: 0.5156, d2.loss_cls: 0.1306, d2.loss_bbox: 0.1186, d2.loss_iou: 0.5178, d3.loss_cls: 0.1281, d3.loss_bbox: 0.1185, d3.loss_iou: 0.5168, d4.loss_cls: 0.1266, d4.loss_bbox: 0.1186, d4.loss_iou: 0.5172, dn_loss_cls: 0.0280, dn_loss_bbox: 0.0537, dn_loss_iou: 0.2483, d0.dn_loss_cls: 0.0677, d0.dn_loss_bbox: 0.0798, d0.dn_loss_iou: 0.3655, d1.dn_loss_cls: 0.0377, d1.dn_loss_bbox: 0.0576, d1.dn_loss_iou: 0.2677, d2.dn_loss_cls: 0.0313, d2.dn_loss_bbox: 0.0543, d2.dn_loss_iou: 0.2513, d3.dn_loss_cls: 0.0285, d3.dn_loss_bbox: 0.0537, d3.dn_loss_iou: 0.2481, d4.dn_loss_cls: 0.0277, d4.dn_loss_bbox: 0.0537, d4.dn_loss_iou: 0.2483, loss_rpn_cls: 0.0702, loss_rpn_bbox: 0.1389, loss_cls0: 2.2821, acc0: 92.3102, loss_bbox0: 3.9482, loss_cls1: 2.1147, loss_bbox1: 5.4109, loss_centerness1: 7.2293, loss_cls_aux0: 0.0252, loss_bbox_aux0: 0.0227, loss_iou_aux0: 0.0960, d0.loss_cls_aux0: 0.0346, d0.loss_bbox_aux0: 0.0728, d0.loss_iou_aux0: 0.2980, d1.loss_cls_aux0: 0.0280, d1.loss_bbox_aux0: 0.0347, d1.loss_iou_aux0: 0.1436, d2.loss_cls_aux0: 0.0265, d2.loss_bbox_aux0: 0.0259, d2.loss_iou_aux0: 0.1075, d3.loss_cls_aux0: 0.0255, d3.loss_bbox_aux0: 0.0225, d3.loss_iou_aux0: 0.0947, d4.loss_cls_aux0: 0.0250, d4.loss_bbox_aux0: 0.0226, d4.loss_iou_aux0: 0.0953, loss_cls_aux1: 0.0208, loss_bbox_aux1: 0.0792, loss_iou_aux1: 0.3390, d0.loss_cls_aux1: 0.0225, d0.loss_bbox_aux1: 0.1060, d0.loss_iou_aux1: 0.4246, d1.loss_cls_aux1: 0.0224, d1.loss_bbox_aux1: 0.0840, d1.loss_iou_aux1: 0.3534, d2.loss_cls_aux1: 0.0215, d2.loss_bbox_aux1: 0.0802, d2.loss_iou_aux1: 0.3417, d3.loss_cls_aux1: 0.0209, d3.loss_bbox_aux1: 0.0792, d3.loss_iou_aux1: 0.3387, d4.loss_cls_aux1: 0.0206, d4.loss_bbox_aux1: 0.0792, d4.loss_iou_aux1: 0.3389, loss: 32.8354, grad_norm: 330.2374
2025-01-09 01:26:57,727 - mmdet - INFO - Epoch [5][4000/4129]	lr: 5.000e-06, eta: 2 days, 5:07:32, time: 1.526, data_time: 0.005, memory: 18733, enc_loss_cls: 0.1621, enc_loss_bbox: 0.1366, enc_loss_iou: 0.5350, loss_cls: 0.1345, loss_bbox: 0.1257, loss_iou: 0.5132, d0.loss_cls: 0.1817, d0.loss_bbox: 0.1244, d0.loss_iou: 0.5090, d1.loss_cls: 0.1503, d1.loss_bbox: 0.1260, d1.loss_iou: 0.5102, d2.loss_cls: 0.1333, d2.loss_bbox: 0.1270, d2.loss_iou: 0.5158, d3.loss_cls: 0.1323, d3.loss_bbox: 0.1258, d3.loss_iou: 0.5137, d4.loss_cls: 0.1343, d4.loss_bbox: 0.1252, d4.loss_iou: 0.5125, dn_loss_cls: 0.0254, dn_loss_bbox: 0.0588, dn_loss_iou: 0.2504, d0.dn_loss_cls: 0.0667, d0.dn_loss_bbox: 0.0872, d0.dn_loss_iou: 0.3670, d1.dn_loss_cls: 0.0349, d1.dn_loss_bbox: 0.0630, d1.dn_loss_iou: 0.2697, d2.dn_loss_cls: 0.0283, d2.dn_loss_bbox: 0.0593, d2.dn_loss_iou: 0.2533, d3.dn_loss_cls: 0.0252, d3.dn_loss_bbox: 0.0588, d3.dn_loss_iou: 0.2502, d4.dn_loss_cls: 0.0250, d4.dn_loss_bbox: 0.0588, d4.dn_loss_iou: 0.2503, loss_rpn_cls: 0.0762, loss_rpn_bbox: 0.1442, loss_cls0: 2.3419, acc0: 92.1518, loss_bbox0: 4.0606, loss_cls1: 2.0654, loss_bbox1: 5.4703, loss_centerness1: 7.2813, loss_cls_aux0: 0.0246, loss_bbox_aux0: 0.0246, loss_iou_aux0: 0.0955, d0.loss_cls_aux0: 0.0318, d0.loss_bbox_aux0: 0.0793, d0.loss_iou_aux0: 0.3003, d1.loss_cls_aux0: 0.0261, d1.loss_bbox_aux0: 0.0381, d1.loss_iou_aux0: 0.1469, d2.loss_cls_aux0: 0.0252, d2.loss_bbox_aux0: 0.0279, d2.loss_iou_aux0: 0.1075, d3.loss_cls_aux0: 0.0241, d3.loss_bbox_aux0: 0.0245, d3.loss_iou_aux0: 0.0942, d4.loss_cls_aux0: 0.0241, d4.loss_bbox_aux0: 0.0245, d4.loss_iou_aux0: 0.0949, loss_cls_aux1: 0.0183, loss_bbox_aux1: 0.0856, loss_iou_aux1: 0.3410, d0.loss_cls_aux1: 0.0230, d0.loss_bbox_aux1: 0.1157, d0.loss_iou_aux1: 0.4269, d1.loss_cls_aux1: 0.0204, d1.loss_bbox_aux1: 0.0901, d1.loss_iou_aux1: 0.3538, d2.loss_cls_aux1: 0.0187, d2.loss_bbox_aux1: 0.0857, d2.loss_iou_aux1: 0.3431, d3.loss_cls_aux1: 0.0173, d3.loss_bbox_aux1: 0.0856, d3.loss_iou_aux1: 0.3409, d4.loss_cls_aux1: 0.0176, d4.loss_bbox_aux1: 0.0856, d4.loss_iou_aux1: 0.3409, loss: 33.2247, grad_norm: 316.2753
2025-01-09 01:30:14,786 - mmdet - INFO - Saving checkpoint at 5 epochs
2025-01-09 01:36:18,439 - mmdet - INFO - Evaluating bbox...
2025-01-09 01:37:31,272 - mmdet - INFO - 
 Average Precision  (AP) @[ IoU=0.50:0.95 | area=   all | maxDets=100 ] = 0.507
 Average Precision  (AP) @[ IoU=0.50      | area=   all | maxDets=1000 ] = 0.883
 Average Precision  (AP) @[ IoU=0.75      | area=   all | maxDets=1000 ] = 0.480
 Average Precision  (AP) @[ IoU=0.50:0.95 | area= small | maxDets=1000 ] = 0.362
 Average Precision  (AP) @[ IoU=0.50:0.95 | area=medium | maxDets=1000 ] = 0.576
 Average Precision  (AP) @[ IoU=0.50:0.95 | area= large | maxDets=1000 ] = 0.710
 Average Recall     (AR) @[ IoU=0.50:0.95 | area=   all | maxDets=100 ] = 0.618
 Average Recall     (AR) @[ IoU=0.50:0.95 | area=   all | maxDets=300 ] = 0.627
 Average Recall     (AR) @[ IoU=0.50:0.95 | area=   all | maxDets=1000 ] = 0.629
 Average Recall     (AR) @[ IoU=0.50:0.95 | area= small | maxDets=1000 ] = 0.535
 Average Recall     (AR) @[ IoU=0.50:0.95 | area=medium | maxDets=1000 ] = 0.677
 Average Recall     (AR) @[ IoU=0.50:0.95 | area= large | maxDets=1000 ] = 0.799

2025-01-09 01:37:31,273 - mmdet - INFO - 
+----------+-------+--------+--------+-------+-------+-------+
| category | mAP   | mAP_50 | mAP_75 | mAP_s | mAP_m | mAP_l |
+----------+-------+--------+--------+-------+-------+-------+
| person   | 0.526 | 0.894  | 0.548  | 0.375 | 0.602 | 0.807 |
| car      | 0.622 | 0.926  | 0.676  | 0.399 | 0.683 | 0.9   |
| bicycle  | 0.375 | 0.828  | 0.217  | 0.313 | 0.441 | 0.425 |
+----------+-------+--------+--------+-------+-------+-------+
2025-01-09 01:37:32,417 - mmdet - INFO - The previous best checkpoint /home/shen2/zhb/2024_12_13/codino_vit_twostream_640_autoaugv1_train1_IDAF4_FLIR/best_bbox_mAP_50_epoch_4.pth was removed
2025-01-09 01:37:52,974 - mmdet - INFO - Now best checkpoint is saved as best_bbox_mAP_50_epoch_5.pth.
2025-01-09 01:37:52,975 - mmdet - INFO - Best bbox_mAP_50 is 0.8830 at 5 epoch.
2025-01-09 01:37:52,975 - mmdet - INFO - Exp name: codino_vit_twostream_640_autoaugv1_train1.py
2025-01-09 01:37:52,975 - mmdet - INFO - Epoch(val) [5][1013]	person_precision: 0.5260, car_precision: 0.6220, bicycle_precision: 0.3750, bbox_mAP: 0.5070, bbox_mAP_50: 0.8830, bbox_mAP_75: 0.4800, bbox_mAP_s: 0.3620, bbox_mAP_m: 0.5760, bbox_mAP_l: 0.7100, bbox_mAP_copypaste: 0.507 0.883 0.480 0.362 0.576 0.710
2025-01-09 02:03:18,246 - mmdet - INFO - Epoch [6][1000/4129]	lr: 5.000e-06, eta: 2 days, 4:23:48, time: 1.525, data_time: 0.007, memory: 18733, enc_loss_cls: 0.1626, enc_loss_bbox: 0.1317, enc_loss_iou: 0.5359, loss_cls: 0.1334, loss_bbox: 0.1227, loss_iou: 0.5184, d0.loss_cls: 0.1792, d0.loss_bbox: 0.1217, d0.loss_iou: 0.5133, d1.loss_cls: 0.1461, d1.loss_bbox: 0.1231, d1.loss_iou: 0.5178, d2.loss_cls: 0.1321, d2.loss_bbox: 0.1233, d2.loss_iou: 0.5216, d3.loss_cls: 0.1298, d3.loss_bbox: 0.1234, d3.loss_iou: 0.5205, d4.loss_cls: 0.1318, d4.loss_bbox: 0.1225, d4.loss_iou: 0.5185, dn_loss_cls: 0.0253, dn_loss_bbox: 0.0570, dn_loss_iou: 0.2525, d0.dn_loss_cls: 0.0659, d0.dn_loss_bbox: 0.0839, d0.dn_loss_iou: 0.3663, d1.dn_loss_cls: 0.0361, d1.dn_loss_bbox: 0.0610, d1.dn_loss_iou: 0.2719, d2.dn_loss_cls: 0.0293, d2.dn_loss_bbox: 0.0576, d2.dn_loss_iou: 0.2550, d3.dn_loss_cls: 0.0258, d3.dn_loss_bbox: 0.0570, d3.dn_loss_iou: 0.2521, d4.dn_loss_cls: 0.0252, d4.dn_loss_bbox: 0.0570, d4.dn_loss_iou: 0.2523, loss_rpn_cls: 0.0724, loss_rpn_bbox: 0.1336, loss_cls0: 2.2217, acc0: 92.5645, loss_bbox0: 3.8581, loss_cls1: 2.1086, loss_bbox1: 5.3601, loss_centerness1: 7.1816, loss_cls_aux0: 0.0261, loss_bbox_aux0: 0.0247, loss_iou_aux0: 0.0955, d0.loss_cls_aux0: 0.0357, d0.loss_bbox_aux0: 0.0760, d0.loss_iou_aux0: 0.2925, d1.loss_cls_aux0: 0.0263, d1.loss_bbox_aux0: 0.0377, d1.loss_iou_aux0: 0.1433, d2.loss_cls_aux0: 0.0246, d2.loss_bbox_aux0: 0.0281, d2.loss_iou_aux0: 0.1078, d3.loss_cls_aux0: 0.0239, d3.loss_bbox_aux0: 0.0246, d3.loss_iou_aux0: 0.0944, d4.loss_cls_aux0: 0.0253, d4.loss_bbox_aux0: 0.0246, d4.loss_iou_aux0: 0.0947, loss_cls_aux1: 0.0174, loss_bbox_aux1: 0.0864, loss_iou_aux1: 0.3445, d0.loss_cls_aux1: 0.0202, d0.loss_bbox_aux1: 0.1140, d0.loss_iou_aux1: 0.4234, d1.loss_cls_aux1: 0.0179, d1.loss_bbox_aux1: 0.0904, d1.loss_iou_aux1: 0.3569, d2.loss_cls_aux1: 0.0174, d2.loss_bbox_aux1: 0.0871, d2.loss_iou_aux1: 0.3463, d3.loss_cls_aux1: 0.0171, d3.loss_bbox_aux1: 0.0864, d3.loss_iou_aux1: 0.3444, d4.loss_cls_aux1: 0.0170, d4.loss_bbox_aux1: 0.0864, d4.loss_iou_aux1: 0.3444, loss: 32.7199, grad_norm: 318.5127
2025-01-09 02:28:41,100 - mmdet - INFO - Epoch [6][2000/4129]	lr: 5.000e-06, eta: 2 days, 4:02:31, time: 1.523, data_time: 0.005, memory: 18733, enc_loss_cls: 0.1491, enc_loss_bbox: 0.1197, enc_loss_iou: 0.5048, loss_cls: 0.1281, loss_bbox: 0.1100, loss_iou: 0.4823, d0.loss_cls: 0.1627, d0.loss_bbox: 0.1109, d0.loss_iou: 0.4836, d1.loss_cls: 0.1365, d1.loss_bbox: 0.1108, d1.loss_iou: 0.4838, d2.loss_cls: 0.1285, d2.loss_bbox: 0.1106, d2.loss_iou: 0.4842, d3.loss_cls: 0.1248, d3.loss_bbox: 0.1105, d3.loss_iou: 0.4834, d4.loss_cls: 0.1247, d4.loss_bbox: 0.1104, d4.loss_iou: 0.4833, dn_loss_cls: 0.0212, dn_loss_bbox: 0.0537, dn_loss_iou: 0.2428, d0.dn_loss_cls: 0.0594, d0.dn_loss_bbox: 0.0793, d0.dn_loss_iou: 0.3538, d1.dn_loss_cls: 0.0307, d1.dn_loss_bbox: 0.0573, d1.dn_loss_iou: 0.2599, d2.dn_loss_cls: 0.0245, d2.dn_loss_bbox: 0.0542, d2.dn_loss_iou: 0.2453, d3.dn_loss_cls: 0.0215, d3.dn_loss_bbox: 0.0536, d3.dn_loss_iou: 0.2426, d4.dn_loss_cls: 0.0210, d4.dn_loss_bbox: 0.0536, d4.dn_loss_iou: 0.2428, loss_rpn_cls: 0.0778, loss_rpn_bbox: 0.1410, loss_cls0: 2.2463, acc0: 92.4371, loss_bbox0: 3.9893, loss_cls1: 1.9812, loss_bbox1: 5.1520, loss_centerness1: 7.1773, loss_cls_aux0: 0.0190, loss_bbox_aux0: 0.0219, loss_iou_aux0: 0.0929, d0.loss_cls_aux0: 0.0268, d0.loss_bbox_aux0: 0.0725, d0.loss_iou_aux0: 0.2946, d1.loss_cls_aux0: 0.0208, d1.loss_bbox_aux0: 0.0339, d1.loss_iou_aux0: 0.1398, d2.loss_cls_aux0: 0.0196, d2.loss_bbox_aux0: 0.0251, d2.loss_iou_aux0: 0.1050, d3.loss_cls_aux0: 0.0182, d3.loss_bbox_aux0: 0.0218, d3.loss_iou_aux0: 0.0917, d4.loss_cls_aux0: 0.0183, d4.loss_bbox_aux0: 0.0219, d4.loss_iou_aux0: 0.0923, loss_cls_aux1: 0.0157, loss_bbox_aux1: 0.0749, loss_iou_aux1: 0.3141, d0.loss_cls_aux1: 0.0180, d0.loss_bbox_aux1: 0.1006, d0.loss_iou_aux1: 0.3942, d1.loss_cls_aux1: 0.0167, d1.loss_bbox_aux1: 0.0799, d1.loss_iou_aux1: 0.3285, d2.loss_cls_aux1: 0.0159, d2.loss_bbox_aux1: 0.0760, d2.loss_iou_aux1: 0.3170, d3.loss_cls_aux1: 0.0153, d3.loss_bbox_aux1: 0.0749, d3.loss_iou_aux1: 0.3140, d4.loss_cls_aux1: 0.0153, d4.loss_bbox_aux1: 0.0749, d4.loss_iou_aux1: 0.3140, loss: 31.7204, grad_norm: 309.4584
2025-01-09 02:54:02,468 - mmdet - INFO - Epoch [6][3000/4129]	lr: 5.000e-06, eta: 2 days, 3:40:46, time: 1.521, data_time: 0.005, memory: 18733, enc_loss_cls: 0.1561, enc_loss_bbox: 0.1192, enc_loss_iou: 0.5222, loss_cls: 0.1307, loss_bbox: 0.1106, loss_iou: 0.4995, d0.loss_cls: 0.1758, d0.loss_bbox: 0.1100, d0.loss_iou: 0.4985, d1.loss_cls: 0.1405, d1.loss_bbox: 0.1116, d1.loss_iou: 0.5016, d2.loss_cls: 0.1298, d2.loss_bbox: 0.1105, d2.loss_iou: 0.5030, d3.loss_cls: 0.1283, d3.loss_bbox: 0.1110, d3.loss_iou: 0.5009, d4.loss_cls: 0.1285, d4.loss_bbox: 0.1107, d4.loss_iou: 0.5009, dn_loss_cls: 0.0239, dn_loss_bbox: 0.0531, dn_loss_iou: 0.2463, d0.dn_loss_cls: 0.0631, d0.dn_loss_bbox: 0.0782, d0.dn_loss_iou: 0.3609, d1.dn_loss_cls: 0.0333, d1.dn_loss_bbox: 0.0568, d1.dn_loss_iou: 0.2657, d2.dn_loss_cls: 0.0272, d2.dn_loss_bbox: 0.0536, d2.dn_loss_iou: 0.2492, d3.dn_loss_cls: 0.0244, d3.dn_loss_bbox: 0.0530, d3.dn_loss_iou: 0.2461, d4.dn_loss_cls: 0.0238, d4.dn_loss_bbox: 0.0531, d4.dn_loss_iou: 0.2462, loss_rpn_cls: 0.0702, loss_rpn_bbox: 0.1379, loss_cls0: 2.2197, acc0: 92.4861, loss_bbox0: 3.9150, loss_cls1: 1.9940, loss_bbox1: 5.3010, loss_centerness1: 7.1511, loss_cls_aux0: 0.0220, loss_bbox_aux0: 0.0216, loss_iou_aux0: 0.0934, d0.loss_cls_aux0: 0.0298, d0.loss_bbox_aux0: 0.0719, d0.loss_iou_aux0: 0.2953, d1.loss_cls_aux0: 0.0222, d1.loss_bbox_aux0: 0.0344, d1.loss_iou_aux0: 0.1439, d2.loss_cls_aux0: 0.0215, d2.loss_bbox_aux0: 0.0250, d2.loss_iou_aux0: 0.1056, d3.loss_cls_aux0: 0.0213, d3.loss_bbox_aux0: 0.0215, d3.loss_iou_aux0: 0.0919, d4.loss_cls_aux0: 0.0218, d4.loss_bbox_aux0: 0.0215, d4.loss_iou_aux0: 0.0926, loss_cls_aux1: 0.0166, loss_bbox_aux1: 0.0775, loss_iou_aux1: 0.3365, d0.loss_cls_aux1: 0.0182, d0.loss_bbox_aux1: 0.1045, d0.loss_iou_aux1: 0.4206, d1.loss_cls_aux1: 0.0175, d1.loss_bbox_aux1: 0.0821, d1.loss_iou_aux1: 0.3497, d2.loss_cls_aux1: 0.0165, d2.loss_bbox_aux1: 0.0782, d2.loss_iou_aux1: 0.3388, d3.loss_cls_aux1: 0.0162, d3.loss_bbox_aux1: 0.0775, d3.loss_iou_aux1: 0.3362, d4.loss_cls_aux1: 0.0164, d4.loss_bbox_aux1: 0.0775, d4.loss_iou_aux1: 0.3364, loss: 32.1209, grad_norm: 320.0805
2025-01-09 03:19:24,771 - mmdet - INFO - Epoch [6][4000/4129]	lr: 5.000e-06, eta: 2 days, 3:18:49, time: 1.522, data_time: 0.005, memory: 18733, enc_loss_cls: 0.1634, enc_loss_bbox: 0.1270, enc_loss_iou: 0.5345, loss_cls: 0.1359, loss_bbox: 0.1170, loss_iou: 0.5069, d0.loss_cls: 0.1955, d0.loss_bbox: 0.1174, d0.loss_iou: 0.5088, d1.loss_cls: 0.1574, d1.loss_bbox: 0.1169, d1.loss_iou: 0.5077, d2.loss_cls: 0.1392, d2.loss_bbox: 0.1171, d2.loss_iou: 0.5067, d3.loss_cls: 0.1354, d3.loss_bbox: 0.1170, d3.loss_iou: 0.5067, d4.loss_cls: 0.1352, d4.loss_bbox: 0.1169, d4.loss_iou: 0.5069, dn_loss_cls: 0.0248, dn_loss_bbox: 0.0552, dn_loss_iou: 0.2490, d0.dn_loss_cls: 0.0629, d0.dn_loss_bbox: 0.0820, d0.dn_loss_iou: 0.3637, d1.dn_loss_cls: 0.0343, d1.dn_loss_bbox: 0.0595, d1.dn_loss_iou: 0.2687, d2.dn_loss_cls: 0.0282, d2.dn_loss_bbox: 0.0560, d2.dn_loss_iou: 0.2519, d3.dn_loss_cls: 0.0249, d3.dn_loss_bbox: 0.0552, d3.dn_loss_iou: 0.2488, d4.dn_loss_cls: 0.0242, d4.dn_loss_bbox: 0.0552, d4.dn_loss_iou: 0.2492, loss_rpn_cls: 0.0780, loss_rpn_bbox: 0.1389, loss_cls0: 2.1732, acc0: 92.6830, loss_bbox0: 3.8047, loss_cls1: 2.0131, loss_bbox1: 5.3837, loss_centerness1: 7.1944, loss_cls_aux0: 0.0313, loss_bbox_aux0: 0.0206, loss_iou_aux0: 0.0882, d0.loss_cls_aux0: 0.0366, d0.loss_bbox_aux0: 0.0727, d0.loss_iou_aux0: 0.2932, d1.loss_cls_aux0: 0.0288, d1.loss_bbox_aux0: 0.0335, d1.loss_iou_aux0: 0.1397, d2.loss_cls_aux0: 0.0286, d2.loss_bbox_aux0: 0.0243, d2.loss_iou_aux0: 0.1017, d3.loss_cls_aux0: 0.0303, d3.loss_bbox_aux0: 0.0205, d3.loss_iou_aux0: 0.0872, d4.loss_cls_aux0: 0.0298, d4.loss_bbox_aux0: 0.0206, d4.loss_iou_aux0: 0.0878, loss_cls_aux1: 0.0180, loss_bbox_aux1: 0.0794, loss_iou_aux1: 0.3396, d0.loss_cls_aux1: 0.0200, d0.loss_bbox_aux1: 0.1072, d0.loss_iou_aux1: 0.4264, d1.loss_cls_aux1: 0.0182, d1.loss_bbox_aux1: 0.0845, d1.loss_iou_aux1: 0.3549, d2.loss_cls_aux1: 0.0180, d2.loss_bbox_aux1: 0.0805, d2.loss_iou_aux1: 0.3428, d3.loss_cls_aux1: 0.0178, d3.loss_bbox_aux1: 0.0794, d3.loss_iou_aux1: 0.3394, d4.loss_cls_aux1: 0.0174, d4.loss_bbox_aux1: 0.0794, d4.loss_iou_aux1: 0.3395, loss: 32.3872, grad_norm: 305.5223
2025-01-09 03:22:41,220 - mmdet - INFO - Saving checkpoint at 6 epochs
2025-01-09 03:28:44,540 - mmdet - INFO - Evaluating bbox...
2025-01-09 03:29:57,054 - mmdet - INFO - 
 Average Precision  (AP) @[ IoU=0.50:0.95 | area=   all | maxDets=100 ] = 0.483
 Average Precision  (AP) @[ IoU=0.50      | area=   all | maxDets=1000 ] = 0.868
 Average Precision  (AP) @[ IoU=0.75      | area=   all | maxDets=1000 ] = 0.452
 Average Precision  (AP) @[ IoU=0.50:0.95 | area= small | maxDets=1000 ] = 0.344
 Average Precision  (AP) @[ IoU=0.50:0.95 | area=medium | maxDets=1000 ] = 0.554
 Average Precision  (AP) @[ IoU=0.50:0.95 | area= large | maxDets=1000 ] = 0.699
 Average Recall     (AR) @[ IoU=0.50:0.95 | area=   all | maxDets=100 ] = 0.599
 Average Recall     (AR) @[ IoU=0.50:0.95 | area=   all | maxDets=300 ] = 0.604
 Average Recall     (AR) @[ IoU=0.50:0.95 | area=   all | maxDets=1000 ] = 0.605
 Average Recall     (AR) @[ IoU=0.50:0.95 | area= small | maxDets=1000 ] = 0.511
 Average Recall     (AR) @[ IoU=0.50:0.95 | area=medium | maxDets=1000 ] = 0.651
 Average Recall     (AR) @[ IoU=0.50:0.95 | area= large | maxDets=1000 ] = 0.782

2025-01-09 03:29:57,054 - mmdet - INFO - 
+----------+-------+--------+--------+-------+-------+-------+
| category | mAP   | mAP_50 | mAP_75 | mAP_s | mAP_m | mAP_l |
+----------+-------+--------+--------+-------+-------+-------+
| person   | 0.493 | 0.894  | 0.474  | 0.341 | 0.579 | 0.775 |
| car      | 0.626 | 0.919  | 0.681  | 0.399 | 0.693 | 0.91  |
| bicycle  | 0.33  | 0.792  | 0.202  | 0.291 | 0.391 | 0.413 |
+----------+-------+--------+--------+-------+-------+-------+
2025-01-09 03:29:57,621 - mmdet - INFO - Exp name: codino_vit_twostream_640_autoaugv1_train1.py
2025-01-09 03:29:57,622 - mmdet - INFO - Epoch(val) [6][1013]	person_precision: 0.4930, car_precision: 0.6260, bicycle_precision: 0.3300, bbox_mAP: 0.4830, bbox_mAP_50: 0.8680, bbox_mAP_75: 0.4520, bbox_mAP_s: 0.3440, bbox_mAP_m: 0.5540, bbox_mAP_l: 0.6990, bbox_mAP_copypaste: 0.483 0.868 0.452 0.344 0.554 0.699
2025-01-09 03:55:19,954 - mmdet - INFO - Epoch [7][1000/4129]	lr: 5.000e-06, eta: 2 days, 2:38:06, time: 1.522, data_time: 0.007, memory: 18733, enc_loss_cls: 0.1517, enc_loss_bbox: 0.1241, enc_loss_iou: 0.5180, loss_cls: 0.1217, loss_bbox: 0.1170, loss_iou: 0.4987, d0.loss_cls: 0.1802, d0.loss_bbox: 0.1153, d0.loss_iou: 0.4954, d1.loss_cls: 0.1419, d1.loss_bbox: 0.1150, d1.loss_iou: 0.4966, d2.loss_cls: 0.1218, d2.loss_bbox: 0.1173, d2.loss_iou: 0.5022, d3.loss_cls: 0.1203, d3.loss_bbox: 0.1170, d3.loss_iou: 0.5003, d4.loss_cls: 0.1216, d4.loss_bbox: 0.1171, d4.loss_iou: 0.4988, dn_loss_cls: 0.0226, dn_loss_bbox: 0.0548, dn_loss_iou: 0.2454, d0.dn_loss_cls: 0.0617, d0.dn_loss_bbox: 0.0818, d0.dn_loss_iou: 0.3594, d1.dn_loss_cls: 0.0317, d1.dn_loss_bbox: 0.0587, d1.dn_loss_iou: 0.2634, d2.dn_loss_cls: 0.0256, d2.dn_loss_bbox: 0.0555, d2.dn_loss_iou: 0.2480, d3.dn_loss_cls: 0.0227, d3.dn_loss_bbox: 0.0548, d3.dn_loss_iou: 0.2448, d4.dn_loss_cls: 0.0224, d4.dn_loss_bbox: 0.0548, d4.dn_loss_iou: 0.2448, loss_rpn_cls: 0.0605, loss_rpn_bbox: 0.1325, loss_cls0: 2.1688, acc0: 92.6607, loss_bbox0: 3.8384, loss_cls1: 1.9446, loss_bbox1: 5.2156, loss_centerness1: 7.1528, loss_cls_aux0: 0.0188, loss_bbox_aux0: 0.0216, loss_iou_aux0: 0.0910, d0.loss_cls_aux0: 0.0273, d0.loss_bbox_aux0: 0.0733, d0.loss_iou_aux0: 0.2913, d1.loss_cls_aux0: 0.0238, d1.loss_bbox_aux0: 0.0355, d1.loss_iou_aux0: 0.1414, d2.loss_cls_aux0: 0.0201, d2.loss_bbox_aux0: 0.0256, d2.loss_iou_aux0: 0.1042, d3.loss_cls_aux0: 0.0187, d3.loss_bbox_aux0: 0.0214, d3.loss_iou_aux0: 0.0894, d4.loss_cls_aux0: 0.0185, d4.loss_bbox_aux0: 0.0215, d4.loss_iou_aux0: 0.0901, loss_cls_aux1: 0.0132, loss_bbox_aux1: 0.0800, loss_iou_aux1: 0.3295, d0.loss_cls_aux1: 0.0185, d0.loss_bbox_aux1: 0.1079, d0.loss_iou_aux1: 0.4121, d1.loss_cls_aux1: 0.0157, d1.loss_bbox_aux1: 0.0845, d1.loss_iou_aux1: 0.3435, d2.loss_cls_aux1: 0.0143, d2.loss_bbox_aux1: 0.0809, d2.loss_iou_aux1: 0.3320, d3.loss_cls_aux1: 0.0134, d3.loss_bbox_aux1: 0.0800, d3.loss_iou_aux1: 0.3293, d4.loss_cls_aux1: 0.0130, d4.loss_bbox_aux1: 0.0800, d4.loss_iou_aux1: 0.3294, loss: 31.7689, grad_norm: 317.6448
2025-01-09 04:20:41,725 - mmdet - INFO - Epoch [7][2000/4129]	lr: 5.000e-06, eta: 2 days, 2:16:16, time: 1.522, data_time: 0.005, memory: 18733, enc_loss_cls: 0.1484, enc_loss_bbox: 0.1202, enc_loss_iou: 0.5206, loss_cls: 0.1221, loss_bbox: 0.1144, loss_iou: 0.5052, d0.loss_cls: 0.1753, d0.loss_bbox: 0.1130, d0.loss_iou: 0.5009, d1.loss_cls: 0.1383, d1.loss_bbox: 0.1142, d1.loss_iou: 0.5045, d2.loss_cls: 0.1216, d2.loss_bbox: 0.1156, d2.loss_iou: 0.5103, d3.loss_cls: 0.1205, d3.loss_bbox: 0.1151, d3.loss_iou: 0.5069, d4.loss_cls: 0.1215, d4.loss_bbox: 0.1145, d4.loss_iou: 0.5055, dn_loss_cls: 0.0254, dn_loss_bbox: 0.0536, dn_loss_iou: 0.2481, d0.dn_loss_cls: 0.0665, d0.dn_loss_bbox: 0.0787, d0.dn_loss_iou: 0.3593, d1.dn_loss_cls: 0.0354, d1.dn_loss_bbox: 0.0572, d1.dn_loss_iou: 0.2663, d2.dn_loss_cls: 0.0288, d2.dn_loss_bbox: 0.0542, d2.dn_loss_iou: 0.2510, d3.dn_loss_cls: 0.0254, d3.dn_loss_bbox: 0.0535, d3.dn_loss_iou: 0.2478, d4.dn_loss_cls: 0.0250, d4.dn_loss_bbox: 0.0535, d4.dn_loss_iou: 0.2479, loss_rpn_cls: 0.0827, loss_rpn_bbox: 0.1438, loss_cls0: 2.2462, acc0: 92.4105, loss_bbox0: 3.9043, loss_cls1: 1.9663, loss_bbox1: 5.3147, loss_centerness1: 7.1855, loss_cls_aux0: 0.0260, loss_bbox_aux0: 0.0214, loss_iou_aux0: 0.0912, d0.loss_cls_aux0: 0.0352, d0.loss_bbox_aux0: 0.0717, d0.loss_iou_aux0: 0.2895, d1.loss_cls_aux0: 0.0271, d1.loss_bbox_aux0: 0.0344, d1.loss_iou_aux0: 0.1427, d2.loss_cls_aux0: 0.0254, d2.loss_bbox_aux0: 0.0249, d2.loss_iou_aux0: 0.1035, d3.loss_cls_aux0: 0.0246, d3.loss_bbox_aux0: 0.0213, d3.loss_iou_aux0: 0.0901, d4.loss_cls_aux0: 0.0256, d4.loss_bbox_aux0: 0.0213, d4.loss_iou_aux0: 0.0906, loss_cls_aux1: 0.0164, loss_bbox_aux1: 0.0826, loss_iou_aux1: 0.3411, d0.loss_cls_aux1: 0.0200, d0.loss_bbox_aux1: 0.1071, d0.loss_iou_aux1: 0.4201, d1.loss_cls_aux1: 0.0172, d1.loss_bbox_aux1: 0.0867, d1.loss_iou_aux1: 0.3537, d2.loss_cls_aux1: 0.0159, d2.loss_bbox_aux1: 0.0832, d2.loss_iou_aux1: 0.3431, d3.loss_cls_aux1: 0.0153, d3.loss_bbox_aux1: 0.0825, d3.loss_iou_aux1: 0.3409, d4.loss_cls_aux1: 0.0159, d4.loss_bbox_aux1: 0.0825, d4.loss_iou_aux1: 0.3410, loss: 32.2615, grad_norm: 297.6324
2025-01-09 04:46:02,834 - mmdet - INFO - Epoch [7][3000/4129]	lr: 5.000e-06, eta: 2 days, 1:54:08, time: 1.521, data_time: 0.005, memory: 18733, enc_loss_cls: 0.1639, enc_loss_bbox: 0.1192, enc_loss_iou: 0.5021, loss_cls: 0.1329, loss_bbox: 0.1109, loss_iou: 0.4824, d0.loss_cls: 0.1789, d0.loss_bbox: 0.1093, d0.loss_iou: 0.4823, d1.loss_cls: 0.1442, d1.loss_bbox: 0.1105, d1.loss_iou: 0.4870, d2.loss_cls: 0.1318, d2.loss_bbox: 0.1102, d2.loss_iou: 0.4857, d3.loss_cls: 0.1331, d3.loss_bbox: 0.1101, d3.loss_iou: 0.4827, d4.loss_cls: 0.1326, d4.loss_bbox: 0.1099, d4.loss_iou: 0.4825, dn_loss_cls: 0.0237, dn_loss_bbox: 0.0540, dn_loss_iou: 0.2420, d0.dn_loss_cls: 0.0605, d0.dn_loss_bbox: 0.0794, d0.dn_loss_iou: 0.3539, d1.dn_loss_cls: 0.0320, d1.dn_loss_bbox: 0.0577, d1.dn_loss_iou: 0.2601, d2.dn_loss_cls: 0.0264, d2.dn_loss_bbox: 0.0545, d2.dn_loss_iou: 0.2446, d3.dn_loss_cls: 0.0237, d3.dn_loss_bbox: 0.0539, d3.dn_loss_iou: 0.2412, d4.dn_loss_cls: 0.0235, d4.dn_loss_bbox: 0.0539, d4.dn_loss_iou: 0.2419, loss_rpn_cls: 0.0665, loss_rpn_bbox: 0.1320, loss_cls0: 2.1964, acc0: 92.5568, loss_bbox0: 3.8996, loss_cls1: 1.9622, loss_bbox1: 5.1988, loss_centerness1: 7.1165, loss_cls_aux0: 0.0278, loss_bbox_aux0: 0.0208, loss_iou_aux0: 0.0895, d0.loss_cls_aux0: 0.0312, d0.loss_bbox_aux0: 0.0714, d0.loss_iou_aux0: 0.2875, d1.loss_cls_aux0: 0.0242, d1.loss_bbox_aux0: 0.0320, d1.loss_iou_aux0: 0.1362, d2.loss_cls_aux0: 0.0240, d2.loss_bbox_aux0: 0.0240, d2.loss_iou_aux0: 0.1005, d3.loss_cls_aux0: 0.0251, d3.loss_bbox_aux0: 0.0207, d3.loss_iou_aux0: 0.0874, d4.loss_cls_aux0: 0.0270, d4.loss_bbox_aux0: 0.0208, d4.loss_iou_aux0: 0.0887, loss_cls_aux1: 0.0190, loss_bbox_aux1: 0.0770, loss_iou_aux1: 0.3312, d0.loss_cls_aux1: 0.0202, d0.loss_bbox_aux1: 0.1020, d0.loss_iou_aux1: 0.4099, d1.loss_cls_aux1: 0.0191, d1.loss_bbox_aux1: 0.0818, d1.loss_iou_aux1: 0.3450, d2.loss_cls_aux1: 0.0181, d2.loss_bbox_aux1: 0.0778, d2.loss_iou_aux1: 0.3338, d3.loss_cls_aux1: 0.0177, d3.loss_bbox_aux1: 0.0770, d3.loss_iou_aux1: 0.3310, d4.loss_cls_aux1: 0.0188, d4.loss_bbox_aux1: 0.0770, d4.loss_iou_aux1: 0.3311, loss: 31.7268, grad_norm: 304.2619
2025-01-09 05:11:23,890 - mmdet - INFO - Epoch [7][4000/4129]	lr: 5.000e-06, eta: 2 days, 1:31:47, time: 1.521, data_time: 0.005, memory: 18733, enc_loss_cls: 0.1503, enc_loss_bbox: 0.1263, enc_loss_iou: 0.5181, loss_cls: 0.1286, loss_bbox: 0.1130, loss_iou: 0.4919, d0.loss_cls: 0.1813, d0.loss_bbox: 0.1140, d0.loss_iou: 0.4901, d1.loss_cls: 0.1413, d1.loss_bbox: 0.1149, d1.loss_iou: 0.4956, d2.loss_cls: 0.1250, d2.loss_bbox: 0.1148, d2.loss_iou: 0.4970, d3.loss_cls: 0.1255, d3.loss_bbox: 0.1139, d3.loss_iou: 0.4940, d4.loss_cls: 0.1281, d4.loss_bbox: 0.1132, d4.loss_iou: 0.4921, dn_loss_cls: 0.0237, dn_loss_bbox: 0.0548, dn_loss_iou: 0.2431, d0.dn_loss_cls: 0.0610, d0.dn_loss_bbox: 0.0812, d0.dn_loss_iou: 0.3544, d1.dn_loss_cls: 0.0323, d1.dn_loss_bbox: 0.0589, d1.dn_loss_iou: 0.2616, d2.dn_loss_cls: 0.0267, d2.dn_loss_bbox: 0.0555, d2.dn_loss_iou: 0.2461, d3.dn_loss_cls: 0.0237, d3.dn_loss_bbox: 0.0548, d3.dn_loss_iou: 0.2429, d4.dn_loss_cls: 0.0233, d4.dn_loss_bbox: 0.0548, d4.dn_loss_iou: 0.2430, loss_rpn_cls: 0.0691, loss_rpn_bbox: 0.1323, loss_cls0: 2.1315, acc0: 92.8746, loss_bbox0: 3.7219, loss_cls1: 2.0304, loss_bbox1: 5.2907, loss_centerness1: 7.2082, loss_cls_aux0: 0.0204, loss_bbox_aux0: 0.0215, loss_iou_aux0: 0.0884, d0.loss_cls_aux0: 0.0320, d0.loss_bbox_aux0: 0.0739, d0.loss_iou_aux0: 0.2892, d1.loss_cls_aux0: 0.0253, d1.loss_bbox_aux0: 0.0348, d1.loss_iou_aux0: 0.1377, d2.loss_cls_aux0: 0.0220, d2.loss_bbox_aux0: 0.0251, d2.loss_iou_aux0: 0.1006, d3.loss_cls_aux0: 0.0198, d3.loss_bbox_aux0: 0.0214, d3.loss_iou_aux0: 0.0870, d4.loss_cls_aux0: 0.0197, d4.loss_bbox_aux0: 0.0214, d4.loss_iou_aux0: 0.0877, loss_cls_aux1: 0.0156, loss_bbox_aux1: 0.0820, loss_iou_aux1: 0.3375, d0.loss_cls_aux1: 0.0192, d0.loss_bbox_aux1: 0.1101, d0.loss_iou_aux1: 0.4219, d1.loss_cls_aux1: 0.0179, d1.loss_bbox_aux1: 0.0866, d1.loss_iou_aux1: 0.3512, d2.loss_cls_aux1: 0.0170, d2.loss_bbox_aux1: 0.0829, d2.loss_iou_aux1: 0.3399, d3.loss_cls_aux1: 0.0163, d3.loss_bbox_aux1: 0.0820, d3.loss_iou_aux1: 0.3374, d4.loss_cls_aux1: 0.0156, d4.loss_bbox_aux1: 0.0820, d4.loss_iou_aux1: 0.3374, loss: 31.8754, grad_norm: 307.8387
2025-01-09 05:14:39,842 - mmdet - INFO - Saving checkpoint at 7 epochs
2025-01-09 05:20:43,117 - mmdet - INFO - Evaluating bbox...
2025-01-09 05:21:53,061 - mmdet - INFO - 
 Average Precision  (AP) @[ IoU=0.50:0.95 | area=   all | maxDets=100 ] = 0.485
 Average Precision  (AP) @[ IoU=0.50      | area=   all | maxDets=1000 ] = 0.873
 Average Precision  (AP) @[ IoU=0.75      | area=   all | maxDets=1000 ] = 0.455
 Average Precision  (AP) @[ IoU=0.50:0.95 | area= small | maxDets=1000 ] = 0.347
 Average Precision  (AP) @[ IoU=0.50:0.95 | area=medium | maxDets=1000 ] = 0.553
 Average Precision  (AP) @[ IoU=0.50:0.95 | area= large | maxDets=1000 ] = 0.678
 Average Recall     (AR) @[ IoU=0.50:0.95 | area=   all | maxDets=100 ] = 0.604
 Average Recall     (AR) @[ IoU=0.50:0.95 | area=   all | maxDets=300 ] = 0.614
 Average Recall     (AR) @[ IoU=0.50:0.95 | area=   all | maxDets=1000 ] = 0.617
 Average Recall     (AR) @[ IoU=0.50:0.95 | area= small | maxDets=1000 ] = 0.517
 Average Recall     (AR) @[ IoU=0.50:0.95 | area=medium | maxDets=1000 ] = 0.670
 Average Recall     (AR) @[ IoU=0.50:0.95 | area= large | maxDets=1000 ] = 0.792

2025-01-09 05:21:53,062 - mmdet - INFO - 
+----------+-------+--------+--------+-------+-------+-------+
| category | mAP   | mAP_50 | mAP_75 | mAP_s | mAP_m | mAP_l |
+----------+-------+--------+--------+-------+-------+-------+
| person   | 0.495 | 0.896  | 0.481  | 0.343 | 0.58  | 0.778 |
| car      | 0.623 | 0.921  | 0.678  | 0.402 | 0.687 | 0.905 |
| bicycle  | 0.337 | 0.802  | 0.207  | 0.294 | 0.391 | 0.351 |
+----------+-------+--------+--------+-------+-------+-------+
2025-01-09 05:21:53,630 - mmdet - INFO - Exp name: codino_vit_twostream_640_autoaugv1_train1.py
2025-01-09 05:21:53,631 - mmdet - INFO - Epoch(val) [7][1013]	person_precision: 0.4950, car_precision: 0.6230, bicycle_precision: 0.3370, bbox_mAP: 0.4850, bbox_mAP_50: 0.8730, bbox_mAP_75: 0.4550, bbox_mAP_s: 0.3470, bbox_mAP_m: 0.5530, bbox_mAP_l: 0.6780, bbox_mAP_copypaste: 0.485 0.873 0.455 0.347 0.553 0.678
2025-01-09 05:47:15,067 - mmdet - INFO - Epoch [8][1000/4129]	lr: 5.000e-06, eta: 2 days, 0:53:20, time: 1.521, data_time: 0.007, memory: 18733, enc_loss_cls: 0.1498, enc_loss_bbox: 0.1168, enc_loss_iou: 0.5040, loss_cls: 0.1247, loss_bbox: 0.1074, loss_iou: 0.4832, d0.loss_cls: 0.1748, d0.loss_bbox: 0.1072, d0.loss_iou: 0.4818, d1.loss_cls: 0.1418, d1.loss_bbox: 0.1071, d1.loss_iou: 0.4805, d2.loss_cls: 0.1254, d2.loss_bbox: 0.1079, d2.loss_iou: 0.4855, d3.loss_cls: 0.1241, d3.loss_bbox: 0.1074, d3.loss_iou: 0.4836, d4.loss_cls: 0.1241, d4.loss_bbox: 0.1076, d4.loss_iou: 0.4832, dn_loss_cls: 0.0213, dn_loss_bbox: 0.0516, dn_loss_iou: 0.2390, d0.dn_loss_cls: 0.0591, d0.dn_loss_bbox: 0.0769, d0.dn_loss_iou: 0.3523, d1.dn_loss_cls: 0.0301, d1.dn_loss_bbox: 0.0554, d1.dn_loss_iou: 0.2564, d2.dn_loss_cls: 0.0239, d2.dn_loss_bbox: 0.0522, d2.dn_loss_iou: 0.2417, d3.dn_loss_cls: 0.0212, d3.dn_loss_bbox: 0.0516, d3.dn_loss_iou: 0.2387, d4.dn_loss_cls: 0.0211, d4.dn_loss_bbox: 0.0516, d4.dn_loss_iou: 0.2388, loss_rpn_cls: 0.0666, loss_rpn_bbox: 0.1336, loss_cls0: 2.1810, acc0: 92.6100, loss_bbox0: 3.8928, loss_cls1: 1.8817, loss_bbox1: 5.1659, loss_centerness1: 7.1206, loss_cls_aux0: 0.0245, loss_bbox_aux0: 0.0196, loss_iou_aux0: 0.0865, d0.loss_cls_aux0: 0.0258, d0.loss_bbox_aux0: 0.0696, d0.loss_iou_aux0: 0.2909, d1.loss_cls_aux0: 0.0209, d1.loss_bbox_aux0: 0.0319, d1.loss_iou_aux0: 0.1364, d2.loss_cls_aux0: 0.0217, d2.loss_bbox_aux0: 0.0228, d2.loss_iou_aux0: 0.0993, d3.loss_cls_aux0: 0.0225, d3.loss_bbox_aux0: 0.0195, d3.loss_iou_aux0: 0.0851, d4.loss_cls_aux0: 0.0236, d4.loss_bbox_aux0: 0.0196, d4.loss_iou_aux0: 0.0857, loss_cls_aux1: 0.0155, loss_bbox_aux1: 0.0734, loss_iou_aux1: 0.3242, d0.loss_cls_aux1: 0.0174, d0.loss_bbox_aux1: 0.0987, d0.loss_iou_aux1: 0.4059, d1.loss_cls_aux1: 0.0161, d1.loss_bbox_aux1: 0.0781, d1.loss_iou_aux1: 0.3387, d2.loss_cls_aux1: 0.0155, d2.loss_bbox_aux1: 0.0743, d2.loss_iou_aux1: 0.3271, d3.loss_cls_aux1: 0.0147, d3.loss_bbox_aux1: 0.0734, d3.loss_iou_aux1: 0.3240, d4.loss_cls_aux1: 0.0150, d4.loss_bbox_aux1: 0.0734, d4.loss_iou_aux1: 0.3241, loss: 31.3684, grad_norm: 312.9291
2025-01-09 06:12:35,374 - mmdet - INFO - Epoch [8][2000/4129]	lr: 5.000e-06, eta: 2 days, 0:31:03, time: 1.520, data_time: 0.005, memory: 18733, enc_loss_cls: 0.1494, enc_loss_bbox: 0.1239, enc_loss_iou: 0.5087, loss_cls: 0.1246, loss_bbox: 0.1140, loss_iou: 0.4835, d0.loss_cls: 0.1725, d0.loss_bbox: 0.1149, d0.loss_iou: 0.4869, d1.loss_cls: 0.1412, d1.loss_bbox: 0.1140, d1.loss_iou: 0.4846, d2.loss_cls: 0.1275, d2.loss_bbox: 0.1145, d2.loss_iou: 0.4866, d3.loss_cls: 0.1248, d3.loss_bbox: 0.1136, d3.loss_iou: 0.4835, d4.loss_cls: 0.1244, d4.loss_bbox: 0.1140, d4.loss_iou: 0.4836, dn_loss_cls: 0.0217, dn_loss_bbox: 0.0561, dn_loss_iou: 0.2418, d0.dn_loss_cls: 0.0581, d0.dn_loss_bbox: 0.0821, d0.dn_loss_iou: 0.3521, d1.dn_loss_cls: 0.0305, d1.dn_loss_bbox: 0.0599, d1.dn_loss_iou: 0.2599, d2.dn_loss_cls: 0.0249, d2.dn_loss_bbox: 0.0568, d2.dn_loss_iou: 0.2446, d3.dn_loss_cls: 0.0222, d3.dn_loss_bbox: 0.0561, d3.dn_loss_iou: 0.2416, d4.dn_loss_cls: 0.0216, d4.dn_loss_bbox: 0.0561, d4.dn_loss_iou: 0.2417, loss_rpn_cls: 0.0735, loss_rpn_bbox: 0.1353, loss_cls0: 2.1999, acc0: 92.4818, loss_bbox0: 3.8743, loss_cls1: 1.9426, loss_bbox1: 5.1461, loss_centerness1: 7.1430, loss_cls_aux0: 0.0193, loss_bbox_aux0: 0.0217, loss_iou_aux0: 0.0876, d0.loss_cls_aux0: 0.0320, d0.loss_bbox_aux0: 0.0732, d0.loss_iou_aux0: 0.2834, d1.loss_cls_aux0: 0.0224, d1.loss_bbox_aux0: 0.0338, d1.loss_iou_aux0: 0.1336, d2.loss_cls_aux0: 0.0208, d2.loss_bbox_aux0: 0.0249, d2.loss_iou_aux0: 0.0992, d3.loss_cls_aux0: 0.0194, d3.loss_bbox_aux0: 0.0215, d3.loss_iou_aux0: 0.0865, d4.loss_cls_aux0: 0.0190, d4.loss_bbox_aux0: 0.0216, d4.loss_iou_aux0: 0.0870, loss_cls_aux1: 0.0152, loss_bbox_aux1: 0.0800, loss_iou_aux1: 0.3250, d0.loss_cls_aux1: 0.0182, d0.loss_bbox_aux1: 0.1058, d0.loss_iou_aux1: 0.4031, d1.loss_cls_aux1: 0.0160, d1.loss_bbox_aux1: 0.0838, d1.loss_iou_aux1: 0.3379, d2.loss_cls_aux1: 0.0155, d2.loss_bbox_aux1: 0.0808, d2.loss_iou_aux1: 0.3276, d3.loss_cls_aux1: 0.0151, d3.loss_bbox_aux1: 0.0800, d3.loss_iou_aux1: 0.3249, d4.loss_cls_aux1: 0.0150, d4.loss_bbox_aux1: 0.0800, d4.loss_iou_aux1: 0.3249, loss: 31.5889, grad_norm: 305.0693
2025-01-09 06:37:56,653 - mmdet - INFO - Epoch [8][3000/4129]	lr: 5.000e-06, eta: 2 days, 0:08:38, time: 1.521, data_time: 0.005, memory: 18733, enc_loss_cls: 0.1486, enc_loss_bbox: 0.1215, enc_loss_iou: 0.5029, loss_cls: 0.1247, loss_bbox: 0.1103, loss_iou: 0.4783, d0.loss_cls: 0.1716, d0.loss_bbox: 0.1115, d0.loss_iou: 0.4776, d1.loss_cls: 0.1342, d1.loss_bbox: 0.1109, d1.loss_iou: 0.4802, d2.loss_cls: 0.1256, d2.loss_bbox: 0.1109, d2.loss_iou: 0.4807, d3.loss_cls: 0.1248, d3.loss_bbox: 0.1103, d3.loss_iou: 0.4787, d4.loss_cls: 0.1244, d4.loss_bbox: 0.1103, d4.loss_iou: 0.4784, dn_loss_cls: 0.0222, dn_loss_bbox: 0.0545, dn_loss_iou: 0.2377, d0.dn_loss_cls: 0.0604, d0.dn_loss_bbox: 0.0800, d0.dn_loss_iou: 0.3489, d1.dn_loss_cls: 0.0310, d1.dn_loss_bbox: 0.0584, d1.dn_loss_iou: 0.2563, d2.dn_loss_cls: 0.0252, d2.dn_loss_bbox: 0.0551, d2.dn_loss_iou: 0.2404, d3.dn_loss_cls: 0.0220, d3.dn_loss_bbox: 0.0545, d3.dn_loss_iou: 0.2375, d4.dn_loss_cls: 0.0218, d4.dn_loss_bbox: 0.0545, d4.dn_loss_iou: 0.2376, loss_rpn_cls: 0.0700, loss_rpn_bbox: 0.1426, loss_cls0: 2.1798, acc0: 92.5510, loss_bbox0: 3.8789, loss_cls1: 1.8985, loss_bbox1: 5.0823, loss_centerness1: 7.1772, loss_cls_aux0: 0.0271, loss_bbox_aux0: 0.0218, loss_iou_aux0: 0.0898, d0.loss_cls_aux0: 0.0291, d0.loss_bbox_aux0: 0.0730, d0.loss_iou_aux0: 0.2870, d1.loss_cls_aux0: 0.0256, d1.loss_bbox_aux0: 0.0342, d1.loss_iou_aux0: 0.1371, d2.loss_cls_aux0: 0.0276, d2.loss_bbox_aux0: 0.0253, d2.loss_iou_aux0: 0.1013, d3.loss_cls_aux0: 0.0272, d3.loss_bbox_aux0: 0.0217, d3.loss_iou_aux0: 0.0887, d4.loss_cls_aux0: 0.0262, d4.loss_bbox_aux0: 0.0218, d4.loss_iou_aux0: 0.0892, loss_cls_aux1: 0.0169, loss_bbox_aux1: 0.0777, loss_iou_aux1: 0.3181, d0.loss_cls_aux1: 0.0224, d0.loss_bbox_aux1: 0.1028, d0.loss_iou_aux1: 0.3971, d1.loss_cls_aux1: 0.0188, d1.loss_bbox_aux1: 0.0819, d1.loss_iou_aux1: 0.3306, d2.loss_cls_aux1: 0.0176, d2.loss_bbox_aux1: 0.0785, d2.loss_iou_aux1: 0.3201, d3.loss_cls_aux1: 0.0168, d3.loss_bbox_aux1: 0.0777, d3.loss_iou_aux1: 0.3179, d4.loss_cls_aux1: 0.0164, d4.loss_bbox_aux1: 0.0777, d4.loss_iou_aux1: 0.3181, loss: 31.4048, grad_norm: 304.6664
2025-01-09 07:03:18,633 - mmdet - INFO - Epoch [8][4000/4129]	lr: 5.000e-06, eta: 1 day, 23:46:04, time: 1.522, data_time: 0.005, memory: 18733, enc_loss_cls: 0.1550, enc_loss_bbox: 0.1231, enc_loss_iou: 0.5201, loss_cls: 0.1255, loss_bbox: 0.1149, loss_iou: 0.5014, d0.loss_cls: 0.1746, d0.loss_bbox: 0.1150, d0.loss_iou: 0.4981, d1.loss_cls: 0.1368, d1.loss_bbox: 0.1150, d1.loss_iou: 0.4994, d2.loss_cls: 0.1237, d2.loss_bbox: 0.1152, d2.loss_iou: 0.5053, d3.loss_cls: 0.1243, d3.loss_bbox: 0.1149, d3.loss_iou: 0.5026, d4.loss_cls: 0.1247, d4.loss_bbox: 0.1147, d4.loss_iou: 0.5016, dn_loss_cls: 0.0241, dn_loss_bbox: 0.0544, dn_loss_iou: 0.2468, d0.dn_loss_cls: 0.0615, d0.dn_loss_bbox: 0.0807, d0.dn_loss_iou: 0.3627, d1.dn_loss_cls: 0.0327, d1.dn_loss_bbox: 0.0583, d1.dn_loss_iou: 0.2658, d2.dn_loss_cls: 0.0267, d2.dn_loss_bbox: 0.0550, d2.dn_loss_iou: 0.2500, d3.dn_loss_cls: 0.0240, d3.dn_loss_bbox: 0.0544, d3.dn_loss_iou: 0.2466, d4.dn_loss_cls: 0.0239, d4.dn_loss_bbox: 0.0544, d4.dn_loss_iou: 0.2467, loss_rpn_cls: 0.0692, loss_rpn_bbox: 0.1395, loss_cls0: 2.1935, acc0: 92.6184, loss_bbox0: 3.8640, loss_cls1: 1.9575, loss_bbox1: 5.3260, loss_centerness1: 7.2477, loss_cls_aux0: 0.0191, loss_bbox_aux0: 0.0211, loss_iou_aux0: 0.0888, d0.loss_cls_aux0: 0.0231, d0.loss_bbox_aux0: 0.0730, d0.loss_iou_aux0: 0.2950, d1.loss_cls_aux0: 0.0198, d1.loss_bbox_aux0: 0.0341, d1.loss_iou_aux0: 0.1394, d2.loss_cls_aux0: 0.0183, d2.loss_bbox_aux0: 0.0246, d2.loss_iou_aux0: 0.1013, d3.loss_cls_aux0: 0.0182, d3.loss_bbox_aux0: 0.0210, d3.loss_iou_aux0: 0.0879, d4.loss_cls_aux0: 0.0186, d4.loss_bbox_aux0: 0.0211, d4.loss_iou_aux0: 0.0883, loss_cls_aux1: 0.0158, loss_bbox_aux1: 0.0793, loss_iou_aux1: 0.3390, d0.loss_cls_aux1: 0.0169, d0.loss_bbox_aux1: 0.1044, d0.loss_iou_aux1: 0.4201, d1.loss_cls_aux1: 0.0162, d1.loss_bbox_aux1: 0.0836, d1.loss_iou_aux1: 0.3526, d2.loss_cls_aux1: 0.0152, d2.loss_bbox_aux1: 0.0799, d2.loss_iou_aux1: 0.3417, d3.loss_cls_aux1: 0.0151, d3.loss_bbox_aux1: 0.0793, d3.loss_iou_aux1: 0.3388, d4.loss_cls_aux1: 0.0154, d4.loss_bbox_aux1: 0.0793, d4.loss_iou_aux1: 0.3390, loss: 32.1167, grad_norm: 326.9375
2025-01-09 07:06:35,026 - mmdet - INFO - Saving checkpoint at 8 epochs
2025-01-09 07:12:38,225 - mmdet - INFO - Evaluating bbox...
2025-01-09 07:13:52,886 - mmdet - INFO - 
 Average Precision  (AP) @[ IoU=0.50:0.95 | area=   all | maxDets=100 ] = 0.467
 Average Precision  (AP) @[ IoU=0.50      | area=   all | maxDets=1000 ] = 0.865
 Average Precision  (AP) @[ IoU=0.75      | area=   all | maxDets=1000 ] = 0.420
 Average Precision  (AP) @[ IoU=0.50:0.95 | area= small | maxDets=1000 ] = 0.335
 Average Precision  (AP) @[ IoU=0.50:0.95 | area=medium | maxDets=1000 ] = 0.522
 Average Precision  (AP) @[ IoU=0.50:0.95 | area= large | maxDets=1000 ] = 0.684
 Average Recall     (AR) @[ IoU=0.50:0.95 | area=   all | maxDets=100 ] = 0.589
 Average Recall     (AR) @[ IoU=0.50:0.95 | area=   all | maxDets=300 ] = 0.595
 Average Recall     (AR) @[ IoU=0.50:0.95 | area=   all | maxDets=1000 ] = 0.598
 Average Recall     (AR) @[ IoU=0.50:0.95 | area= small | maxDets=1000 ] = 0.519
 Average Recall     (AR) @[ IoU=0.50:0.95 | area=medium | maxDets=1000 ] = 0.632
 Average Recall     (AR) @[ IoU=0.50:0.95 | area= large | maxDets=1000 ] = 0.778

2025-01-09 07:13:52,887 - mmdet - INFO - 
+----------+-------+--------+--------+-------+-------+-------+
| category | mAP   | mAP_50 | mAP_75 | mAP_s | mAP_m | mAP_l |
+----------+-------+--------+--------+-------+-------+-------+
| person   | 0.489 | 0.895  | 0.465  | 0.339 | 0.564 | 0.764 |
| car      | 0.622 | 0.923  | 0.673  | 0.406 | 0.68  | 0.905 |
| bicycle  | 0.289 | 0.776  | 0.122  | 0.259 | 0.321 | 0.383 |
+----------+-------+--------+--------+-------+-------+-------+
2025-01-09 07:13:53,456 - mmdet - INFO - Exp name: codino_vit_twostream_640_autoaugv1_train1.py
2025-01-09 07:13:53,457 - mmdet - INFO - Epoch(val) [8][1013]	person_precision: 0.4890, car_precision: 0.6220, bicycle_precision: 0.2890, bbox_mAP: 0.4670, bbox_mAP_50: 0.8650, bbox_mAP_75: 0.4200, bbox_mAP_s: 0.3350, bbox_mAP_m: 0.5220, bbox_mAP_l: 0.6840, bbox_mAP_copypaste: 0.467 0.865 0.420 0.335 0.522 0.684
2025-01-09 07:39:15,681 - mmdet - INFO - Epoch [9][1000/4129]	lr: 5.000e-06, eta: 1 day, 23:09:24, time: 1.522, data_time: 0.007, memory: 18733, enc_loss_cls: 0.1601, enc_loss_bbox: 0.1220, enc_loss_iou: 0.5140, loss_cls: 0.1286, loss_bbox: 0.1124, loss_iou: 0.4930, d0.loss_cls: 0.1821, d0.loss_bbox: 0.1137, d0.loss_iou: 0.4920, d1.loss_cls: 0.1490, d1.loss_bbox: 0.1123, d1.loss_iou: 0.4905, d2.loss_cls: 0.1283, d2.loss_bbox: 0.1128, d2.loss_iou: 0.4949, d3.loss_cls: 0.1269, d3.loss_bbox: 0.1123, d3.loss_iou: 0.4939, d4.loss_cls: 0.1275, d4.loss_bbox: 0.1124, d4.loss_iou: 0.4937, dn_loss_cls: 0.0234, dn_loss_bbox: 0.0539, dn_loss_iou: 0.2431, d0.dn_loss_cls: 0.0615, d0.dn_loss_bbox: 0.0800, d0.dn_loss_iou: 0.3572, d1.dn_loss_cls: 0.0325, d1.dn_loss_bbox: 0.0579, d1.dn_loss_iou: 0.2622, d2.dn_loss_cls: 0.0267, d2.dn_loss_bbox: 0.0545, d2.dn_loss_iou: 0.2460, d3.dn_loss_cls: 0.0237, d3.dn_loss_bbox: 0.0539, d3.dn_loss_iou: 0.2429, d4.dn_loss_cls: 0.0231, d4.dn_loss_bbox: 0.0539, d4.dn_loss_iou: 0.2430, loss_rpn_cls: 0.0719, loss_rpn_bbox: 0.1406, loss_cls0: 2.2087, acc0: 92.4760, loss_bbox0: 3.9226, loss_cls1: 1.9926, loss_bbox1: 5.2551, loss_centerness1: 7.1918, loss_cls_aux0: 0.0252, loss_bbox_aux0: 0.0200, loss_iou_aux0: 0.0861, d0.loss_cls_aux0: 0.0339, d0.loss_bbox_aux0: 0.0717, d0.loss_iou_aux0: 0.2904, d1.loss_cls_aux0: 0.0269, d1.loss_bbox_aux0: 0.0324, d1.loss_iou_aux0: 0.1354, d2.loss_cls_aux0: 0.0266, d2.loss_bbox_aux0: 0.0234, d2.loss_iou_aux0: 0.0981, d3.loss_cls_aux0: 0.0254, d3.loss_bbox_aux0: 0.0198, d3.loss_iou_aux0: 0.0846, d4.loss_cls_aux0: 0.0243, d4.loss_bbox_aux0: 0.0199, d4.loss_iou_aux0: 0.0853, loss_cls_aux1: 0.0161, loss_bbox_aux1: 0.0800, loss_iou_aux1: 0.3341, d0.loss_cls_aux1: 0.0192, d0.loss_bbox_aux1: 0.1077, d0.loss_iou_aux1: 0.4195, d1.loss_cls_aux1: 0.0169, d1.loss_bbox_aux1: 0.0844, d1.loss_iou_aux1: 0.3482, d2.loss_cls_aux1: 0.0171, d2.loss_bbox_aux1: 0.0808, d2.loss_iou_aux1: 0.3370, d3.loss_cls_aux1: 0.0161, d3.loss_bbox_aux1: 0.0800, d3.loss_iou_aux1: 0.3340, d4.loss_cls_aux1: 0.0158, d4.loss_bbox_aux1: 0.0800, d4.loss_iou_aux1: 0.3340, loss: 32.0449, grad_norm: 299.5680
2025-01-09 08:04:37,644 - mmdet - INFO - Epoch [9][2000/4129]	lr: 5.000e-06, eta: 1 day, 22:46:55, time: 1.522, data_time: 0.005, memory: 18733, enc_loss_cls: 0.1401, enc_loss_bbox: 0.1226, enc_loss_iou: 0.5131, loss_cls: 0.1133, loss_bbox: 0.1147, loss_iou: 0.4906, d0.loss_cls: 0.1589, d0.loss_bbox: 0.1132, d0.loss_iou: 0.4900, d1.loss_cls: 0.1266, d1.loss_bbox: 0.1136, d1.loss_iou: 0.4886, d2.loss_cls: 0.1161, d2.loss_bbox: 0.1146, d2.loss_iou: 0.4912, d3.loss_cls: 0.1132, d3.loss_bbox: 0.1144, d3.loss_iou: 0.4905, d4.loss_cls: 0.1129, d4.loss_bbox: 0.1149, d4.loss_iou: 0.4916, dn_loss_cls: 0.0213, dn_loss_bbox: 0.0539, dn_loss_iou: 0.2402, d0.dn_loss_cls: 0.0575, d0.dn_loss_bbox: 0.0795, d0.dn_loss_iou: 0.3524, d1.dn_loss_cls: 0.0301, d1.dn_loss_bbox: 0.0578, d1.dn_loss_iou: 0.2575, d2.dn_loss_cls: 0.0247, d2.dn_loss_bbox: 0.0545, d2.dn_loss_iou: 0.2430, d3.dn_loss_cls: 0.0218, d3.dn_loss_bbox: 0.0539, d3.dn_loss_iou: 0.2399, d4.dn_loss_cls: 0.0213, d4.dn_loss_bbox: 0.0539, d4.dn_loss_iou: 0.2401, loss_rpn_cls: 0.0637, loss_rpn_bbox: 0.1365, loss_cls0: 2.1662, acc0: 92.6721, loss_bbox0: 3.8992, loss_cls1: 1.8779, loss_bbox1: 5.1233, loss_centerness1: 7.1767, loss_cls_aux0: 0.0181, loss_bbox_aux0: 0.0212, loss_iou_aux0: 0.0889, d0.loss_cls_aux0: 0.0226, d0.loss_bbox_aux0: 0.0717, d0.loss_iou_aux0: 0.2902, d1.loss_cls_aux0: 0.0180, d1.loss_bbox_aux0: 0.0338, d1.loss_iou_aux0: 0.1374, d2.loss_cls_aux0: 0.0187, d2.loss_bbox_aux0: 0.0250, d2.loss_iou_aux0: 0.1015, d3.loss_cls_aux0: 0.0185, d3.loss_bbox_aux0: 0.0211, d3.loss_iou_aux0: 0.0879, d4.loss_cls_aux0: 0.0182, d4.loss_bbox_aux0: 0.0212, d4.loss_iou_aux0: 0.0884, loss_cls_aux1: 0.0154, loss_bbox_aux1: 0.0795, loss_iou_aux1: 0.3232, d0.loss_cls_aux1: 0.0175, d0.loss_bbox_aux1: 0.1046, d0.loss_iou_aux1: 0.4015, d1.loss_cls_aux1: 0.0168, d1.loss_bbox_aux1: 0.0842, d1.loss_iou_aux1: 0.3362, d2.loss_cls_aux1: 0.0162, d2.loss_bbox_aux1: 0.0803, d2.loss_iou_aux1: 0.3253, d3.loss_cls_aux1: 0.0152, d3.loss_bbox_aux1: 0.0794, d3.loss_iou_aux1: 0.3230, d4.loss_cls_aux1: 0.0153, d4.loss_bbox_aux1: 0.0794, d4.loss_iou_aux1: 0.3231, loss: 31.4304, grad_norm: 294.3890
2025-01-09 08:29:59,710 - mmdet - INFO - Epoch [9][3000/4129]	lr: 5.000e-06, eta: 1 day, 22:24:17, time: 1.522, data_time: 0.005, memory: 18733, enc_loss_cls: 0.1410, enc_loss_bbox: 0.1188, enc_loss_iou: 0.5052, loss_cls: 0.1181, loss_bbox: 0.1083, loss_iou: 0.4793, d0.loss_cls: 0.1609, d0.loss_bbox: 0.1095, d0.loss_iou: 0.4810, d1.loss_cls: 0.1294, d1.loss_bbox: 0.1089, d1.loss_iou: 0.4805, d2.loss_cls: 0.1161, d2.loss_bbox: 0.1101, d2.loss_iou: 0.4839, d3.loss_cls: 0.1182, d3.loss_bbox: 0.1090, d3.loss_iou: 0.4805, d4.loss_cls: 0.1179, d4.loss_bbox: 0.1082, d4.loss_iou: 0.4795, dn_loss_cls: 0.0229, dn_loss_bbox: 0.0528, dn_loss_iou: 0.2408, d0.dn_loss_cls: 0.0589, d0.dn_loss_bbox: 0.0781, d0.dn_loss_iou: 0.3516, d1.dn_loss_cls: 0.0312, d1.dn_loss_bbox: 0.0567, d1.dn_loss_iou: 0.2590, d2.dn_loss_cls: 0.0256, d2.dn_loss_bbox: 0.0535, d2.dn_loss_iou: 0.2437, d3.dn_loss_cls: 0.0227, d3.dn_loss_bbox: 0.0528, d3.dn_loss_iou: 0.2407, d4.dn_loss_cls: 0.0226, d4.dn_loss_bbox: 0.0528, d4.dn_loss_iou: 0.2408, loss_rpn_cls: 0.0539, loss_rpn_bbox: 0.1315, loss_cls0: 2.0880, acc0: 92.9043, loss_bbox0: 3.6893, loss_cls1: 1.8142, loss_bbox1: 5.0919, loss_centerness1: 7.1604, loss_cls_aux0: 0.0181, loss_bbox_aux0: 0.0206, loss_iou_aux0: 0.0884, d0.loss_cls_aux0: 0.0251, d0.loss_bbox_aux0: 0.0703, d0.loss_iou_aux0: 0.2894, d1.loss_cls_aux0: 0.0209, d1.loss_bbox_aux0: 0.0322, d1.loss_iou_aux0: 0.1361, d2.loss_cls_aux0: 0.0200, d2.loss_bbox_aux0: 0.0239, d2.loss_iou_aux0: 0.1004, d3.loss_cls_aux0: 0.0188, d3.loss_bbox_aux0: 0.0205, d3.loss_iou_aux0: 0.0873, d4.loss_cls_aux0: 0.0180, d4.loss_bbox_aux0: 0.0205, d4.loss_iou_aux0: 0.0878, loss_cls_aux1: 0.0152, loss_bbox_aux1: 0.0760, loss_iou_aux1: 0.3236, d0.loss_cls_aux1: 0.0173, d0.loss_bbox_aux1: 0.1020, d0.loss_iou_aux1: 0.4048, d1.loss_cls_aux1: 0.0160, d1.loss_bbox_aux1: 0.0807, d1.loss_iou_aux1: 0.3373, d2.loss_cls_aux1: 0.0156, d2.loss_bbox_aux1: 0.0772, d2.loss_iou_aux1: 0.3265, d3.loss_cls_aux1: 0.0152, d3.loss_bbox_aux1: 0.0760, d3.loss_iou_aux1: 0.3234, d4.loss_cls_aux1: 0.0150, d4.loss_bbox_aux1: 0.0760, d4.loss_iou_aux1: 0.3235, loss: 30.9201, grad_norm: 294.2143
2025-01-09 08:55:35,778 - mmdet - INFO - Epoch [9][4000/4129]	lr: 5.000e-06, eta: 1 day, 22:02:12, time: 1.536, data_time: 0.006, memory: 18733, enc_loss_cls: 0.1592, enc_loss_bbox: 0.1219, enc_loss_iou: 0.5053, loss_cls: 0.1314, loss_bbox: 0.1120, loss_iou: 0.4817, d0.loss_cls: 0.1832, d0.loss_bbox: 0.1117, d0.loss_iou: 0.4799, d1.loss_cls: 0.1515, d1.loss_bbox: 0.1105, d1.loss_iou: 0.4793, d2.loss_cls: 0.1349, d2.loss_bbox: 0.1125, d2.loss_iou: 0.4842, d3.loss_cls: 0.1302, d3.loss_bbox: 0.1122, d3.loss_iou: 0.4827, d4.loss_cls: 0.1301, d4.loss_bbox: 0.1121, d4.loss_iou: 0.4820, dn_loss_cls: 0.0240, dn_loss_bbox: 0.0537, dn_loss_iou: 0.2398, d0.dn_loss_cls: 0.0604, d0.dn_loss_bbox: 0.0792, d0.dn_loss_iou: 0.3504, d1.dn_loss_cls: 0.0321, d1.dn_loss_bbox: 0.0576, d1.dn_loss_iou: 0.2583, d2.dn_loss_cls: 0.0264, d2.dn_loss_bbox: 0.0544, d2.dn_loss_iou: 0.2431, d3.dn_loss_cls: 0.0239, d3.dn_loss_bbox: 0.0537, d3.dn_loss_iou: 0.2397, d4.dn_loss_cls: 0.0237, d4.dn_loss_bbox: 0.0537, d4.dn_loss_iou: 0.2398, loss_rpn_cls: 0.0709, loss_rpn_bbox: 0.1294, loss_cls0: 2.0881, acc0: 92.9766, loss_bbox0: 3.6508, loss_cls1: 1.9582, loss_bbox1: 5.0915, loss_centerness1: 7.1785, loss_cls_aux0: 0.0293, loss_bbox_aux0: 0.0214, loss_iou_aux0: 0.0853, d0.loss_cls_aux0: 0.0316, d0.loss_bbox_aux0: 0.0717, d0.loss_iou_aux0: 0.2829, d1.loss_cls_aux0: 0.0293, d1.loss_bbox_aux0: 0.0340, d1.loss_iou_aux0: 0.1323, d2.loss_cls_aux0: 0.0289, d2.loss_bbox_aux0: 0.0244, d2.loss_iou_aux0: 0.0963, d3.loss_cls_aux0: 0.0281, d3.loss_bbox_aux0: 0.0213, d3.loss_iou_aux0: 0.0842, d4.loss_cls_aux0: 0.0283, d4.loss_bbox_aux0: 0.0214, d4.loss_iou_aux0: 0.0847, loss_cls_aux1: 0.0188, loss_bbox_aux1: 0.0775, loss_iou_aux1: 0.3210, d0.loss_cls_aux1: 0.0219, d0.loss_bbox_aux1: 0.1035, d0.loss_iou_aux1: 0.4000, d1.loss_cls_aux1: 0.0206, d1.loss_bbox_aux1: 0.0821, d1.loss_iou_aux1: 0.3340, d2.loss_cls_aux1: 0.0191, d2.loss_bbox_aux1: 0.0782, d2.loss_iou_aux1: 0.3240, d3.loss_cls_aux1: 0.0181, d3.loss_bbox_aux1: 0.0775, d3.loss_iou_aux1: 0.3209, d4.loss_cls_aux1: 0.0184, d4.loss_bbox_aux1: 0.0775, d4.loss_iou_aux1: 0.3209, loss: 31.2596, grad_norm: 314.0098
2025-01-09 08:58:54,309 - mmdet - INFO - Saving checkpoint at 9 epochs
2025-01-09 09:05:01,164 - mmdet - INFO - Evaluating bbox...
2025-01-09 09:06:15,297 - mmdet - INFO - 
 Average Precision  (AP) @[ IoU=0.50:0.95 | area=   all | maxDets=100 ] = 0.457
 Average Precision  (AP) @[ IoU=0.50      | area=   all | maxDets=1000 ] = 0.842
 Average Precision  (AP) @[ IoU=0.75      | area=   all | maxDets=1000 ] = 0.416
 Average Precision  (AP) @[ IoU=0.50:0.95 | area= small | maxDets=1000 ] = 0.328
 Average Precision  (AP) @[ IoU=0.50:0.95 | area=medium | maxDets=1000 ] = 0.522
 Average Precision  (AP) @[ IoU=0.50:0.95 | area= large | maxDets=1000 ] = 0.663
 Average Recall     (AR) @[ IoU=0.50:0.95 | area=   all | maxDets=100 ] = 0.592
 Average Recall     (AR) @[ IoU=0.50:0.95 | area=   all | maxDets=300 ] = 0.605
 Average Recall     (AR) @[ IoU=0.50:0.95 | area=   all | maxDets=1000 ] = 0.608
 Average Recall     (AR) @[ IoU=0.50:0.95 | area= small | maxDets=1000 ] = 0.523
 Average Recall     (AR) @[ IoU=0.50:0.95 | area=medium | maxDets=1000 ] = 0.649
 Average Recall     (AR) @[ IoU=0.50:0.95 | area= large | maxDets=1000 ] = 0.761

2025-01-09 09:06:15,298 - mmdet - INFO - 
+----------+-------+--------+--------+-------+-------+-------+
| category | mAP   | mAP_50 | mAP_75 | mAP_s | mAP_m | mAP_l |
+----------+-------+--------+--------+-------+-------+-------+
| person   | 0.471 | 0.885  | 0.432  | 0.331 | 0.56  | 0.724 |
| car      | 0.626 | 0.923  | 0.682  | 0.414 | 0.686 | 0.901 |
| bicycle  | 0.274 | 0.718  | 0.134  | 0.237 | 0.322 | 0.362 |
+----------+-------+--------+--------+-------+-------+-------+
2025-01-09 09:06:15,877 - mmdet - INFO - Exp name: codino_vit_twostream_640_autoaugv1_train1.py
2025-01-09 09:06:15,877 - mmdet - INFO - Epoch(val) [9][1013]	person_precision: 0.4710, car_precision: 0.6260, bicycle_precision: 0.2740, bbox_mAP: 0.4570, bbox_mAP_50: 0.8420, bbox_mAP_75: 0.4160, bbox_mAP_s: 0.3280, bbox_mAP_m: 0.5220, bbox_mAP_l: 0.6630, bbox_mAP_copypaste: 0.457 0.842 0.416 0.328 0.522 0.663
2025-01-09 09:31:56,105 - mmdet - INFO - Epoch [10][1000/4129]	lr: 5.000e-06, eta: 1 day, 21:27:41, time: 1.540, data_time: 0.008, memory: 18733, enc_loss_cls: 0.1400, enc_loss_bbox: 0.1201, enc_loss_iou: 0.5022, loss_cls: 0.1224, loss_bbox: 0.1087, loss_iou: 0.4729, d0.loss_cls: 0.1630, d0.loss_bbox: 0.1113, d0.loss_iou: 0.4789, d1.loss_cls: 0.1300, d1.loss_bbox: 0.1099, d1.loss_iou: 0.4764, d2.loss_cls: 0.1242, d2.loss_bbox: 0.1096, d2.loss_iou: 0.4748, d3.loss_cls: 0.1228, d3.loss_bbox: 0.1084, d3.loss_iou: 0.4726, d4.loss_cls: 0.1215, d4.loss_bbox: 0.1088, d4.loss_iou: 0.4738, dn_loss_cls: 0.0214, dn_loss_bbox: 0.0543, dn_loss_iou: 0.2401, d0.dn_loss_cls: 0.0569, d0.dn_loss_bbox: 0.0794, d0.dn_loss_iou: 0.3494, d1.dn_loss_cls: 0.0296, d1.dn_loss_bbox: 0.0579, d1.dn_loss_iou: 0.2582, d2.dn_loss_cls: 0.0240, d2.dn_loss_bbox: 0.0548, d2.dn_loss_iou: 0.2436, d3.dn_loss_cls: 0.0216, d3.dn_loss_bbox: 0.0542, d3.dn_loss_iou: 0.2401, d4.dn_loss_cls: 0.0213, d4.dn_loss_bbox: 0.0543, d4.dn_loss_iou: 0.2408, loss_rpn_cls: 0.0586, loss_rpn_bbox: 0.1321, loss_cls0: 2.0594, acc0: 92.9797, loss_bbox0: 3.7232, loss_cls1: 1.8160, loss_bbox1: 5.0585, loss_centerness1: 7.1211, loss_cls_aux0: 0.0204, loss_bbox_aux0: 0.0201, loss_iou_aux0: 0.0837, d0.loss_cls_aux0: 0.0275, d0.loss_bbox_aux0: 0.0710, d0.loss_iou_aux0: 0.2785, d1.loss_cls_aux0: 0.0223, d1.loss_bbox_aux0: 0.0331, d1.loss_iou_aux0: 0.1327, d2.loss_cls_aux0: 0.0217, d2.loss_bbox_aux0: 0.0238, d2.loss_iou_aux0: 0.0968, d3.loss_cls_aux0: 0.0205, d3.loss_bbox_aux0: 0.0200, d3.loss_iou_aux0: 0.0828, d4.loss_cls_aux0: 0.0202, d4.loss_bbox_aux0: 0.0200, d4.loss_iou_aux0: 0.0834, loss_cls_aux1: 0.0124, loss_bbox_aux1: 0.0787, loss_iou_aux1: 0.3191, d0.loss_cls_aux1: 0.0153, d0.loss_bbox_aux1: 0.1039, d0.loss_iou_aux1: 0.3968, d1.loss_cls_aux1: 0.0140, d1.loss_bbox_aux1: 0.0833, d1.loss_iou_aux1: 0.3332, d2.loss_cls_aux1: 0.0131, d2.loss_bbox_aux1: 0.0797, d2.loss_iou_aux1: 0.3222, d3.loss_cls_aux1: 0.0128, d3.loss_bbox_aux1: 0.0787, d3.loss_iou_aux1: 0.3190, d4.loss_cls_aux1: 0.0125, d4.loss_bbox_aux1: 0.0786, d4.loss_iou_aux1: 0.3191, loss: 30.7939, grad_norm: 301.8369
2025-01-09 09:57:37,087 - mmdet - INFO - Epoch [10][2000/4129]	lr: 5.000e-06, eta: 1 day, 21:05:46, time: 1.541, data_time: 0.006, memory: 18733, enc_loss_cls: 0.1470, enc_loss_bbox: 0.1199, enc_loss_iou: 0.5112, loss_cls: 0.1279, loss_bbox: 0.1077, loss_iou: 0.4840, d0.loss_cls: 0.1683, d0.loss_bbox: 0.1102, d0.loss_iou: 0.4867, d1.loss_cls: 0.1344, d1.loss_bbox: 0.1098, d1.loss_iou: 0.4874, d2.loss_cls: 0.1288, d2.loss_bbox: 0.1087, d2.loss_iou: 0.4862, d3.loss_cls: 0.1264, d3.loss_bbox: 0.1085, d3.loss_iou: 0.4852, d4.loss_cls: 0.1277, d4.loss_bbox: 0.1079, d4.loss_iou: 0.4841, dn_loss_cls: 0.0216, dn_loss_bbox: 0.0527, dn_loss_iou: 0.2434, d0.dn_loss_cls: 0.0591, d0.dn_loss_bbox: 0.0781, d0.dn_loss_iou: 0.3567, d1.dn_loss_cls: 0.0305, d1.dn_loss_bbox: 0.0564, d1.dn_loss_iou: 0.2613, d2.dn_loss_cls: 0.0247, d2.dn_loss_bbox: 0.0533, d2.dn_loss_iou: 0.2462, d3.dn_loss_cls: 0.0219, d3.dn_loss_bbox: 0.0527, d3.dn_loss_iou: 0.2431, d4.dn_loss_cls: 0.0215, d4.dn_loss_bbox: 0.0527, d4.dn_loss_iou: 0.2432, loss_rpn_cls: 0.0711, loss_rpn_bbox: 0.1407, loss_cls0: 2.1597, acc0: 92.6453, loss_bbox0: 3.9492, loss_cls1: 1.8368, loss_bbox1: 5.2786, loss_centerness1: 7.2513, loss_cls_aux0: 0.0160, loss_bbox_aux0: 0.0201, loss_iou_aux0: 0.0886, d0.loss_cls_aux0: 0.0217, d0.loss_bbox_aux0: 0.0715, d0.loss_iou_aux0: 0.2961, d1.loss_cls_aux0: 0.0169, d1.loss_bbox_aux0: 0.0322, d1.loss_iou_aux0: 0.1373, d2.loss_cls_aux0: 0.0159, d2.loss_bbox_aux0: 0.0232, d2.loss_iou_aux0: 0.1003, d3.loss_cls_aux0: 0.0157, d3.loss_bbox_aux0: 0.0199, d3.loss_iou_aux0: 0.0872, d4.loss_cls_aux0: 0.0156, d4.loss_bbox_aux0: 0.0200, d4.loss_iou_aux0: 0.0878, loss_cls_aux1: 0.0146, loss_bbox_aux1: 0.0783, loss_iou_aux1: 0.3336, d0.loss_cls_aux1: 0.0165, d0.loss_bbox_aux1: 0.1030, d0.loss_iou_aux1: 0.4150, d1.loss_cls_aux1: 0.0154, d1.loss_bbox_aux1: 0.0815, d1.loss_iou_aux1: 0.3463, d2.loss_cls_aux1: 0.0142, d2.loss_bbox_aux1: 0.0789, d2.loss_iou_aux1: 0.3366, d3.loss_cls_aux1: 0.0142, d3.loss_bbox_aux1: 0.0783, d3.loss_iou_aux1: 0.3335, d4.loss_cls_aux1: 0.0144, d4.loss_bbox_aux1: 0.0783, d4.loss_iou_aux1: 0.3336, loss: 31.7368, grad_norm: 286.8220
2025-01-09 10:23:20,865 - mmdet - INFO - Epoch [10][3000/4129]	lr: 5.000e-06, eta: 1 day, 20:43:48, time: 1.544, data_time: 0.006, memory: 18733, enc_loss_cls: 0.1528, enc_loss_bbox: 0.1226, enc_loss_iou: 0.5084, loss_cls: 0.1273, loss_bbox: 0.1128, loss_iou: 0.4855, d0.loss_cls: 0.1807, d0.loss_bbox: 0.1127, d0.loss_iou: 0.4826, d1.loss_cls: 0.1396, d1.loss_bbox: 0.1135, d1.loss_iou: 0.4869, d2.loss_cls: 0.1305, d2.loss_bbox: 0.1131, d2.loss_iou: 0.4871, d3.loss_cls: 0.1285, d3.loss_bbox: 0.1128, d3.loss_iou: 0.4857, d4.loss_cls: 0.1268, d4.loss_bbox: 0.1130, d4.loss_iou: 0.4856, dn_loss_cls: 0.0239, dn_loss_bbox: 0.0539, dn_loss_iou: 0.2418, d0.dn_loss_cls: 0.0611, d0.dn_loss_bbox: 0.0793, d0.dn_loss_iou: 0.3530, d1.dn_loss_cls: 0.0335, d1.dn_loss_bbox: 0.0576, d1.dn_loss_iou: 0.2604, d2.dn_loss_cls: 0.0274, d2.dn_loss_bbox: 0.0544, d2.dn_loss_iou: 0.2447, d3.dn_loss_cls: 0.0242, d3.dn_loss_bbox: 0.0538, d3.dn_loss_iou: 0.2416, d4.dn_loss_cls: 0.0237, d4.dn_loss_bbox: 0.0539, d4.dn_loss_iou: 0.2419, loss_rpn_cls: 0.0662, loss_rpn_bbox: 0.1394, loss_cls0: 2.1135, acc0: 92.8617, loss_bbox0: 3.7814, loss_cls1: 1.9027, loss_bbox1: 5.1807, loss_centerness1: 7.1251, loss_cls_aux0: 0.0247, loss_bbox_aux0: 0.0214, loss_iou_aux0: 0.0912, d0.loss_cls_aux0: 0.0355, d0.loss_bbox_aux0: 0.0712, d0.loss_iou_aux0: 0.2861, d1.loss_cls_aux0: 0.0287, d1.loss_bbox_aux0: 0.0335, d1.loss_iou_aux0: 0.1395, d2.loss_cls_aux0: 0.0265, d2.loss_bbox_aux0: 0.0250, d2.loss_iou_aux0: 0.1040, d3.loss_cls_aux0: 0.0245, d3.loss_bbox_aux0: 0.0213, d3.loss_iou_aux0: 0.0899, d4.loss_cls_aux0: 0.0242, d4.loss_bbox_aux0: 0.0213, d4.loss_iou_aux0: 0.0906, loss_cls_aux1: 0.0161, loss_bbox_aux1: 0.0784, loss_iou_aux1: 0.3295, d0.loss_cls_aux1: 0.0194, d0.loss_bbox_aux1: 0.1039, d0.loss_iou_aux1: 0.4090, d1.loss_cls_aux1: 0.0183, d1.loss_bbox_aux1: 0.0826, d1.loss_iou_aux1: 0.3426, d2.loss_cls_aux1: 0.0177, d2.loss_bbox_aux1: 0.0790, d2.loss_iou_aux1: 0.3318, d3.loss_cls_aux1: 0.0163, d3.loss_bbox_aux1: 0.0784, d3.loss_iou_aux1: 0.3294, d4.loss_cls_aux1: 0.0160, d4.loss_bbox_aux1: 0.0784, d4.loss_iou_aux1: 0.3295, loss: 31.4831, grad_norm: 299.5286
2025-01-09 10:49:02,996 - mmdet - INFO - Epoch [10][4000/4129]	lr: 5.000e-06, eta: 1 day, 20:21:34, time: 1.542, data_time: 0.006, memory: 18733, enc_loss_cls: 0.1420, enc_loss_bbox: 0.1180, enc_loss_iou: 0.5045, loss_cls: 0.1156, loss_bbox: 0.1090, loss_iou: 0.4840, d0.loss_cls: 0.1577, d0.loss_bbox: 0.1100, d0.loss_iou: 0.4837, d1.loss_cls: 0.1296, d1.loss_bbox: 0.1101, d1.loss_iou: 0.4848, d2.loss_cls: 0.1206, d2.loss_bbox: 0.1101, d2.loss_iou: 0.4845, d3.loss_cls: 0.1164, d3.loss_bbox: 0.1092, d3.loss_iou: 0.4841, d4.loss_cls: 0.1151, d4.loss_bbox: 0.1090, d4.loss_iou: 0.4841, dn_loss_cls: 0.0215, dn_loss_bbox: 0.0531, dn_loss_iou: 0.2403, d0.dn_loss_cls: 0.0580, d0.dn_loss_bbox: 0.0784, d0.dn_loss_iou: 0.3505, d1.dn_loss_cls: 0.0303, d1.dn_loss_bbox: 0.0567, d1.dn_loss_iou: 0.2571, d2.dn_loss_cls: 0.0245, d2.dn_loss_bbox: 0.0537, d2.dn_loss_iou: 0.2425, d3.dn_loss_cls: 0.0219, d3.dn_loss_bbox: 0.0531, d3.dn_loss_iou: 0.2398, d4.dn_loss_cls: 0.0214, d4.dn_loss_bbox: 0.0531, d4.dn_loss_iou: 0.2402, loss_rpn_cls: 0.0655, loss_rpn_bbox: 0.1300, loss_cls0: 2.1122, acc0: 92.8279, loss_bbox0: 3.7387, loss_cls1: 1.8678, loss_bbox1: 5.1442, loss_centerness1: 7.1775, loss_cls_aux0: 0.0204, loss_bbox_aux0: 0.0199, loss_iou_aux0: 0.0845, d0.loss_cls_aux0: 0.0279, d0.loss_bbox_aux0: 0.0696, d0.loss_iou_aux0: 0.2799, d1.loss_cls_aux0: 0.0231, d1.loss_bbox_aux0: 0.0316, d1.loss_iou_aux0: 0.1310, d2.loss_cls_aux0: 0.0225, d2.loss_bbox_aux0: 0.0228, d2.loss_iou_aux0: 0.0945, d3.loss_cls_aux0: 0.0207, d3.loss_bbox_aux0: 0.0197, d3.loss_iou_aux0: 0.0829, d4.loss_cls_aux0: 0.0201, d4.loss_bbox_aux0: 0.0198, d4.loss_iou_aux0: 0.0837, loss_cls_aux1: 0.0160, loss_bbox_aux1: 0.0790, loss_iou_aux1: 0.3249, d0.loss_cls_aux1: 0.0181, d0.loss_bbox_aux1: 0.1046, d0.loss_iou_aux1: 0.4045, d1.loss_cls_aux1: 0.0173, d1.loss_bbox_aux1: 0.0830, d1.loss_iou_aux1: 0.3387, d2.loss_cls_aux1: 0.0165, d2.loss_bbox_aux1: 0.0795, d2.loss_iou_aux1: 0.3272, d3.loss_cls_aux1: 0.0155, d3.loss_bbox_aux1: 0.0789, d3.loss_iou_aux1: 0.3247, d4.loss_cls_aux1: 0.0156, d4.loss_bbox_aux1: 0.0789, d4.loss_iou_aux1: 0.3248, loss: 31.1364, grad_norm: 300.4045
2025-01-09 10:52:21,915 - mmdet - INFO - Saving checkpoint at 10 epochs
2025-01-09 10:58:29,473 - mmdet - INFO - Evaluating bbox...
2025-01-09 10:59:42,250 - mmdet - INFO - 
 Average Precision  (AP) @[ IoU=0.50:0.95 | area=   all | maxDets=100 ] = 0.474
 Average Precision  (AP) @[ IoU=0.50      | area=   all | maxDets=1000 ] = 0.867
 Average Precision  (AP) @[ IoU=0.75      | area=   all | maxDets=1000 ] = 0.438
 Average Precision  (AP) @[ IoU=0.50:0.95 | area= small | maxDets=1000 ] = 0.338
 Average Precision  (AP) @[ IoU=0.50:0.95 | area=medium | maxDets=1000 ] = 0.541
 Average Precision  (AP) @[ IoU=0.50:0.95 | area= large | maxDets=1000 ] = 0.688
 Average Recall     (AR) @[ IoU=0.50:0.95 | area=   all | maxDets=100 ] = 0.594
 Average Recall     (AR) @[ IoU=0.50:0.95 | area=   all | maxDets=300 ] = 0.603
 Average Recall     (AR) @[ IoU=0.50:0.95 | area=   all | maxDets=1000 ] = 0.606
 Average Recall     (AR) @[ IoU=0.50:0.95 | area= small | maxDets=1000 ] = 0.515
 Average Recall     (AR) @[ IoU=0.50:0.95 | area=medium | maxDets=1000 ] = 0.650
 Average Recall     (AR) @[ IoU=0.50:0.95 | area= large | maxDets=1000 ] = 0.775

2025-01-09 10:59:42,251 - mmdet - INFO - 
+----------+-------+--------+--------+-------+-------+-------+
| category | mAP   | mAP_50 | mAP_75 | mAP_s | mAP_m | mAP_l |
+----------+-------+--------+--------+-------+-------+-------+
| person   | 0.481 | 0.891  | 0.459  | 0.322 | 0.568 | 0.786 |
| car      | 0.631 | 0.928  | 0.689  | 0.413 | 0.691 | 0.91  |
| bicycle  | 0.311 | 0.783  | 0.165  | 0.278 | 0.364 | 0.369 |
+----------+-------+--------+--------+-------+-------+-------+
2025-01-09 10:59:42,830 - mmdet - INFO - Exp name: codino_vit_twostream_640_autoaugv1_train1.py
2025-01-09 10:59:42,830 - mmdet - INFO - Epoch(val) [10][1013]	person_precision: 0.4810, car_precision: 0.6310, bicycle_precision: 0.3110, bbox_mAP: 0.4740, bbox_mAP_50: 0.8670, bbox_mAP_75: 0.4380, bbox_mAP_s: 0.3380, bbox_mAP_m: 0.5410, bbox_mAP_l: 0.6880, bbox_mAP_copypaste: 0.474 0.867 0.438 0.338 0.541 0.688
2025-01-09 11:25:25,999 - mmdet - INFO - Epoch [11][1000/4129]	lr: 5.000e-06, eta: 1 day, 19:47:59, time: 1.543, data_time: 0.008, memory: 18733, enc_loss_cls: 0.1334, enc_loss_bbox: 0.1212, enc_loss_iou: 0.5080, loss_cls: 0.1175, loss_bbox: 0.1092, loss_iou: 0.4789, d0.loss_cls: 0.1537, d0.loss_bbox: 0.1119, d0.loss_iou: 0.4845, d1.loss_cls: 0.1272, d1.loss_bbox: 0.1112, d1.loss_iou: 0.4825, d2.loss_cls: 0.1217, d2.loss_bbox: 0.1095, d2.loss_iou: 0.4797, d3.loss_cls: 0.1171, d3.loss_bbox: 0.1092, d3.loss_iou: 0.4794, d4.loss_cls: 0.1168, d4.loss_bbox: 0.1092, d4.loss_iou: 0.4792, dn_loss_cls: 0.0219, dn_loss_bbox: 0.0533, dn_loss_iou: 0.2400, d0.dn_loss_cls: 0.0576, d0.dn_loss_bbox: 0.0777, d0.dn_loss_iou: 0.3506, d1.dn_loss_cls: 0.0307, d1.dn_loss_bbox: 0.0573, d1.dn_loss_iou: 0.2579, d2.dn_loss_cls: 0.0252, d2.dn_loss_bbox: 0.0540, d2.dn_loss_iou: 0.2428, d3.dn_loss_cls: 0.0223, d3.dn_loss_bbox: 0.0533, d3.dn_loss_iou: 0.2398, d4.dn_loss_cls: 0.0218, d4.dn_loss_bbox: 0.0533, d4.dn_loss_iou: 0.2399, loss_rpn_cls: 0.0538, loss_rpn_bbox: 0.1317, loss_cls0: 2.1037, acc0: 92.8975, loss_bbox0: 3.7315, loss_cls1: 1.8537, loss_bbox1: 5.0478, loss_centerness1: 7.1682, loss_cls_aux0: 0.0169, loss_bbox_aux0: 0.0203, loss_iou_aux0: 0.0847, d0.loss_cls_aux0: 0.0302, d0.loss_bbox_aux0: 0.0694, d0.loss_iou_aux0: 0.2790, d1.loss_cls_aux0: 0.0223, d1.loss_bbox_aux0: 0.0319, d1.loss_iou_aux0: 0.1306, d2.loss_cls_aux0: 0.0192, d2.loss_bbox_aux0: 0.0234, d2.loss_iou_aux0: 0.0953, d3.loss_cls_aux0: 0.0174, d3.loss_bbox_aux0: 0.0201, d3.loss_iou_aux0: 0.0833, d4.loss_cls_aux0: 0.0166, d4.loss_bbox_aux0: 0.0202, d4.loss_iou_aux0: 0.0839, loss_cls_aux1: 0.0136, loss_bbox_aux1: 0.0788, loss_iou_aux1: 0.3247, d0.loss_cls_aux1: 0.0155, d0.loss_bbox_aux1: 0.1067, d0.loss_iou_aux1: 0.4040, d1.loss_cls_aux1: 0.0156, d1.loss_bbox_aux1: 0.0834, d1.loss_iou_aux1: 0.3375, d2.loss_cls_aux1: 0.0144, d2.loss_bbox_aux1: 0.0796, d2.loss_iou_aux1: 0.3270, d3.loss_cls_aux1: 0.0139, d3.loss_bbox_aux1: 0.0788, d3.loss_iou_aux1: 0.3245, d4.loss_cls_aux1: 0.0136, d4.loss_bbox_aux1: 0.0788, d4.loss_iou_aux1: 0.3246, loss: 30.9503, grad_norm: 303.8539
2025-01-09 11:51:08,007 - mmdet - INFO - Epoch [11][2000/4129]	lr: 5.000e-06, eta: 1 day, 19:25:41, time: 1.542, data_time: 0.006, memory: 18733, enc_loss_cls: 0.1431, enc_loss_bbox: 0.1210, enc_loss_iou: 0.5089, loss_cls: 0.1192, loss_bbox: 0.1078, loss_iou: 0.4803, d0.loss_cls: 0.1673, d0.loss_bbox: 0.1086, d0.loss_iou: 0.4824, d1.loss_cls: 0.1282, d1.loss_bbox: 0.1077, d1.loss_iou: 0.4830, d2.loss_cls: 0.1192, d2.loss_bbox: 0.1090, d2.loss_iou: 0.4840, d3.loss_cls: 0.1188, d3.loss_bbox: 0.1085, d3.loss_iou: 0.4813, d4.loss_cls: 0.1189, d4.loss_bbox: 0.1078, d4.loss_iou: 0.4807, dn_loss_cls: 0.0195, dn_loss_bbox: 0.0536, dn_loss_iou: 0.2390, d0.dn_loss_cls: 0.0576, d0.dn_loss_bbox: 0.0798, d0.dn_loss_iou: 0.3527, d1.dn_loss_cls: 0.0282, d1.dn_loss_bbox: 0.0573, d1.dn_loss_iou: 0.2567, d2.dn_loss_cls: 0.0225, d2.dn_loss_bbox: 0.0541, d2.dn_loss_iou: 0.2416, d3.dn_loss_cls: 0.0200, d3.dn_loss_bbox: 0.0535, d3.dn_loss_iou: 0.2388, d4.dn_loss_cls: 0.0195, d4.dn_loss_bbox: 0.0535, d4.dn_loss_iou: 0.2389, loss_rpn_cls: 0.0594, loss_rpn_bbox: 0.1334, loss_cls0: 2.1127, acc0: 92.8199, loss_bbox0: 3.8207, loss_cls1: 1.8613, loss_bbox1: 5.0975, loss_centerness1: 7.1771, loss_cls_aux0: 0.0153, loss_bbox_aux0: 0.0216, loss_iou_aux0: 0.0876, d0.loss_cls_aux0: 0.0255, d0.loss_bbox_aux0: 0.0720, d0.loss_iou_aux0: 0.2859, d1.loss_cls_aux0: 0.0175, d1.loss_bbox_aux0: 0.0336, d1.loss_iou_aux0: 0.1353, d2.loss_cls_aux0: 0.0162, d2.loss_bbox_aux0: 0.0245, d2.loss_iou_aux0: 0.0986, d3.loss_cls_aux0: 0.0158, d3.loss_bbox_aux0: 0.0215, d3.loss_iou_aux0: 0.0867, d4.loss_cls_aux0: 0.0153, d4.loss_bbox_aux0: 0.0215, d4.loss_iou_aux0: 0.0870, loss_cls_aux1: 0.0139, loss_bbox_aux1: 0.0748, loss_iou_aux1: 0.3210, d0.loss_cls_aux1: 0.0166, d0.loss_bbox_aux1: 0.1010, d0.loss_iou_aux1: 0.4020, d1.loss_cls_aux1: 0.0152, d1.loss_bbox_aux1: 0.0799, d1.loss_iou_aux1: 0.3348, d2.loss_cls_aux1: 0.0144, d2.loss_bbox_aux1: 0.0757, d2.loss_iou_aux1: 0.3234, d3.loss_cls_aux1: 0.0143, d3.loss_bbox_aux1: 0.0747, d3.loss_iou_aux1: 0.3209, d4.loss_cls_aux1: 0.0139, d4.loss_bbox_aux1: 0.0748, d4.loss_iou_aux1: 0.3210, loss: 31.1081, grad_norm: 299.5538
2025-01-09 12:16:50,887 - mmdet - INFO - Epoch [11][3000/4129]	lr: 5.000e-06, eta: 1 day, 19:03:16, time: 1.543, data_time: 0.006, memory: 18733, enc_loss_cls: 0.1535, enc_loss_bbox: 0.1159, enc_loss_iou: 0.4939, loss_cls: 0.1278, loss_bbox: 0.1054, loss_iou: 0.4700, d0.loss_cls: 0.1710, d0.loss_bbox: 0.1055, d0.loss_iou: 0.4703, d1.loss_cls: 0.1359, d1.loss_bbox: 0.1059, d1.loss_iou: 0.4741, d2.loss_cls: 0.1211, d2.loss_bbox: 0.1071, d2.loss_iou: 0.4772, d3.loss_cls: 0.1253, d3.loss_bbox: 0.1062, d3.loss_iou: 0.4721, d4.loss_cls: 0.1274, d4.loss_bbox: 0.1054, d4.loss_iou: 0.4699, dn_loss_cls: 0.0191, dn_loss_bbox: 0.0526, dn_loss_iou: 0.2362, d0.dn_loss_cls: 0.0555, d0.dn_loss_bbox: 0.0766, d0.dn_loss_iou: 0.3450, d1.dn_loss_cls: 0.0282, d1.dn_loss_bbox: 0.0563, d1.dn_loss_iou: 0.2546, d2.dn_loss_cls: 0.0226, d2.dn_loss_bbox: 0.0532, d2.dn_loss_iou: 0.2389, d3.dn_loss_cls: 0.0196, d3.dn_loss_bbox: 0.0526, d3.dn_loss_iou: 0.2359, d4.dn_loss_cls: 0.0190, d4.dn_loss_bbox: 0.0526, d4.dn_loss_iou: 0.2360, loss_rpn_cls: 0.0645, loss_rpn_bbox: 0.1321, loss_cls0: 2.1036, acc0: 92.8732, loss_bbox0: 3.7695, loss_cls1: 1.8710, loss_bbox1: 4.9614, loss_centerness1: 7.1319, loss_cls_aux0: 0.0127, loss_bbox_aux0: 0.0209, loss_iou_aux0: 0.0863, d0.loss_cls_aux0: 0.0257, d0.loss_bbox_aux0: 0.0696, d0.loss_iou_aux0: 0.2788, d1.loss_cls_aux0: 0.0180, d1.loss_bbox_aux0: 0.0325, d1.loss_iou_aux0: 0.1320, d2.loss_cls_aux0: 0.0150, d2.loss_bbox_aux0: 0.0243, d2.loss_iou_aux0: 0.0981, d3.loss_cls_aux0: 0.0131, d3.loss_bbox_aux0: 0.0208, d3.loss_iou_aux0: 0.0852, d4.loss_cls_aux0: 0.0123, d4.loss_bbox_aux0: 0.0208, d4.loss_iou_aux0: 0.0857, loss_cls_aux1: 0.0131, loss_bbox_aux1: 0.0731, loss_iou_aux1: 0.3114, d0.loss_cls_aux1: 0.0165, d0.loss_bbox_aux1: 0.0977, d0.loss_iou_aux1: 0.3885, d1.loss_cls_aux1: 0.0145, d1.loss_bbox_aux1: 0.0770, d1.loss_iou_aux1: 0.3236, d2.loss_cls_aux1: 0.0140, d2.loss_bbox_aux1: 0.0739, d2.loss_iou_aux1: 0.3138, d3.loss_cls_aux1: 0.0134, d3.loss_bbox_aux1: 0.0729, d3.loss_iou_aux1: 0.3111, d4.loss_cls_aux1: 0.0130, d4.loss_bbox_aux1: 0.0731, d4.loss_iou_aux1: 0.3113, loss: 30.6932, grad_norm: 304.0308
2025-01-09 12:42:33,466 - mmdet - INFO - Epoch [11][4000/4129]	lr: 5.000e-06, eta: 1 day, 18:40:41, time: 1.543, data_time: 0.006, memory: 18733, enc_loss_cls: 0.1485, enc_loss_bbox: 0.1213, enc_loss_iou: 0.5128, loss_cls: 0.1244, loss_bbox: 0.1121, loss_iou: 0.4900, d0.loss_cls: 0.1680, d0.loss_bbox: 0.1129, d0.loss_iou: 0.4891, d1.loss_cls: 0.1336, d1.loss_bbox: 0.1134, d1.loss_iou: 0.4912, d2.loss_cls: 0.1222, d2.loss_bbox: 0.1134, d2.loss_iou: 0.4936, d3.loss_cls: 0.1235, d3.loss_bbox: 0.1119, d3.loss_iou: 0.4903, d4.loss_cls: 0.1239, d4.loss_bbox: 0.1120, d4.loss_iou: 0.4902, dn_loss_cls: 0.0206, dn_loss_bbox: 0.0531, dn_loss_iou: 0.2434, d0.dn_loss_cls: 0.0592, d0.dn_loss_bbox: 0.0779, d0.dn_loss_iou: 0.3527, d1.dn_loss_cls: 0.0298, d1.dn_loss_bbox: 0.0568, d1.dn_loss_iou: 0.2614, d2.dn_loss_cls: 0.0239, d2.dn_loss_bbox: 0.0536, d2.dn_loss_iou: 0.2461, d3.dn_loss_cls: 0.0212, d3.dn_loss_bbox: 0.0531, d3.dn_loss_iou: 0.2431, d4.dn_loss_cls: 0.0205, d4.dn_loss_bbox: 0.0531, d4.dn_loss_iou: 0.2433, loss_rpn_cls: 0.0628, loss_rpn_bbox: 0.1365, loss_cls0: 2.1767, acc0: 92.5592, loss_bbox0: 3.8763, loss_cls1: 1.8999, loss_bbox1: 5.1198, loss_centerness1: 7.1622, loss_cls_aux0: 0.0163, loss_bbox_aux0: 0.0210, loss_iou_aux0: 0.0874, d0.loss_cls_aux0: 0.0297, d0.loss_bbox_aux0: 0.0696, d0.loss_iou_aux0: 0.2842, d1.loss_cls_aux0: 0.0217, d1.loss_bbox_aux0: 0.0331, d1.loss_iou_aux0: 0.1349, d2.loss_cls_aux0: 0.0184, d2.loss_bbox_aux0: 0.0241, d2.loss_iou_aux0: 0.0981, d3.loss_cls_aux0: 0.0163, d3.loss_bbox_aux0: 0.0209, d3.loss_iou_aux0: 0.0862, d4.loss_cls_aux0: 0.0164, d4.loss_bbox_aux0: 0.0210, d4.loss_iou_aux0: 0.0867, loss_cls_aux1: 0.0150, loss_bbox_aux1: 0.0775, loss_iou_aux1: 0.3257, d0.loss_cls_aux1: 0.0198, d0.loss_bbox_aux1: 0.1025, d0.loss_iou_aux1: 0.4040, d1.loss_cls_aux1: 0.0159, d1.loss_bbox_aux1: 0.0818, d1.loss_iou_aux1: 0.3399, d2.loss_cls_aux1: 0.0152, d2.loss_bbox_aux1: 0.0783, d2.loss_iou_aux1: 0.3281, d3.loss_cls_aux1: 0.0147, d3.loss_bbox_aux1: 0.0775, d3.loss_iou_aux1: 0.3255, d4.loss_cls_aux1: 0.0146, d4.loss_bbox_aux1: 0.0775, d4.loss_iou_aux1: 0.3256, loss: 31.4707, grad_norm: 294.7818
2025-01-09 12:45:52,653 - mmdet - INFO - Saving checkpoint at 11 epochs
2025-01-09 12:52:00,477 - mmdet - INFO - Evaluating bbox...
2025-01-09 12:53:14,520 - mmdet - INFO - 
 Average Precision  (AP) @[ IoU=0.50:0.95 | area=   all | maxDets=100 ] = 0.492
 Average Precision  (AP) @[ IoU=0.50      | area=   all | maxDets=1000 ] = 0.866
 Average Precision  (AP) @[ IoU=0.75      | area=   all | maxDets=1000 ] = 0.458
 Average Precision  (AP) @[ IoU=0.50:0.95 | area= small | maxDets=1000 ] = 0.355
 Average Precision  (AP) @[ IoU=0.50:0.95 | area=medium | maxDets=1000 ] = 0.556
 Average Precision  (AP) @[ IoU=0.50:0.95 | area= large | maxDets=1000 ] = 0.695
 Average Recall     (AR) @[ IoU=0.50:0.95 | area=   all | maxDets=100 ] = 0.615
 Average Recall     (AR) @[ IoU=0.50:0.95 | area=   all | maxDets=300 ] = 0.625
 Average Recall     (AR) @[ IoU=0.50:0.95 | area=   all | maxDets=1000 ] = 0.628
 Average Recall     (AR) @[ IoU=0.50:0.95 | area= small | maxDets=1000 ] = 0.542
 Average Recall     (AR) @[ IoU=0.50:0.95 | area=medium | maxDets=1000 ] = 0.670
 Average Recall     (AR) @[ IoU=0.50:0.95 | area= large | maxDets=1000 ] = 0.796

2025-01-09 12:53:14,521 - mmdet - INFO - 
+----------+-------+--------+--------+-------+-------+-------+
| category | mAP   | mAP_50 | mAP_75 | mAP_s | mAP_m | mAP_l |
+----------+-------+--------+--------+-------+-------+-------+
| person   | 0.512 | 0.894  | 0.524  | 0.37  | 0.593 | 0.765 |
| car      | 0.631 | 0.924  | 0.691  | 0.417 | 0.687 | 0.91  |
| bicycle  | 0.334 | 0.781  | 0.16   | 0.277 | 0.389 | 0.41  |
+----------+-------+--------+--------+-------+-------+-------+
2025-01-09 12:53:15,108 - mmdet - INFO - Exp name: codino_vit_twostream_640_autoaugv1_train1.py
2025-01-09 12:53:15,108 - mmdet - INFO - Epoch(val) [11][1013]	person_precision: 0.5120, car_precision: 0.6310, bicycle_precision: 0.3340, bbox_mAP: 0.4920, bbox_mAP_50: 0.8660, bbox_mAP_75: 0.4580, bbox_mAP_s: 0.3550, bbox_mAP_m: 0.5560, bbox_mAP_l: 0.6950, bbox_mAP_copypaste: 0.492 0.866 0.458 0.355 0.556 0.695
2025-01-09 13:18:58,027 - mmdet - INFO - Epoch [12][1000/4129]	lr: 5.000e-06, eta: 1 day, 18:07:44, time: 1.543, data_time: 0.008, memory: 18733, enc_loss_cls: 0.1464, enc_loss_bbox: 0.1220, enc_loss_iou: 0.4943, loss_cls: 0.1274, loss_bbox: 0.1089, loss_iou: 0.4687, d0.loss_cls: 0.1705, d0.loss_bbox: 0.1103, d0.loss_iou: 0.4698, d1.loss_cls: 0.1338, d1.loss_bbox: 0.1111, d1.loss_iou: 0.4735, d2.loss_cls: 0.1275, d2.loss_bbox: 0.1101, d2.loss_iou: 0.4727, d3.loss_cls: 0.1249, d3.loss_bbox: 0.1096, d3.loss_iou: 0.4712, d4.loss_cls: 0.1269, d4.loss_bbox: 0.1090, d4.loss_iou: 0.4694, dn_loss_cls: 0.0194, dn_loss_bbox: 0.0546, dn_loss_iou: 0.2382, d0.dn_loss_cls: 0.0566, d0.dn_loss_bbox: 0.0805, d0.dn_loss_iou: 0.3491, d1.dn_loss_cls: 0.0285, d1.dn_loss_bbox: 0.0584, d1.dn_loss_iou: 0.2557, d2.dn_loss_cls: 0.0225, d2.dn_loss_bbox: 0.0552, d2.dn_loss_iou: 0.2408, d3.dn_loss_cls: 0.0198, d3.dn_loss_bbox: 0.0546, d3.dn_loss_iou: 0.2380, d4.dn_loss_cls: 0.0192, d4.dn_loss_bbox: 0.0546, d4.dn_loss_iou: 0.2381, loss_rpn_cls: 0.0605, loss_rpn_bbox: 0.1372, loss_cls0: 2.1403, acc0: 92.7295, loss_bbox0: 3.8918, loss_cls1: 1.8446, loss_bbox1: 5.0294, loss_centerness1: 7.1340, loss_cls_aux0: 0.0143, loss_bbox_aux0: 0.0204, loss_iou_aux0: 0.0851, d0.loss_cls_aux0: 0.0212, d0.loss_bbox_aux0: 0.0730, d0.loss_iou_aux0: 0.2881, d1.loss_cls_aux0: 0.0164, d1.loss_bbox_aux0: 0.0332, d1.loss_iou_aux0: 0.1345, d2.loss_cls_aux0: 0.0151, d2.loss_bbox_aux0: 0.0240, d2.loss_iou_aux0: 0.0969, d3.loss_cls_aux0: 0.0143, d3.loss_bbox_aux0: 0.0202, d3.loss_iou_aux0: 0.0837, d4.loss_cls_aux0: 0.0141, d4.loss_bbox_aux0: 0.0203, d4.loss_iou_aux0: 0.0843, loss_cls_aux1: 0.0137, loss_bbox_aux1: 0.0748, loss_iou_aux1: 0.3184, d0.loss_cls_aux1: 0.0158, d0.loss_bbox_aux1: 0.1010, d0.loss_iou_aux1: 0.3987, d1.loss_cls_aux1: 0.0148, d1.loss_bbox_aux1: 0.0798, d1.loss_iou_aux1: 0.3331, d2.loss_cls_aux1: 0.0143, d2.loss_bbox_aux1: 0.0758, d2.loss_iou_aux1: 0.3212, d3.loss_cls_aux1: 0.0135, d3.loss_bbox_aux1: 0.0747, d3.loss_iou_aux1: 0.3183, d4.loss_cls_aux1: 0.0135, d4.loss_bbox_aux1: 0.0748, d4.loss_iou_aux1: 0.3184, loss: 31.0132, grad_norm: 301.7315
2025-01-09 13:44:41,089 - mmdet - INFO - Epoch [12][2000/4129]	lr: 5.000e-06, eta: 1 day, 17:45:08, time: 1.543, data_time: 0.006, memory: 18733, enc_loss_cls: 0.1588, enc_loss_bbox: 0.1137, enc_loss_iou: 0.4980, loss_cls: 0.1273, loss_bbox: 0.1051, loss_iou: 0.4815, d0.loss_cls: 0.1739, d0.loss_bbox: 0.1057, d0.loss_iou: 0.4773, d1.loss_cls: 0.1391, d1.loss_bbox: 0.1059, d1.loss_iou: 0.4816, d2.loss_cls: 0.1250, d2.loss_bbox: 0.1071, d2.loss_iou: 0.4865, d3.loss_cls: 0.1242, d3.loss_bbox: 0.1059, d3.loss_iou: 0.4847, d4.loss_cls: 0.1258, d4.loss_bbox: 0.1054, d4.loss_iou: 0.4821, dn_loss_cls: 0.0217, dn_loss_bbox: 0.0518, dn_loss_iou: 0.2399, d0.dn_loss_cls: 0.0584, d0.dn_loss_bbox: 0.0766, d0.dn_loss_iou: 0.3506, d1.dn_loss_cls: 0.0300, d1.dn_loss_bbox: 0.0554, d1.dn_loss_iou: 0.2572, d2.dn_loss_cls: 0.0243, d2.dn_loss_bbox: 0.0523, d2.dn_loss_iou: 0.2426, d3.dn_loss_cls: 0.0219, d3.dn_loss_bbox: 0.0518, d3.dn_loss_iou: 0.2394, d4.dn_loss_cls: 0.0214, d4.dn_loss_bbox: 0.0518, d4.dn_loss_iou: 0.2399, loss_rpn_cls: 0.0576, loss_rpn_bbox: 0.1275, loss_cls0: 2.1398, acc0: 92.7693, loss_bbox0: 3.7556, loss_cls1: 1.8915, loss_bbox1: 5.0479, loss_centerness1: 7.1772, loss_cls_aux0: 0.0212, loss_bbox_aux0: 0.0204, loss_iou_aux0: 0.0859, d0.loss_cls_aux0: 0.0282, d0.loss_bbox_aux0: 0.0694, d0.loss_iou_aux0: 0.2818, d1.loss_cls_aux0: 0.0197, d1.loss_bbox_aux0: 0.0328, d1.loss_iou_aux0: 0.1342, d2.loss_cls_aux0: 0.0207, d2.loss_bbox_aux0: 0.0239, d2.loss_iou_aux0: 0.0978, d3.loss_cls_aux0: 0.0203, d3.loss_bbox_aux0: 0.0203, d3.loss_iou_aux0: 0.0846, d4.loss_cls_aux0: 0.0209, d4.loss_bbox_aux0: 0.0204, d4.loss_iou_aux0: 0.0853, loss_cls_aux1: 0.0146, loss_bbox_aux1: 0.0753, loss_iou_aux1: 0.3189, d0.loss_cls_aux1: 0.0187, d0.loss_bbox_aux1: 0.0992, d0.loss_iou_aux1: 0.3972, d1.loss_cls_aux1: 0.0157, d1.loss_bbox_aux1: 0.0791, d1.loss_iou_aux1: 0.3313, d2.loss_cls_aux1: 0.0144, d2.loss_bbox_aux1: 0.0758, d2.loss_iou_aux1: 0.3213, d3.loss_cls_aux1: 0.0143, d3.loss_bbox_aux1: 0.0753, d3.loss_iou_aux1: 0.3188, d4.loss_cls_aux1: 0.0144, d4.loss_bbox_aux1: 0.0753, d4.loss_iou_aux1: 0.3189, loss: 31.0651, grad_norm: 312.7525
2025-01-09 14:10:23,467 - mmdet - INFO - Epoch [12][3000/4129]	lr: 5.000e-06, eta: 1 day, 17:22:22, time: 1.542, data_time: 0.006, memory: 18733, enc_loss_cls: 0.1469, enc_loss_bbox: 0.1144, enc_loss_iou: 0.4941, loss_cls: 0.1141, loss_bbox: 0.1076, loss_iou: 0.4789, d0.loss_cls: 0.1699, d0.loss_bbox: 0.1058, d0.loss_iou: 0.4741, d1.loss_cls: 0.1316, d1.loss_bbox: 0.1069, d1.loss_iou: 0.4756, d2.loss_cls: 0.1192, d2.loss_bbox: 0.1079, d2.loss_iou: 0.4808, d3.loss_cls: 0.1167, d3.loss_bbox: 0.1074, d3.loss_iou: 0.4789, d4.loss_cls: 0.1161, d4.loss_bbox: 0.1072, d4.loss_iou: 0.4776, dn_loss_cls: 0.0229, dn_loss_bbox: 0.0520, dn_loss_iou: 0.2393, d0.dn_loss_cls: 0.0592, d0.dn_loss_bbox: 0.0762, d0.dn_loss_iou: 0.3482, d1.dn_loss_cls: 0.0317, d1.dn_loss_bbox: 0.0556, d1.dn_loss_iou: 0.2573, d2.dn_loss_cls: 0.0260, d2.dn_loss_bbox: 0.0525, d2.dn_loss_iou: 0.2419, d3.dn_loss_cls: 0.0232, d3.dn_loss_bbox: 0.0520, d3.dn_loss_iou: 0.2390, d4.dn_loss_cls: 0.0226, d4.dn_loss_bbox: 0.0520, d4.dn_loss_iou: 0.2391, loss_rpn_cls: 0.0572, loss_rpn_bbox: 0.1372, loss_cls0: 2.1052, acc0: 92.9186, loss_bbox0: 3.7216, loss_cls1: 1.8695, loss_bbox1: 5.0368, loss_centerness1: 7.1339, loss_cls_aux0: 0.0238, loss_bbox_aux0: 0.0199, loss_iou_aux0: 0.0870, d0.loss_cls_aux0: 0.0328, d0.loss_bbox_aux0: 0.0681, d0.loss_iou_aux0: 0.2827, d1.loss_cls_aux0: 0.0265, d1.loss_bbox_aux0: 0.0319, d1.loss_iou_aux0: 0.1344, d2.loss_cls_aux0: 0.0241, d2.loss_bbox_aux0: 0.0229, d2.loss_iou_aux0: 0.0973, d3.loss_cls_aux0: 0.0235, d3.loss_bbox_aux0: 0.0198, d3.loss_iou_aux0: 0.0854, d4.loss_cls_aux0: 0.0214, d4.loss_bbox_aux0: 0.0199, d4.loss_iou_aux0: 0.0865, loss_cls_aux1: 0.0169, loss_bbox_aux1: 0.0762, loss_iou_aux1: 0.3243, d0.loss_cls_aux1: 0.0196, d0.loss_bbox_aux1: 0.1022, d0.loss_iou_aux1: 0.4023, d1.loss_cls_aux1: 0.0184, d1.loss_bbox_aux1: 0.0803, d1.loss_iou_aux1: 0.3373, d2.loss_cls_aux1: 0.0175, d2.loss_bbox_aux1: 0.0768, d2.loss_iou_aux1: 0.3263, d3.loss_cls_aux1: 0.0169, d3.loss_bbox_aux1: 0.0762, d3.loss_iou_aux1: 0.3241, d4.loss_cls_aux1: 0.0168, d4.loss_bbox_aux1: 0.0762, d4.loss_iou_aux1: 0.3242, loss: 30.9243, grad_norm: 289.4294
2025-01-09 14:36:06,651 - mmdet - INFO - Epoch [12][4000/4129]	lr: 5.000e-06, eta: 1 day, 16:59:30, time: 1.543, data_time: 0.006, memory: 18733, enc_loss_cls: 0.1462, enc_loss_bbox: 0.1257, enc_loss_iou: 0.5100, loss_cls: 0.1051, loss_bbox: 0.1209, loss_iou: 0.4995, d0.loss_cls: 0.1742, d0.loss_bbox: 0.1158, d0.loss_iou: 0.4847, d1.loss_cls: 0.1291, d1.loss_bbox: 0.1171, d1.loss_iou: 0.4901, d2.loss_cls: 0.1034, d2.loss_bbox: 0.1238, d2.loss_iou: 0.5072, d3.loss_cls: 0.1038, d3.loss_bbox: 0.1215, d3.loss_iou: 0.5017, d4.loss_cls: 0.1057, d4.loss_bbox: 0.1209, d4.loss_iou: 0.4992, dn_loss_cls: 0.0220, dn_loss_bbox: 0.0559, dn_loss_iou: 0.2413, d0.dn_loss_cls: 0.0599, d0.dn_loss_bbox: 0.0821, d0.dn_loss_iou: 0.3520, d1.dn_loss_cls: 0.0313, d1.dn_loss_bbox: 0.0600, d1.dn_loss_iou: 0.2596, d2.dn_loss_cls: 0.0253, d2.dn_loss_bbox: 0.0565, d2.dn_loss_iou: 0.2442, d3.dn_loss_cls: 0.0226, d3.dn_loss_bbox: 0.0558, d3.dn_loss_iou: 0.2410, d4.dn_loss_cls: 0.0220, d4.dn_loss_bbox: 0.0558, d4.dn_loss_iou: 0.2412, loss_rpn_cls: 0.0632, loss_rpn_bbox: 0.1321, loss_cls0: 2.1109, acc0: 92.8723, loss_bbox0: 3.7912, loss_cls1: 1.8657, loss_bbox1: 5.1197, loss_centerness1: 7.1250, loss_cls_aux0: 0.0208, loss_bbox_aux0: 0.0204, loss_iou_aux0: 0.0841, d0.loss_cls_aux0: 0.0292, d0.loss_bbox_aux0: 0.0731, d0.loss_iou_aux0: 0.2826, d1.loss_cls_aux0: 0.0221, d1.loss_bbox_aux0: 0.0342, d1.loss_iou_aux0: 0.1337, d2.loss_cls_aux0: 0.0213, d2.loss_bbox_aux0: 0.0241, d2.loss_iou_aux0: 0.0962, d3.loss_cls_aux0: 0.0215, d3.loss_bbox_aux0: 0.0203, d3.loss_iou_aux0: 0.0829, d4.loss_cls_aux0: 0.0206, d4.loss_bbox_aux0: 0.0203, d4.loss_iou_aux0: 0.0834, loss_cls_aux1: 0.0159, loss_bbox_aux1: 0.0803, loss_iou_aux1: 0.3238, d0.loss_cls_aux1: 0.0180, d0.loss_bbox_aux1: 0.1073, d0.loss_iou_aux1: 0.4066, d1.loss_cls_aux1: 0.0164, d1.loss_bbox_aux1: 0.0846, d1.loss_iou_aux1: 0.3378, d2.loss_cls_aux1: 0.0149, d2.loss_bbox_aux1: 0.0812, d2.loss_iou_aux1: 0.3266, d3.loss_cls_aux1: 0.0157, d3.loss_bbox_aux1: 0.0803, d3.loss_iou_aux1: 0.3236, d4.loss_cls_aux1: 0.0156, d4.loss_bbox_aux1: 0.0803, d4.loss_iou_aux1: 0.3238, loss: 31.2856, grad_norm: 318.3810
2025-01-09 14:39:25,694 - mmdet - INFO - Saving checkpoint at 12 epochs
2025-01-09 14:45:37,728 - mmdet - INFO - Evaluating bbox...
2025-01-09 14:46:47,519 - mmdet - INFO - 
 Average Precision  (AP) @[ IoU=0.50:0.95 | area=   all | maxDets=100 ] = 0.468
 Average Precision  (AP) @[ IoU=0.50      | area=   all | maxDets=1000 ] = 0.847
 Average Precision  (AP) @[ IoU=0.75      | area=   all | maxDets=1000 ] = 0.438
 Average Precision  (AP) @[ IoU=0.50:0.95 | area= small | maxDets=1000 ] = 0.344
 Average Precision  (AP) @[ IoU=0.50:0.95 | area=medium | maxDets=1000 ] = 0.527
 Average Precision  (AP) @[ IoU=0.50:0.95 | area= large | maxDets=1000 ] = 0.663
 Average Recall     (AR) @[ IoU=0.50:0.95 | area=   all | maxDets=100 ] = 0.597
 Average Recall     (AR) @[ IoU=0.50:0.95 | area=   all | maxDets=300 ] = 0.606
 Average Recall     (AR) @[ IoU=0.50:0.95 | area=   all | maxDets=1000 ] = 0.607
 Average Recall     (AR) @[ IoU=0.50:0.95 | area= small | maxDets=1000 ] = 0.525
 Average Recall     (AR) @[ IoU=0.50:0.95 | area=medium | maxDets=1000 ] = 0.645
 Average Recall     (AR) @[ IoU=0.50:0.95 | area= large | maxDets=1000 ] = 0.779

2025-01-09 14:46:47,520 - mmdet - INFO - 
+----------+-------+--------+--------+-------+-------+-------+
| category | mAP   | mAP_50 | mAP_75 | mAP_s | mAP_m | mAP_l |
+----------+-------+--------+--------+-------+-------+-------+
| person   | 0.484 | 0.893  | 0.464  | 0.342 | 0.563 | 0.732 |
| car      | 0.629 | 0.924  | 0.693  | 0.414 | 0.688 | 0.899 |
| bicycle  | 0.29  | 0.724  | 0.158  | 0.275 | 0.329 | 0.359 |
+----------+-------+--------+--------+-------+-------+-------+
2025-01-09 14:46:48,084 - mmdet - INFO - Exp name: codino_vit_twostream_640_autoaugv1_train1.py
2025-01-09 14:46:48,086 - mmdet - INFO - Epoch(val) [12][1013]	person_precision: 0.4840, car_precision: 0.6290, bicycle_precision: 0.2900, bbox_mAP: 0.4680, bbox_mAP_50: 0.8470, bbox_mAP_75: 0.4380, bbox_mAP_s: 0.3440, bbox_mAP_m: 0.5270, bbox_mAP_l: 0.6630, bbox_mAP_copypaste: 0.468 0.847 0.438 0.344 0.527 0.663
2025-01-09 15:12:33,556 - mmdet - INFO - Epoch [13][1000/4129]	lr: 5.000e-06, eta: 1 day, 16:27:12, time: 1.545, data_time: 0.008, memory: 18733, enc_loss_cls: 0.1332, enc_loss_bbox: 0.1165, enc_loss_iou: 0.5048, loss_cls: 0.1076, loss_bbox: 0.1085, loss_iou: 0.4851, d0.loss_cls: 0.1547, d0.loss_bbox: 0.1078, d0.loss_iou: 0.4812, d1.loss_cls: 0.1215, d1.loss_bbox: 0.1078, d1.loss_iou: 0.4829, d2.loss_cls: 0.1102, d2.loss_bbox: 0.1084, d2.loss_iou: 0.4843, d3.loss_cls: 0.1073, d3.loss_bbox: 0.1082, d3.loss_iou: 0.4844, d4.loss_cls: 0.1080, d4.loss_bbox: 0.1079, d4.loss_iou: 0.4837, dn_loss_cls: 0.0187, dn_loss_bbox: 0.0519, dn_loss_iou: 0.2393, d0.dn_loss_cls: 0.0555, d0.dn_loss_bbox: 0.0762, d0.dn_loss_iou: 0.3490, d1.dn_loss_cls: 0.0275, d1.dn_loss_bbox: 0.0554, d1.dn_loss_iou: 0.2560, d2.dn_loss_cls: 0.0220, d2.dn_loss_bbox: 0.0525, d2.dn_loss_iou: 0.2416, d3.dn_loss_cls: 0.0193, d3.dn_loss_bbox: 0.0519, d3.dn_loss_iou: 0.2387, d4.dn_loss_cls: 0.0186, d4.dn_loss_bbox: 0.0519, d4.dn_loss_iou: 0.2391, loss_rpn_cls: 0.0633, loss_rpn_bbox: 0.1345, loss_cls0: 2.1124, acc0: 92.7689, loss_bbox0: 3.8352, loss_cls1: 1.8087, loss_bbox1: 5.0424, loss_centerness1: 7.1888, loss_cls_aux0: 0.0120, loss_bbox_aux0: 0.0203, loss_iou_aux0: 0.0868, d0.loss_cls_aux0: 0.0202, d0.loss_bbox_aux0: 0.0687, d0.loss_iou_aux0: 0.2864, d1.loss_cls_aux0: 0.0147, d1.loss_bbox_aux0: 0.0326, d1.loss_iou_aux0: 0.1342, d2.loss_cls_aux0: 0.0133, d2.loss_bbox_aux0: 0.0235, d2.loss_iou_aux0: 0.0985, d3.loss_cls_aux0: 0.0123, d3.loss_bbox_aux0: 0.0202, d3.loss_iou_aux0: 0.0855, d4.loss_cls_aux0: 0.0113, d4.loss_bbox_aux0: 0.0203, d4.loss_iou_aux0: 0.0864, loss_cls_aux1: 0.0130, loss_bbox_aux1: 0.0727, loss_iou_aux1: 0.3216, d0.loss_cls_aux1: 0.0148, d0.loss_bbox_aux1: 0.0971, d0.loss_iou_aux1: 0.4006, d1.loss_cls_aux1: 0.0136, d1.loss_bbox_aux1: 0.0771, d1.loss_iou_aux1: 0.3357, d2.loss_cls_aux1: 0.0134, d2.loss_bbox_aux1: 0.0735, d2.loss_iou_aux1: 0.3245, d3.loss_cls_aux1: 0.0132, d3.loss_bbox_aux1: 0.0727, d3.loss_iou_aux1: 0.3214, d4.loss_cls_aux1: 0.0127, d4.loss_bbox_aux1: 0.0727, d4.loss_iou_aux1: 0.3215, loss: 30.8835, grad_norm: 285.9762
2025-01-09 15:38:16,666 - mmdet - INFO - Epoch [13][2000/4129]	lr: 5.000e-06, eta: 1 day, 16:04:17, time: 1.543, data_time: 0.006, memory: 18733, enc_loss_cls: 0.1491, enc_loss_bbox: 0.1288, enc_loss_iou: 0.5026, loss_cls: 0.1170, loss_bbox: 0.1197, loss_iou: 0.4837, d0.loss_cls: 0.1670, d0.loss_bbox: 0.1206, d0.loss_iou: 0.4810, d1.loss_cls: 0.1321, d1.loss_bbox: 0.1204, d1.loss_iou: 0.4830, d2.loss_cls: 0.1206, d2.loss_bbox: 0.1207, d2.loss_iou: 0.4855, d3.loss_cls: 0.1153, d3.loss_bbox: 0.1205, d3.loss_iou: 0.4860, d4.loss_cls: 0.1161, d4.loss_bbox: 0.1195, d4.loss_iou: 0.4843, dn_loss_cls: 0.0212, dn_loss_bbox: 0.0520, dn_loss_iou: 0.2376, d0.dn_loss_cls: 0.0584, d0.dn_loss_bbox: 0.0768, d0.dn_loss_iou: 0.3484, d1.dn_loss_cls: 0.0300, d1.dn_loss_bbox: 0.0556, d1.dn_loss_iou: 0.2560, d2.dn_loss_cls: 0.0245, d2.dn_loss_bbox: 0.0525, d2.dn_loss_iou: 0.2406, d3.dn_loss_cls: 0.0215, d3.dn_loss_bbox: 0.0520, d3.dn_loss_iou: 0.2377, d4.dn_loss_cls: 0.0210, d4.dn_loss_bbox: 0.0520, d4.dn_loss_iou: 0.2377, loss_rpn_cls: 0.0604, loss_rpn_bbox: 0.1288, loss_cls0: 2.0922, acc0: 92.9279, loss_bbox0: 3.7318, loss_cls1: 1.8736, loss_bbox1: 5.0311, loss_centerness1: 7.1280, loss_cls_aux0: 0.0244, loss_bbox_aux0: 0.0200, loss_iou_aux0: 0.0868, d0.loss_cls_aux0: 0.0327, d0.loss_bbox_aux0: 0.0687, d0.loss_iou_aux0: 0.2825, d1.loss_cls_aux0: 0.0253, d1.loss_bbox_aux0: 0.0320, d1.loss_iou_aux0: 0.1326, d2.loss_cls_aux0: 0.0241, d2.loss_bbox_aux0: 0.0234, d2.loss_iou_aux0: 0.0973, d3.loss_cls_aux0: 0.0235, d3.loss_bbox_aux0: 0.0199, d3.loss_iou_aux0: 0.0856, d4.loss_cls_aux0: 0.0237, d4.loss_bbox_aux0: 0.0199, d4.loss_iou_aux0: 0.0862, loss_cls_aux1: 0.0127, loss_bbox_aux1: 0.0754, loss_iou_aux1: 0.3193, d0.loss_cls_aux1: 0.0161, d0.loss_bbox_aux1: 0.1000, d0.loss_iou_aux1: 0.3973, d1.loss_cls_aux1: 0.0140, d1.loss_bbox_aux1: 0.0796, d1.loss_iou_aux1: 0.3323, d2.loss_cls_aux1: 0.0132, d2.loss_bbox_aux1: 0.0762, d2.loss_iou_aux1: 0.3223, d3.loss_cls_aux1: 0.0129, d3.loss_bbox_aux1: 0.0754, d3.loss_iou_aux1: 0.3191, d4.loss_cls_aux1: 0.0126, d4.loss_bbox_aux1: 0.0754, d4.loss_iou_aux1: 0.3192, loss: 30.9761, grad_norm: 309.6503
2025-01-09 16:04:08,155 - mmdet - INFO - Epoch [13][3000/4129]	lr: 5.000e-06, eta: 1 day, 15:41:32, time: 1.551, data_time: 0.006, memory: 18733, enc_loss_cls: 0.1460, enc_loss_bbox: 0.1183, enc_loss_iou: 0.5015, loss_cls: 0.1197, loss_bbox: 0.1069, loss_iou: 0.4757, d0.loss_cls: 0.1679, d0.loss_bbox: 0.1077, d0.loss_iou: 0.4739, d1.loss_cls: 0.1303, d1.loss_bbox: 0.1073, d1.loss_iou: 0.4757, d2.loss_cls: 0.1214, d2.loss_bbox: 0.1072, d2.loss_iou: 0.4758, d3.loss_cls: 0.1200, d3.loss_bbox: 0.1071, d3.loss_iou: 0.4753, d4.loss_cls: 0.1197, d4.loss_bbox: 0.1069, d4.loss_iou: 0.4759, dn_loss_cls: 0.0208, dn_loss_bbox: 0.0522, dn_loss_iou: 0.2388, d0.dn_loss_cls: 0.0581, d0.dn_loss_bbox: 0.0770, d0.dn_loss_iou: 0.3489, d1.dn_loss_cls: 0.0295, d1.dn_loss_bbox: 0.0560, d1.dn_loss_iou: 0.2573, d2.dn_loss_cls: 0.0238, d2.dn_loss_bbox: 0.0528, d2.dn_loss_iou: 0.2418, d3.dn_loss_cls: 0.0212, d3.dn_loss_bbox: 0.0522, d3.dn_loss_iou: 0.2387, d4.dn_loss_cls: 0.0207, d4.dn_loss_bbox: 0.0522, d4.dn_loss_iou: 0.2388, loss_rpn_cls: 0.0603, loss_rpn_bbox: 0.1349, loss_cls0: 2.1063, acc0: 92.8318, loss_bbox0: 3.8307, loss_cls1: 1.8159, loss_bbox1: 5.0233, loss_centerness1: 7.1883, loss_cls_aux0: 0.0180, loss_bbox_aux0: 0.0226, loss_iou_aux0: 0.0930, d0.loss_cls_aux0: 0.0238, d0.loss_bbox_aux0: 0.0708, d0.loss_iou_aux0: 0.2889, d1.loss_cls_aux0: 0.0201, d1.loss_bbox_aux0: 0.0343, d1.loss_iou_aux0: 0.1397, d2.loss_cls_aux0: 0.0182, d2.loss_bbox_aux0: 0.0255, d2.loss_iou_aux0: 0.1039, d3.loss_cls_aux0: 0.0175, d3.loss_bbox_aux0: 0.0225, d3.loss_iou_aux0: 0.0918, d4.loss_cls_aux0: 0.0178, d4.loss_bbox_aux0: 0.0225, d4.loss_iou_aux0: 0.0923, loss_cls_aux1: 0.0151, loss_bbox_aux1: 0.0775, loss_iou_aux1: 0.3216, d0.loss_cls_aux1: 0.0169, d0.loss_bbox_aux1: 0.1007, d0.loss_iou_aux1: 0.4008, d1.loss_cls_aux1: 0.0162, d1.loss_bbox_aux1: 0.0810, d1.loss_iou_aux1: 0.3347, d2.loss_cls_aux1: 0.0155, d2.loss_bbox_aux1: 0.0780, d2.loss_iou_aux1: 0.3243, d3.loss_cls_aux1: 0.0150, d3.loss_bbox_aux1: 0.0775, d3.loss_iou_aux1: 0.3216, d4.loss_cls_aux1: 0.0150, d4.loss_bbox_aux1: 0.0775, d4.loss_iou_aux1: 0.3215, loss: 31.0141, grad_norm: 305.2570
2025-01-09 16:30:09,049 - mmdet - INFO - Epoch [13][4000/4129]	lr: 5.000e-06, eta: 1 day, 15:18:56, time: 1.561, data_time: 0.006, memory: 18733, enc_loss_cls: 0.1375, enc_loss_bbox: 0.1188, enc_loss_iou: 0.5017, loss_cls: 0.1201, loss_bbox: 0.1077, loss_iou: 0.4721, d0.loss_cls: 0.1557, d0.loss_bbox: 0.1085, d0.loss_iou: 0.4759, d1.loss_cls: 0.1223, d1.loss_bbox: 0.1095, d1.loss_iou: 0.4778, d2.loss_cls: 0.1199, d2.loss_bbox: 0.1088, d2.loss_iou: 0.4737, d3.loss_cls: 0.1214, d3.loss_bbox: 0.1081, d3.loss_iou: 0.4725, d4.loss_cls: 0.1196, d4.loss_bbox: 0.1080, d4.loss_iou: 0.4723, dn_loss_cls: 0.0210, dn_loss_bbox: 0.0534, dn_loss_iou: 0.2379, d0.dn_loss_cls: 0.0557, d0.dn_loss_bbox: 0.0779, d0.dn_loss_iou: 0.3453, d1.dn_loss_cls: 0.0290, d1.dn_loss_bbox: 0.0571, d1.dn_loss_iou: 0.2555, d2.dn_loss_cls: 0.0237, d2.dn_loss_bbox: 0.0539, d2.dn_loss_iou: 0.2404, d3.dn_loss_cls: 0.0213, d3.dn_loss_bbox: 0.0533, d3.dn_loss_iou: 0.2377, d4.dn_loss_cls: 0.0209, d4.dn_loss_bbox: 0.0533, d4.dn_loss_iou: 0.2378, loss_rpn_cls: 0.0511, loss_rpn_bbox: 0.1305, loss_cls0: 2.1619, acc0: 92.6326, loss_bbox0: 3.8178, loss_cls1: 1.8445, loss_bbox1: 5.0375, loss_centerness1: 7.1767, loss_cls_aux0: 0.0198, loss_bbox_aux0: 0.0197, loss_iou_aux0: 0.0851, d0.loss_cls_aux0: 0.0225, d0.loss_bbox_aux0: 0.0694, d0.loss_iou_aux0: 0.2793, d1.loss_cls_aux0: 0.0195, d1.loss_bbox_aux0: 0.0317, d1.loss_iou_aux0: 0.1329, d2.loss_cls_aux0: 0.0186, d2.loss_bbox_aux0: 0.0229, d2.loss_iou_aux0: 0.0965, d3.loss_cls_aux0: 0.0193, d3.loss_bbox_aux0: 0.0195, d3.loss_iou_aux0: 0.0837, d4.loss_cls_aux0: 0.0195, d4.loss_bbox_aux0: 0.0196, d4.loss_iou_aux0: 0.0843, loss_cls_aux1: 0.0154, loss_bbox_aux1: 0.0766, loss_iou_aux1: 0.3206, d0.loss_cls_aux1: 0.0170, d0.loss_bbox_aux1: 0.1007, d0.loss_iou_aux1: 0.3967, d1.loss_cls_aux1: 0.0158, d1.loss_bbox_aux1: 0.0810, d1.loss_iou_aux1: 0.3333, d2.loss_cls_aux1: 0.0158, d2.loss_bbox_aux1: 0.0774, d2.loss_iou_aux1: 0.3226, d3.loss_cls_aux1: 0.0153, d3.loss_bbox_aux1: 0.0765, d3.loss_iou_aux1: 0.3204, d4.loss_cls_aux1: 0.0154, d4.loss_bbox_aux1: 0.0766, d4.loss_iou_aux1: 0.3205, loss: 30.9685, grad_norm: 296.4849
2025-01-09 16:33:30,594 - mmdet - INFO - Saving checkpoint at 13 epochs
2025-01-09 16:39:41,416 - mmdet - INFO - Evaluating bbox...
2025-01-09 16:40:53,858 - mmdet - INFO - 
 Average Precision  (AP) @[ IoU=0.50:0.95 | area=   all | maxDets=100 ] = 0.488
 Average Precision  (AP) @[ IoU=0.50      | area=   all | maxDets=1000 ] = 0.862
 Average Precision  (AP) @[ IoU=0.75      | area=   all | maxDets=1000 ] = 0.465
 Average Precision  (AP) @[ IoU=0.50:0.95 | area= small | maxDets=1000 ] = 0.365
 Average Precision  (AP) @[ IoU=0.50:0.95 | area=medium | maxDets=1000 ] = 0.548
 Average Precision  (AP) @[ IoU=0.50:0.95 | area= large | maxDets=1000 ] = 0.687
 Average Recall     (AR) @[ IoU=0.50:0.95 | area=   all | maxDets=100 ] = 0.611
 Average Recall     (AR) @[ IoU=0.50:0.95 | area=   all | maxDets=300 ] = 0.620
 Average Recall     (AR) @[ IoU=0.50:0.95 | area=   all | maxDets=1000 ] = 0.621
 Average Recall     (AR) @[ IoU=0.50:0.95 | area= small | maxDets=1000 ] = 0.540
 Average Recall     (AR) @[ IoU=0.50:0.95 | area=medium | maxDets=1000 ] = 0.657
 Average Recall     (AR) @[ IoU=0.50:0.95 | area= large | maxDets=1000 ] = 0.817

2025-01-09 16:40:53,859 - mmdet - INFO - 
+----------+-------+--------+--------+-------+-------+-------+
| category | mAP   | mAP_50 | mAP_75 | mAP_s | mAP_m | mAP_l |
+----------+-------+--------+--------+-------+-------+-------+
| person   | 0.505 | 0.896  | 0.507  | 0.368 | 0.585 | 0.751 |
| car      | 0.634 | 0.925  | 0.706  | 0.423 | 0.696 | 0.898 |
| bicycle  | 0.325 | 0.765  | 0.182  | 0.303 | 0.362 | 0.411 |
+----------+-------+--------+--------+-------+-------+-------+
2025-01-09 16:40:54,427 - mmdet - INFO - Exp name: codino_vit_twostream_640_autoaugv1_train1.py
2025-01-09 16:40:54,428 - mmdet - INFO - Epoch(val) [13][1013]	person_precision: 0.5050, car_precision: 0.6340, bicycle_precision: 0.3250, bbox_mAP: 0.4880, bbox_mAP_50: 0.8620, bbox_mAP_75: 0.4650, bbox_mAP_s: 0.3650, bbox_mAP_m: 0.5480, bbox_mAP_l: 0.6870, bbox_mAP_copypaste: 0.488 0.862 0.465 0.365 0.548 0.687
2025-01-09 17:06:39,240 - mmdet - INFO - Epoch [14][1000/4129]	lr: 5.000e-06, eta: 1 day, 14:47:03, time: 1.545, data_time: 0.007, memory: 18733, enc_loss_cls: 0.1394, enc_loss_bbox: 0.1164, enc_loss_iou: 0.5053, loss_cls: 0.1229, loss_bbox: 0.1063, loss_iou: 0.4812, d0.loss_cls: 0.1574, d0.loss_bbox: 0.1078, d0.loss_iou: 0.4843, d1.loss_cls: 0.1292, d1.loss_bbox: 0.1075, d1.loss_iou: 0.4835, d2.loss_cls: 0.1226, d2.loss_bbox: 0.1074, d2.loss_iou: 0.4832, d3.loss_cls: 0.1232, d3.loss_bbox: 0.1062, d3.loss_iou: 0.4807, d4.loss_cls: 0.1218, d4.loss_bbox: 0.1065, d4.loss_iou: 0.4817, dn_loss_cls: 0.0214, dn_loss_bbox: 0.0515, dn_loss_iou: 0.2396, d0.dn_loss_cls: 0.0571, d0.dn_loss_bbox: 0.0762, d0.dn_loss_iou: 0.3513, d1.dn_loss_cls: 0.0299, d1.dn_loss_bbox: 0.0549, d1.dn_loss_iou: 0.2573, d2.dn_loss_cls: 0.0241, d2.dn_loss_bbox: 0.0520, d2.dn_loss_iou: 0.2422, d3.dn_loss_cls: 0.0217, d3.dn_loss_bbox: 0.0514, d3.dn_loss_iou: 0.2393, d4.dn_loss_cls: 0.0212, d4.dn_loss_bbox: 0.0514, d4.dn_loss_iou: 0.2395, loss_rpn_cls: 0.0551, loss_rpn_bbox: 0.1359, loss_cls0: 2.0756, acc0: 92.9184, loss_bbox0: 3.7815, loss_cls1: 1.7941, loss_bbox1: 5.1021, loss_centerness1: 7.2117, loss_cls_aux0: 0.0193, loss_bbox_aux0: 0.0200, loss_iou_aux0: 0.0873, d0.loss_cls_aux0: 0.0220, d0.loss_bbox_aux0: 0.0688, d0.loss_iou_aux0: 0.2857, d1.loss_cls_aux0: 0.0182, d1.loss_bbox_aux0: 0.0317, d1.loss_iou_aux0: 0.1347, d2.loss_cls_aux0: 0.0180, d2.loss_bbox_aux0: 0.0233, d2.loss_iou_aux0: 0.0994, d3.loss_cls_aux0: 0.0184, d3.loss_bbox_aux0: 0.0199, d3.loss_iou_aux0: 0.0859, d4.loss_cls_aux0: 0.0189, d4.loss_bbox_aux0: 0.0200, d4.loss_iou_aux0: 0.0866, loss_cls_aux1: 0.0156, loss_bbox_aux1: 0.0754, loss_iou_aux1: 0.3256, d0.loss_cls_aux1: 0.0167, d0.loss_bbox_aux1: 0.0993, d0.loss_iou_aux1: 0.4041, d1.loss_cls_aux1: 0.0162, d1.loss_bbox_aux1: 0.0798, d1.loss_iou_aux1: 0.3389, d2.loss_cls_aux1: 0.0157, d2.loss_bbox_aux1: 0.0763, d2.loss_iou_aux1: 0.3281, d3.loss_cls_aux1: 0.0147, d3.loss_bbox_aux1: 0.0754, d3.loss_iou_aux1: 0.3254, d4.loss_cls_aux1: 0.0153, d4.loss_bbox_aux1: 0.0754, d4.loss_iou_aux1: 0.3255, loss: 31.0140, grad_norm: 300.6005
2025-01-09 17:32:09,551 - mmdet - INFO - Epoch [14][2000/4129]	lr: 5.000e-06, eta: 1 day, 14:23:31, time: 1.530, data_time: 0.004, memory: 18733, enc_loss_cls: 0.1347, enc_loss_bbox: 0.1144, enc_loss_iou: 0.4955, loss_cls: 0.1077, loss_bbox: 0.1061, loss_iou: 0.4733, d0.loss_cls: 0.1566, d0.loss_bbox: 0.1062, d0.loss_iou: 0.4708, d1.loss_cls: 0.1196, d1.loss_bbox: 0.1069, d1.loss_iou: 0.4727, d2.loss_cls: 0.1147, d2.loss_bbox: 0.1058, d2.loss_iou: 0.4727, d3.loss_cls: 0.1089, d3.loss_bbox: 0.1058, d3.loss_iou: 0.4721, d4.loss_cls: 0.1085, d4.loss_bbox: 0.1060, d4.loss_iou: 0.4727, dn_loss_cls: 0.0192, dn_loss_bbox: 0.0514, dn_loss_iou: 0.2359, d0.dn_loss_cls: 0.0549, d0.dn_loss_bbox: 0.0758, d0.dn_loss_iou: 0.3441, d1.dn_loss_cls: 0.0273, d1.dn_loss_bbox: 0.0549, d1.dn_loss_iou: 0.2522, d2.dn_loss_cls: 0.0220, d2.dn_loss_bbox: 0.0519, d2.dn_loss_iou: 0.2381, d3.dn_loss_cls: 0.0196, d3.dn_loss_bbox: 0.0513, d3.dn_loss_iou: 0.2355, d4.dn_loss_cls: 0.0191, d4.dn_loss_bbox: 0.0514, d4.dn_loss_iou: 0.2357, loss_rpn_cls: 0.0566, loss_rpn_bbox: 0.1364, loss_cls0: 2.0776, acc0: 92.8791, loss_bbox0: 3.8417, loss_cls1: 1.7830, loss_bbox1: 4.9357, loss_centerness1: 7.2016, loss_cls_aux0: 0.0183, loss_bbox_aux0: 0.0213, loss_iou_aux0: 0.0891, d0.loss_cls_aux0: 0.0233, d0.loss_bbox_aux0: 0.0704, d0.loss_iou_aux0: 0.2853, d1.loss_cls_aux0: 0.0196, d1.loss_bbox_aux0: 0.0337, d1.loss_iou_aux0: 0.1384, d2.loss_cls_aux0: 0.0186, d2.loss_bbox_aux0: 0.0247, d2.loss_iou_aux0: 0.1006, d3.loss_cls_aux0: 0.0180, d3.loss_bbox_aux0: 0.0212, d3.loss_iou_aux0: 0.0879, d4.loss_cls_aux0: 0.0178, d4.loss_bbox_aux0: 0.0212, d4.loss_iou_aux0: 0.0884, loss_cls_aux1: 0.0110, loss_bbox_aux1: 0.0733, loss_iou_aux1: 0.3095, d0.loss_cls_aux1: 0.0153, d0.loss_bbox_aux1: 0.0979, d0.loss_iou_aux1: 0.3893, d1.loss_cls_aux1: 0.0126, d1.loss_bbox_aux1: 0.0778, d1.loss_iou_aux1: 0.3229, d2.loss_cls_aux1: 0.0115, d2.loss_bbox_aux1: 0.0743, d2.loss_iou_aux1: 0.3125, d3.loss_cls_aux1: 0.0109, d3.loss_bbox_aux1: 0.0732, d3.loss_iou_aux1: 0.3093, d4.loss_cls_aux1: 0.0109, d4.loss_bbox_aux1: 0.0732, d4.loss_iou_aux1: 0.3094, loss: 30.5973, grad_norm: 283.7724
2025-01-09 17:57:36,396 - mmdet - INFO - Epoch [14][3000/4129]	lr: 5.000e-06, eta: 1 day, 13:59:50, time: 1.527, data_time: 0.004, memory: 18733, enc_loss_cls: 0.1399, enc_loss_bbox: 0.1219, enc_loss_iou: 0.5065, loss_cls: 0.1235, loss_bbox: 0.1100, loss_iou: 0.4757, d0.loss_cls: 0.1651, d0.loss_bbox: 0.1106, d0.loss_iou: 0.4790, d1.loss_cls: 0.1350, d1.loss_bbox: 0.1108, d1.loss_iou: 0.4767, d2.loss_cls: 0.1254, d2.loss_bbox: 0.1105, d2.loss_iou: 0.4757, d3.loss_cls: 0.1266, d3.loss_bbox: 0.1095, d3.loss_iou: 0.4742, d4.loss_cls: 0.1236, d4.loss_bbox: 0.1101, d4.loss_iou: 0.4756, dn_loss_cls: 0.0224, dn_loss_bbox: 0.0537, dn_loss_iou: 0.2387, d0.dn_loss_cls: 0.0588, d0.dn_loss_bbox: 0.0783, d0.dn_loss_iou: 0.3474, d1.dn_loss_cls: 0.0310, d1.dn_loss_bbox: 0.0573, d1.dn_loss_iou: 0.2569, d2.dn_loss_cls: 0.0252, d2.dn_loss_bbox: 0.0543, d2.dn_loss_iou: 0.2414, d3.dn_loss_cls: 0.0225, d3.dn_loss_bbox: 0.0536, d3.dn_loss_iou: 0.2384, d4.dn_loss_cls: 0.0221, d4.dn_loss_bbox: 0.0537, d4.dn_loss_iou: 0.2386, loss_rpn_cls: 0.0607, loss_rpn_bbox: 0.1286, loss_cls0: 1.9991, acc0: 93.2173, loss_bbox0: 3.6040, loss_cls1: 1.9199, loss_bbox1: 5.0068, loss_centerness1: 7.1459, loss_cls_aux0: 0.0228, loss_bbox_aux0: 0.0198, loss_iou_aux0: 0.0845, d0.loss_cls_aux0: 0.0330, d0.loss_bbox_aux0: 0.0712, d0.loss_iou_aux0: 0.2818, d1.loss_cls_aux0: 0.0246, d1.loss_bbox_aux0: 0.0323, d1.loss_iou_aux0: 0.1312, d2.loss_cls_aux0: 0.0222, d2.loss_bbox_aux0: 0.0229, d2.loss_iou_aux0: 0.0954, d3.loss_cls_aux0: 0.0211, d3.loss_bbox_aux0: 0.0196, d3.loss_iou_aux0: 0.0834, d4.loss_cls_aux0: 0.0218, d4.loss_bbox_aux0: 0.0197, d4.loss_iou_aux0: 0.0839, loss_cls_aux1: 0.0164, loss_bbox_aux1: 0.0774, loss_iou_aux1: 0.3171, d0.loss_cls_aux1: 0.0181, d0.loss_bbox_aux1: 0.1007, d0.loss_iou_aux1: 0.3943, d1.loss_cls_aux1: 0.0166, d1.loss_bbox_aux1: 0.0812, d1.loss_iou_aux1: 0.3295, d2.loss_cls_aux1: 0.0155, d2.loss_bbox_aux1: 0.0782, d2.loss_iou_aux1: 0.3199, d3.loss_cls_aux1: 0.0147, d3.loss_bbox_aux1: 0.0774, d3.loss_iou_aux1: 0.3169, d4.loss_cls_aux1: 0.0158, d4.loss_bbox_aux1: 0.0774, d4.loss_iou_aux1: 0.3170, loss: 30.7203, grad_norm: 302.8180
2025-01-09 18:23:02,098 - mmdet - INFO - Epoch [14][4000/4129]	lr: 5.000e-06, eta: 1 day, 13:36:03, time: 1.526, data_time: 0.005, memory: 18733, enc_loss_cls: 0.1410, enc_loss_bbox: 0.1147, enc_loss_iou: 0.4910, loss_cls: 0.1141, loss_bbox: 0.1049, loss_iou: 0.4685, d0.loss_cls: 0.1564, d0.loss_bbox: 0.1060, d0.loss_iou: 0.4690, d1.loss_cls: 0.1260, d1.loss_bbox: 0.1057, d1.loss_iou: 0.4683, d2.loss_cls: 0.1164, d2.loss_bbox: 0.1047, d2.loss_iou: 0.4681, d3.loss_cls: 0.1149, d3.loss_bbox: 0.1041, d3.loss_iou: 0.4676, d4.loss_cls: 0.1130, d4.loss_bbox: 0.1050, d4.loss_iou: 0.4688, dn_loss_cls: 0.0201, dn_loss_bbox: 0.0522, dn_loss_iou: 0.2349, d0.dn_loss_cls: 0.0551, d0.dn_loss_bbox: 0.0768, d0.dn_loss_iou: 0.3437, d1.dn_loss_cls: 0.0280, d1.dn_loss_bbox: 0.0559, d1.dn_loss_iou: 0.2523, d2.dn_loss_cls: 0.0229, d2.dn_loss_bbox: 0.0528, d2.dn_loss_iou: 0.2376, d3.dn_loss_cls: 0.0204, d3.dn_loss_bbox: 0.0522, d3.dn_loss_iou: 0.2347, d4.dn_loss_cls: 0.0199, d4.dn_loss_bbox: 0.0522, d4.dn_loss_iou: 0.2348, loss_rpn_cls: 0.0573, loss_rpn_bbox: 0.1332, loss_cls0: 2.0697, acc0: 92.9203, loss_bbox0: 3.7651, loss_cls1: 1.7939, loss_bbox1: 4.9794, loss_centerness1: 7.1854, loss_cls_aux0: 0.0164, loss_bbox_aux0: 0.0199, loss_iou_aux0: 0.0833, d0.loss_cls_aux0: 0.0198, d0.loss_bbox_aux0: 0.0705, d0.loss_iou_aux0: 0.2831, d1.loss_cls_aux0: 0.0171, d1.loss_bbox_aux0: 0.0325, d1.loss_iou_aux0: 0.1315, d2.loss_cls_aux0: 0.0173, d2.loss_bbox_aux0: 0.0230, d2.loss_iou_aux0: 0.0949, d3.loss_cls_aux0: 0.0170, d3.loss_bbox_aux0: 0.0197, d3.loss_iou_aux0: 0.0821, d4.loss_cls_aux0: 0.0163, d4.loss_bbox_aux0: 0.0198, d4.loss_iou_aux0: 0.0826, loss_cls_aux1: 0.0145, loss_bbox_aux1: 0.0741, loss_iou_aux1: 0.3106, d0.loss_cls_aux1: 0.0162, d0.loss_bbox_aux1: 0.0998, d0.loss_iou_aux1: 0.3925, d1.loss_cls_aux1: 0.0154, d1.loss_bbox_aux1: 0.0787, d1.loss_iou_aux1: 0.3250, d2.loss_cls_aux1: 0.0148, d2.loss_bbox_aux1: 0.0750, d2.loss_iou_aux1: 0.3134, d3.loss_cls_aux1: 0.0145, d3.loss_bbox_aux1: 0.0741, d3.loss_iou_aux1: 0.3105, d4.loss_cls_aux1: 0.0142, d4.loss_bbox_aux1: 0.0741, d4.loss_iou_aux1: 0.3105, loss: 30.5334, grad_norm: 273.3856
2025-01-09 18:26:18,802 - mmdet - INFO - Saving checkpoint at 14 epochs
2025-01-09 18:32:22,270 - mmdet - INFO - Evaluating bbox...
2025-01-09 18:33:34,359 - mmdet - INFO - 
 Average Precision  (AP) @[ IoU=0.50:0.95 | area=   all | maxDets=100 ] = 0.479
 Average Precision  (AP) @[ IoU=0.50      | area=   all | maxDets=1000 ] = 0.849
 Average Precision  (AP) @[ IoU=0.75      | area=   all | maxDets=1000 ] = 0.445
 Average Precision  (AP) @[ IoU=0.50:0.95 | area= small | maxDets=1000 ] = 0.345
 Average Precision  (AP) @[ IoU=0.50:0.95 | area=medium | maxDets=1000 ] = 0.540
 Average Precision  (AP) @[ IoU=0.50:0.95 | area= large | maxDets=1000 ] = 0.713
 Average Recall     (AR) @[ IoU=0.50:0.95 | area=   all | maxDets=100 ] = 0.600
 Average Recall     (AR) @[ IoU=0.50:0.95 | area=   all | maxDets=300 ] = 0.606
 Average Recall     (AR) @[ IoU=0.50:0.95 | area=   all | maxDets=1000 ] = 0.607
 Average Recall     (AR) @[ IoU=0.50:0.95 | area= small | maxDets=1000 ] = 0.518
 Average Recall     (AR) @[ IoU=0.50:0.95 | area=medium | maxDets=1000 ] = 0.648
 Average Recall     (AR) @[ IoU=0.50:0.95 | area= large | maxDets=1000 ] = 0.804

2025-01-09 18:33:34,360 - mmdet - INFO - 
+----------+-------+--------+--------+-------+-------+-------+
| category | mAP   | mAP_50 | mAP_75 | mAP_s | mAP_m | mAP_l |
+----------+-------+--------+--------+-------+-------+-------+
| person   | 0.489 | 0.894  | 0.46   | 0.344 | 0.57  | 0.76  |
| car      | 0.627 | 0.921  | 0.68   | 0.412 | 0.683 | 0.914 |
| bicycle  | 0.322 | 0.731  | 0.197  | 0.279 | 0.367 | 0.466 |
+----------+-------+--------+--------+-------+-------+-------+
2025-01-09 18:33:34,933 - mmdet - INFO - Exp name: codino_vit_twostream_640_autoaugv1_train1.py
2025-01-09 18:33:34,933 - mmdet - INFO - Epoch(val) [14][1013]	person_precision: 0.4890, car_precision: 0.6270, bicycle_precision: 0.3220, bbox_mAP: 0.4790, bbox_mAP_50: 0.8490, bbox_mAP_75: 0.4450, bbox_mAP_s: 0.3450, bbox_mAP_m: 0.5400, bbox_mAP_l: 0.7130, bbox_mAP_copypaste: 0.479 0.849 0.445 0.345 0.540 0.713
2025-01-09 18:58:58,720 - mmdet - INFO - Epoch [15][1000/4129]	lr: 5.000e-06, eta: 1 day, 13:04:04, time: 1.524, data_time: 0.007, memory: 18733, enc_loss_cls: 0.1380, enc_loss_bbox: 0.1163, enc_loss_iou: 0.4974, loss_cls: 0.1127, loss_bbox: 0.1073, loss_iou: 0.4739, d0.loss_cls: 0.1534, d0.loss_bbox: 0.1068, d0.loss_iou: 0.4734, d1.loss_cls: 0.1219, d1.loss_bbox: 0.1070, d1.loss_iou: 0.4736, d2.loss_cls: 0.1094, d2.loss_bbox: 0.1084, d2.loss_iou: 0.4778, d3.loss_cls: 0.1108, d3.loss_bbox: 0.1078, d3.loss_iou: 0.4754, d4.loss_cls: 0.1120, d4.loss_bbox: 0.1075, d4.loss_iou: 0.4741, dn_loss_cls: 0.0198, dn_loss_bbox: 0.0537, dn_loss_iou: 0.2384, d0.dn_loss_cls: 0.0564, d0.dn_loss_bbox: 0.0780, d0.dn_loss_iou: 0.3468, d1.dn_loss_cls: 0.0287, d1.dn_loss_bbox: 0.0575, d1.dn_loss_iou: 0.2565, d2.dn_loss_cls: 0.0228, d2.dn_loss_bbox: 0.0542, d2.dn_loss_iou: 0.2410, d3.dn_loss_cls: 0.0201, d3.dn_loss_bbox: 0.0537, d3.dn_loss_iou: 0.2382, d4.dn_loss_cls: 0.0197, d4.dn_loss_bbox: 0.0537, d4.dn_loss_iou: 0.2383, loss_rpn_cls: 0.0587, loss_rpn_bbox: 0.1306, loss_cls0: 2.0719, acc0: 93.0006, loss_bbox0: 3.7375, loss_cls1: 1.7833, loss_bbox1: 5.0490, loss_centerness1: 7.1178, loss_cls_aux0: 0.0272, loss_bbox_aux0: 0.0197, loss_iou_aux0: 0.0840, d0.loss_cls_aux0: 0.0303, d0.loss_bbox_aux0: 0.0705, d0.loss_iou_aux0: 0.2811, d1.loss_cls_aux0: 0.0282, d1.loss_bbox_aux0: 0.0316, d1.loss_iou_aux0: 0.1304, d2.loss_cls_aux0: 0.0275, d2.loss_bbox_aux0: 0.0224, d2.loss_iou_aux0: 0.0941, d3.loss_cls_aux0: 0.0276, d3.loss_bbox_aux0: 0.0195, d3.loss_iou_aux0: 0.0826, d4.loss_cls_aux0: 0.0268, d4.loss_bbox_aux0: 0.0196, d4.loss_iou_aux0: 0.0834, loss_cls_aux1: 0.0139, loss_bbox_aux1: 0.0767, loss_iou_aux1: 0.3191, d0.loss_cls_aux1: 0.0159, d0.loss_bbox_aux1: 0.1023, d0.loss_iou_aux1: 0.4000, d1.loss_cls_aux1: 0.0147, d1.loss_bbox_aux1: 0.0812, d1.loss_iou_aux1: 0.3336, d2.loss_cls_aux1: 0.0139, d2.loss_bbox_aux1: 0.0776, d2.loss_iou_aux1: 0.3225, d3.loss_cls_aux1: 0.0137, d3.loss_bbox_aux1: 0.0766, d3.loss_iou_aux1: 0.3190, d4.loss_cls_aux1: 0.0138, d4.loss_bbox_aux1: 0.0767, d4.loss_iou_aux1: 0.3191, loss: 30.6882, grad_norm: 288.2518
2025-01-09 19:24:23,051 - mmdet - INFO - Epoch [15][2000/4129]	lr: 5.000e-06, eta: 1 day, 12:40:16, time: 1.524, data_time: 0.005, memory: 18733, enc_loss_cls: 0.1368, enc_loss_bbox: 0.1166, enc_loss_iou: 0.4850, loss_cls: 0.1118, loss_bbox: 0.1083, loss_iou: 0.4640, d0.loss_cls: 0.1554, d0.loss_bbox: 0.1079, d0.loss_iou: 0.4644, d1.loss_cls: 0.1287, d1.loss_bbox: 0.1071, d1.loss_iou: 0.4614, d2.loss_cls: 0.1127, d2.loss_bbox: 0.1078, d2.loss_iou: 0.4660, d3.loss_cls: 0.1118, d3.loss_bbox: 0.1080, d3.loss_iou: 0.4640, d4.loss_cls: 0.1122, d4.loss_bbox: 0.1081, d4.loss_iou: 0.4634, dn_loss_cls: 0.0195, dn_loss_bbox: 0.0529, dn_loss_iou: 0.2356, d0.dn_loss_cls: 0.0540, d0.dn_loss_bbox: 0.0779, d0.dn_loss_iou: 0.3424, d1.dn_loss_cls: 0.0278, d1.dn_loss_bbox: 0.0565, d1.dn_loss_iou: 0.2524, d2.dn_loss_cls: 0.0223, d2.dn_loss_bbox: 0.0535, d2.dn_loss_iou: 0.2381, d3.dn_loss_cls: 0.0198, d3.dn_loss_bbox: 0.0529, d3.dn_loss_iou: 0.2352, d4.dn_loss_cls: 0.0194, d4.dn_loss_bbox: 0.0529, d4.dn_loss_iou: 0.2354, loss_rpn_cls: 0.0496, loss_rpn_bbox: 0.1282, loss_cls0: 2.0480, acc0: 92.9756, loss_bbox0: 3.7324, loss_cls1: 1.7719, loss_bbox1: 4.9299, loss_centerness1: 7.1672, loss_cls_aux0: 0.0141, loss_bbox_aux0: 0.0213, loss_iou_aux0: 0.0856, d0.loss_cls_aux0: 0.0193, d0.loss_bbox_aux0: 0.0693, d0.loss_iou_aux0: 0.2747, d1.loss_cls_aux0: 0.0158, d1.loss_bbox_aux0: 0.0323, d1.loss_iou_aux0: 0.1286, d2.loss_cls_aux0: 0.0154, d2.loss_bbox_aux0: 0.0243, d2.loss_iou_aux0: 0.0964, d3.loss_cls_aux0: 0.0142, d3.loss_bbox_aux0: 0.0212, d3.loss_iou_aux0: 0.0842, d4.loss_cls_aux0: 0.0141, d4.loss_bbox_aux0: 0.0212, d4.loss_iou_aux0: 0.0849, loss_cls_aux1: 0.0127, loss_bbox_aux1: 0.0757, loss_iou_aux1: 0.3097, d0.loss_cls_aux1: 0.0150, d0.loss_bbox_aux1: 0.1016, d0.loss_iou_aux1: 0.3900, d1.loss_cls_aux1: 0.0142, d1.loss_bbox_aux1: 0.0809, d1.loss_iou_aux1: 0.3247, d2.loss_cls_aux1: 0.0133, d2.loss_bbox_aux1: 0.0766, d2.loss_iou_aux1: 0.3132, d3.loss_cls_aux1: 0.0128, d3.loss_bbox_aux1: 0.0756, d3.loss_iou_aux1: 0.3095, d4.loss_cls_aux1: 0.0126, d4.loss_bbox_aux1: 0.0757, d4.loss_iou_aux1: 0.3096, loss: 30.3372, grad_norm: 279.6688
2025-01-09 19:49:47,109 - mmdet - INFO - Epoch [15][3000/4129]	lr: 5.000e-06, eta: 1 day, 12:16:25, time: 1.524, data_time: 0.005, memory: 18733, enc_loss_cls: 0.1353, enc_loss_bbox: 0.1143, enc_loss_iou: 0.4831, loss_cls: 0.1091, loss_bbox: 0.1064, loss_iou: 0.4641, d0.loss_cls: 0.1543, d0.loss_bbox: 0.1059, d0.loss_iou: 0.4619, d1.loss_cls: 0.1214, d1.loss_bbox: 0.1056, d1.loss_iou: 0.4621, d2.loss_cls: 0.1069, d2.loss_bbox: 0.1069, d2.loss_iou: 0.4671, d3.loss_cls: 0.1082, d3.loss_bbox: 0.1068, d3.loss_iou: 0.4652, d4.loss_cls: 0.1086, d4.loss_bbox: 0.1066, d4.loss_iou: 0.4645, dn_loss_cls: 0.0196, dn_loss_bbox: 0.0521, dn_loss_iou: 0.2348, d0.dn_loss_cls: 0.0537, d0.dn_loss_bbox: 0.0768, d0.dn_loss_iou: 0.3409, d1.dn_loss_cls: 0.0277, d1.dn_loss_bbox: 0.0560, d1.dn_loss_iou: 0.2526, d2.dn_loss_cls: 0.0227, d2.dn_loss_bbox: 0.0528, d2.dn_loss_iou: 0.2374, d3.dn_loss_cls: 0.0201, d3.dn_loss_bbox: 0.0521, d3.dn_loss_iou: 0.2346, d4.dn_loss_cls: 0.0195, d4.dn_loss_bbox: 0.0521, d4.dn_loss_iou: 0.2347, loss_rpn_cls: 0.0530, loss_rpn_bbox: 0.1341, loss_cls0: 2.0543, acc0: 93.0295, loss_bbox0: 3.7049, loss_cls1: 1.7366, loss_bbox1: 4.9070, loss_centerness1: 7.1383, loss_cls_aux0: 0.0144, loss_bbox_aux0: 0.0205, loss_iou_aux0: 0.0834, d0.loss_cls_aux0: 0.0184, d0.loss_bbox_aux0: 0.0690, d0.loss_iou_aux0: 0.2773, d1.loss_cls_aux0: 0.0155, d1.loss_bbox_aux0: 0.0327, d1.loss_iou_aux0: 0.1297, d2.loss_cls_aux0: 0.0146, d2.loss_bbox_aux0: 0.0239, d2.loss_iou_aux0: 0.0949, d3.loss_cls_aux0: 0.0144, d3.loss_bbox_aux0: 0.0204, d3.loss_iou_aux0: 0.0822, d4.loss_cls_aux0: 0.0141, d4.loss_bbox_aux0: 0.0204, d4.loss_iou_aux0: 0.0827, loss_cls_aux1: 0.0127, loss_bbox_aux1: 0.0736, loss_iou_aux1: 0.3105, d0.loss_cls_aux1: 0.0142, d0.loss_bbox_aux1: 0.0993, d0.loss_iou_aux1: 0.3887, d1.loss_cls_aux1: 0.0131, d1.loss_bbox_aux1: 0.0782, d1.loss_iou_aux1: 0.3229, d2.loss_cls_aux1: 0.0125, d2.loss_bbox_aux1: 0.0747, d2.loss_iou_aux1: 0.3128, d3.loss_cls_aux1: 0.0126, d3.loss_bbox_aux1: 0.0736, d3.loss_iou_aux1: 0.3104, d4.loss_cls_aux1: 0.0125, d4.loss_bbox_aux1: 0.0736, d4.loss_iou_aux1: 0.3104, loss: 30.1676, grad_norm: 275.8512
2025-01-09 20:15:11,303 - mmdet - INFO - Epoch [15][4000/4129]	lr: 5.000e-06, eta: 1 day, 11:52:31, time: 1.524, data_time: 0.005, memory: 18733, enc_loss_cls: 0.1371, enc_loss_bbox: 0.1124, enc_loss_iou: 0.4961, loss_cls: 0.1167, loss_bbox: 0.1039, loss_iou: 0.4726, d0.loss_cls: 0.1555, d0.loss_bbox: 0.1057, d0.loss_iou: 0.4745, d1.loss_cls: 0.1277, d1.loss_bbox: 0.1051, d1.loss_iou: 0.4730, d2.loss_cls: 0.1142, d2.loss_bbox: 0.1055, d2.loss_iou: 0.4765, d3.loss_cls: 0.1152, d3.loss_bbox: 0.1043, d3.loss_iou: 0.4730, d4.loss_cls: 0.1159, d4.loss_bbox: 0.1041, d4.loss_iou: 0.4730, dn_loss_cls: 0.0187, dn_loss_bbox: 0.0510, dn_loss_iou: 0.2383, d0.dn_loss_cls: 0.0542, d0.dn_loss_bbox: 0.0753, d0.dn_loss_iou: 0.3486, d1.dn_loss_cls: 0.0273, d1.dn_loss_bbox: 0.0545, d1.dn_loss_iou: 0.2555, d2.dn_loss_cls: 0.0218, d2.dn_loss_bbox: 0.0515, d2.dn_loss_iou: 0.2408, d3.dn_loss_cls: 0.0191, d3.dn_loss_bbox: 0.0510, d3.dn_loss_iou: 0.2380, d4.dn_loss_cls: 0.0186, d4.dn_loss_bbox: 0.0510, d4.dn_loss_iou: 0.2382, loss_rpn_cls: 0.0503, loss_rpn_bbox: 0.1285, loss_cls0: 2.0626, acc0: 92.9514, loss_bbox0: 3.8085, loss_cls1: 1.8024, loss_bbox1: 5.0264, loss_centerness1: 7.1566, loss_cls_aux0: 0.0130, loss_bbox_aux0: 0.0190, loss_iou_aux0: 0.0824, d0.loss_cls_aux0: 0.0216, d0.loss_bbox_aux0: 0.0670, d0.loss_iou_aux0: 0.2804, d1.loss_cls_aux0: 0.0152, d1.loss_bbox_aux0: 0.0299, d1.loss_iou_aux0: 0.1279, d2.loss_cls_aux0: 0.0140, d2.loss_bbox_aux0: 0.0216, d2.loss_iou_aux0: 0.0924, d3.loss_cls_aux0: 0.0133, d3.loss_bbox_aux0: 0.0189, d3.loss_iou_aux0: 0.0813, d4.loss_cls_aux0: 0.0129, d4.loss_bbox_aux0: 0.0189, d4.loss_iou_aux0: 0.0818, loss_cls_aux1: 0.0117, loss_bbox_aux1: 0.0736, loss_iou_aux1: 0.3204, d0.loss_cls_aux1: 0.0139, d0.loss_bbox_aux1: 0.0979, d0.loss_iou_aux1: 0.3970, d1.loss_cls_aux1: 0.0123, d1.loss_bbox_aux1: 0.0783, d1.loss_iou_aux1: 0.3328, d2.loss_cls_aux1: 0.0116, d2.loss_bbox_aux1: 0.0747, d2.loss_iou_aux1: 0.3238, d3.loss_cls_aux1: 0.0116, d3.loss_bbox_aux1: 0.0736, d3.loss_iou_aux1: 0.3203, d4.loss_cls_aux1: 0.0115, d4.loss_bbox_aux1: 0.0736, d4.loss_iou_aux1: 0.3203, loss: 30.6213, grad_norm: 287.6061
2025-01-09 20:18:27,863 - mmdet - INFO - Saving checkpoint at 15 epochs
2025-01-09 20:24:29,686 - mmdet - INFO - Evaluating bbox...
2025-01-09 20:25:41,512 - mmdet - INFO - 
 Average Precision  (AP) @[ IoU=0.50:0.95 | area=   all | maxDets=100 ] = 0.463
 Average Precision  (AP) @[ IoU=0.50      | area=   all | maxDets=1000 ] = 0.857
 Average Precision  (AP) @[ IoU=0.75      | area=   all | maxDets=1000 ] = 0.415
 Average Precision  (AP) @[ IoU=0.50:0.95 | area= small | maxDets=1000 ] = 0.322
 Average Precision  (AP) @[ IoU=0.50:0.95 | area=medium | maxDets=1000 ] = 0.531
 Average Precision  (AP) @[ IoU=0.50:0.95 | area= large | maxDets=1000 ] = 0.664
 Average Recall     (AR) @[ IoU=0.50:0.95 | area=   all | maxDets=100 ] = 0.584
 Average Recall     (AR) @[ IoU=0.50:0.95 | area=   all | maxDets=300 ] = 0.596
 Average Recall     (AR) @[ IoU=0.50:0.95 | area=   all | maxDets=1000 ] = 0.599
 Average Recall     (AR) @[ IoU=0.50:0.95 | area= small | maxDets=1000 ] = 0.510
 Average Recall     (AR) @[ IoU=0.50:0.95 | area=medium | maxDets=1000 ] = 0.642
 Average Recall     (AR) @[ IoU=0.50:0.95 | area= large | maxDets=1000 ] = 0.784

2025-01-09 20:25:41,512 - mmdet - INFO - 
+----------+-------+--------+--------+-------+-------+-------+
| category | mAP   | mAP_50 | mAP_75 | mAP_s | mAP_m | mAP_l |
+----------+-------+--------+--------+-------+-------+-------+
| person   | 0.482 | 0.886  | 0.459  | 0.318 | 0.576 | 0.757 |
| car      | 0.613 | 0.923  | 0.655  | 0.38  | 0.678 | 0.9   |
| bicycle  | 0.295 | 0.76   | 0.131  | 0.268 | 0.338 | 0.336 |
+----------+-------+--------+--------+-------+-------+-------+
2025-01-09 20:25:42,068 - mmdet - INFO - Exp name: codino_vit_twostream_640_autoaugv1_train1.py
2025-01-09 20:25:42,068 - mmdet - INFO - Epoch(val) [15][1013]	person_precision: 0.4820, car_precision: 0.6130, bicycle_precision: 0.2950, bbox_mAP: 0.4630, bbox_mAP_50: 0.8570, bbox_mAP_75: 0.4150, bbox_mAP_s: 0.3220, bbox_mAP_m: 0.5310, bbox_mAP_l: 0.6640, bbox_mAP_copypaste: 0.463 0.857 0.415 0.322 0.531 0.664
2025-01-09 20:51:06,244 - mmdet - INFO - Epoch [16][1000/4129]	lr: 5.000e-06, eta: 1 day, 11:21:01, time: 1.524, data_time: 0.007, memory: 18733, enc_loss_cls: 0.1351, enc_loss_bbox: 0.1141, enc_loss_iou: 0.4876, loss_cls: 0.1096, loss_bbox: 0.1047, loss_iou: 0.4675, d0.loss_cls: 0.1547, d0.loss_bbox: 0.1055, d0.loss_iou: 0.4664, d1.loss_cls: 0.1219, d1.loss_bbox: 0.1041, d1.loss_iou: 0.4665, d2.loss_cls: 0.1096, d2.loss_bbox: 0.1053, d2.loss_iou: 0.4682, d3.loss_cls: 0.1092, d3.loss_bbox: 0.1046, d3.loss_iou: 0.4679, d4.loss_cls: 0.1090, d4.loss_bbox: 0.1053, d4.loss_iou: 0.4674, dn_loss_cls: 0.0190, dn_loss_bbox: 0.0523, dn_loss_iou: 0.2354, d0.dn_loss_cls: 0.0538, d0.dn_loss_bbox: 0.0764, d0.dn_loss_iou: 0.3428, d1.dn_loss_cls: 0.0273, d1.dn_loss_bbox: 0.0558, d1.dn_loss_iou: 0.2534, d2.dn_loss_cls: 0.0220, d2.dn_loss_bbox: 0.0529, d2.dn_loss_iou: 0.2381, d3.dn_loss_cls: 0.0195, d3.dn_loss_bbox: 0.0523, d3.dn_loss_iou: 0.2350, d4.dn_loss_cls: 0.0188, d4.dn_loss_bbox: 0.0523, d4.dn_loss_iou: 0.2353, loss_rpn_cls: 0.0484, loss_rpn_bbox: 0.1262, loss_cls0: 1.9702, acc0: 93.2178, loss_bbox0: 3.6748, loss_cls1: 1.7240, loss_bbox1: 4.8890, loss_centerness1: 7.1059, loss_cls_aux0: 0.0129, loss_bbox_aux0: 0.0201, loss_iou_aux0: 0.0830, d0.loss_cls_aux0: 0.0220, d0.loss_bbox_aux0: 0.0691, d0.loss_iou_aux0: 0.2760, d1.loss_cls_aux0: 0.0157, d1.loss_bbox_aux0: 0.0327, d1.loss_iou_aux0: 0.1308, d2.loss_cls_aux0: 0.0141, d2.loss_bbox_aux0: 0.0240, d2.loss_iou_aux0: 0.0964, d3.loss_cls_aux0: 0.0133, d3.loss_bbox_aux0: 0.0199, d3.loss_iou_aux0: 0.0817, d4.loss_cls_aux0: 0.0129, d4.loss_bbox_aux0: 0.0200, d4.loss_iou_aux0: 0.0824, loss_cls_aux1: 0.0104, loss_bbox_aux1: 0.0738, loss_iou_aux1: 0.3123, d0.loss_cls_aux1: 0.0132, d0.loss_bbox_aux1: 0.0974, d0.loss_iou_aux1: 0.3899, d1.loss_cls_aux1: 0.0115, d1.loss_bbox_aux1: 0.0776, d1.loss_iou_aux1: 0.3251, d2.loss_cls_aux1: 0.0111, d2.loss_bbox_aux1: 0.0745, d2.loss_iou_aux1: 0.3148, d3.loss_cls_aux1: 0.0105, d3.loss_bbox_aux1: 0.0737, d3.loss_iou_aux1: 0.3123, d4.loss_cls_aux1: 0.0104, d4.loss_bbox_aux1: 0.0738, d4.loss_iou_aux1: 0.3123, loss: 29.9965, grad_norm: 285.5606
2025-01-09 21:16:30,204 - mmdet - INFO - Epoch [16][2000/4129]	lr: 5.000e-06, eta: 1 day, 10:57:08, time: 1.524, data_time: 0.004, memory: 18733, enc_loss_cls: 0.1367, enc_loss_bbox: 0.1162, enc_loss_iou: 0.4843, loss_cls: 0.1038, loss_bbox: 0.1062, loss_iou: 0.4649, d0.loss_cls: 0.1533, d0.loss_bbox: 0.1055, d0.loss_iou: 0.4598, d1.loss_cls: 0.1247, d1.loss_bbox: 0.1044, d1.loss_iou: 0.4599, d2.loss_cls: 0.1069, d2.loss_bbox: 0.1066, d2.loss_iou: 0.4677, d3.loss_cls: 0.1050, d3.loss_bbox: 0.1053, d3.loss_iou: 0.4646, d4.loss_cls: 0.1030, d4.loss_bbox: 0.1063, d4.loss_iou: 0.4656, dn_loss_cls: 0.0203, dn_loss_bbox: 0.0525, dn_loss_iou: 0.2330, d0.dn_loss_cls: 0.0551, d0.dn_loss_bbox: 0.0773, d0.dn_loss_iou: 0.3389, d1.dn_loss_cls: 0.0276, d1.dn_loss_bbox: 0.0563, d1.dn_loss_iou: 0.2502, d2.dn_loss_cls: 0.0226, d2.dn_loss_bbox: 0.0532, d2.dn_loss_iou: 0.2357, d3.dn_loss_cls: 0.0203, d3.dn_loss_bbox: 0.0525, d3.dn_loss_iou: 0.2328, d4.dn_loss_cls: 0.0200, d4.dn_loss_bbox: 0.0525, d4.dn_loss_iou: 0.2329, loss_rpn_cls: 0.0513, loss_rpn_bbox: 0.1324, loss_cls0: 2.0525, acc0: 92.9537, loss_bbox0: 3.7092, loss_cls1: 1.7693, loss_bbox1: 4.8609, loss_centerness1: 7.1875, loss_cls_aux0: 0.0230, loss_bbox_aux0: 0.0201, loss_iou_aux0: 0.0844, d0.loss_cls_aux0: 0.0284, d0.loss_bbox_aux0: 0.0694, d0.loss_iou_aux0: 0.2763, d1.loss_cls_aux0: 0.0249, d1.loss_bbox_aux0: 0.0316, d1.loss_iou_aux0: 0.1291, d2.loss_cls_aux0: 0.0238, d2.loss_bbox_aux0: 0.0231, d2.loss_iou_aux0: 0.0957, d3.loss_cls_aux0: 0.0235, d3.loss_bbox_aux0: 0.0200, d3.loss_iou_aux0: 0.0834, d4.loss_cls_aux0: 0.0229, d4.loss_bbox_aux0: 0.0200, d4.loss_iou_aux0: 0.0838, loss_cls_aux1: 0.0182, loss_bbox_aux1: 0.0733, loss_iou_aux1: 0.3135, d0.loss_cls_aux1: 0.0198, d0.loss_bbox_aux1: 0.0980, d0.loss_iou_aux1: 0.3889, d1.loss_cls_aux1: 0.0184, d1.loss_bbox_aux1: 0.0783, d1.loss_iou_aux1: 0.3267, d2.loss_cls_aux1: 0.0177, d2.loss_bbox_aux1: 0.0740, d2.loss_iou_aux1: 0.3162, d3.loss_cls_aux1: 0.0174, d3.loss_bbox_aux1: 0.0732, d3.loss_iou_aux1: 0.3133, d4.loss_cls_aux1: 0.0179, d4.loss_bbox_aux1: 0.0733, d4.loss_iou_aux1: 0.3134, loss: 30.2827, grad_norm: 301.2044
2025-01-09 21:41:54,253 - mmdet - INFO - Epoch [16][3000/4129]	lr: 5.000e-06, eta: 1 day, 10:33:12, time: 1.524, data_time: 0.005, memory: 18733, enc_loss_cls: 0.1383, enc_loss_bbox: 0.1123, enc_loss_iou: 0.4886, loss_cls: 0.1061, loss_bbox: 0.1035, loss_iou: 0.4714, d0.loss_cls: 0.1497, d0.loss_bbox: 0.1027, d0.loss_iou: 0.4655, d1.loss_cls: 0.1195, d1.loss_bbox: 0.1031, d1.loss_iou: 0.4705, d2.loss_cls: 0.1070, d2.loss_bbox: 0.1040, d2.loss_iou: 0.4734, d3.loss_cls: 0.1067, d3.loss_bbox: 0.1035, d3.loss_iou: 0.4719, d4.loss_cls: 0.1059, d4.loss_bbox: 0.1033, d4.loss_iou: 0.4714, dn_loss_cls: 0.0182, dn_loss_bbox: 0.0511, dn_loss_iou: 0.2364, d0.dn_loss_cls: 0.0528, d0.dn_loss_bbox: 0.0753, d0.dn_loss_iou: 0.3457, d1.dn_loss_cls: 0.0260, d1.dn_loss_bbox: 0.0546, d1.dn_loss_iou: 0.2531, d2.dn_loss_cls: 0.0206, d2.dn_loss_bbox: 0.0515, d2.dn_loss_iou: 0.2388, d3.dn_loss_cls: 0.0185, d3.dn_loss_bbox: 0.0510, d3.dn_loss_iou: 0.2362, d4.dn_loss_cls: 0.0181, d4.dn_loss_bbox: 0.0511, d4.dn_loss_iou: 0.2363, loss_rpn_cls: 0.0523, loss_rpn_bbox: 0.1303, loss_cls0: 2.0743, acc0: 92.8279, loss_bbox0: 3.7950, loss_cls1: 1.7620, loss_bbox1: 4.9935, loss_centerness1: 7.1738, loss_cls_aux0: 0.0152, loss_bbox_aux0: 0.0204, loss_iou_aux0: 0.0863, d0.loss_cls_aux0: 0.0203, d0.loss_bbox_aux0: 0.0688, d0.loss_iou_aux0: 0.2877, d1.loss_cls_aux0: 0.0161, d1.loss_bbox_aux0: 0.0323, d1.loss_iou_aux0: 0.1346, d2.loss_cls_aux0: 0.0141, d2.loss_bbox_aux0: 0.0235, d2.loss_iou_aux0: 0.0978, d3.loss_cls_aux0: 0.0142, d3.loss_bbox_aux0: 0.0202, d3.loss_iou_aux0: 0.0849, d4.loss_cls_aux0: 0.0144, d4.loss_bbox_aux0: 0.0203, d4.loss_iou_aux0: 0.0855, loss_cls_aux1: 0.0130, loss_bbox_aux1: 0.0723, loss_iou_aux1: 0.3141, d0.loss_cls_aux1: 0.0149, d0.loss_bbox_aux1: 0.0985, d0.loss_iou_aux1: 0.3959, d1.loss_cls_aux1: 0.0140, d1.loss_bbox_aux1: 0.0769, d1.loss_iou_aux1: 0.3271, d2.loss_cls_aux1: 0.0123, d2.loss_bbox_aux1: 0.0732, d2.loss_iou_aux1: 0.3164, d3.loss_cls_aux1: 0.0125, d3.loss_bbox_aux1: 0.0722, d3.loss_iou_aux1: 0.3139, d4.loss_cls_aux1: 0.0127, d4.loss_bbox_aux1: 0.0723, d4.loss_iou_aux1: 0.3140, loss: 30.4774, grad_norm: 275.8502
2025-01-09 22:07:16,889 - mmdet - INFO - Epoch [16][4000/4129]	lr: 5.000e-06, eta: 1 day, 10:09:12, time: 1.523, data_time: 0.004, memory: 18733, enc_loss_cls: 0.1437, enc_loss_bbox: 0.1202, enc_loss_iou: 0.5130, loss_cls: 0.1140, loss_bbox: 0.1113, loss_iou: 0.4899, d0.loss_cls: 0.1599, d0.loss_bbox: 0.1108, d0.loss_iou: 0.4899, d1.loss_cls: 0.1247, d1.loss_bbox: 0.1111, d1.loss_iou: 0.4925, d2.loss_cls: 0.1109, d2.loss_bbox: 0.1133, d2.loss_iou: 0.4974, d3.loss_cls: 0.1129, d3.loss_bbox: 0.1125, d3.loss_iou: 0.4918, d4.loss_cls: 0.1131, d4.loss_bbox: 0.1119, d4.loss_iou: 0.4908, dn_loss_cls: 0.0230, dn_loss_bbox: 0.0532, dn_loss_iou: 0.2432, d0.dn_loss_cls: 0.0589, d0.dn_loss_bbox: 0.0777, d0.dn_loss_iou: 0.3526, d1.dn_loss_cls: 0.0319, d1.dn_loss_bbox: 0.0571, d1.dn_loss_iou: 0.2624, d2.dn_loss_cls: 0.0261, d2.dn_loss_bbox: 0.0538, d2.dn_loss_iou: 0.2460, d3.dn_loss_cls: 0.0233, d3.dn_loss_bbox: 0.0532, d3.dn_loss_iou: 0.2430, d4.dn_loss_cls: 0.0228, d4.dn_loss_bbox: 0.0532, d4.dn_loss_iou: 0.2431, loss_rpn_cls: 0.0640, loss_rpn_bbox: 0.1260, loss_cls0: 1.9579, acc0: 93.4371, loss_bbox0: 3.5259, loss_cls1: 1.8363, loss_bbox1: 5.0751, loss_centerness1: 7.1368, loss_cls_aux0: 0.0214, loss_bbox_aux0: 0.0214, loss_iou_aux0: 0.0854, d0.loss_cls_aux0: 0.0306, d0.loss_bbox_aux0: 0.0694, d0.loss_iou_aux0: 0.2751, d1.loss_cls_aux0: 0.0235, d1.loss_bbox_aux0: 0.0328, d1.loss_iou_aux0: 0.1307, d2.loss_cls_aux0: 0.0230, d2.loss_bbox_aux0: 0.0246, d2.loss_iou_aux0: 0.0959, d3.loss_cls_aux0: 0.0218, d3.loss_bbox_aux0: 0.0213, d3.loss_iou_aux0: 0.0841, d4.loss_cls_aux0: 0.0210, d4.loss_bbox_aux0: 0.0213, d4.loss_iou_aux0: 0.0846, loss_cls_aux1: 0.0136, loss_bbox_aux1: 0.0806, loss_iou_aux1: 0.3307, d0.loss_cls_aux1: 0.0166, d0.loss_bbox_aux1: 0.1071, d0.loss_iou_aux1: 0.4115, d1.loss_cls_aux1: 0.0157, d1.loss_bbox_aux1: 0.0851, d1.loss_iou_aux1: 0.3445, d2.loss_cls_aux1: 0.0145, d2.loss_bbox_aux1: 0.0820, d2.loss_iou_aux1: 0.3330, d3.loss_cls_aux1: 0.0138, d3.loss_bbox_aux1: 0.0806, d3.loss_iou_aux1: 0.3305, d4.loss_cls_aux1: 0.0134, d4.loss_bbox_aux1: 0.0806, d4.loss_iou_aux1: 0.3306, loss: 30.7548, grad_norm: 306.5634
2025-01-09 22:10:33,171 - mmdet - INFO - Saving checkpoint at 16 epochs
2025-01-09 22:16:36,122 - mmdet - INFO - Evaluating bbox...
2025-01-09 22:17:47,109 - mmdet - INFO - 
 Average Precision  (AP) @[ IoU=0.50:0.95 | area=   all | maxDets=100 ] = 0.475
 Average Precision  (AP) @[ IoU=0.50      | area=   all | maxDets=1000 ] = 0.844
 Average Precision  (AP) @[ IoU=0.75      | area=   all | maxDets=1000 ] = 0.452
 Average Precision  (AP) @[ IoU=0.50:0.95 | area= small | maxDets=1000 ] = 0.337
 Average Precision  (AP) @[ IoU=0.50:0.95 | area=medium | maxDets=1000 ] = 0.545
 Average Precision  (AP) @[ IoU=0.50:0.95 | area= large | maxDets=1000 ] = 0.691
 Average Recall     (AR) @[ IoU=0.50:0.95 | area=   all | maxDets=100 ] = 0.600
 Average Recall     (AR) @[ IoU=0.50:0.95 | area=   all | maxDets=300 ] = 0.612
 Average Recall     (AR) @[ IoU=0.50:0.95 | area=   all | maxDets=1000 ] = 0.614
 Average Recall     (AR) @[ IoU=0.50:0.95 | area= small | maxDets=1000 ] = 0.523
 Average Recall     (AR) @[ IoU=0.50:0.95 | area=medium | maxDets=1000 ] = 0.658
 Average Recall     (AR) @[ IoU=0.50:0.95 | area= large | maxDets=1000 ] = 0.824

2025-01-09 22:17:47,110 - mmdet - INFO - 
+----------+-------+--------+--------+-------+-------+-------+
| category | mAP   | mAP_50 | mAP_75 | mAP_s | mAP_m | mAP_l |
+----------+-------+--------+--------+-------+-------+-------+
| person   | 0.494 | 0.892  | 0.481  | 0.34  | 0.575 | 0.783 |
| car      | 0.629 | 0.927  | 0.688  | 0.425 | 0.684 | 0.904 |
| bicycle  | 0.302 | 0.714  | 0.187  | 0.247 | 0.375 | 0.386 |
+----------+-------+--------+--------+-------+-------+-------+
2025-01-09 22:17:47,653 - mmdet - INFO - Exp name: codino_vit_twostream_640_autoaugv1_train1.py
2025-01-09 22:17:47,654 - mmdet - INFO - Epoch(val) [16][1013]	person_precision: 0.4940, car_precision: 0.6290, bicycle_precision: 0.3020, bbox_mAP: 0.4750, bbox_mAP_50: 0.8440, bbox_mAP_75: 0.4520, bbox_mAP_s: 0.3370, bbox_mAP_m: 0.5450, bbox_mAP_l: 0.6910, bbox_mAP_copypaste: 0.475 0.844 0.452 0.337 0.545 0.691
2025-01-09 22:43:12,950 - mmdet - INFO - Epoch [17][1000/4129]	lr: 5.000e-06, eta: 1 day, 9:38:08, time: 1.525, data_time: 0.007, memory: 18733, enc_loss_cls: 0.1403, enc_loss_bbox: 0.1220, enc_loss_iou: 0.4963, loss_cls: 0.1115, loss_bbox: 0.1119, loss_iou: 0.4726, d0.loss_cls: 0.1583, d0.loss_bbox: 0.1109, d0.loss_iou: 0.4713, d1.loss_cls: 0.1242, d1.loss_bbox: 0.1111, d1.loss_iou: 0.4716, d2.loss_cls: 0.1144, d2.loss_bbox: 0.1121, d2.loss_iou: 0.4740, d3.loss_cls: 0.1127, d3.loss_bbox: 0.1118, d3.loss_iou: 0.4728, d4.loss_cls: 0.1112, d4.loss_bbox: 0.1120, d4.loss_iou: 0.4730, dn_loss_cls: 0.0202, dn_loss_bbox: 0.0542, dn_loss_iou: 0.2364, d0.dn_loss_cls: 0.0553, d0.dn_loss_bbox: 0.0803, d0.dn_loss_iou: 0.3466, d1.dn_loss_cls: 0.0285, d1.dn_loss_bbox: 0.0583, d1.dn_loss_iou: 0.2541, d2.dn_loss_cls: 0.0233, d2.dn_loss_bbox: 0.0548, d2.dn_loss_iou: 0.2391, d3.dn_loss_cls: 0.0206, d3.dn_loss_bbox: 0.0542, d3.dn_loss_iou: 0.2363, d4.dn_loss_cls: 0.0201, d4.dn_loss_bbox: 0.0542, d4.dn_loss_iou: 0.2364, loss_rpn_cls: 0.0546, loss_rpn_bbox: 0.1278, loss_cls0: 2.0288, acc0: 93.0797, loss_bbox0: 3.6459, loss_cls1: 1.7899, loss_bbox1: 4.9861, loss_centerness1: 7.1985, loss_cls_aux0: 0.0177, loss_bbox_aux0: 0.0223, loss_iou_aux0: 0.0855, d0.loss_cls_aux0: 0.0215, d0.loss_bbox_aux0: 0.0733, d0.loss_iou_aux0: 0.2800, d1.loss_cls_aux0: 0.0189, d1.loss_bbox_aux0: 0.0347, d1.loss_iou_aux0: 0.1310, d2.loss_cls_aux0: 0.0190, d2.loss_bbox_aux0: 0.0259, d2.loss_iou_aux0: 0.0963, d3.loss_cls_aux0: 0.0182, d3.loss_bbox_aux0: 0.0222, d3.loss_iou_aux0: 0.0842, d4.loss_cls_aux0: 0.0177, d4.loss_bbox_aux0: 0.0222, d4.loss_iou_aux0: 0.0847, loss_cls_aux1: 0.0134, loss_bbox_aux1: 0.0771, loss_iou_aux1: 0.3166, d0.loss_cls_aux1: 0.0156, d0.loss_bbox_aux1: 0.1038, d0.loss_iou_aux1: 0.3985, d1.loss_cls_aux1: 0.0145, d1.loss_bbox_aux1: 0.0821, d1.loss_iou_aux1: 0.3316, d2.loss_cls_aux1: 0.0144, d2.loss_bbox_aux1: 0.0779, d2.loss_iou_aux1: 0.3199, d3.loss_cls_aux1: 0.0138, d3.loss_bbox_aux1: 0.0771, d3.loss_iou_aux1: 0.3164, d4.loss_cls_aux1: 0.0135, d4.loss_bbox_aux1: 0.0771, d4.loss_iou_aux1: 0.3165, loss: 30.5552, grad_norm: 288.9917
2025-01-09 23:08:35,756 - mmdet - INFO - Epoch [17][2000/4129]	lr: 5.000e-06, eta: 1 day, 9:14:09, time: 1.523, data_time: 0.005, memory: 18733, enc_loss_cls: 0.1453, enc_loss_bbox: 0.1147, enc_loss_iou: 0.4874, loss_cls: 0.1103, loss_bbox: 0.1066, loss_iou: 0.4700, d0.loss_cls: 0.1568, d0.loss_bbox: 0.1069, d0.loss_iou: 0.4694, d1.loss_cls: 0.1259, d1.loss_bbox: 0.1069, d1.loss_iou: 0.4678, d2.loss_cls: 0.1138, d2.loss_bbox: 0.1068, d2.loss_iou: 0.4700, d3.loss_cls: 0.1114, d3.loss_bbox: 0.1067, d3.loss_iou: 0.4693, d4.loss_cls: 0.1102, d4.loss_bbox: 0.1067, d4.loss_iou: 0.4700, dn_loss_cls: 0.0206, dn_loss_bbox: 0.0518, dn_loss_iou: 0.2350, d0.dn_loss_cls: 0.0570, d0.dn_loss_bbox: 0.0760, d0.dn_loss_iou: 0.3424, d1.dn_loss_cls: 0.0296, d1.dn_loss_bbox: 0.0554, d1.dn_loss_iou: 0.2526, d2.dn_loss_cls: 0.0237, d2.dn_loss_bbox: 0.0523, d2.dn_loss_iou: 0.2379, d3.dn_loss_cls: 0.0209, d3.dn_loss_bbox: 0.0517, d3.dn_loss_iou: 0.2349, d4.dn_loss_cls: 0.0204, d4.dn_loss_bbox: 0.0518, d4.dn_loss_iou: 0.2349, loss_rpn_cls: 0.0597, loss_rpn_bbox: 0.1292, loss_cls0: 2.1271, acc0: 92.7918, loss_bbox0: 3.8452, loss_cls1: 1.7349, loss_bbox1: 4.9514, loss_centerness1: 7.1352, loss_cls_aux0: 0.0159, loss_bbox_aux0: 0.0198, loss_iou_aux0: 0.0837, d0.loss_cls_aux0: 0.0215, d0.loss_bbox_aux0: 0.0693, d0.loss_iou_aux0: 0.2802, d1.loss_cls_aux0: 0.0176, d1.loss_bbox_aux0: 0.0324, d1.loss_iou_aux0: 0.1317, d2.loss_cls_aux0: 0.0157, d2.loss_bbox_aux0: 0.0233, d2.loss_iou_aux0: 0.0953, d3.loss_cls_aux0: 0.0153, d3.loss_bbox_aux0: 0.0197, d3.loss_iou_aux0: 0.0826, d4.loss_cls_aux0: 0.0152, d4.loss_bbox_aux0: 0.0197, d4.loss_iou_aux0: 0.0831, loss_cls_aux1: 0.0133, loss_bbox_aux1: 0.0753, loss_iou_aux1: 0.3114, d0.loss_cls_aux1: 0.0150, d0.loss_bbox_aux1: 0.1021, d0.loss_iou_aux1: 0.3904, d1.loss_cls_aux1: 0.0138, d1.loss_bbox_aux1: 0.0799, d1.loss_iou_aux1: 0.3243, d2.loss_cls_aux1: 0.0132, d2.loss_bbox_aux1: 0.0761, d2.loss_iou_aux1: 0.3142, d3.loss_cls_aux1: 0.0126, d3.loss_bbox_aux1: 0.0753, d3.loss_iou_aux1: 0.3114, d4.loss_cls_aux1: 0.0129, d4.loss_bbox_aux1: 0.0753, d4.loss_iou_aux1: 0.3114, loss: 30.5341, grad_norm: 274.6558
2025-01-09 23:33:59,442 - mmdet - INFO - Epoch [17][3000/4129]	lr: 5.000e-06, eta: 1 day, 8:50:09, time: 1.524, data_time: 0.005, memory: 18733, enc_loss_cls: 0.1304, enc_loss_bbox: 0.1092, enc_loss_iou: 0.4750, loss_cls: 0.1047, loss_bbox: 0.0989, loss_iou: 0.4500, d0.loss_cls: 0.1443, d0.loss_bbox: 0.1005, d0.loss_iou: 0.4537, d1.loss_cls: 0.1119, d1.loss_bbox: 0.1011, d1.loss_iou: 0.4532, d2.loss_cls: 0.1051, d2.loss_bbox: 0.0997, d2.loss_iou: 0.4527, d3.loss_cls: 0.1038, d3.loss_bbox: 0.0991, d3.loss_iou: 0.4507, d4.loss_cls: 0.1044, d4.loss_bbox: 0.0990, d4.loss_iou: 0.4501, dn_loss_cls: 0.0175, dn_loss_bbox: 0.0506, dn_loss_iou: 0.2307, d0.dn_loss_cls: 0.0508, d0.dn_loss_bbox: 0.0733, d0.dn_loss_iou: 0.3356, d1.dn_loss_cls: 0.0253, d1.dn_loss_bbox: 0.0539, d1.dn_loss_iou: 0.2471, d2.dn_loss_cls: 0.0202, d2.dn_loss_bbox: 0.0511, d2.dn_loss_iou: 0.2333, d3.dn_loss_cls: 0.0179, d3.dn_loss_bbox: 0.0506, d3.dn_loss_iou: 0.2305, d4.dn_loss_cls: 0.0173, d4.dn_loss_bbox: 0.0506, d4.dn_loss_iou: 0.2306, loss_rpn_cls: 0.0551, loss_rpn_bbox: 0.1339, loss_cls0: 2.0487, acc0: 93.0509, loss_bbox0: 3.7263, loss_cls1: 1.7170, loss_bbox1: 4.7846, loss_centerness1: 7.1042, loss_cls_aux0: 0.0145, loss_bbox_aux0: 0.0190, loss_iou_aux0: 0.0794, d0.loss_cls_aux0: 0.0226, d0.loss_bbox_aux0: 0.0660, d0.loss_iou_aux0: 0.2747, d1.loss_cls_aux0: 0.0158, d1.loss_bbox_aux0: 0.0301, d1.loss_iou_aux0: 0.1236, d2.loss_cls_aux0: 0.0139, d2.loss_bbox_aux0: 0.0220, d2.loss_iou_aux0: 0.0906, d3.loss_cls_aux0: 0.0136, d3.loss_bbox_aux0: 0.0189, d3.loss_iou_aux0: 0.0782, d4.loss_cls_aux0: 0.0137, d4.loss_bbox_aux0: 0.0189, d4.loss_iou_aux0: 0.0787, loss_cls_aux1: 0.0116, loss_bbox_aux1: 0.0712, loss_iou_aux1: 0.3073, d0.loss_cls_aux1: 0.0145, d0.loss_bbox_aux1: 0.0941, d0.loss_iou_aux1: 0.3808, d1.loss_cls_aux1: 0.0121, d1.loss_bbox_aux1: 0.0749, d1.loss_iou_aux1: 0.3194, d2.loss_cls_aux1: 0.0115, d2.loss_bbox_aux1: 0.0719, d2.loss_iou_aux1: 0.3099, d3.loss_cls_aux1: 0.0110, d3.loss_bbox_aux1: 0.0712, d3.loss_iou_aux1: 0.3070, d4.loss_cls_aux1: 0.0111, d4.loss_bbox_aux1: 0.0712, d4.loss_iou_aux1: 0.3072, loss: 29.7062, grad_norm: 279.7812
2025-01-09 23:59:23,726 - mmdet - INFO - Epoch [17][4000/4129]	lr: 5.000e-06, eta: 1 day, 8:26:07, time: 1.524, data_time: 0.005, memory: 18733, enc_loss_cls: 0.1306, enc_loss_bbox: 0.1125, enc_loss_iou: 0.4942, loss_cls: 0.1124, loss_bbox: 0.1043, loss_iou: 0.4718, d0.loss_cls: 0.1500, d0.loss_bbox: 0.1060, d0.loss_iou: 0.4742, d1.loss_cls: 0.1209, d1.loss_bbox: 0.1055, d1.loss_iou: 0.4746, d2.loss_cls: 0.1142, d2.loss_bbox: 0.1050, d2.loss_iou: 0.4737, d3.loss_cls: 0.1142, d3.loss_bbox: 0.1043, d3.loss_iou: 0.4720, d4.loss_cls: 0.1117, d4.loss_bbox: 0.1044, d4.loss_iou: 0.4724, dn_loss_cls: 0.0231, dn_loss_bbox: 0.0511, dn_loss_iou: 0.2378, d0.dn_loss_cls: 0.0578, d0.dn_loss_bbox: 0.0752, d0.dn_loss_iou: 0.3477, d1.dn_loss_cls: 0.0308, d1.dn_loss_bbox: 0.0546, d1.dn_loss_iou: 0.2548, d2.dn_loss_cls: 0.0260, d2.dn_loss_bbox: 0.0517, d2.dn_loss_iou: 0.2403, d3.dn_loss_cls: 0.0235, d3.dn_loss_bbox: 0.0511, d3.dn_loss_iou: 0.2376, d4.dn_loss_cls: 0.0229, d4.dn_loss_bbox: 0.0511, d4.dn_loss_iou: 0.2376, loss_rpn_cls: 0.0516, loss_rpn_bbox: 0.1250, loss_cls0: 2.0126, acc0: 93.1348, loss_bbox0: 3.6772, loss_cls1: 1.7603, loss_bbox1: 5.0438, loss_centerness1: 7.1979, loss_cls_aux0: 0.0251, loss_bbox_aux0: 0.0187, loss_iou_aux0: 0.0818, d0.loss_cls_aux0: 0.0304, d0.loss_bbox_aux0: 0.0673, d0.loss_iou_aux0: 0.2837, d1.loss_cls_aux0: 0.0258, d1.loss_bbox_aux0: 0.0301, d1.loss_iou_aux0: 0.1283, d2.loss_cls_aux0: 0.0250, d2.loss_bbox_aux0: 0.0213, d2.loss_iou_aux0: 0.0918, d3.loss_cls_aux0: 0.0254, d3.loss_bbox_aux0: 0.0186, d3.loss_iou_aux0: 0.0803, d4.loss_cls_aux0: 0.0247, d4.loss_bbox_aux0: 0.0186, d4.loss_iou_aux0: 0.0809, loss_cls_aux1: 0.0188, loss_bbox_aux1: 0.0739, loss_iou_aux1: 0.3202, d0.loss_cls_aux1: 0.0190, d0.loss_bbox_aux1: 0.0980, d0.loss_iou_aux1: 0.3995, d1.loss_cls_aux1: 0.0190, d1.loss_bbox_aux1: 0.0786, d1.loss_iou_aux1: 0.3340, d2.loss_cls_aux1: 0.0194, d2.loss_bbox_aux1: 0.0749, d2.loss_iou_aux1: 0.3232, d3.loss_cls_aux1: 0.0194, d3.loss_bbox_aux1: 0.0739, d3.loss_iou_aux1: 0.3201, d4.loss_cls_aux1: 0.0187, d4.loss_bbox_aux1: 0.0739, d4.loss_iou_aux1: 0.3202, loss: 30.5546, grad_norm: 285.7822
2025-01-10 00:02:40,500 - mmdet - INFO - Saving checkpoint at 17 epochs
2025-01-10 00:08:44,400 - mmdet - INFO - Evaluating bbox...
2025-01-10 00:09:56,409 - mmdet - INFO - 
 Average Precision  (AP) @[ IoU=0.50:0.95 | area=   all | maxDets=100 ] = 0.471
 Average Precision  (AP) @[ IoU=0.50      | area=   all | maxDets=1000 ] = 0.854
 Average Precision  (AP) @[ IoU=0.75      | area=   all | maxDets=1000 ] = 0.434
 Average Precision  (AP) @[ IoU=0.50:0.95 | area= small | maxDets=1000 ] = 0.335
 Average Precision  (AP) @[ IoU=0.50:0.95 | area=medium | maxDets=1000 ] = 0.536
 Average Precision  (AP) @[ IoU=0.50:0.95 | area= large | maxDets=1000 ] = 0.699
 Average Recall     (AR) @[ IoU=0.50:0.95 | area=   all | maxDets=100 ] = 0.590
 Average Recall     (AR) @[ IoU=0.50:0.95 | area=   all | maxDets=300 ] = 0.598
 Average Recall     (AR) @[ IoU=0.50:0.95 | area=   all | maxDets=1000 ] = 0.600
 Average Recall     (AR) @[ IoU=0.50:0.95 | area= small | maxDets=1000 ] = 0.514
 Average Recall     (AR) @[ IoU=0.50:0.95 | area=medium | maxDets=1000 ] = 0.636
 Average Recall     (AR) @[ IoU=0.50:0.95 | area= large | maxDets=1000 ] = 0.817

2025-01-10 00:09:56,410 - mmdet - INFO - 
+----------+-------+--------+--------+-------+-------+-------+
| category | mAP   | mAP_50 | mAP_75 | mAP_s | mAP_m | mAP_l |
+----------+-------+--------+--------+-------+-------+-------+
| person   | 0.464 | 0.891  | 0.414  | 0.331 | 0.534 | 0.712 |
| car      | 0.633 | 0.924  | 0.693  | 0.421 | 0.689 | 0.911 |
| bicycle  | 0.317 | 0.746  | 0.194  | 0.252 | 0.385 | 0.473 |
+----------+-------+--------+--------+-------+-------+-------+
2025-01-10 00:09:56,967 - mmdet - INFO - Exp name: codino_vit_twostream_640_autoaugv1_train1.py
2025-01-10 00:09:56,967 - mmdet - INFO - Epoch(val) [17][1013]	person_precision: 0.4640, car_precision: 0.6330, bicycle_precision: 0.3170, bbox_mAP: 0.4710, bbox_mAP_50: 0.8540, bbox_mAP_75: 0.4340, bbox_mAP_s: 0.3350, bbox_mAP_m: 0.5360, bbox_mAP_l: 0.6990, bbox_mAP_copypaste: 0.471 0.854 0.434 0.335 0.536 0.699
2025-01-10 00:35:22,610 - mmdet - INFO - Epoch [18][1000/4129]	lr: 5.000e-06, eta: 1 day, 7:55:24, time: 1.526, data_time: 0.007, memory: 18733, enc_loss_cls: 0.1237, enc_loss_bbox: 0.1198, enc_loss_iou: 0.4920, loss_cls: 0.1046, loss_bbox: 0.1069, loss_iou: 0.4618, d0.loss_cls: 0.1457, d0.loss_bbox: 0.1079, d0.loss_iou: 0.4641, d1.loss_cls: 0.1131, d1.loss_bbox: 0.1078, d1.loss_iou: 0.4636, d2.loss_cls: 0.1047, d2.loss_bbox: 0.1079, d2.loss_iou: 0.4642, d3.loss_cls: 0.1032, d3.loss_bbox: 0.1073, d3.loss_iou: 0.4631, d4.loss_cls: 0.1032, d4.loss_bbox: 0.1071, d4.loss_iou: 0.4628, dn_loss_cls: 0.0179, dn_loss_bbox: 0.0534, dn_loss_iou: 0.2344, d0.dn_loss_cls: 0.0529, d0.dn_loss_bbox: 0.0784, d0.dn_loss_iou: 0.3414, d1.dn_loss_cls: 0.0265, d1.dn_loss_bbox: 0.0572, d1.dn_loss_iou: 0.2519, d2.dn_loss_cls: 0.0210, d2.dn_loss_bbox: 0.0541, d2.dn_loss_iou: 0.2369, d3.dn_loss_cls: 0.0184, d3.dn_loss_bbox: 0.0534, d3.dn_loss_iou: 0.2340, d4.dn_loss_cls: 0.0179, d4.dn_loss_bbox: 0.0534, d4.dn_loss_iou: 0.2342, loss_rpn_cls: 0.0498, loss_rpn_bbox: 0.1212, loss_cls0: 1.9071, acc0: 93.4471, loss_bbox0: 3.5177, loss_cls1: 1.6497, loss_bbox1: 4.8900, loss_centerness1: 7.1670, loss_cls_aux0: 0.0143, loss_bbox_aux0: 0.0191, loss_iou_aux0: 0.0770, d0.loss_cls_aux0: 0.0193, d0.loss_bbox_aux0: 0.0704, d0.loss_iou_aux0: 0.2744, d1.loss_cls_aux0: 0.0152, d1.loss_bbox_aux0: 0.0321, d1.loss_iou_aux0: 0.1247, d2.loss_cls_aux0: 0.0140, d2.loss_bbox_aux0: 0.0221, d2.loss_iou_aux0: 0.0878, d3.loss_cls_aux0: 0.0143, d3.loss_bbox_aux0: 0.0190, d3.loss_iou_aux0: 0.0758, d4.loss_cls_aux0: 0.0143, d4.loss_bbox_aux0: 0.0190, d4.loss_iou_aux0: 0.0763, loss_cls_aux1: 0.0110, loss_bbox_aux1: 0.0778, loss_iou_aux1: 0.3158, d0.loss_cls_aux1: 0.0137, d0.loss_bbox_aux1: 0.1032, d0.loss_iou_aux1: 0.3939, d1.loss_cls_aux1: 0.0126, d1.loss_bbox_aux1: 0.0823, d1.loss_iou_aux1: 0.3291, d2.loss_cls_aux1: 0.0115, d2.loss_bbox_aux1: 0.0789, d2.loss_iou_aux1: 0.3189, d3.loss_cls_aux1: 0.0110, d3.loss_bbox_aux1: 0.0778, d3.loss_iou_aux1: 0.3156, d4.loss_cls_aux1: 0.0109, d4.loss_bbox_aux1: 0.0778, d4.loss_iou_aux1: 0.3157, loss: 29.7209, grad_norm: 288.6179
2025-01-10 01:00:47,521 - mmdet - INFO - Epoch [18][2000/4129]	lr: 5.000e-06, eta: 1 day, 7:31:24, time: 1.525, data_time: 0.005, memory: 18733, enc_loss_cls: 0.1295, enc_loss_bbox: 0.1261, enc_loss_iou: 0.4976, loss_cls: 0.1066, loss_bbox: 0.1177, loss_iou: 0.4740, d0.loss_cls: 0.1505, d0.loss_bbox: 0.1179, d0.loss_iou: 0.4727, d1.loss_cls: 0.1127, d1.loss_bbox: 0.1186, d1.loss_iou: 0.4780, d2.loss_cls: 0.1104, d2.loss_bbox: 0.1176, d2.loss_iou: 0.4736, d3.loss_cls: 0.1073, d3.loss_bbox: 0.1176, d3.loss_iou: 0.4742, d4.loss_cls: 0.1071, d4.loss_bbox: 0.1178, d4.loss_iou: 0.4737, dn_loss_cls: 0.0223, dn_loss_bbox: 0.0521, dn_loss_iou: 0.2403, d0.dn_loss_cls: 0.0570, d0.dn_loss_bbox: 0.0763, d0.dn_loss_iou: 0.3493, d1.dn_loss_cls: 0.0286, d1.dn_loss_bbox: 0.0556, d1.dn_loss_iou: 0.2580, d2.dn_loss_cls: 0.0232, d2.dn_loss_bbox: 0.0526, d2.dn_loss_iou: 0.2429, d3.dn_loss_cls: 0.0217, d3.dn_loss_bbox: 0.0520, d3.dn_loss_iou: 0.2401, d4.dn_loss_cls: 0.0217, d4.dn_loss_bbox: 0.0520, d4.dn_loss_iou: 0.2402, loss_rpn_cls: 0.0585, loss_rpn_bbox: 0.1340, loss_cls0: 2.0649, acc0: 92.9723, loss_bbox0: 3.7431, loss_cls1: 1.8251, loss_bbox1: 4.9437, loss_centerness1: 7.2170, loss_cls_aux0: 0.0167, loss_bbox_aux0: 0.0199, loss_iou_aux0: 0.0864, d0.loss_cls_aux0: 0.0230, d0.loss_bbox_aux0: 0.0687, d0.loss_iou_aux0: 0.2853, d1.loss_cls_aux0: 0.0177, d1.loss_bbox_aux0: 0.0314, d1.loss_iou_aux0: 0.1330, d2.loss_cls_aux0: 0.0167, d2.loss_bbox_aux0: 0.0230, d2.loss_iou_aux0: 0.0978, d3.loss_cls_aux0: 0.0169, d3.loss_bbox_aux0: 0.0198, d3.loss_iou_aux0: 0.0851, d4.loss_cls_aux0: 0.0164, d4.loss_bbox_aux0: 0.0198, d4.loss_iou_aux0: 0.0856, loss_cls_aux1: 0.0163, loss_bbox_aux1: 0.0734, loss_iou_aux1: 0.3172, d0.loss_cls_aux1: 0.0191, d0.loss_bbox_aux1: 0.0962, d0.loss_iou_aux1: 0.3952, d1.loss_cls_aux1: 0.0159, d1.loss_bbox_aux1: 0.0774, d1.loss_iou_aux1: 0.3307, d2.loss_cls_aux1: 0.0164, d2.loss_bbox_aux1: 0.0742, d2.loss_iou_aux1: 0.3196, d3.loss_cls_aux1: 0.0169, d3.loss_bbox_aux1: 0.0733, d3.loss_iou_aux1: 0.3171, d4.loss_cls_aux1: 0.0169, d4.loss_bbox_aux1: 0.0734, d4.loss_iou_aux1: 0.3170, loss: 30.7026, grad_norm: 301.3616
2025-01-10 01:26:11,053 - mmdet - INFO - Epoch [18][3000/4129]	lr: 5.000e-06, eta: 1 day, 7:07:20, time: 1.524, data_time: 0.005, memory: 18733, enc_loss_cls: 0.1538, enc_loss_bbox: 0.1113, enc_loss_iou: 0.4984, loss_cls: 0.1219, loss_bbox: 0.1016, loss_iou: 0.4740, d0.loss_cls: 0.1698, d0.loss_bbox: 0.1019, d0.loss_iou: 0.4729, d1.loss_cls: 0.1346, d1.loss_bbox: 0.1019, d1.loss_iou: 0.4741, d2.loss_cls: 0.1237, d2.loss_bbox: 0.1021, d2.loss_iou: 0.4747, d3.loss_cls: 0.1224, d3.loss_bbox: 0.1016, d3.loss_iou: 0.4741, d4.loss_cls: 0.1210, d4.loss_bbox: 0.1016, d4.loss_iou: 0.4746, dn_loss_cls: 0.0201, dn_loss_bbox: 0.0507, dn_loss_iou: 0.2388, d0.dn_loss_cls: 0.0572, d0.dn_loss_bbox: 0.0743, d0.dn_loss_iou: 0.3488, d1.dn_loss_cls: 0.0294, d1.dn_loss_bbox: 0.0542, d1.dn_loss_iou: 0.2565, d2.dn_loss_cls: 0.0233, d2.dn_loss_bbox: 0.0512, d2.dn_loss_iou: 0.2417, d3.dn_loss_cls: 0.0206, d3.dn_loss_bbox: 0.0506, d3.dn_loss_iou: 0.2388, d4.dn_loss_cls: 0.0200, d4.dn_loss_bbox: 0.0506, d4.dn_loss_iou: 0.2388, loss_rpn_cls: 0.0585, loss_rpn_bbox: 0.1304, loss_cls0: 2.0879, acc0: 92.9527, loss_bbox0: 3.7640, loss_cls1: 1.8245, loss_bbox1: 5.0550, loss_centerness1: 7.1821, loss_cls_aux0: 0.0179, loss_bbox_aux0: 0.0192, loss_iou_aux0: 0.0829, d0.loss_cls_aux0: 0.0269, d0.loss_bbox_aux0: 0.0673, d0.loss_iou_aux0: 0.2832, d1.loss_cls_aux0: 0.0200, d1.loss_bbox_aux0: 0.0300, d1.loss_iou_aux0: 0.1285, d2.loss_cls_aux0: 0.0201, d2.loss_bbox_aux0: 0.0223, d2.loss_iou_aux0: 0.0944, d3.loss_cls_aux0: 0.0182, d3.loss_bbox_aux0: 0.0191, d3.loss_iou_aux0: 0.0817, d4.loss_cls_aux0: 0.0171, d4.loss_bbox_aux0: 0.0191, d4.loss_iou_aux0: 0.0822, loss_cls_aux1: 0.0156, loss_bbox_aux1: 0.0735, loss_iou_aux1: 0.3202, d0.loss_cls_aux1: 0.0188, d0.loss_bbox_aux1: 0.0959, d0.loss_iou_aux1: 0.3990, d1.loss_cls_aux1: 0.0162, d1.loss_bbox_aux1: 0.0778, d1.loss_iou_aux1: 0.3337, d2.loss_cls_aux1: 0.0161, d2.loss_bbox_aux1: 0.0745, d2.loss_iou_aux1: 0.3229, d3.loss_cls_aux1: 0.0154, d3.loss_bbox_aux1: 0.0735, d3.loss_iou_aux1: 0.3200, d4.loss_cls_aux1: 0.0153, d4.loss_bbox_aux1: 0.0735, d4.loss_iou_aux1: 0.3201, loss: 30.8119, grad_norm: 300.9128
2025-01-10 01:51:34,527 - mmdet - INFO - Epoch [18][4000/4129]	lr: 5.000e-06, eta: 1 day, 6:43:13, time: 1.523, data_time: 0.005, memory: 18733, enc_loss_cls: 0.1361, enc_loss_bbox: 0.1121, enc_loss_iou: 0.4757, loss_cls: 0.1136, loss_bbox: 0.1018, loss_iou: 0.4501, d0.loss_cls: 0.1463, d0.loss_bbox: 0.1036, d0.loss_iou: 0.4550, d1.loss_cls: 0.1200, d1.loss_bbox: 0.1027, d1.loss_iou: 0.4509, d2.loss_cls: 0.1113, d2.loss_bbox: 0.1028, d2.loss_iou: 0.4516, d3.loss_cls: 0.1121, d3.loss_bbox: 0.1025, d3.loss_iou: 0.4509, d4.loss_cls: 0.1132, d4.loss_bbox: 0.1018, d4.loss_iou: 0.4505, dn_loss_cls: 0.0179, dn_loss_bbox: 0.0516, dn_loss_iou: 0.2311, d0.dn_loss_cls: 0.0527, d0.dn_loss_bbox: 0.0747, d0.dn_loss_iou: 0.3363, d1.dn_loss_cls: 0.0256, d1.dn_loss_bbox: 0.0549, d1.dn_loss_iou: 0.2477, d2.dn_loss_cls: 0.0205, d2.dn_loss_bbox: 0.0521, d2.dn_loss_iou: 0.2338, d3.dn_loss_cls: 0.0181, d3.dn_loss_bbox: 0.0516, d3.dn_loss_iou: 0.2309, d4.dn_loss_cls: 0.0178, d4.dn_loss_bbox: 0.0516, d4.dn_loss_iou: 0.2309, loss_rpn_cls: 0.0498, loss_rpn_bbox: 0.1292, loss_cls0: 2.0026, acc0: 93.1674, loss_bbox0: 3.6583, loss_cls1: 1.7469, loss_bbox1: 4.7829, loss_centerness1: 7.1469, loss_cls_aux0: 0.0152, loss_bbox_aux0: 0.0195, loss_iou_aux0: 0.0832, d0.loss_cls_aux0: 0.0249, d0.loss_bbox_aux0: 0.0671, d0.loss_iou_aux0: 0.2755, d1.loss_cls_aux0: 0.0177, d1.loss_bbox_aux0: 0.0306, d1.loss_iou_aux0: 0.1263, d2.loss_cls_aux0: 0.0161, d2.loss_bbox_aux0: 0.0225, d2.loss_iou_aux0: 0.0939, d3.loss_cls_aux0: 0.0153, d3.loss_bbox_aux0: 0.0194, d3.loss_iou_aux0: 0.0819, d4.loss_cls_aux0: 0.0151, d4.loss_bbox_aux0: 0.0194, d4.loss_iou_aux0: 0.0824, loss_cls_aux1: 0.0125, loss_bbox_aux1: 0.0721, loss_iou_aux1: 0.3091, d0.loss_cls_aux1: 0.0156, d0.loss_bbox_aux1: 0.0952, d0.loss_iou_aux1: 0.3856, d1.loss_cls_aux1: 0.0142, d1.loss_bbox_aux1: 0.0762, d1.loss_iou_aux1: 0.3214, d2.loss_cls_aux1: 0.0133, d2.loss_bbox_aux1: 0.0729, d2.loss_iou_aux1: 0.3115, d3.loss_cls_aux1: 0.0123, d3.loss_bbox_aux1: 0.0721, d3.loss_iou_aux1: 0.3088, d4.loss_cls_aux1: 0.0124, d4.loss_bbox_aux1: 0.0721, d4.loss_iou_aux1: 0.3089, loss: 29.7930, grad_norm: 286.2433
2025-01-10 01:54:51,172 - mmdet - INFO - Saving checkpoint at 18 epochs
2025-01-10 02:00:58,740 - mmdet - INFO - Evaluating bbox...
2025-01-10 02:02:14,405 - mmdet - INFO - 
 Average Precision  (AP) @[ IoU=0.50:0.95 | area=   all | maxDets=100 ] = 0.451
 Average Precision  (AP) @[ IoU=0.50      | area=   all | maxDets=1000 ] = 0.826
 Average Precision  (AP) @[ IoU=0.75      | area=   all | maxDets=1000 ] = 0.413
 Average Precision  (AP) @[ IoU=0.50:0.95 | area= small | maxDets=1000 ] = 0.324
 Average Precision  (AP) @[ IoU=0.50:0.95 | area=medium | maxDets=1000 ] = 0.512
 Average Precision  (AP) @[ IoU=0.50:0.95 | area= large | maxDets=1000 ] = 0.644
 Average Recall     (AR) @[ IoU=0.50:0.95 | area=   all | maxDets=100 ] = 0.580
 Average Recall     (AR) @[ IoU=0.50:0.95 | area=   all | maxDets=300 ] = 0.588
 Average Recall     (AR) @[ IoU=0.50:0.95 | area=   all | maxDets=1000 ] = 0.590
 Average Recall     (AR) @[ IoU=0.50:0.95 | area= small | maxDets=1000 ] = 0.505
 Average Recall     (AR) @[ IoU=0.50:0.95 | area=medium | maxDets=1000 ] = 0.629
 Average Recall     (AR) @[ IoU=0.50:0.95 | area= large | maxDets=1000 ] = 0.760

2025-01-10 02:02:14,405 - mmdet - INFO - 
+----------+-------+--------+--------+-------+-------+-------+
| category | mAP   | mAP_50 | mAP_75 | mAP_s | mAP_m | mAP_l |
+----------+-------+--------+--------+-------+-------+-------+
| person   | 0.478 | 0.887  | 0.453  | 0.342 | 0.559 | 0.718 |
| car      | 0.62  | 0.917  | 0.674  | 0.398 | 0.684 | 0.902 |
| bicycle  | 0.254 | 0.674  | 0.112  | 0.231 | 0.295 | 0.313 |
+----------+-------+--------+--------+-------+-------+-------+
2025-01-10 02:02:14,970 - mmdet - INFO - Exp name: codino_vit_twostream_640_autoaugv1_train1.py
2025-01-10 02:02:14,970 - mmdet - INFO - Epoch(val) [18][1013]	person_precision: 0.4780, car_precision: 0.6200, bicycle_precision: 0.2540, bbox_mAP: 0.4510, bbox_mAP_50: 0.8260, bbox_mAP_75: 0.4130, bbox_mAP_s: 0.3240, bbox_mAP_m: 0.5120, bbox_mAP_l: 0.6440, bbox_mAP_copypaste: 0.451 0.826 0.413 0.324 0.512 0.644
2025-01-10 02:27:37,475 - mmdet - INFO - Epoch [19][1000/4129]	lr: 5.000e-06, eta: 1 day, 6:12:46, time: 1.522, data_time: 0.007, memory: 18733, enc_loss_cls: 0.1286, enc_loss_bbox: 0.1186, enc_loss_iou: 0.5027, loss_cls: 0.1085, loss_bbox: 0.1069, loss_iou: 0.4737, d0.loss_cls: 0.1512, d0.loss_bbox: 0.1077, d0.loss_iou: 0.4762, d1.loss_cls: 0.1223, d1.loss_bbox: 0.1067, d1.loss_iou: 0.4731, d2.loss_cls: 0.1123, d2.loss_bbox: 0.1068, d2.loss_iou: 0.4737, d3.loss_cls: 0.1093, d3.loss_bbox: 0.1068, d3.loss_iou: 0.4737, d4.loss_cls: 0.1087, d4.loss_bbox: 0.1067, d4.loss_iou: 0.4733, dn_loss_cls: 0.0195, dn_loss_bbox: 0.0528, dn_loss_iou: 0.2387, d0.dn_loss_cls: 0.0553, d0.dn_loss_bbox: 0.0773, d0.dn_loss_iou: 0.3475, d1.dn_loss_cls: 0.0286, d1.dn_loss_bbox: 0.0565, d1.dn_loss_iou: 0.2569, d2.dn_loss_cls: 0.0229, d2.dn_loss_bbox: 0.0533, d2.dn_loss_iou: 0.2418, d3.dn_loss_cls: 0.0200, d3.dn_loss_bbox: 0.0528, d3.dn_loss_iou: 0.2387, d4.dn_loss_cls: 0.0194, d4.dn_loss_bbox: 0.0528, d4.dn_loss_iou: 0.2387, loss_rpn_cls: 0.0483, loss_rpn_bbox: 0.1328, loss_cls0: 2.0177, acc0: 93.1055, loss_bbox0: 3.6774, loss_cls1: 1.7493, loss_bbox1: 4.9699, loss_centerness1: 7.1676, loss_cls_aux0: 0.0145, loss_bbox_aux0: 0.0204, loss_iou_aux0: 0.0848, d0.loss_cls_aux0: 0.0216, d0.loss_bbox_aux0: 0.0701, d0.loss_iou_aux0: 0.2790, d1.loss_cls_aux0: 0.0156, d1.loss_bbox_aux0: 0.0322, d1.loss_iou_aux0: 0.1294, d2.loss_cls_aux0: 0.0142, d2.loss_bbox_aux0: 0.0239, d2.loss_iou_aux0: 0.0963, d3.loss_cls_aux0: 0.0147, d3.loss_bbox_aux0: 0.0203, d3.loss_iou_aux0: 0.0836, d4.loss_cls_aux0: 0.0140, d4.loss_bbox_aux0: 0.0203, d4.loss_iou_aux0: 0.0842, loss_cls_aux1: 0.0122, loss_bbox_aux1: 0.0786, loss_iou_aux1: 0.3217, d0.loss_cls_aux1: 0.0139, d0.loss_bbox_aux1: 0.1024, d0.loss_iou_aux1: 0.3996, d1.loss_cls_aux1: 0.0129, d1.loss_bbox_aux1: 0.0822, d1.loss_iou_aux1: 0.3346, d2.loss_cls_aux1: 0.0125, d2.loss_bbox_aux1: 0.0791, d2.loss_iou_aux1: 0.3247, d3.loss_cls_aux1: 0.0123, d3.loss_bbox_aux1: 0.0785, d3.loss_iou_aux1: 0.3216, d4.loss_cls_aux1: 0.0120, d4.loss_bbox_aux1: 0.0786, d4.loss_iou_aux1: 0.3217, loss: 30.4223, grad_norm: 286.1285
2025-01-10 02:52:57,701 - mmdet - INFO - Epoch [19][2000/4129]	lr: 5.000e-06, eta: 1 day, 5:48:37, time: 1.520, data_time: 0.005, memory: 18733, enc_loss_cls: 0.1429, enc_loss_bbox: 0.1169, enc_loss_iou: 0.4976, loss_cls: 0.1216, loss_bbox: 0.1047, loss_iou: 0.4665, d0.loss_cls: 0.1615, d0.loss_bbox: 0.1065, d0.loss_iou: 0.4721, d1.loss_cls: 0.1332, d1.loss_bbox: 0.1057, d1.loss_iou: 0.4693, d2.loss_cls: 0.1292, d2.loss_bbox: 0.1044, d2.loss_iou: 0.4668, d3.loss_cls: 0.1231, d3.loss_bbox: 0.1048, d3.loss_iou: 0.4664, d4.loss_cls: 0.1218, d4.loss_bbox: 0.1050, d4.loss_iou: 0.4666, dn_loss_cls: 0.0191, dn_loss_bbox: 0.0522, dn_loss_iou: 0.2361, d0.dn_loss_cls: 0.0551, d0.dn_loss_bbox: 0.0767, d0.dn_loss_iou: 0.3448, d1.dn_loss_cls: 0.0281, d1.dn_loss_bbox: 0.0557, d1.dn_loss_iou: 0.2540, d2.dn_loss_cls: 0.0223, d2.dn_loss_bbox: 0.0528, d2.dn_loss_iou: 0.2389, d3.dn_loss_cls: 0.0195, d3.dn_loss_bbox: 0.0521, d3.dn_loss_iou: 0.2358, d4.dn_loss_cls: 0.0191, d4.dn_loss_bbox: 0.0522, d4.dn_loss_iou: 0.2359, loss_rpn_cls: 0.0605, loss_rpn_bbox: 0.1314, loss_cls0: 2.0367, acc0: 93.0941, loss_bbox0: 3.6566, loss_cls1: 1.7788, loss_bbox1: 4.9923, loss_centerness1: 7.1822, loss_cls_aux0: 0.0140, loss_bbox_aux0: 0.0193, loss_iou_aux0: 0.0817, d0.loss_cls_aux0: 0.0249, d0.loss_bbox_aux0: 0.0686, d0.loss_iou_aux0: 0.2785, d1.loss_cls_aux0: 0.0174, d1.loss_bbox_aux0: 0.0311, d1.loss_iou_aux0: 0.1284, d2.loss_cls_aux0: 0.0146, d2.loss_bbox_aux0: 0.0225, d2.loss_iou_aux0: 0.0932, d3.loss_cls_aux0: 0.0137, d3.loss_bbox_aux0: 0.0192, d3.loss_iou_aux0: 0.0805, d4.loss_cls_aux0: 0.0137, d4.loss_bbox_aux0: 0.0193, d4.loss_iou_aux0: 0.0811, loss_cls_aux1: 0.0138, loss_bbox_aux1: 0.0776, loss_iou_aux1: 0.3246, d0.loss_cls_aux1: 0.0177, d0.loss_bbox_aux1: 0.1024, d0.loss_iou_aux1: 0.4024, d1.loss_cls_aux1: 0.0155, d1.loss_bbox_aux1: 0.0814, d1.loss_iou_aux1: 0.3372, d2.loss_cls_aux1: 0.0146, d2.loss_bbox_aux1: 0.0782, d2.loss_iou_aux1: 0.3268, d3.loss_cls_aux1: 0.0141, d3.loss_bbox_aux1: 0.0775, d3.loss_iou_aux1: 0.3244, d4.loss_cls_aux1: 0.0140, d4.loss_bbox_aux1: 0.0775, d4.loss_iou_aux1: 0.3245, loss: 30.5211, grad_norm: 292.7583
2025-01-10 03:18:17,762 - mmdet - INFO - Epoch [19][3000/4129]	lr: 5.000e-06, eta: 1 day, 5:24:27, time: 1.520, data_time: 0.004, memory: 18733, enc_loss_cls: 0.1339, enc_loss_bbox: 0.1124, enc_loss_iou: 0.4837, loss_cls: 0.1085, loss_bbox: 0.1036, loss_iou: 0.4603, d0.loss_cls: 0.1560, d0.loss_bbox: 0.1043, d0.loss_iou: 0.4580, d1.loss_cls: 0.1233, d1.loss_bbox: 0.1035, d1.loss_iou: 0.4573, d2.loss_cls: 0.1141, d2.loss_bbox: 0.1038, d2.loss_iou: 0.4588, d3.loss_cls: 0.1103, d3.loss_bbox: 0.1037, d3.loss_iou: 0.4590, d4.loss_cls: 0.1092, d4.loss_bbox: 0.1039, d4.loss_iou: 0.4597, dn_loss_cls: 0.0193, dn_loss_bbox: 0.0518, dn_loss_iou: 0.2332, d0.dn_loss_cls: 0.0551, d0.dn_loss_bbox: 0.0755, d0.dn_loss_iou: 0.3394, d1.dn_loss_cls: 0.0273, d1.dn_loss_bbox: 0.0553, d1.dn_loss_iou: 0.2500, d2.dn_loss_cls: 0.0224, d2.dn_loss_bbox: 0.0523, d2.dn_loss_iou: 0.2358, d3.dn_loss_cls: 0.0201, d3.dn_loss_bbox: 0.0518, d3.dn_loss_iou: 0.2329, d4.dn_loss_cls: 0.0193, d4.dn_loss_bbox: 0.0518, d4.dn_loss_iou: 0.2331, loss_rpn_cls: 0.0498, loss_rpn_bbox: 0.1327, loss_cls0: 2.0267, acc0: 93.0338, loss_bbox0: 3.7420, loss_cls1: 1.7511, loss_bbox1: 4.8538, loss_centerness1: 7.1328, loss_cls_aux0: 0.0195, loss_bbox_aux0: 0.0198, loss_iou_aux0: 0.0837, d0.loss_cls_aux0: 0.0286, d0.loss_bbox_aux0: 0.0686, d0.loss_iou_aux0: 0.2782, d1.loss_cls_aux0: 0.0229, d1.loss_bbox_aux0: 0.0310, d1.loss_iou_aux0: 0.1292, d2.loss_cls_aux0: 0.0206, d2.loss_bbox_aux0: 0.0228, d2.loss_iou_aux0: 0.0940, d3.loss_cls_aux0: 0.0200, d3.loss_bbox_aux0: 0.0197, d3.loss_iou_aux0: 0.0822, d4.loss_cls_aux0: 0.0193, d4.loss_bbox_aux0: 0.0198, d4.loss_iou_aux0: 0.0830, loss_cls_aux1: 0.0145, loss_bbox_aux1: 0.0729, loss_iou_aux1: 0.3088, d0.loss_cls_aux1: 0.0168, d0.loss_bbox_aux1: 0.0966, d0.loss_iou_aux1: 0.3876, d1.loss_cls_aux1: 0.0156, d1.loss_bbox_aux1: 0.0769, d1.loss_iou_aux1: 0.3231, d2.loss_cls_aux1: 0.0145, d2.loss_bbox_aux1: 0.0736, d2.loss_iou_aux1: 0.3119, d3.loss_cls_aux1: 0.0143, d3.loss_bbox_aux1: 0.0729, d3.loss_iou_aux1: 0.3088, d4.loss_cls_aux1: 0.0141, d4.loss_bbox_aux1: 0.0728, d4.loss_iou_aux1: 0.3088, loss: 30.1098, grad_norm: 290.4861
2025-01-10 03:43:38,749 - mmdet - INFO - Epoch [19][4000/4129]	lr: 5.000e-06, eta: 1 day, 5:00:15, time: 1.521, data_time: 0.005, memory: 18733, enc_loss_cls: 0.1400, enc_loss_bbox: 0.1140, enc_loss_iou: 0.4975, loss_cls: 0.1036, loss_bbox: 0.1065, loss_iou: 0.4814, d0.loss_cls: 0.1503, d0.loss_bbox: 0.1067, d0.loss_iou: 0.4772, d1.loss_cls: 0.1153, d1.loss_bbox: 0.1061, d1.loss_iou: 0.4788, d2.loss_cls: 0.1077, d2.loss_bbox: 0.1065, d2.loss_iou: 0.4803, d3.loss_cls: 0.1034, d3.loss_bbox: 0.1067, d3.loss_iou: 0.4816, d4.loss_cls: 0.1030, d4.loss_bbox: 0.1068, d4.loss_iou: 0.4818, dn_loss_cls: 0.0205, dn_loss_bbox: 0.0516, dn_loss_iou: 0.2379, d0.dn_loss_cls: 0.0586, d0.dn_loss_bbox: 0.0758, d0.dn_loss_iou: 0.3477, d1.dn_loss_cls: 0.0298, d1.dn_loss_bbox: 0.0553, d1.dn_loss_iou: 0.2565, d2.dn_loss_cls: 0.0238, d2.dn_loss_bbox: 0.0521, d2.dn_loss_iou: 0.2404, d3.dn_loss_cls: 0.0212, d3.dn_loss_bbox: 0.0516, d3.dn_loss_iou: 0.2377, d4.dn_loss_cls: 0.0204, d4.dn_loss_bbox: 0.0516, d4.dn_loss_iou: 0.2378, loss_rpn_cls: 0.0525, loss_rpn_bbox: 0.1310, loss_cls0: 1.9962, acc0: 93.2183, loss_bbox0: 3.6768, loss_cls1: 1.7503, loss_bbox1: 4.9739, loss_centerness1: 7.1806, loss_cls_aux0: 0.0207, loss_bbox_aux0: 0.0194, loss_iou_aux0: 0.0815, d0.loss_cls_aux0: 0.0286, d0.loss_bbox_aux0: 0.0690, d0.loss_iou_aux0: 0.2785, d1.loss_cls_aux0: 0.0229, d1.loss_bbox_aux0: 0.0312, d1.loss_iou_aux0: 0.1280, d2.loss_cls_aux0: 0.0231, d2.loss_bbox_aux0: 0.0225, d2.loss_iou_aux0: 0.0926, d3.loss_cls_aux0: 0.0224, d3.loss_bbox_aux0: 0.0192, d3.loss_iou_aux0: 0.0804, d4.loss_cls_aux0: 0.0205, d4.loss_bbox_aux0: 0.0193, d4.loss_iou_aux0: 0.0809, loss_cls_aux1: 0.0151, loss_bbox_aux1: 0.0750, loss_iou_aux1: 0.3220, d0.loss_cls_aux1: 0.0187, d0.loss_bbox_aux1: 0.0983, d0.loss_iou_aux1: 0.3995, d1.loss_cls_aux1: 0.0177, d1.loss_bbox_aux1: 0.0791, d1.loss_iou_aux1: 0.3349, d2.loss_cls_aux1: 0.0166, d2.loss_bbox_aux1: 0.0760, d2.loss_iou_aux1: 0.3247, d3.loss_cls_aux1: 0.0157, d3.loss_bbox_aux1: 0.0750, d3.loss_iou_aux1: 0.3218, d4.loss_cls_aux1: 0.0150, d4.loss_bbox_aux1: 0.0750, d4.loss_iou_aux1: 0.3219, loss: 30.4494, grad_norm: 294.7996
2025-01-10 03:46:54,998 - mmdet - INFO - Saving checkpoint at 19 epochs
2025-01-10 03:52:58,789 - mmdet - INFO - Evaluating bbox...
2025-01-10 03:54:11,123 - mmdet - INFO - 
 Average Precision  (AP) @[ IoU=0.50:0.95 | area=   all | maxDets=100 ] = 0.467
 Average Precision  (AP) @[ IoU=0.50      | area=   all | maxDets=1000 ] = 0.850
 Average Precision  (AP) @[ IoU=0.75      | area=   all | maxDets=1000 ] = 0.427
 Average Precision  (AP) @[ IoU=0.50:0.95 | area= small | maxDets=1000 ] = 0.341
 Average Precision  (AP) @[ IoU=0.50:0.95 | area=medium | maxDets=1000 ] = 0.526
 Average Precision  (AP) @[ IoU=0.50:0.95 | area= large | maxDets=1000 ] = 0.654
 Average Recall     (AR) @[ IoU=0.50:0.95 | area=   all | maxDets=100 ] = 0.590
 Average Recall     (AR) @[ IoU=0.50:0.95 | area=   all | maxDets=300 ] = 0.601
 Average Recall     (AR) @[ IoU=0.50:0.95 | area=   all | maxDets=1000 ] = 0.602
 Average Recall     (AR) @[ IoU=0.50:0.95 | area= small | maxDets=1000 ] = 0.517
 Average Recall     (AR) @[ IoU=0.50:0.95 | area=medium | maxDets=1000 ] = 0.643
 Average Recall     (AR) @[ IoU=0.50:0.95 | area= large | maxDets=1000 ] = 0.777

2025-01-10 03:54:11,124 - mmdet - INFO - 
+----------+-------+--------+--------+-------+-------+-------+
| category | mAP   | mAP_50 | mAP_75 | mAP_s | mAP_m | mAP_l |
+----------+-------+--------+--------+-------+-------+-------+
| person   | 0.476 | 0.888  | 0.45   | 0.356 | 0.543 | 0.704 |
| car      | 0.638 | 0.925  | 0.705  | 0.429 | 0.691 | 0.909 |
| bicycle  | 0.286 | 0.737  | 0.127  | 0.239 | 0.342 | 0.35  |
+----------+-------+--------+--------+-------+-------+-------+
2025-01-10 03:54:11,690 - mmdet - INFO - Exp name: codino_vit_twostream_640_autoaugv1_train1.py
2025-01-10 03:54:11,691 - mmdet - INFO - Epoch(val) [19][1013]	person_precision: 0.4760, car_precision: 0.6380, bicycle_precision: 0.2860, bbox_mAP: 0.4670, bbox_mAP_50: 0.8500, bbox_mAP_75: 0.4270, bbox_mAP_s: 0.3410, bbox_mAP_m: 0.5260, bbox_mAP_l: 0.6540, bbox_mAP_copypaste: 0.467 0.850 0.427 0.341 0.526 0.654
2025-01-10 04:19:33,946 - mmdet - INFO - Epoch [20][1000/4129]	lr: 5.000e-06, eta: 1 day, 4:30:05, time: 1.522, data_time: 0.007, memory: 18733, enc_loss_cls: 0.1350, enc_loss_bbox: 0.1165, enc_loss_iou: 0.5096, loss_cls: 0.1139, loss_bbox: 0.1066, loss_iou: 0.4850, d0.loss_cls: 0.1488, d0.loss_bbox: 0.1079, d0.loss_iou: 0.4893, d1.loss_cls: 0.1257, d1.loss_bbox: 0.1070, d1.loss_iou: 0.4857, d2.loss_cls: 0.1195, d2.loss_bbox: 0.1064, d2.loss_iou: 0.4841, d3.loss_cls: 0.1143, d3.loss_bbox: 0.1067, d3.loss_iou: 0.4858, d4.loss_cls: 0.1123, d4.loss_bbox: 0.1067, d4.loss_iou: 0.4862, dn_loss_cls: 0.0216, dn_loss_bbox: 0.0517, dn_loss_iou: 0.2407, d0.dn_loss_cls: 0.0588, d0.dn_loss_bbox: 0.0753, d0.dn_loss_iou: 0.3500, d1.dn_loss_cls: 0.0308, d1.dn_loss_bbox: 0.0553, d1.dn_loss_iou: 0.2597, d2.dn_loss_cls: 0.0248, d2.dn_loss_bbox: 0.0522, d2.dn_loss_iou: 0.2436, d3.dn_loss_cls: 0.0218, d3.dn_loss_bbox: 0.0516, d3.dn_loss_iou: 0.2405, d4.dn_loss_cls: 0.0215, d4.dn_loss_bbox: 0.0516, d4.dn_loss_iou: 0.2405, loss_rpn_cls: 0.0511, loss_rpn_bbox: 0.1198, loss_cls0: 1.9540, acc0: 93.4145, loss_bbox0: 3.5001, loss_cls1: 1.7780, loss_bbox1: 5.1432, loss_centerness1: 7.1909, loss_cls_aux0: 0.0158, loss_bbox_aux0: 0.0193, loss_iou_aux0: 0.0797, d0.loss_cls_aux0: 0.0237, d0.loss_bbox_aux0: 0.0681, d0.loss_iou_aux0: 0.2735, d1.loss_cls_aux0: 0.0180, d1.loss_bbox_aux0: 0.0314, d1.loss_iou_aux0: 0.1264, d2.loss_cls_aux0: 0.0169, d2.loss_bbox_aux0: 0.0227, d2.loss_iou_aux0: 0.0911, d3.loss_cls_aux0: 0.0164, d3.loss_bbox_aux0: 0.0191, d3.loss_iou_aux0: 0.0783, d4.loss_cls_aux0: 0.0156, d4.loss_bbox_aux0: 0.0192, d4.loss_iou_aux0: 0.0790, loss_cls_aux1: 0.0126, loss_bbox_aux1: 0.0781, loss_iou_aux1: 0.3294, d0.loss_cls_aux1: 0.0164, d0.loss_bbox_aux1: 0.1021, d0.loss_iou_aux1: 0.4096, d1.loss_cls_aux1: 0.0140, d1.loss_bbox_aux1: 0.0822, d1.loss_iou_aux1: 0.3423, d2.loss_cls_aux1: 0.0132, d2.loss_bbox_aux1: 0.0789, d2.loss_iou_aux1: 0.3322, d3.loss_cls_aux1: 0.0125, d3.loss_bbox_aux1: 0.0780, d3.loss_iou_aux1: 0.3292, d4.loss_cls_aux1: 0.0125, d4.loss_bbox_aux1: 0.0780, d4.loss_iou_aux1: 0.3293, loss: 30.5469, grad_norm: 292.7513
2025-01-10 04:44:55,359 - mmdet - INFO - Epoch [20][2000/4129]	lr: 5.000e-06, eta: 1 day, 4:05:54, time: 1.521, data_time: 0.004, memory: 18733, enc_loss_cls: 0.1279, enc_loss_bbox: 0.1135, enc_loss_iou: 0.4895, loss_cls: 0.1059, loss_bbox: 0.1017, loss_iou: 0.4619, d0.loss_cls: 0.1439, d0.loss_bbox: 0.1038, d0.loss_iou: 0.4666, d1.loss_cls: 0.1132, d1.loss_bbox: 0.1027, d1.loss_iou: 0.4663, d2.loss_cls: 0.1063, d2.loss_bbox: 0.1035, d2.loss_iou: 0.4659, d3.loss_cls: 0.1044, d3.loss_bbox: 0.1021, d3.loss_iou: 0.4637, d4.loss_cls: 0.1054, d4.loss_bbox: 0.1019, d4.loss_iou: 0.4622, dn_loss_cls: 0.0200, dn_loss_bbox: 0.0510, dn_loss_iou: 0.2359, d0.dn_loss_cls: 0.0554, d0.dn_loss_bbox: 0.0747, d0.dn_loss_iou: 0.3430, d1.dn_loss_cls: 0.0280, d1.dn_loss_bbox: 0.0546, d1.dn_loss_iou: 0.2538, d2.dn_loss_cls: 0.0230, d2.dn_loss_bbox: 0.0516, d2.dn_loss_iou: 0.2389, d3.dn_loss_cls: 0.0203, d3.dn_loss_bbox: 0.0510, d3.dn_loss_iou: 0.2358, d4.dn_loss_cls: 0.0198, d4.dn_loss_bbox: 0.0510, d4.dn_loss_iou: 0.2358, loss_rpn_cls: 0.0501, loss_rpn_bbox: 0.1292, loss_cls0: 2.0042, acc0: 93.1037, loss_bbox0: 3.7081, loss_cls1: 1.6573, loss_bbox1: 4.9316, loss_centerness1: 7.2107, loss_cls_aux0: 0.0227, loss_bbox_aux0: 0.0199, loss_iou_aux0: 0.0858, d0.loss_cls_aux0: 0.0260, d0.loss_bbox_aux0: 0.0681, d0.loss_iou_aux0: 0.2799, d1.loss_cls_aux0: 0.0208, d1.loss_bbox_aux0: 0.0316, d1.loss_iou_aux0: 0.1316, d2.loss_cls_aux0: 0.0216, d2.loss_bbox_aux0: 0.0230, d2.loss_iou_aux0: 0.0972, d3.loss_cls_aux0: 0.0213, d3.loss_bbox_aux0: 0.0198, d3.loss_iou_aux0: 0.0843, d4.loss_cls_aux0: 0.0222, d4.loss_bbox_aux0: 0.0199, d4.loss_iou_aux0: 0.0850, loss_cls_aux1: 0.0148, loss_bbox_aux1: 0.0747, loss_iou_aux1: 0.3156, d0.loss_cls_aux1: 0.0159, d0.loss_bbox_aux1: 0.0992, d0.loss_iou_aux1: 0.3947, d1.loss_cls_aux1: 0.0148, d1.loss_bbox_aux1: 0.0791, d1.loss_iou_aux1: 0.3289, d2.loss_cls_aux1: 0.0144, d2.loss_bbox_aux1: 0.0756, d2.loss_iou_aux1: 0.3184, d3.loss_cls_aux1: 0.0140, d3.loss_bbox_aux1: 0.0746, d3.loss_iou_aux1: 0.3154, d4.loss_cls_aux1: 0.0144, d4.loss_bbox_aux1: 0.0747, d4.loss_iou_aux1: 0.3156, loss: 30.1826, grad_norm: 286.1823
2025-01-10 05:10:15,440 - mmdet - INFO - Epoch [20][3000/4129]	lr: 5.000e-06, eta: 1 day, 3:41:41, time: 1.520, data_time: 0.004, memory: 18733, enc_loss_cls: 0.1261, enc_loss_bbox: 0.1099, enc_loss_iou: 0.4743, loss_cls: 0.0973, loss_bbox: 0.1001, loss_iou: 0.4548, d0.loss_cls: 0.1423, d0.loss_bbox: 0.1013, d0.loss_iou: 0.4554, d1.loss_cls: 0.1076, d1.loss_bbox: 0.1000, d1.loss_iou: 0.4558, d2.loss_cls: 0.0999, d2.loss_bbox: 0.1002, d2.loss_iou: 0.4556, d3.loss_cls: 0.0967, d3.loss_bbox: 0.1007, d3.loss_iou: 0.4555, d4.loss_cls: 0.0971, d4.loss_bbox: 0.1002, d4.loss_iou: 0.4546, dn_loss_cls: 0.0175, dn_loss_bbox: 0.0501, dn_loss_iou: 0.2285, d0.dn_loss_cls: 0.0509, d0.dn_loss_bbox: 0.0740, d0.dn_loss_iou: 0.3342, d1.dn_loss_cls: 0.0251, d1.dn_loss_bbox: 0.0537, d1.dn_loss_iou: 0.2451, d2.dn_loss_cls: 0.0200, d2.dn_loss_bbox: 0.0507, d2.dn_loss_iou: 0.2310, d3.dn_loss_cls: 0.0177, d3.dn_loss_bbox: 0.0500, d3.dn_loss_iou: 0.2282, d4.dn_loss_cls: 0.0174, d4.dn_loss_bbox: 0.0500, d4.dn_loss_iou: 0.2283, loss_rpn_cls: 0.0479, loss_rpn_bbox: 0.1276, loss_cls0: 1.9647, acc0: 93.2816, loss_bbox0: 3.6024, loss_cls1: 1.6827, loss_bbox1: 4.8076, loss_centerness1: 7.0523, loss_cls_aux0: 0.0112, loss_bbox_aux0: 0.0196, loss_iou_aux0: 0.0825, d0.loss_cls_aux0: 0.0167, d0.loss_bbox_aux0: 0.0676, d0.loss_iou_aux0: 0.2709, d1.loss_cls_aux0: 0.0130, d1.loss_bbox_aux0: 0.0308, d1.loss_iou_aux0: 0.1269, d2.loss_cls_aux0: 0.0119, d2.loss_bbox_aux0: 0.0228, d2.loss_iou_aux0: 0.0931, d3.loss_cls_aux0: 0.0113, d3.loss_bbox_aux0: 0.0195, d3.loss_iou_aux0: 0.0810, d4.loss_cls_aux0: 0.0110, d4.loss_bbox_aux0: 0.0195, d4.loss_iou_aux0: 0.0817, loss_cls_aux1: 0.0127, loss_bbox_aux1: 0.0719, loss_iou_aux1: 0.3061, d0.loss_cls_aux1: 0.0135, d0.loss_bbox_aux1: 0.0985, d0.loss_iou_aux1: 0.3841, d1.loss_cls_aux1: 0.0130, d1.loss_bbox_aux1: 0.0776, d1.loss_iou_aux1: 0.3206, d2.loss_cls_aux1: 0.0126, d2.loss_bbox_aux1: 0.0736, d2.loss_iou_aux1: 0.3090, d3.loss_cls_aux1: 0.0126, d3.loss_bbox_aux1: 0.0721, d3.loss_iou_aux1: 0.3060, d4.loss_cls_aux1: 0.0126, d4.loss_bbox_aux1: 0.0718, d4.loss_iou_aux1: 0.3060, loss: 29.4084, grad_norm: 281.5662
2025-01-10 05:35:36,264 - mmdet - INFO - Epoch [20][4000/4129]	lr: 5.000e-06, eta: 1 day, 3:17:27, time: 1.521, data_time: 0.005, memory: 18733, enc_loss_cls: 0.1419, enc_loss_bbox: 0.1148, enc_loss_iou: 0.4905, loss_cls: 0.1144, loss_bbox: 0.1055, loss_iou: 0.4733, d0.loss_cls: 0.1626, d0.loss_bbox: 0.1064, d0.loss_iou: 0.4714, d1.loss_cls: 0.1267, d1.loss_bbox: 0.1058, d1.loss_iou: 0.4729, d2.loss_cls: 0.1124, d2.loss_bbox: 0.1066, d2.loss_iou: 0.4772, d3.loss_cls: 0.1142, d3.loss_bbox: 0.1060, d3.loss_iou: 0.4744, d4.loss_cls: 0.1143, d4.loss_bbox: 0.1057, d4.loss_iou: 0.4736, dn_loss_cls: 0.0233, dn_loss_bbox: 0.0523, dn_loss_iou: 0.2371, d0.dn_loss_cls: 0.0594, d0.dn_loss_bbox: 0.0764, d0.dn_loss_iou: 0.3446, d1.dn_loss_cls: 0.0317, d1.dn_loss_bbox: 0.0560, d1.dn_loss_iou: 0.2558, d2.dn_loss_cls: 0.0256, d2.dn_loss_bbox: 0.0529, d2.dn_loss_iou: 0.2400, d3.dn_loss_cls: 0.0233, d3.dn_loss_bbox: 0.0523, d3.dn_loss_iou: 0.2369, d4.dn_loss_cls: 0.0231, d4.dn_loss_bbox: 0.0523, d4.dn_loss_iou: 0.2371, loss_rpn_cls: 0.0542, loss_rpn_bbox: 0.1332, loss_cls0: 2.0520, acc0: 93.0504, loss_bbox0: 3.6716, loss_cls1: 1.7786, loss_bbox1: 4.9804, loss_centerness1: 7.1833, loss_cls_aux0: 0.0219, loss_bbox_aux0: 0.0205, loss_iou_aux0: 0.0863, d0.loss_cls_aux0: 0.0319, d0.loss_bbox_aux0: 0.0710, d0.loss_iou_aux0: 0.2798, d1.loss_cls_aux0: 0.0277, d1.loss_bbox_aux0: 0.0321, d1.loss_iou_aux0: 0.1316, d2.loss_cls_aux0: 0.0230, d2.loss_bbox_aux0: 0.0233, d2.loss_iou_aux0: 0.0968, d3.loss_cls_aux0: 0.0218, d3.loss_bbox_aux0: 0.0204, d3.loss_iou_aux0: 0.0850, d4.loss_cls_aux0: 0.0216, d4.loss_bbox_aux0: 0.0205, d4.loss_iou_aux0: 0.0856, loss_cls_aux1: 0.0159, loss_bbox_aux1: 0.0770, loss_iou_aux1: 0.3207, d0.loss_cls_aux1: 0.0173, d0.loss_bbox_aux1: 0.1017, d0.loss_iou_aux1: 0.3986, d1.loss_cls_aux1: 0.0163, d1.loss_bbox_aux1: 0.0815, d1.loss_iou_aux1: 0.3344, d2.loss_cls_aux1: 0.0153, d2.loss_bbox_aux1: 0.0777, d2.loss_iou_aux1: 0.3235, d3.loss_cls_aux1: 0.0156, d3.loss_bbox_aux1: 0.0770, d3.loss_iou_aux1: 0.3206, d4.loss_cls_aux1: 0.0159, d4.loss_bbox_aux1: 0.0770, d4.loss_iou_aux1: 0.3207, loss: 30.6115, grad_norm: 294.0584
2025-01-10 05:38:52,641 - mmdet - INFO - Saving checkpoint at 20 epochs
2025-01-10 05:44:56,198 - mmdet - INFO - Evaluating bbox...
2025-01-10 05:46:07,736 - mmdet - INFO - 
 Average Precision  (AP) @[ IoU=0.50:0.95 | area=   all | maxDets=100 ] = 0.443
 Average Precision  (AP) @[ IoU=0.50      | area=   all | maxDets=1000 ] = 0.842
 Average Precision  (AP) @[ IoU=0.75      | area=   all | maxDets=1000 ] = 0.385
 Average Precision  (AP) @[ IoU=0.50:0.95 | area= small | maxDets=1000 ] = 0.322
 Average Precision  (AP) @[ IoU=0.50:0.95 | area=medium | maxDets=1000 ] = 0.501
 Average Precision  (AP) @[ IoU=0.50:0.95 | area= large | maxDets=1000 ] = 0.616
 Average Recall     (AR) @[ IoU=0.50:0.95 | area=   all | maxDets=100 ] = 0.582
 Average Recall     (AR) @[ IoU=0.50:0.95 | area=   all | maxDets=300 ] = 0.596
 Average Recall     (AR) @[ IoU=0.50:0.95 | area=   all | maxDets=1000 ] = 0.598
 Average Recall     (AR) @[ IoU=0.50:0.95 | area= small | maxDets=1000 ] = 0.519
 Average Recall     (AR) @[ IoU=0.50:0.95 | area=medium | maxDets=1000 ] = 0.636
 Average Recall     (AR) @[ IoU=0.50:0.95 | area= large | maxDets=1000 ] = 0.757

2025-01-10 05:46:07,736 - mmdet - INFO - 
+----------+-------+--------+--------+-------+-------+-------+
| category | mAP   | mAP_50 | mAP_75 | mAP_s | mAP_m | mAP_l |
+----------+-------+--------+--------+-------+-------+-------+
| person   | 0.437 | 0.878  | 0.371  | 0.326 | 0.506 | 0.646 |
| car      | 0.624 | 0.923  | 0.676  | 0.41  | 0.681 | 0.892 |
| bicycle  | 0.268 | 0.724  | 0.109  | 0.23  | 0.316 | 0.31  |
+----------+-------+--------+--------+-------+-------+-------+
2025-01-10 05:46:08,299 - mmdet - INFO - Exp name: codino_vit_twostream_640_autoaugv1_train1.py
2025-01-10 05:46:08,299 - mmdet - INFO - Epoch(val) [20][1013]	person_precision: 0.4370, car_precision: 0.6240, bicycle_precision: 0.2680, bbox_mAP: 0.4430, bbox_mAP_50: 0.8420, bbox_mAP_75: 0.3850, bbox_mAP_s: 0.3220, bbox_mAP_m: 0.5010, bbox_mAP_l: 0.6160, bbox_mAP_copypaste: 0.443 0.842 0.385 0.322 0.501 0.616
2025-01-10 06:11:30,926 - mmdet - INFO - Epoch [21][1000/4129]	lr: 5.000e-06, eta: 1 day, 2:47:32, time: 1.523, data_time: 0.007, memory: 18733, enc_loss_cls: 0.1268, enc_loss_bbox: 0.1156, enc_loss_iou: 0.4912, loss_cls: 0.1136, loss_bbox: 0.1017, loss_iou: 0.4571, d0.loss_cls: 0.1473, d0.loss_bbox: 0.1059, d0.loss_iou: 0.4652, d1.loss_cls: 0.1157, d1.loss_bbox: 0.1046, d1.loss_iou: 0.4621, d2.loss_cls: 0.1116, d2.loss_bbox: 0.1051, d2.loss_iou: 0.4617, d3.loss_cls: 0.1135, d3.loss_bbox: 0.1021, d3.loss_iou: 0.4588, d4.loss_cls: 0.1126, d4.loss_bbox: 0.1018, d4.loss_iou: 0.4583, dn_loss_cls: 0.0204, dn_loss_bbox: 0.0523, dn_loss_iou: 0.2376, d0.dn_loss_cls: 0.0533, d0.dn_loss_bbox: 0.0758, d0.dn_loss_iou: 0.3425, d1.dn_loss_cls: 0.0283, d1.dn_loss_bbox: 0.0559, d1.dn_loss_iou: 0.2549, d2.dn_loss_cls: 0.0235, d2.dn_loss_bbox: 0.0528, d2.dn_loss_iou: 0.2402, d3.dn_loss_cls: 0.0209, d3.dn_loss_bbox: 0.0523, d3.dn_loss_iou: 0.2374, d4.dn_loss_cls: 0.0203, d4.dn_loss_bbox: 0.0523, d4.dn_loss_iou: 0.2375, loss_rpn_cls: 0.0499, loss_rpn_bbox: 0.1295, loss_cls0: 2.0372, acc0: 93.1170, loss_bbox0: 3.7304, loss_cls1: 1.6984, loss_bbox1: 4.8181, loss_centerness1: 7.1766, loss_cls_aux0: 0.0153, loss_bbox_aux0: 0.0199, loss_iou_aux0: 0.0846, d0.loss_cls_aux0: 0.0230, d0.loss_bbox_aux0: 0.0692, d0.loss_iou_aux0: 0.2802, d1.loss_cls_aux0: 0.0182, d1.loss_bbox_aux0: 0.0318, d1.loss_iou_aux0: 0.1307, d2.loss_cls_aux0: 0.0165, d2.loss_bbox_aux0: 0.0232, d2.loss_iou_aux0: 0.0958, d3.loss_cls_aux0: 0.0153, d3.loss_bbox_aux0: 0.0197, d3.loss_iou_aux0: 0.0833, d4.loss_cls_aux0: 0.0148, d4.loss_bbox_aux0: 0.0198, d4.loss_iou_aux0: 0.0839, loss_cls_aux1: 0.0133, loss_bbox_aux1: 0.0725, loss_iou_aux1: 0.3044, d0.loss_cls_aux1: 0.0149, d0.loss_bbox_aux1: 0.0965, d0.loss_iou_aux1: 0.3846, d1.loss_cls_aux1: 0.0142, d1.loss_bbox_aux1: 0.0767, d1.loss_iou_aux1: 0.3187, d2.loss_cls_aux1: 0.0137, d2.loss_bbox_aux1: 0.0734, d2.loss_iou_aux1: 0.3070, d3.loss_cls_aux1: 0.0130, d3.loss_bbox_aux1: 0.0725, d3.loss_iou_aux1: 0.3043, d4.loss_cls_aux1: 0.0132, d4.loss_bbox_aux1: 0.0725, d4.loss_iou_aux1: 0.3043, loss: 30.0454, grad_norm: 274.8027
2025-01-10 06:36:50,824 - mmdet - INFO - Epoch [21][2000/4129]	lr: 5.000e-06, eta: 1 day, 2:23:18, time: 1.520, data_time: 0.005, memory: 18733, enc_loss_cls: 0.1293, enc_loss_bbox: 0.1109, enc_loss_iou: 0.4835, loss_cls: 0.1124, loss_bbox: 0.1004, loss_iou: 0.4572, d0.loss_cls: 0.1492, d0.loss_bbox: 0.1032, d0.loss_iou: 0.4637, d1.loss_cls: 0.1165, d1.loss_bbox: 0.1016, d1.loss_iou: 0.4618, d2.loss_cls: 0.1123, d2.loss_bbox: 0.1011, d2.loss_iou: 0.4600, d3.loss_cls: 0.1126, d3.loss_bbox: 0.1000, d3.loss_iou: 0.4575, d4.loss_cls: 0.1121, d4.loss_bbox: 0.1004, d4.loss_iou: 0.4573, dn_loss_cls: 0.0171, dn_loss_bbox: 0.0512, dn_loss_iou: 0.2338, d0.dn_loss_cls: 0.0524, d0.dn_loss_bbox: 0.0746, d0.dn_loss_iou: 0.3418, d1.dn_loss_cls: 0.0259, d1.dn_loss_bbox: 0.0546, d1.dn_loss_iou: 0.2509, d2.dn_loss_cls: 0.0203, d2.dn_loss_bbox: 0.0517, d2.dn_loss_iou: 0.2363, d3.dn_loss_cls: 0.0174, d3.dn_loss_bbox: 0.0512, d3.dn_loss_iou: 0.2336, d4.dn_loss_cls: 0.0170, d4.dn_loss_bbox: 0.0512, d4.dn_loss_iou: 0.2337, loss_rpn_cls: 0.0467, loss_rpn_bbox: 0.1228, loss_cls0: 1.9339, acc0: 93.3537, loss_bbox0: 3.5775, loss_cls1: 1.6359, loss_bbox1: 4.8428, loss_centerness1: 7.1192, loss_cls_aux0: 0.0135, loss_bbox_aux0: 0.0191, loss_iou_aux0: 0.0788, d0.loss_cls_aux0: 0.0209, d0.loss_bbox_aux0: 0.0677, d0.loss_iou_aux0: 0.2759, d1.loss_cls_aux0: 0.0159, d1.loss_bbox_aux0: 0.0307, d1.loss_iou_aux0: 0.1260, d2.loss_cls_aux0: 0.0137, d2.loss_bbox_aux0: 0.0225, d2.loss_iou_aux0: 0.0911, d3.loss_cls_aux0: 0.0131, d3.loss_bbox_aux0: 0.0190, d3.loss_iou_aux0: 0.0775, d4.loss_cls_aux0: 0.0139, d4.loss_bbox_aux0: 0.0191, d4.loss_iou_aux0: 0.0781, loss_cls_aux1: 0.0122, loss_bbox_aux1: 0.0726, loss_iou_aux1: 0.3116, d0.loss_cls_aux1: 0.0150, d0.loss_bbox_aux1: 0.0965, d0.loss_iou_aux1: 0.3892, d1.loss_cls_aux1: 0.0141, d1.loss_bbox_aux1: 0.0774, d1.loss_iou_aux1: 0.3256, d2.loss_cls_aux1: 0.0125, d2.loss_bbox_aux1: 0.0735, d2.loss_iou_aux1: 0.3147, d3.loss_cls_aux1: 0.0119, d3.loss_bbox_aux1: 0.0726, d3.loss_iou_aux1: 0.3114, d4.loss_cls_aux1: 0.0123, d4.loss_bbox_aux1: 0.0726, d4.loss_iou_aux1: 0.3116, loss: 29.6008, grad_norm: 306.3155
2025-01-10 07:02:10,841 - mmdet - INFO - Epoch [21][3000/4129]	lr: 5.000e-06, eta: 1 day, 1:59:03, time: 1.520, data_time: 0.005, memory: 18733, enc_loss_cls: 0.1340, enc_loss_bbox: 0.1083, enc_loss_iou: 0.4791, loss_cls: 0.1092, loss_bbox: 0.1000, loss_iou: 0.4562, d0.loss_cls: 0.1510, d0.loss_bbox: 0.1007, d0.loss_iou: 0.4592, d1.loss_cls: 0.1173, d1.loss_bbox: 0.0996, d1.loss_iou: 0.4576, d2.loss_cls: 0.1118, d2.loss_bbox: 0.1005, d2.loss_iou: 0.4575, d3.loss_cls: 0.1105, d3.loss_bbox: 0.0999, d3.loss_iou: 0.4561, d4.loss_cls: 0.1098, d4.loss_bbox: 0.0998, d4.loss_iou: 0.4557, dn_loss_cls: 0.0185, dn_loss_bbox: 0.0512, dn_loss_iou: 0.2329, d0.dn_loss_cls: 0.0538, d0.dn_loss_bbox: 0.0746, d0.dn_loss_iou: 0.3402, d1.dn_loss_cls: 0.0264, d1.dn_loss_bbox: 0.0548, d1.dn_loss_iou: 0.2502, d2.dn_loss_cls: 0.0211, d2.dn_loss_bbox: 0.0518, d2.dn_loss_iou: 0.2358, d3.dn_loss_cls: 0.0187, d3.dn_loss_bbox: 0.0512, d3.dn_loss_iou: 0.2326, d4.dn_loss_cls: 0.0183, d4.dn_loss_bbox: 0.0512, d4.dn_loss_iou: 0.2328, loss_rpn_cls: 0.0450, loss_rpn_bbox: 0.1235, loss_cls0: 1.9508, acc0: 93.3000, loss_bbox0: 3.5840, loss_cls1: 1.6755, loss_bbox1: 4.8903, loss_centerness1: 7.1895, loss_cls_aux0: 0.0154, loss_bbox_aux0: 0.0197, loss_iou_aux0: 0.0818, d0.loss_cls_aux0: 0.0218, d0.loss_bbox_aux0: 0.0680, d0.loss_iou_aux0: 0.2757, d1.loss_cls_aux0: 0.0178, d1.loss_bbox_aux0: 0.0323, d1.loss_iou_aux0: 0.1313, d2.loss_cls_aux0: 0.0173, d2.loss_bbox_aux0: 0.0234, d2.loss_iou_aux0: 0.0949, d3.loss_cls_aux0: 0.0167, d3.loss_bbox_aux0: 0.0196, d3.loss_iou_aux0: 0.0806, d4.loss_cls_aux0: 0.0155, d4.loss_bbox_aux0: 0.0197, d4.loss_iou_aux0: 0.0811, loss_cls_aux1: 0.0126, loss_bbox_aux1: 0.0744, loss_iou_aux1: 0.3174, d0.loss_cls_aux1: 0.0153, d0.loss_bbox_aux1: 0.0979, d0.loss_iou_aux1: 0.3961, d1.loss_cls_aux1: 0.0137, d1.loss_bbox_aux1: 0.0788, d1.loss_iou_aux1: 0.3309, d2.loss_cls_aux1: 0.0133, d2.loss_bbox_aux1: 0.0756, d2.loss_iou_aux1: 0.3204, d3.loss_cls_aux1: 0.0128, d3.loss_bbox_aux1: 0.0744, d3.loss_iou_aux1: 0.3172, d4.loss_cls_aux1: 0.0124, d4.loss_bbox_aux1: 0.0744, d4.loss_iou_aux1: 0.3173, loss: 29.8359, grad_norm: 283.9128
2025-01-10 07:27:30,247 - mmdet - INFO - Epoch [21][4000/4129]	lr: 5.000e-06, eta: 1 day, 1:34:45, time: 1.519, data_time: 0.005, memory: 18733, enc_loss_cls: 0.1359, enc_loss_bbox: 0.1164, enc_loss_iou: 0.4836, loss_cls: 0.1119, loss_bbox: 0.1050, loss_iou: 0.4578, d0.loss_cls: 0.1571, d0.loss_bbox: 0.1060, d0.loss_iou: 0.4584, d1.loss_cls: 0.1247, d1.loss_bbox: 0.1052, d1.loss_iou: 0.4574, d2.loss_cls: 0.1143, d2.loss_bbox: 0.1055, d2.loss_iou: 0.4594, d3.loss_cls: 0.1128, d3.loss_bbox: 0.1051, d3.loss_iou: 0.4581, d4.loss_cls: 0.1123, d4.loss_bbox: 0.1051, d4.loss_iou: 0.4575, dn_loss_cls: 0.0197, dn_loss_bbox: 0.0517, dn_loss_iou: 0.2344, d0.dn_loss_cls: 0.0542, d0.dn_loss_bbox: 0.0751, d0.dn_loss_iou: 0.3388, d1.dn_loss_cls: 0.0280, d1.dn_loss_bbox: 0.0552, d1.dn_loss_iou: 0.2513, d2.dn_loss_cls: 0.0229, d2.dn_loss_bbox: 0.0522, d2.dn_loss_iou: 0.2370, d3.dn_loss_cls: 0.0200, d3.dn_loss_bbox: 0.0517, d3.dn_loss_iou: 0.2342, d4.dn_loss_cls: 0.0195, d4.dn_loss_bbox: 0.0517, d4.dn_loss_iou: 0.2344, loss_rpn_cls: 0.0554, loss_rpn_bbox: 0.1277, loss_cls0: 1.9311, acc0: 93.4611, loss_bbox0: 3.5258, loss_cls1: 1.7547, loss_bbox1: 4.9857, loss_centerness1: 7.1114, loss_cls_aux0: 0.0218, loss_bbox_aux0: 0.0200, loss_iou_aux0: 0.0835, d0.loss_cls_aux0: 0.0278, d0.loss_bbox_aux0: 0.0674, d0.loss_iou_aux0: 0.2759, d1.loss_cls_aux0: 0.0228, d1.loss_bbox_aux0: 0.0312, d1.loss_iou_aux0: 0.1277, d2.loss_cls_aux0: 0.0216, d2.loss_bbox_aux0: 0.0233, d2.loss_iou_aux0: 0.0952, d3.loss_cls_aux0: 0.0218, d3.loss_bbox_aux0: 0.0199, d3.loss_iou_aux0: 0.0822, d4.loss_cls_aux0: 0.0213, d4.loss_bbox_aux0: 0.0199, d4.loss_iou_aux0: 0.0827, loss_cls_aux1: 0.0159, loss_bbox_aux1: 0.0793, loss_iou_aux1: 0.3191, d0.loss_cls_aux1: 0.0190, d0.loss_bbox_aux1: 0.1045, d0.loss_iou_aux1: 0.3966, d1.loss_cls_aux1: 0.0175, d1.loss_bbox_aux1: 0.0836, d1.loss_iou_aux1: 0.3332, d2.loss_cls_aux1: 0.0166, d2.loss_bbox_aux1: 0.0801, d2.loss_iou_aux1: 0.3220, d3.loss_cls_aux1: 0.0164, d3.loss_bbox_aux1: 0.0792, d3.loss_iou_aux1: 0.3189, d4.loss_cls_aux1: 0.0158, d4.loss_bbox_aux1: 0.0793, d4.loss_iou_aux1: 0.3190, loss: 30.0554, grad_norm: 299.2866
2025-01-10 07:30:46,828 - mmdet - INFO - Saving checkpoint at 21 epochs
2025-01-10 07:36:50,618 - mmdet - INFO - Evaluating bbox...
2025-01-10 07:38:00,525 - mmdet - INFO - 
 Average Precision  (AP) @[ IoU=0.50:0.95 | area=   all | maxDets=100 ] = 0.457
 Average Precision  (AP) @[ IoU=0.50      | area=   all | maxDets=1000 ] = 0.845
 Average Precision  (AP) @[ IoU=0.75      | area=   all | maxDets=1000 ] = 0.421
 Average Precision  (AP) @[ IoU=0.50:0.95 | area= small | maxDets=1000 ] = 0.324
 Average Precision  (AP) @[ IoU=0.50:0.95 | area=medium | maxDets=1000 ] = 0.522
 Average Precision  (AP) @[ IoU=0.50:0.95 | area= large | maxDets=1000 ] = 0.651
 Average Recall     (AR) @[ IoU=0.50:0.95 | area=   all | maxDets=100 ] = 0.587
 Average Recall     (AR) @[ IoU=0.50:0.95 | area=   all | maxDets=300 ] = 0.594
 Average Recall     (AR) @[ IoU=0.50:0.95 | area=   all | maxDets=1000 ] = 0.595
 Average Recall     (AR) @[ IoU=0.50:0.95 | area= small | maxDets=1000 ] = 0.505
 Average Recall     (AR) @[ IoU=0.50:0.95 | area=medium | maxDets=1000 ] = 0.639
 Average Recall     (AR) @[ IoU=0.50:0.95 | area= large | maxDets=1000 ] = 0.776

2025-01-10 07:38:00,526 - mmdet - INFO - 
+----------+-------+--------+--------+-------+-------+-------+
| category | mAP   | mAP_50 | mAP_75 | mAP_s | mAP_m | mAP_l |
+----------+-------+--------+--------+-------+-------+-------+
| person   | 0.448 | 0.878  | 0.395  | 0.315 | 0.524 | 0.714 |
| car      | 0.627 | 0.922  | 0.683  | 0.412 | 0.685 | 0.904 |
| bicycle  | 0.294 | 0.736  | 0.184  | 0.243 | 0.356 | 0.335 |
+----------+-------+--------+--------+-------+-------+-------+
2025-01-10 07:38:01,110 - mmdet - INFO - Exp name: codino_vit_twostream_640_autoaugv1_train1.py
2025-01-10 07:38:01,110 - mmdet - INFO - Epoch(val) [21][1013]	person_precision: 0.4480, car_precision: 0.6270, bicycle_precision: 0.2940, bbox_mAP: 0.4570, bbox_mAP_50: 0.8450, bbox_mAP_75: 0.4210, bbox_mAP_s: 0.3240, bbox_mAP_m: 0.5220, bbox_mAP_l: 0.6510, bbox_mAP_copypaste: 0.457 0.845 0.421 0.324 0.522 0.651
2025-01-10 08:03:22,657 - mmdet - INFO - Epoch [22][1000/4129]	lr: 5.000e-06, eta: 1 day, 1:05:03, time: 1.522, data_time: 0.007, memory: 18733, enc_loss_cls: 0.1360, enc_loss_bbox: 0.1086, enc_loss_iou: 0.4802, loss_cls: 0.0924, loss_bbox: 0.1077, loss_iou: 0.4895, d0.loss_cls: 0.1523, d0.loss_bbox: 0.1007, d0.loss_iou: 0.4621, d1.loss_cls: 0.1169, d1.loss_bbox: 0.1009, d1.loss_iou: 0.4638, d2.loss_cls: 0.0929, d2.loss_bbox: 0.1085, d2.loss_iou: 0.4954, d3.loss_cls: 0.0923, d3.loss_bbox: 0.1078, d3.loss_iou: 0.4904, d4.loss_cls: 0.0919, d4.loss_bbox: 0.1079, d4.loss_iou: 0.4898, dn_loss_cls: 0.0220, dn_loss_bbox: 0.0501, dn_loss_iou: 0.2348, d0.dn_loss_cls: 0.0544, d0.dn_loss_bbox: 0.0731, d0.dn_loss_iou: 0.3415, d1.dn_loss_cls: 0.0288, d1.dn_loss_bbox: 0.0535, d1.dn_loss_iou: 0.2528, d2.dn_loss_cls: 0.0241, d2.dn_loss_bbox: 0.0506, d2.dn_loss_iou: 0.2374, d3.dn_loss_cls: 0.0217, d3.dn_loss_bbox: 0.0501, d3.dn_loss_iou: 0.2346, d4.dn_loss_cls: 0.0215, d4.dn_loss_bbox: 0.0501, d4.dn_loss_iou: 0.2347, loss_rpn_cls: 0.0429, loss_rpn_bbox: 0.1284, loss_cls0: 2.0178, acc0: 93.1188, loss_bbox0: 3.7161, loss_cls1: 1.6956, loss_bbox1: 4.8743, loss_centerness1: 7.1601, loss_cls_aux0: 0.0198, loss_bbox_aux0: 0.0189, loss_iou_aux0: 0.0838, d0.loss_cls_aux0: 0.0217, d0.loss_bbox_aux0: 0.0667, d0.loss_iou_aux0: 0.2811, d1.loss_cls_aux0: 0.0213, d1.loss_bbox_aux0: 0.0301, d1.loss_iou_aux0: 0.1306, d2.loss_cls_aux0: 0.0206, d2.loss_bbox_aux0: 0.0219, d2.loss_iou_aux0: 0.0949, d3.loss_cls_aux0: 0.0201, d3.loss_bbox_aux0: 0.0188, d3.loss_iou_aux0: 0.0826, d4.loss_cls_aux0: 0.0201, d4.loss_bbox_aux0: 0.0188, d4.loss_iou_aux0: 0.0832, loss_cls_aux1: 0.0148, loss_bbox_aux1: 0.0703, loss_iou_aux1: 0.3106, d0.loss_cls_aux1: 0.0160, d0.loss_bbox_aux1: 0.0929, d0.loss_iou_aux1: 0.3869, d1.loss_cls_aux1: 0.0163, d1.loss_bbox_aux1: 0.0739, d1.loss_iou_aux1: 0.3237, d2.loss_cls_aux1: 0.0160, d2.loss_bbox_aux1: 0.0709, d2.loss_iou_aux1: 0.3130, d3.loss_cls_aux1: 0.0153, d3.loss_bbox_aux1: 0.0703, d3.loss_iou_aux1: 0.3105, d4.loss_cls_aux1: 0.0147, d4.loss_bbox_aux1: 0.0703, d4.loss_iou_aux1: 0.3106, loss: 30.1112, grad_norm: 305.5418
2025-01-10 08:28:42,827 - mmdet - INFO - Epoch [22][2000/4129]	lr: 5.000e-06, eta: 1 day, 0:40:47, time: 1.520, data_time: 0.005, memory: 18733, enc_loss_cls: 0.1348, enc_loss_bbox: 0.1087, enc_loss_iou: 0.4696, loss_cls: 0.0970, loss_bbox: 0.1037, loss_iou: 0.4630, d0.loss_cls: 0.1493, d0.loss_bbox: 0.1006, d0.loss_iou: 0.4501, d1.loss_cls: 0.1158, d1.loss_bbox: 0.1014, d1.loss_iou: 0.4532, d2.loss_cls: 0.0970, d2.loss_bbox: 0.1057, d2.loss_iou: 0.4679, d3.loss_cls: 0.0984, d3.loss_bbox: 0.1035, d3.loss_iou: 0.4626, d4.loss_cls: 0.0971, d4.loss_bbox: 0.1037, d4.loss_iou: 0.4631, dn_loss_cls: 0.0185, dn_loss_bbox: 0.0511, dn_loss_iou: 0.2307, d0.dn_loss_cls: 0.0525, d0.dn_loss_bbox: 0.0741, d0.dn_loss_iou: 0.3336, d1.dn_loss_cls: 0.0258, d1.dn_loss_bbox: 0.0544, d1.dn_loss_iou: 0.2472, d2.dn_loss_cls: 0.0207, d2.dn_loss_bbox: 0.0516, d2.dn_loss_iou: 0.2334, d3.dn_loss_cls: 0.0184, d3.dn_loss_bbox: 0.0510, d3.dn_loss_iou: 0.2304, d4.dn_loss_cls: 0.0183, d4.dn_loss_bbox: 0.0511, d4.dn_loss_iou: 0.2306, loss_rpn_cls: 0.0544, loss_rpn_bbox: 0.1318, loss_cls0: 2.0035, acc0: 93.2158, loss_bbox0: 3.6682, loss_cls1: 1.6572, loss_bbox1: 4.7439, loss_centerness1: 7.1360, loss_cls_aux0: 0.0168, loss_bbox_aux0: 0.0196, loss_iou_aux0: 0.0849, d0.loss_cls_aux0: 0.0252, d0.loss_bbox_aux0: 0.0677, d0.loss_iou_aux0: 0.2782, d1.loss_cls_aux0: 0.0183, d1.loss_bbox_aux0: 0.0320, d1.loss_iou_aux0: 0.1345, d2.loss_cls_aux0: 0.0171, d2.loss_bbox_aux0: 0.0231, d2.loss_iou_aux0: 0.0979, d3.loss_cls_aux0: 0.0160, d3.loss_bbox_aux0: 0.0195, d3.loss_iou_aux0: 0.0837, d4.loss_cls_aux0: 0.0162, d4.loss_bbox_aux0: 0.0195, d4.loss_iou_aux0: 0.0842, loss_cls_aux1: 0.0137, loss_bbox_aux1: 0.0706, loss_iou_aux1: 0.3016, d0.loss_cls_aux1: 0.0163, d0.loss_bbox_aux1: 0.0937, d0.loss_iou_aux1: 0.3792, d1.loss_cls_aux1: 0.0145, d1.loss_bbox_aux1: 0.0747, d1.loss_iou_aux1: 0.3146, d2.loss_cls_aux1: 0.0139, d2.loss_bbox_aux1: 0.0714, d2.loss_iou_aux1: 0.3042, d3.loss_cls_aux1: 0.0132, d3.loss_bbox_aux1: 0.0706, d3.loss_iou_aux1: 0.3015, d4.loss_cls_aux1: 0.0135, d4.loss_bbox_aux1: 0.0706, d4.loss_iou_aux1: 0.3015, loss: 29.6277, grad_norm: 306.2233
2025-01-10 08:54:05,668 - mmdet - INFO - Epoch [22][3000/4129]	lr: 5.000e-06, eta: 1 day, 0:16:31, time: 1.523, data_time: 0.005, memory: 18733, enc_loss_cls: 0.1307, enc_loss_bbox: 0.1168, enc_loss_iou: 0.4889, loss_cls: 0.0931, loss_bbox: 0.1098, loss_iou: 0.4766, d0.loss_cls: 0.1427, d0.loss_bbox: 0.1069, d0.loss_iou: 0.4666, d1.loss_cls: 0.1109, d1.loss_bbox: 0.1077, d1.loss_iou: 0.4673, d2.loss_cls: 0.0946, d2.loss_bbox: 0.1105, d2.loss_iou: 0.4781, d3.loss_cls: 0.0947, d3.loss_bbox: 0.1099, d3.loss_iou: 0.4753, d4.loss_cls: 0.0932, d4.loss_bbox: 0.1097, d4.loss_iou: 0.4762, dn_loss_cls: 0.0182, dn_loss_bbox: 0.0528, dn_loss_iou: 0.2357, d0.dn_loss_cls: 0.0529, d0.dn_loss_bbox: 0.0767, d0.dn_loss_iou: 0.3422, d1.dn_loss_cls: 0.0259, d1.dn_loss_bbox: 0.0564, d1.dn_loss_iou: 0.2531, d2.dn_loss_cls: 0.0206, d2.dn_loss_bbox: 0.0533, d2.dn_loss_iou: 0.2388, d3.dn_loss_cls: 0.0186, d3.dn_loss_bbox: 0.0528, d3.dn_loss_iou: 0.2355, d4.dn_loss_cls: 0.0180, d4.dn_loss_bbox: 0.0528, d4.dn_loss_iou: 0.2356, loss_rpn_cls: 0.0528, loss_rpn_bbox: 0.1308, loss_cls0: 1.9805, acc0: 93.2410, loss_bbox0: 3.6862, loss_cls1: 1.6679, loss_bbox1: 4.8803, loss_centerness1: 7.2252, loss_cls_aux0: 0.0156, loss_bbox_aux0: 0.0198, loss_iou_aux0: 0.0846, d0.loss_cls_aux0: 0.0242, d0.loss_bbox_aux0: 0.0691, d0.loss_iou_aux0: 0.2824, d1.loss_cls_aux0: 0.0175, d1.loss_bbox_aux0: 0.0321, d1.loss_iou_aux0: 0.1318, d2.loss_cls_aux0: 0.0166, d2.loss_bbox_aux0: 0.0229, d2.loss_iou_aux0: 0.0961, d3.loss_cls_aux0: 0.0155, d3.loss_bbox_aux0: 0.0196, d3.loss_iou_aux0: 0.0835, d4.loss_cls_aux0: 0.0150, d4.loss_bbox_aux0: 0.0197, d4.loss_iou_aux0: 0.0839, loss_cls_aux1: 0.0123, loss_bbox_aux1: 0.0739, loss_iou_aux1: 0.3100, d0.loss_cls_aux1: 0.0147, d0.loss_bbox_aux1: 0.0982, d0.loss_iou_aux1: 0.3881, d1.loss_cls_aux1: 0.0131, d1.loss_bbox_aux1: 0.0782, d1.loss_iou_aux1: 0.3235, d2.loss_cls_aux1: 0.0126, d2.loss_bbox_aux1: 0.0746, d2.loss_iou_aux1: 0.3124, d3.loss_cls_aux1: 0.0121, d3.loss_bbox_aux1: 0.0739, d3.loss_iou_aux1: 0.3099, d4.loss_cls_aux1: 0.0121, d4.loss_bbox_aux1: 0.0739, d4.loss_iou_aux1: 0.3100, loss: 30.0770, grad_norm: 293.5025
2025-01-10 09:19:39,431 - mmdet - INFO - Epoch [22][4000/4129]	lr: 5.000e-06, eta: 23:52:21, time: 1.534, data_time: 0.006, memory: 18733, enc_loss_cls: 0.1366, enc_loss_bbox: 0.1093, enc_loss_iou: 0.4751, loss_cls: 0.1088, loss_bbox: 0.0990, loss_iou: 0.4570, d0.loss_cls: 0.1559, d0.loss_bbox: 0.1001, d0.loss_iou: 0.4530, d1.loss_cls: 0.1235, d1.loss_bbox: 0.1000, d1.loss_iou: 0.4530, d2.loss_cls: 0.1108, d2.loss_bbox: 0.1013, d2.loss_iou: 0.4584, d3.loss_cls: 0.1072, d3.loss_bbox: 0.1012, d3.loss_iou: 0.4582, d4.loss_cls: 0.1066, d4.loss_bbox: 0.0996, d4.loss_iou: 0.4584, dn_loss_cls: 0.0190, dn_loss_bbox: 0.0512, dn_loss_iou: 0.2321, d0.dn_loss_cls: 0.0528, d0.dn_loss_bbox: 0.0740, d0.dn_loss_iou: 0.3366, d1.dn_loss_cls: 0.0274, d1.dn_loss_bbox: 0.0546, d1.dn_loss_iou: 0.2492, d2.dn_loss_cls: 0.0215, d2.dn_loss_bbox: 0.0516, d2.dn_loss_iou: 0.2345, d3.dn_loss_cls: 0.0193, d3.dn_loss_bbox: 0.0511, d3.dn_loss_iou: 0.2319, d4.dn_loss_cls: 0.0189, d4.dn_loss_bbox: 0.0512, d4.dn_loss_iou: 0.2322, loss_rpn_cls: 0.0486, loss_rpn_bbox: 0.1316, loss_cls0: 2.0466, acc0: 92.9734, loss_bbox0: 3.7133, loss_cls1: 1.7401, loss_bbox1: 4.8138, loss_centerness1: 7.0708, loss_cls_aux0: 0.0154, loss_bbox_aux0: 0.0202, loss_iou_aux0: 0.0855, d0.loss_cls_aux0: 0.0232, d0.loss_bbox_aux0: 0.0669, d0.loss_iou_aux0: 0.2760, d1.loss_cls_aux0: 0.0174, d1.loss_bbox_aux0: 0.0319, d1.loss_iou_aux0: 0.1331, d2.loss_cls_aux0: 0.0159, d2.loss_bbox_aux0: 0.0231, d2.loss_iou_aux0: 0.0967, d3.loss_cls_aux0: 0.0155, d3.loss_bbox_aux0: 0.0201, d3.loss_iou_aux0: 0.0847, d4.loss_cls_aux0: 0.0152, d4.loss_bbox_aux0: 0.0201, d4.loss_iou_aux0: 0.0852, loss_cls_aux1: 0.0125, loss_bbox_aux1: 0.0710, loss_iou_aux1: 0.3108, d0.loss_cls_aux1: 0.0147, d0.loss_bbox_aux1: 0.0946, d0.loss_iou_aux1: 0.3869, d1.loss_cls_aux1: 0.0134, d1.loss_bbox_aux1: 0.0759, d1.loss_iou_aux1: 0.3245, d2.loss_cls_aux1: 0.0129, d2.loss_bbox_aux1: 0.0721, d2.loss_iou_aux1: 0.3131, d3.loss_cls_aux1: 0.0127, d3.loss_bbox_aux1: 0.0711, d3.loss_iou_aux1: 0.3104, d4.loss_cls_aux1: 0.0124, d4.loss_bbox_aux1: 0.0711, d4.loss_iou_aux1: 0.3108, loss: 29.8842, grad_norm: 285.0330
2025-01-10 09:22:57,351 - mmdet - INFO - Saving checkpoint at 22 epochs
2025-01-10 09:29:06,043 - mmdet - INFO - Evaluating bbox...
2025-01-10 09:30:19,934 - mmdet - INFO - 
 Average Precision  (AP) @[ IoU=0.50:0.95 | area=   all | maxDets=100 ] = 0.470
 Average Precision  (AP) @[ IoU=0.50      | area=   all | maxDets=1000 ] = 0.858
 Average Precision  (AP) @[ IoU=0.75      | area=   all | maxDets=1000 ] = 0.426
 Average Precision  (AP) @[ IoU=0.50:0.95 | area= small | maxDets=1000 ] = 0.340
 Average Precision  (AP) @[ IoU=0.50:0.95 | area=medium | maxDets=1000 ] = 0.531
 Average Precision  (AP) @[ IoU=0.50:0.95 | area= large | maxDets=1000 ] = 0.676
 Average Recall     (AR) @[ IoU=0.50:0.95 | area=   all | maxDets=100 ] = 0.604
 Average Recall     (AR) @[ IoU=0.50:0.95 | area=   all | maxDets=300 ] = 0.614
 Average Recall     (AR) @[ IoU=0.50:0.95 | area=   all | maxDets=1000 ] = 0.618
 Average Recall     (AR) @[ IoU=0.50:0.95 | area= small | maxDets=1000 ] = 0.540
 Average Recall     (AR) @[ IoU=0.50:0.95 | area=medium | maxDets=1000 ] = 0.651
 Average Recall     (AR) @[ IoU=0.50:0.95 | area= large | maxDets=1000 ] = 0.787

2025-01-10 09:30:19,935 - mmdet - INFO - 
+----------+-------+--------+--------+-------+-------+-------+
| category | mAP   | mAP_50 | mAP_75 | mAP_s | mAP_m | mAP_l |
+----------+-------+--------+--------+-------+-------+-------+
| person   | 0.466 | 0.887  | 0.42   | 0.333 | 0.537 | 0.73  |
| car      | 0.628 | 0.925  | 0.68   | 0.414 | 0.685 | 0.914 |
| bicycle  | 0.317 | 0.762  | 0.178  | 0.272 | 0.37  | 0.384 |
+----------+-------+--------+--------+-------+-------+-------+
2025-01-10 09:30:20,501 - mmdet - INFO - Exp name: codino_vit_twostream_640_autoaugv1_train1.py
2025-01-10 09:30:20,501 - mmdet - INFO - Epoch(val) [22][1013]	person_precision: 0.4660, car_precision: 0.6280, bicycle_precision: 0.3170, bbox_mAP: 0.4700, bbox_mAP_50: 0.8580, bbox_mAP_75: 0.4260, bbox_mAP_s: 0.3400, bbox_mAP_m: 0.5310, bbox_mAP_l: 0.6760, bbox_mAP_copypaste: 0.470 0.858 0.426 0.340 0.531 0.676
2025-01-10 09:55:56,266 - mmdet - INFO - Epoch [23][1000/4129]	lr: 5.000e-06, eta: 23:23:00, time: 1.536, data_time: 0.008, memory: 18733, enc_loss_cls: 0.1352, enc_loss_bbox: 0.1113, enc_loss_iou: 0.4853, loss_cls: 0.1027, loss_bbox: 0.1025, loss_iou: 0.4664, d0.loss_cls: 0.1518, d0.loss_bbox: 0.1030, d0.loss_iou: 0.4644, d1.loss_cls: 0.1181, d1.loss_bbox: 0.1031, d1.loss_iou: 0.4646, d2.loss_cls: 0.1042, d2.loss_bbox: 0.1045, d2.loss_iou: 0.4695, d3.loss_cls: 0.1052, d3.loss_bbox: 0.1023, d3.loss_iou: 0.4659, d4.loss_cls: 0.1060, d4.loss_bbox: 0.1022, d4.loss_iou: 0.4649, dn_loss_cls: 0.0183, dn_loss_bbox: 0.0518, dn_loss_iou: 0.2372, d0.dn_loss_cls: 0.0536, d0.dn_loss_bbox: 0.0755, d0.dn_loss_iou: 0.3422, d1.dn_loss_cls: 0.0265, d1.dn_loss_bbox: 0.0547, d1.dn_loss_iou: 0.2515, d2.dn_loss_cls: 0.0213, d2.dn_loss_bbox: 0.0518, d2.dn_loss_iou: 0.2371, d3.dn_loss_cls: 0.0185, d3.dn_loss_bbox: 0.0512, d3.dn_loss_iou: 0.2348, d4.dn_loss_cls: 0.0181, d4.dn_loss_bbox: 0.0516, d4.dn_loss_iou: 0.2368, loss_rpn_cls: 0.0509, loss_rpn_bbox: 0.1304, loss_cls0: 2.0015, acc0: 93.1834, loss_bbox0: 3.6842, loss_cls1: 1.7369, loss_bbox1: 4.9404, loss_centerness1: 7.2032, loss_cls_aux0: 0.0158, loss_bbox_aux0: 0.0183, loss_iou_aux0: 0.0816, d0.loss_cls_aux0: 0.0252, d0.loss_bbox_aux0: 0.0683, d0.loss_iou_aux0: 0.2804, d1.loss_cls_aux0: 0.0187, d1.loss_bbox_aux0: 0.0303, d1.loss_iou_aux0: 0.1273, d2.loss_cls_aux0: 0.0164, d2.loss_bbox_aux0: 0.0217, d2.loss_iou_aux0: 0.0927, d3.loss_cls_aux0: 0.0156, d3.loss_bbox_aux0: 0.0182, d3.loss_iou_aux0: 0.0805, d4.loss_cls_aux0: 0.0158, d4.loss_bbox_aux0: 0.0182, d4.loss_iou_aux0: 0.0809, loss_cls_aux1: 0.0119, loss_bbox_aux1: 0.0726, loss_iou_aux1: 0.3130, d0.loss_cls_aux1: 0.0147, d0.loss_bbox_aux1: 0.0962, d0.loss_iou_aux1: 0.3955, d1.loss_cls_aux1: 0.0135, d1.loss_bbox_aux1: 0.0756, d1.loss_iou_aux1: 0.3266, d2.loss_cls_aux1: 0.0128, d2.loss_bbox_aux1: 0.0736, d2.loss_iou_aux1: 0.3162, d3.loss_cls_aux1: 0.0123, d3.loss_bbox_aux1: 0.0726, d3.loss_iou_aux1: 0.3129, d4.loss_cls_aux1: 0.0120, d4.loss_bbox_aux1: 0.0726, d4.loss_iou_aux1: 0.3129, loss: 30.1568, grad_norm: 309.3531
2025-01-10 10:21:30,351 - mmdet - INFO - Epoch [23][2000/4129]	lr: 5.000e-06, eta: 22:58:50, time: 1.534, data_time: 0.006, memory: 18733, enc_loss_cls: 0.1334, enc_loss_bbox: 0.1053, enc_loss_iou: 0.4665, loss_cls: 0.0931, loss_bbox: 0.1014, loss_iou: 0.4600, d0.loss_cls: 0.1481, d0.loss_bbox: 0.0981, d0.loss_iou: 0.4458, d1.loss_cls: 0.1099, d1.loss_bbox: 0.0977, d1.loss_iou: 0.4512, d2.loss_cls: 0.0929, d2.loss_bbox: 0.1018, d2.loss_iou: 0.4637, d3.loss_cls: 0.0939, d3.loss_bbox: 0.1015, d3.loss_iou: 0.4604, d4.loss_cls: 0.0941, d4.loss_bbox: 0.1014, d4.loss_iou: 0.4597, dn_loss_cls: 0.0185, dn_loss_bbox: 0.0497, dn_loss_iou: 0.2311, d0.dn_loss_cls: 0.0522, d0.dn_loss_bbox: 0.0715, d0.dn_loss_iou: 0.3324, d1.dn_loss_cls: 0.0264, d1.dn_loss_bbox: 0.0531, d1.dn_loss_iou: 0.2482, d2.dn_loss_cls: 0.0213, d2.dn_loss_bbox: 0.0502, d2.dn_loss_iou: 0.2337, d3.dn_loss_cls: 0.0188, d3.dn_loss_bbox: 0.0497, d3.dn_loss_iou: 0.2308, d4.dn_loss_cls: 0.0184, d4.dn_loss_bbox: 0.0497, d4.dn_loss_iou: 0.2310, loss_rpn_cls: 0.0515, loss_rpn_bbox: 0.1248, loss_cls0: 2.0127, acc0: 93.0933, loss_bbox0: 3.6598, loss_cls1: 1.6545, loss_bbox1: 4.7056, loss_centerness1: 7.1481, loss_cls_aux0: 0.0157, loss_bbox_aux0: 0.0189, loss_iou_aux0: 0.0805, d0.loss_cls_aux0: 0.0199, d0.loss_bbox_aux0: 0.0656, d0.loss_iou_aux0: 0.2716, d1.loss_cls_aux0: 0.0159, d1.loss_bbox_aux0: 0.0305, d1.loss_iou_aux0: 0.1263, d2.loss_cls_aux0: 0.0156, d2.loss_bbox_aux0: 0.0220, d2.loss_iou_aux0: 0.0915, d3.loss_cls_aux0: 0.0151, d3.loss_bbox_aux0: 0.0188, d3.loss_iou_aux0: 0.0793, d4.loss_cls_aux0: 0.0153, d4.loss_bbox_aux0: 0.0189, d4.loss_iou_aux0: 0.0798, loss_cls_aux1: 0.0128, loss_bbox_aux1: 0.0716, loss_iou_aux1: 0.3006, d0.loss_cls_aux1: 0.0157, d0.loss_bbox_aux1: 0.0939, d0.loss_iou_aux1: 0.3744, d1.loss_cls_aux1: 0.0140, d1.loss_bbox_aux1: 0.0753, d1.loss_iou_aux1: 0.3136, d2.loss_cls_aux1: 0.0137, d2.loss_bbox_aux1: 0.0723, d2.loss_iou_aux1: 0.3031, d3.loss_cls_aux1: 0.0128, d3.loss_bbox_aux1: 0.0716, d3.loss_iou_aux1: 0.3004, d4.loss_cls_aux1: 0.0127, d4.loss_bbox_aux1: 0.0716, d4.loss_iou_aux1: 0.3005, loss: 29.4553, grad_norm: 297.7790
2025-01-10 10:47:05,348 - mmdet - INFO - Epoch [23][3000/4129]	lr: 5.000e-06, eta: 22:34:38, time: 1.535, data_time: 0.006, memory: 18733, enc_loss_cls: 0.1273, enc_loss_bbox: 0.1098, enc_loss_iou: 0.4731, loss_cls: 0.1010, loss_bbox: 0.1037, loss_iou: 0.4561, d0.loss_cls: 0.1475, d0.loss_bbox: 0.1022, d0.loss_iou: 0.4518, d1.loss_cls: 0.1082, d1.loss_bbox: 0.1035, d1.loss_iou: 0.4588, d2.loss_cls: 0.1008, d2.loss_bbox: 0.1035, d2.loss_iou: 0.4583, d3.loss_cls: 0.1006, d3.loss_bbox: 0.1036, d3.loss_iou: 0.4566, d4.loss_cls: 0.1011, d4.loss_bbox: 0.1036, d4.loss_iou: 0.4560, dn_loss_cls: 0.0184, dn_loss_bbox: 0.0512, dn_loss_iou: 0.2330, d0.dn_loss_cls: 0.0520, d0.dn_loss_bbox: 0.0737, d0.dn_loss_iou: 0.3346, d1.dn_loss_cls: 0.0265, d1.dn_loss_bbox: 0.0547, d1.dn_loss_iou: 0.2490, d2.dn_loss_cls: 0.0213, d2.dn_loss_bbox: 0.0517, d2.dn_loss_iou: 0.2351, d3.dn_loss_cls: 0.0187, d3.dn_loss_bbox: 0.0511, d3.dn_loss_iou: 0.2323, d4.dn_loss_cls: 0.0183, d4.dn_loss_bbox: 0.0512, d4.dn_loss_iou: 0.2328, loss_rpn_cls: 0.0484, loss_rpn_bbox: 0.1262, loss_cls0: 2.0318, acc0: 92.9727, loss_bbox0: 3.7406, loss_cls1: 1.7091, loss_bbox1: 4.8008, loss_centerness1: 7.0873, loss_cls_aux0: 0.0168, loss_bbox_aux0: 0.0200, loss_iou_aux0: 0.0874, d0.loss_cls_aux0: 0.0253, d0.loss_bbox_aux0: 0.0668, d0.loss_iou_aux0: 0.2764, d1.loss_cls_aux0: 0.0191, d1.loss_bbox_aux0: 0.0313, d1.loss_iou_aux0: 0.1328, d2.loss_cls_aux0: 0.0189, d2.loss_bbox_aux0: 0.0229, d2.loss_iou_aux0: 0.0981, d3.loss_cls_aux0: 0.0171, d3.loss_bbox_aux0: 0.0199, d3.loss_iou_aux0: 0.0861, d4.loss_cls_aux0: 0.0165, d4.loss_bbox_aux0: 0.0200, d4.loss_iou_aux0: 0.0874, loss_cls_aux1: 0.0124, loss_bbox_aux1: 0.0719, loss_iou_aux1: 0.3071, d0.loss_cls_aux1: 0.0150, d0.loss_bbox_aux1: 0.0939, d0.loss_iou_aux1: 0.3816, d1.loss_cls_aux1: 0.0136, d1.loss_bbox_aux1: 0.0759, d1.loss_iou_aux1: 0.3197, d2.loss_cls_aux1: 0.0132, d2.loss_bbox_aux1: 0.0728, d2.loss_iou_aux1: 0.3100, d3.loss_cls_aux1: 0.0126, d3.loss_bbox_aux1: 0.0719, d3.loss_iou_aux1: 0.3070, d4.loss_cls_aux1: 0.0122, d4.loss_bbox_aux1: 0.0719, d4.loss_iou_aux1: 0.3071, loss: 29.8095, grad_norm: 281.6285
2025-01-10 11:12:40,608 - mmdet - INFO - Epoch [23][4000/4129]	lr: 5.000e-06, eta: 22:10:25, time: 1.535, data_time: 0.006, memory: 18733, enc_loss_cls: 0.1296, enc_loss_bbox: 0.1143, enc_loss_iou: 0.4753, loss_cls: 0.0996, loss_bbox: 0.1033, loss_iou: 0.4551, d0.loss_cls: 0.1406, d0.loss_bbox: 0.1059, d0.loss_iou: 0.4567, d1.loss_cls: 0.1090, d1.loss_bbox: 0.1046, d1.loss_iou: 0.4555, d2.loss_cls: 0.1015, d2.loss_bbox: 0.1041, d2.loss_iou: 0.4569, d3.loss_cls: 0.1004, d3.loss_bbox: 0.1033, d3.loss_iou: 0.4555, d4.loss_cls: 0.0993, d4.loss_bbox: 0.1034, d4.loss_iou: 0.4554, dn_loss_cls: 0.0177, dn_loss_bbox: 0.0523, dn_loss_iou: 0.2331, d0.dn_loss_cls: 0.0531, d0.dn_loss_bbox: 0.0763, d0.dn_loss_iou: 0.3375, d1.dn_loss_cls: 0.0264, d1.dn_loss_bbox: 0.0560, d1.dn_loss_iou: 0.2501, d2.dn_loss_cls: 0.0211, d2.dn_loss_bbox: 0.0529, d2.dn_loss_iou: 0.2358, d3.dn_loss_cls: 0.0182, d3.dn_loss_bbox: 0.0522, d3.dn_loss_iou: 0.2330, d4.dn_loss_cls: 0.0175, d4.dn_loss_bbox: 0.0522, d4.dn_loss_iou: 0.2330, loss_rpn_cls: 0.0556, loss_rpn_bbox: 0.1328, loss_cls0: 2.0358, acc0: 93.0855, loss_bbox0: 3.6990, loss_cls1: 1.6808, loss_bbox1: 4.8180, loss_centerness1: 7.1728, loss_cls_aux0: 0.0152, loss_bbox_aux0: 0.0196, loss_iou_aux0: 0.0827, d0.loss_cls_aux0: 0.0247, d0.loss_bbox_aux0: 0.0687, d0.loss_iou_aux0: 0.2773, d1.loss_cls_aux0: 0.0181, d1.loss_bbox_aux0: 0.0319, d1.loss_iou_aux0: 0.1317, d2.loss_cls_aux0: 0.0161, d2.loss_bbox_aux0: 0.0232, d2.loss_iou_aux0: 0.0958, d3.loss_cls_aux0: 0.0154, d3.loss_bbox_aux0: 0.0194, d3.loss_iou_aux0: 0.0816, d4.loss_cls_aux0: 0.0147, d4.loss_bbox_aux0: 0.0195, d4.loss_iou_aux0: 0.0821, loss_cls_aux1: 0.0124, loss_bbox_aux1: 0.0745, loss_iou_aux1: 0.3087, d0.loss_cls_aux1: 0.0148, d0.loss_bbox_aux1: 0.1001, d0.loss_iou_aux1: 0.3879, d1.loss_cls_aux1: 0.0137, d1.loss_bbox_aux1: 0.0792, d1.loss_iou_aux1: 0.3221, d2.loss_cls_aux1: 0.0131, d2.loss_bbox_aux1: 0.0756, d2.loss_iou_aux1: 0.3119, d3.loss_cls_aux1: 0.0129, d3.loss_bbox_aux1: 0.0745, d3.loss_iou_aux1: 0.3086, d4.loss_cls_aux1: 0.0123, d4.loss_bbox_aux1: 0.0745, d4.loss_iou_aux1: 0.3087, loss: 29.8857, grad_norm: 290.8144
2025-01-10 11:15:58,800 - mmdet - INFO - Saving checkpoint at 23 epochs
2025-01-10 11:22:04,965 - mmdet - INFO - Evaluating bbox...
2025-01-10 11:23:19,060 - mmdet - INFO - 
 Average Precision  (AP) @[ IoU=0.50:0.95 | area=   all | maxDets=100 ] = 0.462
 Average Precision  (AP) @[ IoU=0.50      | area=   all | maxDets=1000 ] = 0.852
 Average Precision  (AP) @[ IoU=0.75      | area=   all | maxDets=1000 ] = 0.431
 Average Precision  (AP) @[ IoU=0.50:0.95 | area= small | maxDets=1000 ] = 0.331
 Average Precision  (AP) @[ IoU=0.50:0.95 | area=medium | maxDets=1000 ] = 0.526
 Average Precision  (AP) @[ IoU=0.50:0.95 | area= large | maxDets=1000 ] = 0.659
 Average Recall     (AR) @[ IoU=0.50:0.95 | area=   all | maxDets=100 ] = 0.594
 Average Recall     (AR) @[ IoU=0.50:0.95 | area=   all | maxDets=300 ] = 0.601
 Average Recall     (AR) @[ IoU=0.50:0.95 | area=   all | maxDets=1000 ] = 0.602
 Average Recall     (AR) @[ IoU=0.50:0.95 | area= small | maxDets=1000 ] = 0.523
 Average Recall     (AR) @[ IoU=0.50:0.95 | area=medium | maxDets=1000 ] = 0.639
 Average Recall     (AR) @[ IoU=0.50:0.95 | area= large | maxDets=1000 ] = 0.759

2025-01-10 11:23:19,061 - mmdet - INFO - 
+----------+-------+--------+--------+-------+-------+-------+
| category | mAP   | mAP_50 | mAP_75 | mAP_s | mAP_m | mAP_l |
+----------+-------+--------+--------+-------+-------+-------+
| person   | 0.484 | 0.889  | 0.466  | 0.349 | 0.564 | 0.712 |
| car      | 0.632 | 0.929  | 0.688  | 0.411 | 0.693 | 0.908 |
| bicycle  | 0.272 | 0.737  | 0.138  | 0.233 | 0.321 | 0.358 |
+----------+-------+--------+--------+-------+-------+-------+
2025-01-10 11:23:19,623 - mmdet - INFO - Exp name: codino_vit_twostream_640_autoaugv1_train1.py
2025-01-10 11:23:19,625 - mmdet - INFO - Epoch(val) [23][1013]	person_precision: 0.4840, car_precision: 0.6320, bicycle_precision: 0.2720, bbox_mAP: 0.4620, bbox_mAP_50: 0.8520, bbox_mAP_75: 0.4310, bbox_mAP_s: 0.3310, bbox_mAP_m: 0.5260, bbox_mAP_l: 0.6590, bbox_mAP_copypaste: 0.462 0.852 0.431 0.331 0.526 0.659
2025-01-10 11:48:41,888 - mmdet - INFO - Epoch [24][1000/4129]	lr: 5.000e-06, eta: 21:41:06, time: 1.522, data_time: 0.007, memory: 18733, enc_loss_cls: 0.1288, enc_loss_bbox: 0.1115, enc_loss_iou: 0.4792, loss_cls: 0.0977, loss_bbox: 0.1041, loss_iou: 0.4620, d0.loss_cls: 0.1473, d0.loss_bbox: 0.1033, d0.loss_iou: 0.4589, d1.loss_cls: 0.1016, d1.loss_bbox: 0.1056, d1.loss_iou: 0.4658, d2.loss_cls: 0.0975, d2.loss_bbox: 0.1053, d2.loss_iou: 0.4639, d3.loss_cls: 0.1013, d3.loss_bbox: 0.1039, d3.loss_iou: 0.4603, d4.loss_cls: 0.0986, d4.loss_bbox: 0.1039, d4.loss_iou: 0.4613, dn_loss_cls: 0.0184, dn_loss_bbox: 0.0508, dn_loss_iou: 0.2316, d0.dn_loss_cls: 0.0527, d0.dn_loss_bbox: 0.0745, d0.dn_loss_iou: 0.3372, d1.dn_loss_cls: 0.0266, d1.dn_loss_bbox: 0.0544, d1.dn_loss_iou: 0.2491, d2.dn_loss_cls: 0.0212, d2.dn_loss_bbox: 0.0514, d2.dn_loss_iou: 0.2342, d3.dn_loss_cls: 0.0187, d3.dn_loss_bbox: 0.0508, d3.dn_loss_iou: 0.2314, d4.dn_loss_cls: 0.0181, d4.dn_loss_bbox: 0.0508, d4.dn_loss_iou: 0.2315, loss_rpn_cls: 0.0441, loss_rpn_bbox: 0.1202, loss_cls0: 1.9343, acc0: 93.3314, loss_bbox0: 3.5487, loss_cls1: 1.6765, loss_bbox1: 4.8803, loss_centerness1: 7.1269, loss_cls_aux0: 0.0165, loss_bbox_aux0: 0.0186, loss_iou_aux0: 0.0767, d0.loss_cls_aux0: 0.0240, d0.loss_bbox_aux0: 0.0664, d0.loss_iou_aux0: 0.2678, d1.loss_cls_aux0: 0.0163, d1.loss_bbox_aux0: 0.0298, d1.loss_iou_aux0: 0.1201, d2.loss_cls_aux0: 0.0157, d2.loss_bbox_aux0: 0.0218, d2.loss_iou_aux0: 0.0875, d3.loss_cls_aux0: 0.0155, d3.loss_bbox_aux0: 0.0185, d3.loss_iou_aux0: 0.0756, d4.loss_cls_aux0: 0.0159, d4.loss_bbox_aux0: 0.0185, d4.loss_iou_aux0: 0.0761, loss_cls_aux1: 0.0107, loss_bbox_aux1: 0.0756, loss_iou_aux1: 0.3156, d0.loss_cls_aux1: 0.0138, d0.loss_bbox_aux1: 0.0990, d0.loss_iou_aux1: 0.3906, d1.loss_cls_aux1: 0.0113, d1.loss_bbox_aux1: 0.0798, d1.loss_iou_aux1: 0.3292, d2.loss_cls_aux1: 0.0109, d2.loss_bbox_aux1: 0.0768, d2.loss_iou_aux1: 0.3188, d3.loss_cls_aux1: 0.0107, d3.loss_bbox_aux1: 0.0756, d3.loss_iou_aux1: 0.3155, d4.loss_cls_aux1: 0.0105, d4.loss_bbox_aux1: 0.0756, d4.loss_iou_aux1: 0.3155, loss: 29.6128, grad_norm: 288.9596
2025-01-10 12:14:01,823 - mmdet - INFO - Epoch [24][2000/4129]	lr: 5.000e-06, eta: 21:16:44, time: 1.520, data_time: 0.005, memory: 18733, enc_loss_cls: 0.1289, enc_loss_bbox: 0.1083, enc_loss_iou: 0.4719, loss_cls: 0.1024, loss_bbox: 0.0991, loss_iou: 0.4496, d0.loss_cls: 0.1464, d0.loss_bbox: 0.0985, d0.loss_iou: 0.4472, d1.loss_cls: 0.1042, d1.loss_bbox: 0.0996, d1.loss_iou: 0.4539, d2.loss_cls: 0.1032, d2.loss_bbox: 0.0994, d2.loss_iou: 0.4510, d3.loss_cls: 0.1033, d3.loss_bbox: 0.0992, d3.loss_iou: 0.4496, d4.loss_cls: 0.1023, d4.loss_bbox: 0.0992, d4.loss_iou: 0.4496, dn_loss_cls: 0.0177, dn_loss_bbox: 0.0499, dn_loss_iou: 0.2298, d0.dn_loss_cls: 0.0519, d0.dn_loss_bbox: 0.0730, d0.dn_loss_iou: 0.3352, d1.dn_loss_cls: 0.0257, d1.dn_loss_bbox: 0.0534, d1.dn_loss_iou: 0.2466, d2.dn_loss_cls: 0.0206, d2.dn_loss_bbox: 0.0504, d2.dn_loss_iou: 0.2325, d3.dn_loss_cls: 0.0180, d3.dn_loss_bbox: 0.0499, d3.dn_loss_iou: 0.2296, d4.dn_loss_cls: 0.0176, d4.dn_loss_bbox: 0.0499, d4.dn_loss_iou: 0.2297, loss_rpn_cls: 0.0438, loss_rpn_bbox: 0.1290, loss_cls0: 1.9263, acc0: 93.4287, loss_bbox0: 3.5789, loss_cls1: 1.6573, loss_bbox1: 4.7367, loss_centerness1: 7.1008, loss_cls_aux0: 0.0111, loss_bbox_aux0: 0.0177, loss_iou_aux0: 0.0775, d0.loss_cls_aux0: 0.0204, d0.loss_bbox_aux0: 0.0658, d0.loss_iou_aux0: 0.2719, d1.loss_cls_aux0: 0.0131, d1.loss_bbox_aux0: 0.0296, d1.loss_iou_aux0: 0.1240, d2.loss_cls_aux0: 0.0120, d2.loss_bbox_aux0: 0.0210, d2.loss_iou_aux0: 0.0893, d3.loss_cls_aux0: 0.0107, d3.loss_bbox_aux0: 0.0176, d3.loss_iou_aux0: 0.0762, d4.loss_cls_aux0: 0.0108, d4.loss_bbox_aux0: 0.0176, d4.loss_iou_aux0: 0.0768, loss_cls_aux1: 0.0120, loss_bbox_aux1: 0.0714, loss_iou_aux1: 0.3063, d0.loss_cls_aux1: 0.0162, d0.loss_bbox_aux1: 0.0943, d0.loss_iou_aux1: 0.3816, d1.loss_cls_aux1: 0.0142, d1.loss_bbox_aux1: 0.0750, d1.loss_iou_aux1: 0.3183, d2.loss_cls_aux1: 0.0132, d2.loss_bbox_aux1: 0.0724, d2.loss_iou_aux1: 0.3089, d3.loss_cls_aux1: 0.0119, d3.loss_bbox_aux1: 0.0714, d3.loss_iou_aux1: 0.3062, d4.loss_cls_aux1: 0.0119, d4.loss_bbox_aux1: 0.0714, d4.loss_iou_aux1: 0.3062, loss: 29.2471, grad_norm: 285.0737
2025-01-10 12:39:22,940 - mmdet - INFO - Epoch [24][3000/4129]	lr: 5.000e-06, eta: 20:52:22, time: 1.521, data_time: 0.005, memory: 18733, enc_loss_cls: 0.1364, enc_loss_bbox: 0.1106, enc_loss_iou: 0.4865, loss_cls: 0.1057, loss_bbox: 0.1025, loss_iou: 0.4628, d0.loss_cls: 0.1515, d0.loss_bbox: 0.1028, d0.loss_iou: 0.4643, d1.loss_cls: 0.1100, d1.loss_bbox: 0.1037, d1.loss_iou: 0.4667, d2.loss_cls: 0.1083, d2.loss_bbox: 0.1027, d2.loss_iou: 0.4645, d3.loss_cls: 0.1094, d3.loss_bbox: 0.1019, d3.loss_iou: 0.4625, d4.loss_cls: 0.1092, d4.loss_bbox: 0.1020, d4.loss_iou: 0.4622, dn_loss_cls: 0.0188, dn_loss_bbox: 0.0515, dn_loss_iou: 0.2362, d0.dn_loss_cls: 0.0533, d0.dn_loss_bbox: 0.0750, d0.dn_loss_iou: 0.3436, d1.dn_loss_cls: 0.0265, d1.dn_loss_bbox: 0.0550, d1.dn_loss_iou: 0.2537, d2.dn_loss_cls: 0.0214, d2.dn_loss_bbox: 0.0520, d2.dn_loss_iou: 0.2389, d3.dn_loss_cls: 0.0189, d3.dn_loss_bbox: 0.0515, d3.dn_loss_iou: 0.2361, d4.dn_loss_cls: 0.0187, d4.dn_loss_bbox: 0.0515, d4.dn_loss_iou: 0.2361, loss_rpn_cls: 0.0530, loss_rpn_bbox: 0.1379, loss_cls0: 2.0001, acc0: 93.1594, loss_bbox0: 3.7502, loss_cls1: 1.6902, loss_bbox1: 4.9018, loss_centerness1: 7.1658, loss_cls_aux0: 0.0122, loss_bbox_aux0: 0.0193, loss_iou_aux0: 0.0834, d0.loss_cls_aux0: 0.0202, d0.loss_bbox_aux0: 0.0688, d0.loss_iou_aux0: 0.2806, d1.loss_cls_aux0: 0.0142, d1.loss_bbox_aux0: 0.0319, d1.loss_iou_aux0: 0.1311, d2.loss_cls_aux0: 0.0135, d2.loss_bbox_aux0: 0.0228, d2.loss_iou_aux0: 0.0960, d3.loss_cls_aux0: 0.0127, d3.loss_bbox_aux0: 0.0192, d3.loss_iou_aux0: 0.0822, d4.loss_cls_aux0: 0.0122, d4.loss_bbox_aux0: 0.0192, d4.loss_iou_aux0: 0.0827, loss_cls_aux1: 0.0126, loss_bbox_aux1: 0.0741, loss_iou_aux1: 0.3201, d0.loss_cls_aux1: 0.0159, d0.loss_bbox_aux1: 0.0985, d0.loss_iou_aux1: 0.3984, d1.loss_cls_aux1: 0.0139, d1.loss_bbox_aux1: 0.0786, d1.loss_iou_aux1: 0.3338, d2.loss_cls_aux1: 0.0129, d2.loss_bbox_aux1: 0.0752, d2.loss_iou_aux1: 0.3231, d3.loss_cls_aux1: 0.0124, d3.loss_bbox_aux1: 0.0741, d3.loss_iou_aux1: 0.3200, d4.loss_cls_aux1: 0.0125, d4.loss_bbox_aux1: 0.0741, d4.loss_iou_aux1: 0.3201, loss: 30.1565, grad_norm: 293.0912
2025-01-10 13:04:44,027 - mmdet - INFO - Epoch [24][4000/4129]	lr: 5.000e-06, eta: 20:27:58, time: 1.521, data_time: 0.005, memory: 18733, enc_loss_cls: 0.1291, enc_loss_bbox: 0.1086, enc_loss_iou: 0.4720, loss_cls: 0.0999, loss_bbox: 0.1004, loss_iou: 0.4533, d0.loss_cls: 0.1498, d0.loss_bbox: 0.1001, d0.loss_iou: 0.4526, d1.loss_cls: 0.1081, d1.loss_bbox: 0.1005, d1.loss_iou: 0.4550, d2.loss_cls: 0.1034, d2.loss_bbox: 0.1005, d2.loss_iou: 0.4536, d3.loss_cls: 0.0997, d3.loss_bbox: 0.1009, d3.loss_iou: 0.4543, d4.loss_cls: 0.0997, d4.loss_bbox: 0.1005, d4.loss_iou: 0.4538, dn_loss_cls: 0.0178, dn_loss_bbox: 0.0506, dn_loss_iou: 0.2324, d0.dn_loss_cls: 0.0516, d0.dn_loss_bbox: 0.0735, d0.dn_loss_iou: 0.3352, d1.dn_loss_cls: 0.0253, d1.dn_loss_bbox: 0.0539, d1.dn_loss_iou: 0.2490, d2.dn_loss_cls: 0.0205, d2.dn_loss_bbox: 0.0511, d2.dn_loss_iou: 0.2348, d3.dn_loss_cls: 0.0180, d3.dn_loss_bbox: 0.0506, d3.dn_loss_iou: 0.2321, d4.dn_loss_cls: 0.0177, d4.dn_loss_bbox: 0.0506, d4.dn_loss_iou: 0.2322, loss_rpn_cls: 0.0441, loss_rpn_bbox: 0.1257, loss_cls0: 1.9753, acc0: 93.1578, loss_bbox0: 3.6617, loss_cls1: 1.6156, loss_bbox1: 4.7831, loss_centerness1: 7.1316, loss_cls_aux0: 0.0184, loss_bbox_aux0: 0.0195, loss_iou_aux0: 0.0846, d0.loss_cls_aux0: 0.0278, d0.loss_bbox_aux0: 0.0677, d0.loss_iou_aux0: 0.2750, d1.loss_cls_aux0: 0.0187, d1.loss_bbox_aux0: 0.0308, d1.loss_iou_aux0: 0.1301, d2.loss_cls_aux0: 0.0180, d2.loss_bbox_aux0: 0.0225, d2.loss_iou_aux0: 0.0952, d3.loss_cls_aux0: 0.0185, d3.loss_bbox_aux0: 0.0194, d3.loss_iou_aux0: 0.0833, d4.loss_cls_aux0: 0.0184, d4.loss_bbox_aux0: 0.0195, d4.loss_iou_aux0: 0.0839, loss_cls_aux1: 0.0107, loss_bbox_aux1: 0.0730, loss_iou_aux1: 0.3086, d0.loss_cls_aux1: 0.0130, d0.loss_bbox_aux1: 0.0956, d0.loss_iou_aux1: 0.3851, d1.loss_cls_aux1: 0.0114, d1.loss_bbox_aux1: 0.0764, d1.loss_iou_aux1: 0.3214, d2.loss_cls_aux1: 0.0107, d2.loss_bbox_aux1: 0.0738, d2.loss_iou_aux1: 0.3116, d3.loss_cls_aux1: 0.0106, d3.loss_bbox_aux1: 0.0730, d3.loss_iou_aux1: 0.3084, d4.loss_cls_aux1: 0.0105, d4.loss_bbox_aux1: 0.0730, d4.loss_iou_aux1: 0.3085, loss: 29.5569, grad_norm: 278.0829
2025-01-10 13:08:00,502 - mmdet - INFO - Saving checkpoint at 24 epochs
2025-01-10 13:14:03,471 - mmdet - INFO - Evaluating bbox...
2025-01-10 13:15:18,161 - mmdet - INFO - 
 Average Precision  (AP) @[ IoU=0.50:0.95 | area=   all | maxDets=100 ] = 0.464
 Average Precision  (AP) @[ IoU=0.50      | area=   all | maxDets=1000 ] = 0.850
 Average Precision  (AP) @[ IoU=0.75      | area=   all | maxDets=1000 ] = 0.432
 Average Precision  (AP) @[ IoU=0.50:0.95 | area= small | maxDets=1000 ] = 0.329
 Average Precision  (AP) @[ IoU=0.50:0.95 | area=medium | maxDets=1000 ] = 0.531
 Average Precision  (AP) @[ IoU=0.50:0.95 | area= large | maxDets=1000 ] = 0.653
 Average Recall     (AR) @[ IoU=0.50:0.95 | area=   all | maxDets=100 ] = 0.599
 Average Recall     (AR) @[ IoU=0.50:0.95 | area=   all | maxDets=300 ] = 0.611
 Average Recall     (AR) @[ IoU=0.50:0.95 | area=   all | maxDets=1000 ] = 0.615
 Average Recall     (AR) @[ IoU=0.50:0.95 | area= small | maxDets=1000 ] = 0.539
 Average Recall     (AR) @[ IoU=0.50:0.95 | area=medium | maxDets=1000 ] = 0.647
 Average Recall     (AR) @[ IoU=0.50:0.95 | area= large | maxDets=1000 ] = 0.788

2025-01-10 13:15:18,162 - mmdet - INFO - 
+----------+-------+--------+--------+-------+-------+-------+
| category | mAP   | mAP_50 | mAP_75 | mAP_s | mAP_m | mAP_l |
+----------+-------+--------+--------+-------+-------+-------+
| person   | 0.476 | 0.883  | 0.452  | 0.329 | 0.562 | 0.744 |
| car      | 0.629 | 0.924  | 0.685  | 0.415 | 0.69  | 0.901 |
| bicycle  | 0.287 | 0.743  | 0.157  | 0.244 | 0.342 | 0.315 |
+----------+-------+--------+--------+-------+-------+-------+
2025-01-10 13:15:18,725 - mmdet - INFO - Exp name: codino_vit_twostream_640_autoaugv1_train1.py
2025-01-10 13:15:18,726 - mmdet - INFO - Epoch(val) [24][1013]	person_precision: 0.4760, car_precision: 0.6290, bicycle_precision: 0.2870, bbox_mAP: 0.4640, bbox_mAP_50: 0.8500, bbox_mAP_75: 0.4320, bbox_mAP_s: 0.3290, bbox_mAP_m: 0.5310, bbox_mAP_l: 0.6530, bbox_mAP_copypaste: 0.464 0.850 0.432 0.329 0.531 0.653
2025-01-10 13:40:40,212 - mmdet - INFO - Epoch [25][1000/4129]	lr: 5.000e-06, eta: 19:58:49, time: 1.521, data_time: 0.007, memory: 18733, enc_loss_cls: 0.1293, enc_loss_bbox: 0.1103, enc_loss_iou: 0.4886, loss_cls: 0.1074, loss_bbox: 0.1007, loss_iou: 0.4627, d0.loss_cls: 0.1521, d0.loss_bbox: 0.1002, d0.loss_iou: 0.4635, d1.loss_cls: 0.1124, d1.loss_bbox: 0.1014, d1.loss_iou: 0.4675, d2.loss_cls: 0.1095, d2.loss_bbox: 0.1010, d2.loss_iou: 0.4641, d3.loss_cls: 0.1091, d3.loss_bbox: 0.1009, d3.loss_iou: 0.4616, d4.loss_cls: 0.1065, d4.loss_bbox: 0.1008, d4.loss_iou: 0.4630, dn_loss_cls: 0.0186, dn_loss_bbox: 0.0514, dn_loss_iou: 0.2348, d0.dn_loss_cls: 0.0552, d0.dn_loss_bbox: 0.0745, d0.dn_loss_iou: 0.3427, d1.dn_loss_cls: 0.0276, d1.dn_loss_bbox: 0.0548, d1.dn_loss_iou: 0.2523, d2.dn_loss_cls: 0.0221, d2.dn_loss_bbox: 0.0520, d2.dn_loss_iou: 0.2376, d3.dn_loss_cls: 0.0189, d3.dn_loss_bbox: 0.0514, d3.dn_loss_iou: 0.2346, d4.dn_loss_cls: 0.0184, d4.dn_loss_bbox: 0.0514, d4.dn_loss_iou: 0.2347, loss_rpn_cls: 0.0531, loss_rpn_bbox: 0.1346, loss_cls0: 2.0056, acc0: 93.1756, loss_bbox0: 3.6928, loss_cls1: 1.6998, loss_bbox1: 4.9001, loss_centerness1: 7.1680, loss_cls_aux0: 0.0159, loss_bbox_aux0: 0.0199, loss_iou_aux0: 0.0849, d0.loss_cls_aux0: 0.0262, d0.loss_bbox_aux0: 0.0678, d0.loss_iou_aux0: 0.2774, d1.loss_cls_aux0: 0.0191, d1.loss_bbox_aux0: 0.0313, d1.loss_iou_aux0: 0.1305, d2.loss_cls_aux0: 0.0181, d2.loss_bbox_aux0: 0.0229, d2.loss_iou_aux0: 0.0959, d3.loss_cls_aux0: 0.0165, d3.loss_bbox_aux0: 0.0197, d3.loss_iou_aux0: 0.0837, d4.loss_cls_aux0: 0.0159, d4.loss_bbox_aux0: 0.0198, d4.loss_iou_aux0: 0.0843, loss_cls_aux1: 0.0130, loss_bbox_aux1: 0.0750, loss_iou_aux1: 0.3195, d0.loss_cls_aux1: 0.0164, d0.loss_bbox_aux1: 0.0979, d0.loss_iou_aux1: 0.3973, d1.loss_cls_aux1: 0.0151, d1.loss_bbox_aux1: 0.0797, d1.loss_iou_aux1: 0.3342, d2.loss_cls_aux1: 0.0143, d2.loss_bbox_aux1: 0.0759, d2.loss_iou_aux1: 0.3225, d3.loss_cls_aux1: 0.0133, d3.loss_bbox_aux1: 0.0750, d3.loss_iou_aux1: 0.3194, d4.loss_cls_aux1: 0.0129, d4.loss_bbox_aux1: 0.0750, d4.loss_iou_aux1: 0.3194, loss: 30.1250, grad_norm: 281.5187
2025-01-10 14:05:59,858 - mmdet - INFO - Epoch [25][2000/4129]	lr: 5.000e-06, eta: 19:34:26, time: 1.520, data_time: 0.005, memory: 18733, enc_loss_cls: 0.1258, enc_loss_bbox: 0.1106, enc_loss_iou: 0.4588, loss_cls: 0.1035, loss_bbox: 0.0996, loss_iou: 0.4347, d0.loss_cls: 0.1503, d0.loss_bbox: 0.0993, d0.loss_iou: 0.4339, d1.loss_cls: 0.1096, d1.loss_bbox: 0.1002, d1.loss_iou: 0.4370, d2.loss_cls: 0.1056, d2.loss_bbox: 0.1004, d2.loss_iou: 0.4359, d3.loss_cls: 0.1062, d3.loss_bbox: 0.0994, d3.loss_iou: 0.4337, d4.loss_cls: 0.1030, d4.loss_bbox: 0.0996, d4.loss_iou: 0.4356, dn_loss_cls: 0.0161, dn_loss_bbox: 0.0531, dn_loss_iou: 0.2271, d0.dn_loss_cls: 0.0490, d0.dn_loss_bbox: 0.0764, d0.dn_loss_iou: 0.3286, d1.dn_loss_cls: 0.0237, d1.dn_loss_bbox: 0.0565, d1.dn_loss_iou: 0.2429, d2.dn_loss_cls: 0.0188, d2.dn_loss_bbox: 0.0535, d2.dn_loss_iou: 0.2296, d3.dn_loss_cls: 0.0163, d3.dn_loss_bbox: 0.0531, d3.dn_loss_iou: 0.2270, d4.dn_loss_cls: 0.0159, d4.dn_loss_bbox: 0.0531, d4.dn_loss_iou: 0.2270, loss_rpn_cls: 0.0508, loss_rpn_bbox: 0.1268, loss_cls0: 1.9058, acc0: 93.5271, loss_bbox0: 3.5200, loss_cls1: 1.6109, loss_bbox1: 4.6932, loss_centerness1: 7.1516, loss_cls_aux0: 0.0128, loss_bbox_aux0: 0.0196, loss_iou_aux0: 0.0792, d0.loss_cls_aux0: 0.0204, d0.loss_bbox_aux0: 0.0690, d0.loss_iou_aux0: 0.2701, d1.loss_cls_aux0: 0.0154, d1.loss_bbox_aux0: 0.0311, d1.loss_iou_aux0: 0.1235, d2.loss_cls_aux0: 0.0132, d2.loss_bbox_aux0: 0.0225, d2.loss_iou_aux0: 0.0900, d3.loss_cls_aux0: 0.0125, d3.loss_bbox_aux0: 0.0194, d3.loss_iou_aux0: 0.0778, d4.loss_cls_aux0: 0.0124, d4.loss_bbox_aux0: 0.0195, d4.loss_iou_aux0: 0.0785, loss_cls_aux1: 0.0110, loss_bbox_aux1: 0.0737, loss_iou_aux1: 0.3036, d0.loss_cls_aux1: 0.0141, d0.loss_bbox_aux1: 0.0984, d0.loss_iou_aux1: 0.3778, d1.loss_cls_aux1: 0.0128, d1.loss_bbox_aux1: 0.0784, d1.loss_iou_aux1: 0.3170, d2.loss_cls_aux1: 0.0116, d2.loss_bbox_aux1: 0.0739, d2.loss_iou_aux1: 0.3054, d3.loss_cls_aux1: 0.0109, d3.loss_bbox_aux1: 0.0737, d3.loss_iou_aux1: 0.3035, d4.loss_cls_aux1: 0.0108, d4.loss_bbox_aux1: 0.0737, d4.loss_iou_aux1: 0.3035, loss: 29.0503, grad_norm: 280.9727
2025-01-10 14:31:19,940 - mmdet - INFO - Epoch [25][3000/4129]	lr: 5.000e-06, eta: 19:10:01, time: 1.520, data_time: 0.005, memory: 18733, enc_loss_cls: 0.1304, enc_loss_bbox: 0.1076, enc_loss_iou: 0.4637, loss_cls: 0.1081, loss_bbox: 0.0984, loss_iou: 0.4417, d0.loss_cls: 0.1519, d0.loss_bbox: 0.0979, d0.loss_iou: 0.4401, d1.loss_cls: 0.1137, d1.loss_bbox: 0.0991, d1.loss_iou: 0.4430, d2.loss_cls: 0.1127, d2.loss_bbox: 0.0982, d2.loss_iou: 0.4408, d3.loss_cls: 0.1106, d3.loss_bbox: 0.0982, d3.loss_iou: 0.4413, d4.loss_cls: 0.1084, d4.loss_bbox: 0.0985, d4.loss_iou: 0.4415, dn_loss_cls: 0.0190, dn_loss_bbox: 0.0498, dn_loss_iou: 0.2283, d0.dn_loss_cls: 0.0523, d0.dn_loss_bbox: 0.0721, d0.dn_loss_iou: 0.3315, d1.dn_loss_cls: 0.0262, d1.dn_loss_bbox: 0.0532, d1.dn_loss_iou: 0.2442, d2.dn_loss_cls: 0.0217, d2.dn_loss_bbox: 0.0504, d2.dn_loss_iou: 0.2309, d3.dn_loss_cls: 0.0193, d3.dn_loss_bbox: 0.0498, d3.dn_loss_iou: 0.2283, d4.dn_loss_cls: 0.0188, d4.dn_loss_bbox: 0.0498, d4.dn_loss_iou: 0.2282, loss_rpn_cls: 0.0455, loss_rpn_bbox: 0.1240, loss_cls0: 1.9379, acc0: 93.3963, loss_bbox0: 3.5795, loss_cls1: 1.6183, loss_bbox1: 4.7310, loss_centerness1: 7.1183, loss_cls_aux0: 0.0206, loss_bbox_aux0: 0.0181, loss_iou_aux0: 0.0779, d0.loss_cls_aux0: 0.0214, d0.loss_bbox_aux0: 0.0661, d0.loss_iou_aux0: 0.2760, d1.loss_cls_aux0: 0.0206, d1.loss_bbox_aux0: 0.0298, d1.loss_iou_aux0: 0.1235, d2.loss_cls_aux0: 0.0204, d2.loss_bbox_aux0: 0.0212, d2.loss_iou_aux0: 0.0896, d3.loss_cls_aux0: 0.0210, d3.loss_bbox_aux0: 0.0180, d3.loss_iou_aux0: 0.0770, d4.loss_cls_aux0: 0.0205, d4.loss_bbox_aux0: 0.0181, d4.loss_iou_aux0: 0.0774, loss_cls_aux1: 0.0149, loss_bbox_aux1: 0.0705, loss_iou_aux1: 0.2982, d0.loss_cls_aux1: 0.0174, d0.loss_bbox_aux1: 0.0949, d0.loss_iou_aux1: 0.3778, d1.loss_cls_aux1: 0.0168, d1.loss_bbox_aux1: 0.0755, d1.loss_iou_aux1: 0.3124, d2.loss_cls_aux1: 0.0158, d2.loss_bbox_aux1: 0.0714, d2.loss_iou_aux1: 0.3008, d3.loss_cls_aux1: 0.0150, d3.loss_bbox_aux1: 0.0704, d3.loss_iou_aux1: 0.2980, d4.loss_cls_aux1: 0.0147, d4.loss_bbox_aux1: 0.0705, d4.loss_iou_aux1: 0.2981, loss: 29.2245, grad_norm: 281.3360
2025-01-10 14:56:40,172 - mmdet - INFO - Epoch [25][4000/4129]	lr: 5.000e-06, eta: 18:45:35, time: 1.520, data_time: 0.005, memory: 18733, enc_loss_cls: 0.1334, enc_loss_bbox: 0.1075, enc_loss_iou: 0.4712, loss_cls: 0.1101, loss_bbox: 0.0996, loss_iou: 0.4494, d0.loss_cls: 0.1475, d0.loss_bbox: 0.0994, d0.loss_iou: 0.4507, d1.loss_cls: 0.1153, d1.loss_bbox: 0.0998, d1.loss_iou: 0.4519, d2.loss_cls: 0.1136, d2.loss_bbox: 0.0990, d2.loss_iou: 0.4493, d3.loss_cls: 0.1088, d3.loss_bbox: 0.0994, d3.loss_iou: 0.4506, d4.loss_cls: 0.1092, d4.loss_bbox: 0.0994, d4.loss_iou: 0.4497, dn_loss_cls: 0.0194, dn_loss_bbox: 0.0511, dn_loss_iou: 0.2314, d0.dn_loss_cls: 0.0524, d0.dn_loss_bbox: 0.0736, d0.dn_loss_iou: 0.3354, d1.dn_loss_cls: 0.0266, d1.dn_loss_bbox: 0.0544, d1.dn_loss_iou: 0.2481, d2.dn_loss_cls: 0.0215, d2.dn_loss_bbox: 0.0516, d2.dn_loss_iou: 0.2340, d3.dn_loss_cls: 0.0197, d3.dn_loss_bbox: 0.0510, d3.dn_loss_iou: 0.2314, d4.dn_loss_cls: 0.0191, d4.dn_loss_bbox: 0.0510, d4.dn_loss_iou: 0.2314, loss_rpn_cls: 0.0503, loss_rpn_bbox: 0.1330, loss_cls0: 2.0253, acc0: 93.0773, loss_bbox0: 3.7412, loss_cls1: 1.6685, loss_bbox1: 4.8053, loss_centerness1: 7.1702, loss_cls_aux0: 0.0220, loss_bbox_aux0: 0.0202, loss_iou_aux0: 0.0842, d0.loss_cls_aux0: 0.0242, d0.loss_bbox_aux0: 0.0680, d0.loss_iou_aux0: 0.2799, d1.loss_cls_aux0: 0.0222, d1.loss_bbox_aux0: 0.0319, d1.loss_iou_aux0: 0.1300, d2.loss_cls_aux0: 0.0218, d2.loss_bbox_aux0: 0.0236, d2.loss_iou_aux0: 0.0954, d3.loss_cls_aux0: 0.0218, d3.loss_bbox_aux0: 0.0201, d3.loss_iou_aux0: 0.0827, d4.loss_cls_aux0: 0.0226, d4.loss_bbox_aux0: 0.0202, d4.loss_iou_aux0: 0.0833, loss_cls_aux1: 0.0148, loss_bbox_aux1: 0.0719, loss_iou_aux1: 0.3054, d0.loss_cls_aux1: 0.0166, d0.loss_bbox_aux1: 0.0948, d0.loss_iou_aux1: 0.3848, d1.loss_cls_aux1: 0.0153, d1.loss_bbox_aux1: 0.0763, d1.loss_iou_aux1: 0.3200, d2.loss_cls_aux1: 0.0151, d2.loss_bbox_aux1: 0.0726, d2.loss_iou_aux1: 0.3081, d3.loss_cls_aux1: 0.0146, d3.loss_bbox_aux1: 0.0719, d3.loss_iou_aux1: 0.3053, d4.loss_cls_aux1: 0.0145, d4.loss_bbox_aux1: 0.0719, d4.loss_iou_aux1: 0.3054, loss: 29.8655, grad_norm: 295.7189
2025-01-10 14:59:56,138 - mmdet - INFO - Saving checkpoint at 25 epochs
2025-01-10 15:05:59,977 - mmdet - INFO - Evaluating bbox...
2025-01-10 15:07:12,858 - mmdet - INFO - 
 Average Precision  (AP) @[ IoU=0.50:0.95 | area=   all | maxDets=100 ] = 0.460
 Average Precision  (AP) @[ IoU=0.50      | area=   all | maxDets=1000 ] = 0.838
 Average Precision  (AP) @[ IoU=0.75      | area=   all | maxDets=1000 ] = 0.424
 Average Precision  (AP) @[ IoU=0.50:0.95 | area= small | maxDets=1000 ] = 0.342
 Average Precision  (AP) @[ IoU=0.50:0.95 | area=medium | maxDets=1000 ] = 0.512
 Average Precision  (AP) @[ IoU=0.50:0.95 | area= large | maxDets=1000 ] = 0.659
 Average Recall     (AR) @[ IoU=0.50:0.95 | area=   all | maxDets=100 ] = 0.599
 Average Recall     (AR) @[ IoU=0.50:0.95 | area=   all | maxDets=300 ] = 0.612
 Average Recall     (AR) @[ IoU=0.50:0.95 | area=   all | maxDets=1000 ] = 0.614
 Average Recall     (AR) @[ IoU=0.50:0.95 | area= small | maxDets=1000 ] = 0.547
 Average Recall     (AR) @[ IoU=0.50:0.95 | area=medium | maxDets=1000 ] = 0.637
 Average Recall     (AR) @[ IoU=0.50:0.95 | area= large | maxDets=1000 ] = 0.800

2025-01-10 15:07:12,859 - mmdet - INFO - 
+----------+-------+--------+--------+-------+-------+-------+
| category | mAP   | mAP_50 | mAP_75 | mAP_s | mAP_m | mAP_l |
+----------+-------+--------+--------+-------+-------+-------+
| person   | 0.477 | 0.893  | 0.447  | 0.351 | 0.548 | 0.714 |
| car      | 0.635 | 0.927  | 0.693  | 0.426 | 0.687 | 0.908 |
| bicycle  | 0.269 | 0.695  | 0.132  | 0.248 | 0.301 | 0.356 |
+----------+-------+--------+--------+-------+-------+-------+
2025-01-10 15:07:13,434 - mmdet - INFO - Exp name: codino_vit_twostream_640_autoaugv1_train1.py
2025-01-10 15:07:13,434 - mmdet - INFO - Epoch(val) [25][1013]	person_precision: 0.4770, car_precision: 0.6350, bicycle_precision: 0.2690, bbox_mAP: 0.4600, bbox_mAP_50: 0.8380, bbox_mAP_75: 0.4240, bbox_mAP_s: 0.3420, bbox_mAP_m: 0.5120, bbox_mAP_l: 0.6590, bbox_mAP_copypaste: 0.460 0.838 0.424 0.342 0.512 0.659
2025-01-10 15:32:33,454 - mmdet - INFO - Epoch [26][1000/4129]	lr: 5.000e-06, eta: 18:16:36, time: 1.520, data_time: 0.007, memory: 18733, enc_loss_cls: 0.1333, enc_loss_bbox: 0.1051, enc_loss_iou: 0.4718, loss_cls: 0.1105, loss_bbox: 0.0948, loss_iou: 0.4462, d0.loss_cls: 0.1455, d0.loss_bbox: 0.0974, d0.loss_iou: 0.4500, d1.loss_cls: 0.1162, d1.loss_bbox: 0.0960, d1.loss_iou: 0.4500, d2.loss_cls: 0.1115, d2.loss_bbox: 0.0960, d2.loss_iou: 0.4487, d3.loss_cls: 0.1096, d3.loss_bbox: 0.0955, d3.loss_iou: 0.4474, d4.loss_cls: 0.1109, d4.loss_bbox: 0.0949, d4.loss_iou: 0.4463, dn_loss_cls: 0.0168, dn_loss_bbox: 0.0489, dn_loss_iou: 0.2304, d0.dn_loss_cls: 0.0502, d0.dn_loss_bbox: 0.0715, d0.dn_loss_iou: 0.3350, d1.dn_loss_cls: 0.0247, d1.dn_loss_bbox: 0.0525, d1.dn_loss_iou: 0.2480, d2.dn_loss_cls: 0.0195, d2.dn_loss_bbox: 0.0495, d2.dn_loss_iou: 0.2333, d3.dn_loss_cls: 0.0173, d3.dn_loss_bbox: 0.0489, d3.dn_loss_iou: 0.2302, d4.dn_loss_cls: 0.0168, d4.dn_loss_bbox: 0.0489, d4.dn_loss_iou: 0.2304, loss_rpn_cls: 0.0476, loss_rpn_bbox: 0.1247, loss_cls0: 1.8928, acc0: 93.4938, loss_bbox0: 3.5289, loss_cls1: 1.6072, loss_bbox1: 4.8095, loss_centerness1: 7.0871, loss_cls_aux0: 0.0136, loss_bbox_aux0: 0.0191, loss_iou_aux0: 0.0831, d0.loss_cls_aux0: 0.0197, d0.loss_bbox_aux0: 0.0661, d0.loss_iou_aux0: 0.2750, d1.loss_cls_aux0: 0.0207, d1.loss_bbox_aux0: 0.0309, d1.loss_iou_aux0: 0.1294, d2.loss_cls_aux0: 0.0176, d2.loss_bbox_aux0: 0.0220, d2.loss_iou_aux0: 0.0937, d3.loss_cls_aux0: 0.0149, d3.loss_bbox_aux0: 0.0189, d3.loss_iou_aux0: 0.0815, d4.loss_cls_aux0: 0.0140, d4.loss_bbox_aux0: 0.0190, d4.loss_iou_aux0: 0.0822, loss_cls_aux1: 0.0107, loss_bbox_aux1: 0.0715, loss_iou_aux1: 0.3120, d0.loss_cls_aux1: 0.0133, d0.loss_bbox_aux1: 0.0935, d0.loss_iou_aux1: 0.3882, d1.loss_cls_aux1: 0.0121, d1.loss_bbox_aux1: 0.0754, d1.loss_iou_aux1: 0.3244, d2.loss_cls_aux1: 0.0115, d2.loss_bbox_aux1: 0.0724, d2.loss_iou_aux1: 0.3144, d3.loss_cls_aux1: 0.0107, d3.loss_bbox_aux1: 0.0715, d3.loss_iou_aux1: 0.3119, d4.loss_cls_aux1: 0.0107, d4.loss_bbox_aux1: 0.0715, d4.loss_iou_aux1: 0.3119, loss: 29.2574, grad_norm: 281.0964
2025-01-10 15:57:54,076 - mmdet - INFO - Epoch [26][2000/4129]	lr: 5.000e-06, eta: 17:52:11, time: 1.521, data_time: 0.005, memory: 18733, enc_loss_cls: 0.1256, enc_loss_bbox: 0.1081, enc_loss_iou: 0.4659, loss_cls: 0.0975, loss_bbox: 0.0983, loss_iou: 0.4447, d0.loss_cls: 0.1415, d0.loss_bbox: 0.0994, d0.loss_iou: 0.4450, d1.loss_cls: 0.1094, d1.loss_bbox: 0.0982, d1.loss_iou: 0.4437, d2.loss_cls: 0.1046, d2.loss_bbox: 0.0977, d2.loss_iou: 0.4434, d3.loss_cls: 0.0984, d3.loss_bbox: 0.0981, d3.loss_iou: 0.4450, d4.loss_cls: 0.0979, d4.loss_bbox: 0.0984, d4.loss_iou: 0.4445, dn_loss_cls: 0.0168, dn_loss_bbox: 0.0512, dn_loss_iou: 0.2300, d0.dn_loss_cls: 0.0503, d0.dn_loss_bbox: 0.0745, d0.dn_loss_iou: 0.3344, d1.dn_loss_cls: 0.0243, d1.dn_loss_bbox: 0.0547, d1.dn_loss_iou: 0.2460, d2.dn_loss_cls: 0.0194, d2.dn_loss_bbox: 0.0518, d2.dn_loss_iou: 0.2323, d3.dn_loss_cls: 0.0172, d3.dn_loss_bbox: 0.0511, d3.dn_loss_iou: 0.2297, d4.dn_loss_cls: 0.0167, d4.dn_loss_bbox: 0.0512, d4.dn_loss_iou: 0.2298, loss_rpn_cls: 0.0454, loss_rpn_bbox: 0.1320, loss_cls0: 1.8836, acc0: 93.5568, loss_bbox0: 3.5518, loss_cls1: 1.5691, loss_bbox1: 4.7145, loss_centerness1: 7.1557, loss_cls_aux0: 0.0122, loss_bbox_aux0: 0.0190, loss_iou_aux0: 0.0807, d0.loss_cls_aux0: 0.0165, d0.loss_bbox_aux0: 0.0688, d0.loss_iou_aux0: 0.2785, d1.loss_cls_aux0: 0.0145, d1.loss_bbox_aux0: 0.0313, d1.loss_iou_aux0: 0.1273, d2.loss_cls_aux0: 0.0141, d2.loss_bbox_aux0: 0.0224, d2.loss_iou_aux0: 0.0917, d3.loss_cls_aux0: 0.0129, d3.loss_bbox_aux0: 0.0189, d3.loss_iou_aux0: 0.0793, d4.loss_cls_aux0: 0.0121, d4.loss_bbox_aux0: 0.0190, d4.loss_iou_aux0: 0.0799, loss_cls_aux1: 0.0114, loss_bbox_aux1: 0.0700, loss_iou_aux1: 0.3016, d0.loss_cls_aux1: 0.0135, d0.loss_bbox_aux1: 0.0937, d0.loss_iou_aux1: 0.3813, d1.loss_cls_aux1: 0.0122, d1.loss_bbox_aux1: 0.0744, d1.loss_iou_aux1: 0.3147, d2.loss_cls_aux1: 0.0121, d2.loss_bbox_aux1: 0.0709, d2.loss_iou_aux1: 0.3043, d3.loss_cls_aux1: 0.0117, d3.loss_bbox_aux1: 0.0700, d3.loss_iou_aux1: 0.3014, d4.loss_cls_aux1: 0.0113, d4.loss_bbox_aux1: 0.0700, d4.loss_iou_aux1: 0.3015, loss: 29.0645, grad_norm: 290.0224
2025-01-10 16:23:13,981 - mmdet - INFO - Epoch [26][3000/4129]	lr: 5.000e-06, eta: 17:27:44, time: 1.520, data_time: 0.004, memory: 18733, enc_loss_cls: 0.1342, enc_loss_bbox: 0.1074, enc_loss_iou: 0.4663, loss_cls: 0.1065, loss_bbox: 0.0987, loss_iou: 0.4477, d0.loss_cls: 0.1522, d0.loss_bbox: 0.0996, d0.loss_iou: 0.4462, d1.loss_cls: 0.1183, d1.loss_bbox: 0.0993, d1.loss_iou: 0.4463, d2.loss_cls: 0.1127, d2.loss_bbox: 0.0983, d2.loss_iou: 0.4460, d3.loss_cls: 0.1068, d3.loss_bbox: 0.0989, d3.loss_iou: 0.4481, d4.loss_cls: 0.1063, d4.loss_bbox: 0.0987, d4.loss_iou: 0.4478, dn_loss_cls: 0.0166, dn_loss_bbox: 0.0513, dn_loss_iou: 0.2318, d0.dn_loss_cls: 0.0507, d0.dn_loss_bbox: 0.0744, d0.dn_loss_iou: 0.3380, d1.dn_loss_cls: 0.0243, d1.dn_loss_bbox: 0.0550, d1.dn_loss_iou: 0.2484, d2.dn_loss_cls: 0.0194, d2.dn_loss_bbox: 0.0519, d2.dn_loss_iou: 0.2344, d3.dn_loss_cls: 0.0169, d3.dn_loss_bbox: 0.0513, d3.dn_loss_iou: 0.2316, d4.dn_loss_cls: 0.0165, d4.dn_loss_bbox: 0.0513, d4.dn_loss_iou: 0.2317, loss_rpn_cls: 0.0440, loss_rpn_bbox: 0.1310, loss_cls0: 1.9804, acc0: 93.2061, loss_bbox0: 3.6998, loss_cls1: 1.5855, loss_bbox1: 4.7781, loss_centerness1: 7.2286, loss_cls_aux0: 0.0103, loss_bbox_aux0: 0.0197, loss_iou_aux0: 0.0820, d0.loss_cls_aux0: 0.0164, d0.loss_bbox_aux0: 0.0689, d0.loss_iou_aux0: 0.2807, d1.loss_cls_aux0: 0.0123, d1.loss_bbox_aux0: 0.0319, d1.loss_iou_aux0: 0.1298, d2.loss_cls_aux0: 0.0109, d2.loss_bbox_aux0: 0.0231, d2.loss_iou_aux0: 0.0939, d3.loss_cls_aux0: 0.0100, d3.loss_bbox_aux0: 0.0195, d3.loss_iou_aux0: 0.0809, d4.loss_cls_aux0: 0.0101, d4.loss_bbox_aux0: 0.0196, d4.loss_iou_aux0: 0.0814, loss_cls_aux1: 0.0111, loss_bbox_aux1: 0.0712, loss_iou_aux1: 0.3054, d0.loss_cls_aux1: 0.0140, d0.loss_bbox_aux1: 0.0934, d0.loss_iou_aux1: 0.3826, d1.loss_cls_aux1: 0.0123, d1.loss_bbox_aux1: 0.0754, d1.loss_iou_aux1: 0.3195, d2.loss_cls_aux1: 0.0114, d2.loss_bbox_aux1: 0.0720, d2.loss_iou_aux1: 0.3083, d3.loss_cls_aux1: 0.0109, d3.loss_bbox_aux1: 0.0712, d3.loss_iou_aux1: 0.3053, d4.loss_cls_aux1: 0.0109, d4.loss_bbox_aux1: 0.0712, d4.loss_iou_aux1: 0.3054, loss: 29.5819, grad_norm: 283.2084
2025-01-10 16:48:33,599 - mmdet - INFO - Epoch [26][4000/4129]	lr: 5.000e-06, eta: 17:03:17, time: 1.520, data_time: 0.004, memory: 18733, enc_loss_cls: 0.1284, enc_loss_bbox: 0.1110, enc_loss_iou: 0.4829, loss_cls: 0.1065, loss_bbox: 0.1014, loss_iou: 0.4598, d0.loss_cls: 0.1476, d0.loss_bbox: 0.1024, d0.loss_iou: 0.4618, d1.loss_cls: 0.1155, d1.loss_bbox: 0.1013, d1.loss_iou: 0.4597, d2.loss_cls: 0.1093, d2.loss_bbox: 0.1015, d2.loss_iou: 0.4601, d3.loss_cls: 0.1064, d3.loss_bbox: 0.1017, d3.loss_iou: 0.4606, d4.loss_cls: 0.1057, d4.loss_bbox: 0.1014, d4.loss_iou: 0.4607, dn_loss_cls: 0.0192, dn_loss_bbox: 0.0504, dn_loss_iou: 0.2313, d0.dn_loss_cls: 0.0530, d0.dn_loss_bbox: 0.0734, d0.dn_loss_iou: 0.3373, d1.dn_loss_cls: 0.0277, d1.dn_loss_bbox: 0.0540, d1.dn_loss_iou: 0.2493, d2.dn_loss_cls: 0.0226, d2.dn_loss_bbox: 0.0509, d2.dn_loss_iou: 0.2340, d3.dn_loss_cls: 0.0196, d3.dn_loss_bbox: 0.0503, d3.dn_loss_iou: 0.2312, d4.dn_loss_cls: 0.0191, d4.dn_loss_bbox: 0.0504, d4.dn_loss_iou: 0.2314, loss_rpn_cls: 0.0519, loss_rpn_bbox: 0.1278, loss_cls0: 1.9302, acc0: 93.3611, loss_bbox0: 3.5520, loss_cls1: 1.6916, loss_bbox1: 4.8222, loss_centerness1: 7.0997, loss_cls_aux0: 0.0169, loss_bbox_aux0: 0.0179, loss_iou_aux0: 0.0761, d0.loss_cls_aux0: 0.0231, d0.loss_bbox_aux0: 0.0655, d0.loss_iou_aux0: 0.2672, d1.loss_cls_aux0: 0.0184, d1.loss_bbox_aux0: 0.0298, d1.loss_iou_aux0: 0.1223, d2.loss_cls_aux0: 0.0176, d2.loss_bbox_aux0: 0.0211, d2.loss_iou_aux0: 0.0874, d3.loss_cls_aux0: 0.0167, d3.loss_bbox_aux0: 0.0178, d3.loss_iou_aux0: 0.0749, d4.loss_cls_aux0: 0.0166, d4.loss_bbox_aux0: 0.0179, d4.loss_iou_aux0: 0.0754, loss_cls_aux1: 0.0115, loss_bbox_aux1: 0.0742, loss_iou_aux1: 0.3106, d0.loss_cls_aux1: 0.0142, d0.loss_bbox_aux1: 0.0966, d0.loss_iou_aux1: 0.3870, d1.loss_cls_aux1: 0.0132, d1.loss_bbox_aux1: 0.0781, d1.loss_iou_aux1: 0.3237, d2.loss_cls_aux1: 0.0124, d2.loss_bbox_aux1: 0.0752, d2.loss_iou_aux1: 0.3136, d3.loss_cls_aux1: 0.0116, d3.loss_bbox_aux1: 0.0742, d3.loss_iou_aux1: 0.3104, d4.loss_cls_aux1: 0.0113, d4.loss_bbox_aux1: 0.0742, d4.loss_iou_aux1: 0.3105, loss: 29.5512, grad_norm: 288.4707
2025-01-10 16:51:49,705 - mmdet - INFO - Saving checkpoint at 26 epochs
2025-01-10 16:57:51,977 - mmdet - INFO - Evaluating bbox...
2025-01-10 16:59:05,959 - mmdet - INFO - 
 Average Precision  (AP) @[ IoU=0.50:0.95 | area=   all | maxDets=100 ] = 0.459
 Average Precision  (AP) @[ IoU=0.50      | area=   all | maxDets=1000 ] = 0.841
 Average Precision  (AP) @[ IoU=0.75      | area=   all | maxDets=1000 ] = 0.423
 Average Precision  (AP) @[ IoU=0.50:0.95 | area= small | maxDets=1000 ] = 0.336
 Average Precision  (AP) @[ IoU=0.50:0.95 | area=medium | maxDets=1000 ] = 0.516
 Average Precision  (AP) @[ IoU=0.50:0.95 | area= large | maxDets=1000 ] = 0.677
 Average Recall     (AR) @[ IoU=0.50:0.95 | area=   all | maxDets=100 ] = 0.595
 Average Recall     (AR) @[ IoU=0.50:0.95 | area=   all | maxDets=300 ] = 0.610
 Average Recall     (AR) @[ IoU=0.50:0.95 | area=   all | maxDets=1000 ] = 0.615
 Average Recall     (AR) @[ IoU=0.50:0.95 | area= small | maxDets=1000 ] = 0.552
 Average Recall     (AR) @[ IoU=0.50:0.95 | area=medium | maxDets=1000 ] = 0.636
 Average Recall     (AR) @[ IoU=0.50:0.95 | area= large | maxDets=1000 ] = 0.797

2025-01-10 16:59:05,960 - mmdet - INFO - 
+----------+-------+--------+--------+-------+-------+-------+
| category | mAP   | mAP_50 | mAP_75 | mAP_s | mAP_m | mAP_l |
+----------+-------+--------+--------+-------+-------+-------+
| person   | 0.475 | 0.876  | 0.455  | 0.338 | 0.544 | 0.755 |
| car      | 0.628 | 0.928  | 0.687  | 0.425 | 0.678 | 0.901 |
| bicycle  | 0.277 | 0.719  | 0.127  | 0.245 | 0.325 | 0.375 |
+----------+-------+--------+--------+-------+-------+-------+
2025-01-10 16:59:06,524 - mmdet - INFO - Exp name: codino_vit_twostream_640_autoaugv1_train1.py
2025-01-10 16:59:06,524 - mmdet - INFO - Epoch(val) [26][1013]	person_precision: 0.4750, car_precision: 0.6280, bicycle_precision: 0.2770, bbox_mAP: 0.4590, bbox_mAP_50: 0.8410, bbox_mAP_75: 0.4230, bbox_mAP_s: 0.3360, bbox_mAP_m: 0.5160, bbox_mAP_l: 0.6770, bbox_mAP_copypaste: 0.459 0.841 0.423 0.336 0.516 0.677
2025-01-10 17:24:27,188 - mmdet - INFO - Epoch [27][1000/4129]	lr: 5.000e-06, eta: 16:34:26, time: 1.521, data_time: 0.007, memory: 18733, enc_loss_cls: 0.1293, enc_loss_bbox: 0.1092, enc_loss_iou: 0.4686, loss_cls: 0.0991, loss_bbox: 0.1019, loss_iou: 0.4524, d0.loss_cls: 0.1476, d0.loss_bbox: 0.1014, d0.loss_iou: 0.4489, d1.loss_cls: 0.1075, d1.loss_bbox: 0.1024, d1.loss_iou: 0.4518, d2.loss_cls: 0.1051, d2.loss_bbox: 0.1016, d2.loss_iou: 0.4509, d3.loss_cls: 0.1003, d3.loss_bbox: 0.1017, d3.loss_iou: 0.4526, d4.loss_cls: 0.0987, d4.loss_bbox: 0.1020, d4.loss_iou: 0.4525, dn_loss_cls: 0.0192, dn_loss_bbox: 0.0521, dn_loss_iou: 0.2302, d0.dn_loss_cls: 0.0527, d0.dn_loss_bbox: 0.0751, d0.dn_loss_iou: 0.3333, d1.dn_loss_cls: 0.0269, d1.dn_loss_bbox: 0.0556, d1.dn_loss_iou: 0.2471, d2.dn_loss_cls: 0.0220, d2.dn_loss_bbox: 0.0527, d2.dn_loss_iou: 0.2327, d3.dn_loss_cls: 0.0197, d3.dn_loss_bbox: 0.0521, d3.dn_loss_iou: 0.2300, d4.dn_loss_cls: 0.0191, d4.dn_loss_bbox: 0.0521, d4.dn_loss_iou: 0.2301, loss_rpn_cls: 0.0511, loss_rpn_bbox: 0.1293, loss_cls0: 1.9700, acc0: 93.2908, loss_bbox0: 3.6441, loss_cls1: 1.6944, loss_bbox1: 4.7669, loss_centerness1: 7.1618, loss_cls_aux0: 0.0176, loss_bbox_aux0: 0.0203, loss_iou_aux0: 0.0850, d0.loss_cls_aux0: 0.0268, d0.loss_bbox_aux0: 0.0691, d0.loss_iou_aux0: 0.2771, d1.loss_cls_aux0: 0.0213, d1.loss_bbox_aux0: 0.0322, d1.loss_iou_aux0: 0.1296, d2.loss_cls_aux0: 0.0186, d2.loss_bbox_aux0: 0.0236, d2.loss_iou_aux0: 0.0958, d3.loss_cls_aux0: 0.0176, d3.loss_bbox_aux0: 0.0202, d3.loss_iou_aux0: 0.0840, d4.loss_cls_aux0: 0.0177, d4.loss_bbox_aux0: 0.0203, d4.loss_iou_aux0: 0.0845, loss_cls_aux1: 0.0142, loss_bbox_aux1: 0.0720, loss_iou_aux1: 0.3035, d0.loss_cls_aux1: 0.0171, d0.loss_bbox_aux1: 0.0962, d0.loss_iou_aux1: 0.3806, d1.loss_cls_aux1: 0.0162, d1.loss_bbox_aux1: 0.0763, d1.loss_iou_aux1: 0.3163, d2.loss_cls_aux1: 0.0145, d2.loss_bbox_aux1: 0.0732, d2.loss_iou_aux1: 0.3063, d3.loss_cls_aux1: 0.0141, d3.loss_bbox_aux1: 0.0720, d3.loss_iou_aux1: 0.3033, d4.loss_cls_aux1: 0.0141, d4.loss_bbox_aux1: 0.0720, d4.loss_iou_aux1: 0.3035, loss: 29.6323, grad_norm: 270.8733
2025-01-10 17:49:46,644 - mmdet - INFO - Epoch [27][2000/4129]	lr: 5.000e-06, eta: 16:09:59, time: 1.519, data_time: 0.005, memory: 18733, enc_loss_cls: 0.1275, enc_loss_bbox: 0.1080, enc_loss_iou: 0.4821, loss_cls: 0.1061, loss_bbox: 0.0988, loss_iou: 0.4582, d0.loss_cls: 0.1468, d0.loss_bbox: 0.0992, d0.loss_iou: 0.4561, d1.loss_cls: 0.1156, d1.loss_bbox: 0.0998, d1.loss_iou: 0.4564, d2.loss_cls: 0.1137, d2.loss_bbox: 0.0983, d2.loss_iou: 0.4552, d3.loss_cls: 0.1079, d3.loss_bbox: 0.0984, d3.loss_iou: 0.4572, d4.loss_cls: 0.1062, d4.loss_bbox: 0.0988, d4.loss_iou: 0.4581, dn_loss_cls: 0.0189, dn_loss_bbox: 0.0499, dn_loss_iou: 0.2337, d0.dn_loss_cls: 0.0536, d0.dn_loss_bbox: 0.0725, d0.dn_loss_iou: 0.3388, d1.dn_loss_cls: 0.0266, d1.dn_loss_bbox: 0.0533, d1.dn_loss_iou: 0.2508, d2.dn_loss_cls: 0.0220, d2.dn_loss_bbox: 0.0504, d2.dn_loss_iou: 0.2362, d3.dn_loss_cls: 0.0194, d3.dn_loss_bbox: 0.0498, d3.dn_loss_iou: 0.2335, d4.dn_loss_cls: 0.0188, d4.dn_loss_bbox: 0.0498, d4.dn_loss_iou: 0.2336, loss_rpn_cls: 0.0445, loss_rpn_bbox: 0.1261, loss_cls0: 1.9298, acc0: 93.3947, loss_bbox0: 3.5454, loss_cls1: 1.6603, loss_bbox1: 4.8645, loss_centerness1: 7.1999, loss_cls_aux0: 0.0142, loss_bbox_aux0: 0.0181, loss_iou_aux0: 0.0799, d0.loss_cls_aux0: 0.0263, d0.loss_bbox_aux0: 0.0665, d0.loss_iou_aux0: 0.2759, d1.loss_cls_aux0: 0.0191, d1.loss_bbox_aux0: 0.0298, d1.loss_iou_aux0: 0.1262, d2.loss_cls_aux0: 0.0167, d2.loss_bbox_aux0: 0.0213, d2.loss_iou_aux0: 0.0915, d3.loss_cls_aux0: 0.0146, d3.loss_bbox_aux0: 0.0179, d3.loss_iou_aux0: 0.0788, d4.loss_cls_aux0: 0.0137, d4.loss_bbox_aux0: 0.0180, d4.loss_iou_aux0: 0.0794, loss_cls_aux1: 0.0138, loss_bbox_aux1: 0.0736, loss_iou_aux1: 0.3171, d0.loss_cls_aux1: 0.0183, d0.loss_bbox_aux1: 0.0972, d0.loss_iou_aux1: 0.3949, d1.loss_cls_aux1: 0.0161, d1.loss_bbox_aux1: 0.0782, d1.loss_iou_aux1: 0.3308, d2.loss_cls_aux1: 0.0149, d2.loss_bbox_aux1: 0.0746, d2.loss_iou_aux1: 0.3200, d3.loss_cls_aux1: 0.0138, d3.loss_bbox_aux1: 0.0736, d3.loss_iou_aux1: 0.3169, d4.loss_cls_aux1: 0.0134, d4.loss_bbox_aux1: 0.0736, d4.loss_iou_aux1: 0.3170, loss: 29.6962, grad_norm: 300.4237
2025-01-10 18:15:07,179 - mmdet - INFO - Epoch [27][3000/4129]	lr: 5.000e-06, eta: 15:45:32, time: 1.521, data_time: 0.005, memory: 18733, enc_loss_cls: 0.1245, enc_loss_bbox: 0.1117, enc_loss_iou: 0.4706, loss_cls: 0.0968, loss_bbox: 0.1011, loss_iou: 0.4475, d0.loss_cls: 0.1445, d0.loss_bbox: 0.1029, d0.loss_iou: 0.4472, d1.loss_cls: 0.1050, d1.loss_bbox: 0.1020, d1.loss_iou: 0.4481, d2.loss_cls: 0.1035, d2.loss_bbox: 0.1005, d2.loss_iou: 0.4460, d3.loss_cls: 0.0973, d3.loss_bbox: 0.1010, d3.loss_iou: 0.4475, d4.loss_cls: 0.0966, d4.loss_bbox: 0.1012, d4.loss_iou: 0.4475, dn_loss_cls: 0.0168, dn_loss_bbox: 0.0521, dn_loss_iou: 0.2299, d0.dn_loss_cls: 0.0497, d0.dn_loss_bbox: 0.0754, d0.dn_loss_iou: 0.3322, d1.dn_loss_cls: 0.0240, d1.dn_loss_bbox: 0.0554, d1.dn_loss_iou: 0.2457, d2.dn_loss_cls: 0.0193, d2.dn_loss_bbox: 0.0526, d2.dn_loss_iou: 0.2323, d3.dn_loss_cls: 0.0171, d3.dn_loss_bbox: 0.0521, d3.dn_loss_iou: 0.2297, d4.dn_loss_cls: 0.0167, d4.dn_loss_bbox: 0.0521, d4.dn_loss_iou: 0.2298, loss_rpn_cls: 0.0483, loss_rpn_bbox: 0.1270, loss_cls0: 1.9136, acc0: 93.4363, loss_bbox0: 3.5591, loss_cls1: 1.6339, loss_bbox1: 4.7627, loss_centerness1: 7.2144, loss_cls_aux0: 0.0122, loss_bbox_aux0: 0.0202, loss_iou_aux0: 0.0801, d0.loss_cls_aux0: 0.0201, d0.loss_bbox_aux0: 0.0696, d0.loss_iou_aux0: 0.2737, d1.loss_cls_aux0: 0.0142, d1.loss_bbox_aux0: 0.0327, d1.loss_iou_aux0: 0.1275, d2.loss_cls_aux0: 0.0132, d2.loss_bbox_aux0: 0.0234, d2.loss_iou_aux0: 0.0917, d3.loss_cls_aux0: 0.0127, d3.loss_bbox_aux0: 0.0200, d3.loss_iou_aux0: 0.0787, d4.loss_cls_aux0: 0.0121, d4.loss_bbox_aux0: 0.0201, d4.loss_iou_aux0: 0.0794, loss_cls_aux1: 0.0107, loss_bbox_aux1: 0.0749, loss_iou_aux1: 0.3057, d0.loss_cls_aux1: 0.0130, d0.loss_bbox_aux1: 0.1007, d0.loss_iou_aux1: 0.3851, d1.loss_cls_aux1: 0.0113, d1.loss_bbox_aux1: 0.0802, d1.loss_iou_aux1: 0.3198, d2.loss_cls_aux1: 0.0109, d2.loss_bbox_aux1: 0.0761, d2.loss_iou_aux1: 0.3083, d3.loss_cls_aux1: 0.0106, d3.loss_bbox_aux1: 0.0749, d3.loss_iou_aux1: 0.3054, d4.loss_cls_aux1: 0.0105, d4.loss_bbox_aux1: 0.0749, d4.loss_iou_aux1: 0.3056, loss: 29.3645, grad_norm: 283.6326
2025-01-10 18:40:26,614 - mmdet - INFO - Epoch [27][4000/4129]	lr: 5.000e-06, eta: 15:21:03, time: 1.519, data_time: 0.005, memory: 18733, enc_loss_cls: 0.1340, enc_loss_bbox: 0.1035, enc_loss_iou: 0.4751, loss_cls: 0.1082, loss_bbox: 0.0955, loss_iou: 0.4489, d0.loss_cls: 0.1554, d0.loss_bbox: 0.0964, d0.loss_iou: 0.4501, d1.loss_cls: 0.1164, d1.loss_bbox: 0.0961, d1.loss_iou: 0.4503, d2.loss_cls: 0.1145, d2.loss_bbox: 0.0951, d2.loss_iou: 0.4476, d3.loss_cls: 0.1095, d3.loss_bbox: 0.0954, d3.loss_iou: 0.4481, d4.loss_cls: 0.1088, d4.loss_bbox: 0.0955, d4.loss_iou: 0.4487, dn_loss_cls: 0.0173, dn_loss_bbox: 0.0490, dn_loss_iou: 0.2303, d0.dn_loss_cls: 0.0520, d0.dn_loss_bbox: 0.0712, d0.dn_loss_iou: 0.3351, d1.dn_loss_cls: 0.0256, d1.dn_loss_bbox: 0.0525, d1.dn_loss_iou: 0.2479, d2.dn_loss_cls: 0.0208, d2.dn_loss_bbox: 0.0495, d2.dn_loss_iou: 0.2329, d3.dn_loss_cls: 0.0181, d3.dn_loss_bbox: 0.0490, d3.dn_loss_iou: 0.2302, d4.dn_loss_cls: 0.0174, d4.dn_loss_bbox: 0.0490, d4.dn_loss_iou: 0.2303, loss_rpn_cls: 0.0443, loss_rpn_bbox: 0.1265, loss_cls0: 1.9552, acc0: 93.3242, loss_bbox0: 3.5829, loss_cls1: 1.6768, loss_bbox1: 4.8344, loss_centerness1: 7.1209, loss_cls_aux0: 0.0122, loss_bbox_aux0: 0.0196, loss_iou_aux0: 0.0819, d0.loss_cls_aux0: 0.0213, d0.loss_bbox_aux0: 0.0654, d0.loss_iou_aux0: 0.2757, d1.loss_cls_aux0: 0.0163, d1.loss_bbox_aux0: 0.0303, d1.loss_iou_aux0: 0.1269, d2.loss_cls_aux0: 0.0152, d2.loss_bbox_aux0: 0.0225, d2.loss_iou_aux0: 0.0934, d3.loss_cls_aux0: 0.0136, d3.loss_bbox_aux0: 0.0195, d3.loss_iou_aux0: 0.0808, d4.loss_cls_aux0: 0.0121, d4.loss_bbox_aux0: 0.0195, d4.loss_iou_aux0: 0.0813, loss_cls_aux1: 0.0121, loss_bbox_aux1: 0.0707, loss_iou_aux1: 0.3134, d0.loss_cls_aux1: 0.0146, d0.loss_bbox_aux1: 0.0932, d0.loss_iou_aux1: 0.3927, d1.loss_cls_aux1: 0.0134, d1.loss_bbox_aux1: 0.0745, d1.loss_iou_aux1: 0.3263, d2.loss_cls_aux1: 0.0131, d2.loss_bbox_aux1: 0.0714, d2.loss_iou_aux1: 0.3160, d3.loss_cls_aux1: 0.0127, d3.loss_bbox_aux1: 0.0706, d3.loss_iou_aux1: 0.3132, d4.loss_cls_aux1: 0.0121, d4.loss_bbox_aux1: 0.0706, d4.loss_iou_aux1: 0.3133, loss: 29.5237, grad_norm: 288.5654
2025-01-10 18:43:42,520 - mmdet - INFO - Saving checkpoint at 27 epochs
2025-01-10 18:49:47,254 - mmdet - INFO - Evaluating bbox...
2025-01-10 18:51:00,914 - mmdet - INFO - 
 Average Precision  (AP) @[ IoU=0.50:0.95 | area=   all | maxDets=100 ] = 0.463
 Average Precision  (AP) @[ IoU=0.50      | area=   all | maxDets=1000 ] = 0.843
 Average Precision  (AP) @[ IoU=0.75      | area=   all | maxDets=1000 ] = 0.434
 Average Precision  (AP) @[ IoU=0.50:0.95 | area= small | maxDets=1000 ] = 0.334
 Average Precision  (AP) @[ IoU=0.50:0.95 | area=medium | maxDets=1000 ] = 0.521
 Average Precision  (AP) @[ IoU=0.50:0.95 | area= large | maxDets=1000 ] = 0.692
 Average Recall     (AR) @[ IoU=0.50:0.95 | area=   all | maxDets=100 ] = 0.591
 Average Recall     (AR) @[ IoU=0.50:0.95 | area=   all | maxDets=300 ] = 0.603
 Average Recall     (AR) @[ IoU=0.50:0.95 | area=   all | maxDets=1000 ] = 0.605
 Average Recall     (AR) @[ IoU=0.50:0.95 | area= small | maxDets=1000 ] = 0.530
 Average Recall     (AR) @[ IoU=0.50:0.95 | area=medium | maxDets=1000 ] = 0.635
 Average Recall     (AR) @[ IoU=0.50:0.95 | area= large | maxDets=1000 ] = 0.791

2025-01-10 18:51:00,915 - mmdet - INFO - 
+----------+-------+--------+--------+-------+-------+-------+
| category | mAP   | mAP_50 | mAP_75 | mAP_s | mAP_m | mAP_l |
+----------+-------+--------+--------+-------+-------+-------+
| person   | 0.473 | 0.886  | 0.442  | 0.34  | 0.538 | 0.75  |
| car      | 0.633 | 0.927  | 0.693  | 0.419 | 0.69  | 0.906 |
| bicycle  | 0.284 | 0.715  | 0.166  | 0.243 | 0.334 | 0.42  |
+----------+-------+--------+--------+-------+-------+-------+
2025-01-10 18:51:01,473 - mmdet - INFO - Exp name: codino_vit_twostream_640_autoaugv1_train1.py
2025-01-10 18:51:01,475 - mmdet - INFO - Epoch(val) [27][1013]	person_precision: 0.4730, car_precision: 0.6330, bicycle_precision: 0.2840, bbox_mAP: 0.4630, bbox_mAP_50: 0.8430, bbox_mAP_75: 0.4340, bbox_mAP_s: 0.3340, bbox_mAP_m: 0.5210, bbox_mAP_l: 0.6920, bbox_mAP_copypaste: 0.463 0.843 0.434 0.334 0.521 0.692
2025-01-10 19:16:21,929 - mmdet - INFO - Epoch [28][1000/4129]	lr: 5.000e-06, eta: 14:52:20, time: 1.520, data_time: 0.007, memory: 18733, enc_loss_cls: 0.1239, enc_loss_bbox: 0.1077, enc_loss_iou: 0.4731, loss_cls: 0.1028, loss_bbox: 0.0979, loss_iou: 0.4470, d0.loss_cls: 0.1429, d0.loss_bbox: 0.0991, d0.loss_iou: 0.4496, d1.loss_cls: 0.1054, d1.loss_bbox: 0.0990, d1.loss_iou: 0.4509, d2.loss_cls: 0.1041, d2.loss_bbox: 0.0980, d2.loss_iou: 0.4476, d3.loss_cls: 0.1036, d3.loss_bbox: 0.0973, d3.loss_iou: 0.4461, d4.loss_cls: 0.1026, d4.loss_bbox: 0.0979, d4.loss_iou: 0.4471, dn_loss_cls: 0.0179, dn_loss_bbox: 0.0491, dn_loss_iou: 0.2290, d0.dn_loss_cls: 0.0522, d0.dn_loss_bbox: 0.0717, d0.dn_loss_iou: 0.3329, d1.dn_loss_cls: 0.0262, d1.dn_loss_bbox: 0.0525, d1.dn_loss_iou: 0.2461, d2.dn_loss_cls: 0.0208, d2.dn_loss_bbox: 0.0496, d2.dn_loss_iou: 0.2318, d3.dn_loss_cls: 0.0183, d3.dn_loss_bbox: 0.0490, d3.dn_loss_iou: 0.2288, d4.dn_loss_cls: 0.0179, d4.dn_loss_bbox: 0.0490, d4.dn_loss_iou: 0.2288, loss_rpn_cls: 0.0528, loss_rpn_bbox: 0.1261, loss_cls0: 1.8989, acc0: 93.4355, loss_bbox0: 3.5644, loss_cls1: 1.6248, loss_bbox1: 4.7421, loss_centerness1: 7.0872, loss_cls_aux0: 0.0150, loss_bbox_aux0: 0.0186, loss_iou_aux0: 0.0800, d0.loss_cls_aux0: 0.0200, d0.loss_bbox_aux0: 0.0666, d0.loss_iou_aux0: 0.2767, d1.loss_cls_aux0: 0.0149, d1.loss_bbox_aux0: 0.0302, d1.loss_iou_aux0: 0.1265, d2.loss_cls_aux0: 0.0137, d2.loss_bbox_aux0: 0.0218, d2.loss_iou_aux0: 0.0921, d3.loss_cls_aux0: 0.0134, d3.loss_bbox_aux0: 0.0185, d3.loss_iou_aux0: 0.0790, d4.loss_cls_aux0: 0.0145, d4.loss_bbox_aux0: 0.0185, d4.loss_iou_aux0: 0.0795, loss_cls_aux1: 0.0144, loss_bbox_aux1: 0.0710, loss_iou_aux1: 0.3024, d0.loss_cls_aux1: 0.0142, d0.loss_bbox_aux1: 0.0966, d0.loss_iou_aux1: 0.3833, d1.loss_cls_aux1: 0.0137, d1.loss_bbox_aux1: 0.0760, d1.loss_iou_aux1: 0.3156, d2.loss_cls_aux1: 0.0124, d2.loss_bbox_aux1: 0.0721, d2.loss_iou_aux1: 0.3052, d3.loss_cls_aux1: 0.0118, d3.loss_bbox_aux1: 0.0710, d3.loss_iou_aux1: 0.3024, d4.loss_cls_aux1: 0.0140, d4.loss_bbox_aux1: 0.0710, d4.loss_iou_aux1: 0.3024, loss: 29.1606, grad_norm: 278.6719
2025-01-10 19:41:41,437 - mmdet - INFO - Epoch [28][2000/4129]	lr: 5.000e-06, eta: 14:27:52, time: 1.519, data_time: 0.004, memory: 18733, enc_loss_cls: 0.1219, enc_loss_bbox: 0.1025, enc_loss_iou: 0.4509, loss_cls: 0.0964, loss_bbox: 0.0955, loss_iou: 0.4296, d0.loss_cls: 0.1396, d0.loss_bbox: 0.0957, d0.loss_iou: 0.4296, d1.loss_cls: 0.1039, d1.loss_bbox: 0.0963, d1.loss_iou: 0.4317, d2.loss_cls: 0.1002, d2.loss_bbox: 0.0954, d2.loss_iou: 0.4293, d3.loss_cls: 0.0968, d3.loss_bbox: 0.0954, d3.loss_iou: 0.4290, d4.loss_cls: 0.0965, d4.loss_bbox: 0.0955, d4.loss_iou: 0.4297, dn_loss_cls: 0.0153, dn_loss_bbox: 0.0495, dn_loss_iou: 0.2241, d0.dn_loss_cls: 0.0471, d0.dn_loss_bbox: 0.0713, d0.dn_loss_iou: 0.3240, d1.dn_loss_cls: 0.0229, d1.dn_loss_bbox: 0.0527, d1.dn_loss_iou: 0.2397, d2.dn_loss_cls: 0.0180, d2.dn_loss_bbox: 0.0500, d2.dn_loss_iou: 0.2265, d3.dn_loss_cls: 0.0157, d3.dn_loss_bbox: 0.0495, d3.dn_loss_iou: 0.2239, d4.dn_loss_cls: 0.0153, d4.dn_loss_bbox: 0.0495, d4.dn_loss_iou: 0.2240, loss_rpn_cls: 0.0479, loss_rpn_bbox: 0.1253, loss_cls0: 1.8923, acc0: 93.4146, loss_bbox0: 3.5533, loss_cls1: 1.5373, loss_bbox1: 4.5459, loss_centerness1: 7.1354, loss_cls_aux0: 0.0093, loss_bbox_aux0: 0.0188, loss_iou_aux0: 0.0786, d0.loss_cls_aux0: 0.0131, d0.loss_bbox_aux0: 0.0655, d0.loss_iou_aux0: 0.2677, d1.loss_cls_aux0: 0.0106, d1.loss_bbox_aux0: 0.0304, d1.loss_iou_aux0: 0.1243, d2.loss_cls_aux0: 0.0099, d2.loss_bbox_aux0: 0.0222, d2.loss_iou_aux0: 0.0902, d3.loss_cls_aux0: 0.0093, d3.loss_bbox_aux0: 0.0187, d3.loss_iou_aux0: 0.0774, d4.loss_cls_aux0: 0.0091, d4.loss_bbox_aux0: 0.0187, d4.loss_iou_aux0: 0.0780, loss_cls_aux1: 0.0087, loss_bbox_aux1: 0.0700, loss_iou_aux1: 0.2932, d0.loss_cls_aux1: 0.0110, d0.loss_bbox_aux1: 0.0928, d0.loss_iou_aux1: 0.3654, d1.loss_cls_aux1: 0.0097, d1.loss_bbox_aux1: 0.0735, d1.loss_iou_aux1: 0.3046, d2.loss_cls_aux1: 0.0094, d2.loss_bbox_aux1: 0.0704, d2.loss_iou_aux1: 0.2952, d3.loss_cls_aux1: 0.0090, d3.loss_bbox_aux1: 0.0700, d3.loss_iou_aux1: 0.2931, d4.loss_cls_aux1: 0.0087, d4.loss_bbox_aux1: 0.0700, d4.loss_iou_aux1: 0.2932, loss: 28.5172, grad_norm: 270.7164
2025-01-10 20:07:00,606 - mmdet - INFO - Epoch [28][3000/4129]	lr: 5.000e-06, eta: 14:03:22, time: 1.519, data_time: 0.004, memory: 18733, enc_loss_cls: 0.1236, enc_loss_bbox: 0.1051, enc_loss_iou: 0.4693, loss_cls: 0.1025, loss_bbox: 0.0964, loss_iou: 0.4459, d0.loss_cls: 0.1421, d0.loss_bbox: 0.0973, d0.loss_iou: 0.4489, d1.loss_cls: 0.1126, d1.loss_bbox: 0.0961, d1.loss_iou: 0.4443, d2.loss_cls: 0.1065, d2.loss_bbox: 0.0961, d2.loss_iou: 0.4451, d3.loss_cls: 0.1020, d3.loss_bbox: 0.0964, d3.loss_iou: 0.4464, d4.loss_cls: 0.1019, d4.loss_bbox: 0.0965, d4.loss_iou: 0.4461, dn_loss_cls: 0.0170, dn_loss_bbox: 0.0494, dn_loss_iou: 0.2280, d0.dn_loss_cls: 0.0502, d0.dn_loss_bbox: 0.0718, d0.dn_loss_iou: 0.3314, d1.dn_loss_cls: 0.0239, d1.dn_loss_bbox: 0.0526, d1.dn_loss_iou: 0.2439, d2.dn_loss_cls: 0.0193, d2.dn_loss_bbox: 0.0500, d2.dn_loss_iou: 0.2303, d3.dn_loss_cls: 0.0172, d3.dn_loss_bbox: 0.0494, d3.dn_loss_iou: 0.2277, d4.dn_loss_cls: 0.0169, d4.dn_loss_bbox: 0.0494, d4.dn_loss_iou: 0.2279, loss_rpn_cls: 0.0404, loss_rpn_bbox: 0.1283, loss_cls0: 1.9503, acc0: 93.3084, loss_bbox0: 3.6319, loss_cls1: 1.6371, loss_bbox1: 4.7168, loss_centerness1: 7.0919, loss_cls_aux0: 0.0163, loss_bbox_aux0: 0.0186, loss_iou_aux0: 0.0812, d0.loss_cls_aux0: 0.0253, d0.loss_bbox_aux0: 0.0661, d0.loss_iou_aux0: 0.2748, d1.loss_cls_aux0: 0.0183, d1.loss_bbox_aux0: 0.0304, d1.loss_iou_aux0: 0.1278, d2.loss_cls_aux0: 0.0170, d2.loss_bbox_aux0: 0.0220, d2.loss_iou_aux0: 0.0924, d3.loss_cls_aux0: 0.0165, d3.loss_bbox_aux0: 0.0185, d3.loss_iou_aux0: 0.0800, d4.loss_cls_aux0: 0.0163, d4.loss_bbox_aux0: 0.0185, d4.loss_iou_aux0: 0.0805, loss_cls_aux1: 0.0103, loss_bbox_aux1: 0.0704, loss_iou_aux1: 0.3050, d0.loss_cls_aux1: 0.0139, d0.loss_bbox_aux1: 0.0934, d0.loss_iou_aux1: 0.3811, d1.loss_cls_aux1: 0.0112, d1.loss_bbox_aux1: 0.0744, d1.loss_iou_aux1: 0.3182, d2.loss_cls_aux1: 0.0104, d2.loss_bbox_aux1: 0.0713, d2.loss_iou_aux1: 0.3078, d3.loss_cls_aux1: 0.0101, d3.loss_bbox_aux1: 0.0704, d3.loss_iou_aux1: 0.3050, d4.loss_cls_aux1: 0.0102, d4.loss_bbox_aux1: 0.0704, d4.loss_iou_aux1: 0.3049, loss: 29.2330, grad_norm: 287.7838
2025-01-10 20:32:20,083 - mmdet - INFO - Epoch [28][4000/4129]	lr: 5.000e-06, eta: 13:38:52, time: 1.519, data_time: 0.004, memory: 18733, enc_loss_cls: 0.1280, enc_loss_bbox: 0.1055, enc_loss_iou: 0.4659, loss_cls: 0.1067, loss_bbox: 0.0970, loss_iou: 0.4428, d0.loss_cls: 0.1475, d0.loss_bbox: 0.0973, d0.loss_iou: 0.4449, d1.loss_cls: 0.1185, d1.loss_bbox: 0.0973, d1.loss_iou: 0.4430, d2.loss_cls: 0.1091, d2.loss_bbox: 0.0967, d2.loss_iou: 0.4440, d3.loss_cls: 0.1074, d3.loss_bbox: 0.0967, d3.loss_iou: 0.4424, d4.loss_cls: 0.1069, d4.loss_bbox: 0.0969, d4.loss_iou: 0.4427, dn_loss_cls: 0.0182, dn_loss_bbox: 0.0500, dn_loss_iou: 0.2294, d0.dn_loss_cls: 0.0519, d0.dn_loss_bbox: 0.0727, d0.dn_loss_iou: 0.3328, d1.dn_loss_cls: 0.0257, d1.dn_loss_bbox: 0.0532, d1.dn_loss_iou: 0.2456, d2.dn_loss_cls: 0.0208, d2.dn_loss_bbox: 0.0505, d2.dn_loss_iou: 0.2320, d3.dn_loss_cls: 0.0185, d3.dn_loss_bbox: 0.0499, d3.dn_loss_iou: 0.2292, d4.dn_loss_cls: 0.0182, d4.dn_loss_bbox: 0.0499, d4.dn_loss_iou: 0.2293, loss_rpn_cls: 0.0522, loss_rpn_bbox: 0.1284, loss_cls0: 1.9790, acc0: 93.3134, loss_bbox0: 3.6051, loss_cls1: 1.6249, loss_bbox1: 4.8050, loss_centerness1: 7.0895, loss_cls_aux0: 0.0153, loss_bbox_aux0: 0.0195, loss_iou_aux0: 0.0831, d0.loss_cls_aux0: 0.0207, d0.loss_bbox_aux0: 0.0662, d0.loss_iou_aux0: 0.2776, d1.loss_cls_aux0: 0.0169, d1.loss_bbox_aux0: 0.0305, d1.loss_iou_aux0: 0.1281, d2.loss_cls_aux0: 0.0153, d2.loss_bbox_aux0: 0.0226, d2.loss_iou_aux0: 0.0945, d3.loss_cls_aux0: 0.0147, d3.loss_bbox_aux0: 0.0193, d3.loss_iou_aux0: 0.0819, d4.loss_cls_aux0: 0.0148, d4.loss_bbox_aux0: 0.0194, d4.loss_iou_aux0: 0.0824, loss_cls_aux1: 0.0155, loss_bbox_aux1: 0.0715, loss_iou_aux1: 0.3120, d0.loss_cls_aux1: 0.0180, d0.loss_bbox_aux1: 0.0939, d0.loss_iou_aux1: 0.3863, d1.loss_cls_aux1: 0.0165, d1.loss_bbox_aux1: 0.0755, d1.loss_iou_aux1: 0.3247, d2.loss_cls_aux1: 0.0160, d2.loss_bbox_aux1: 0.0725, d2.loss_iou_aux1: 0.3146, d3.loss_cls_aux1: 0.0153, d3.loss_bbox_aux1: 0.0715, d3.loss_iou_aux1: 0.3117, d4.loss_cls_aux1: 0.0152, d4.loss_bbox_aux1: 0.0715, d4.loss_iou_aux1: 0.3119, loss: 29.4361, grad_norm: 289.8354
2025-01-10 20:35:36,456 - mmdet - INFO - Saving checkpoint at 28 epochs
2025-01-10 20:41:41,378 - mmdet - INFO - Evaluating bbox...
2025-01-10 20:42:56,041 - mmdet - INFO - 
 Average Precision  (AP) @[ IoU=0.50:0.95 | area=   all | maxDets=100 ] = 0.469
 Average Precision  (AP) @[ IoU=0.50      | area=   all | maxDets=1000 ] = 0.846
 Average Precision  (AP) @[ IoU=0.75      | area=   all | maxDets=1000 ] = 0.438
 Average Precision  (AP) @[ IoU=0.50:0.95 | area= small | maxDets=1000 ] = 0.336
 Average Precision  (AP) @[ IoU=0.50:0.95 | area=medium | maxDets=1000 ] = 0.536
 Average Precision  (AP) @[ IoU=0.50:0.95 | area= large | maxDets=1000 ] = 0.657
 Average Recall     (AR) @[ IoU=0.50:0.95 | area=   all | maxDets=100 ] = 0.598
 Average Recall     (AR) @[ IoU=0.50:0.95 | area=   all | maxDets=300 ] = 0.611
 Average Recall     (AR) @[ IoU=0.50:0.95 | area=   all | maxDets=1000 ] = 0.615
 Average Recall     (AR) @[ IoU=0.50:0.95 | area= small | maxDets=1000 ] = 0.531
 Average Recall     (AR) @[ IoU=0.50:0.95 | area=medium | maxDets=1000 ] = 0.656
 Average Recall     (AR) @[ IoU=0.50:0.95 | area= large | maxDets=1000 ] = 0.781

2025-01-10 20:42:56,042 - mmdet - INFO - 
+----------+-------+--------+--------+-------+-------+-------+
| category | mAP   | mAP_50 | mAP_75 | mAP_s | mAP_m | mAP_l |
+----------+-------+--------+--------+-------+-------+-------+
| person   | 0.462 | 0.877  | 0.428  | 0.33  | 0.542 | 0.69  |
| car      | 0.626 | 0.923  | 0.679  | 0.406 | 0.686 | 0.906 |
| bicycle  | 0.319 | 0.737  | 0.206  | 0.273 | 0.381 | 0.376 |
+----------+-------+--------+--------+-------+-------+-------+
2025-01-10 20:42:56,589 - mmdet - INFO - Exp name: codino_vit_twostream_640_autoaugv1_train1.py
2025-01-10 20:42:56,589 - mmdet - INFO - Epoch(val) [28][1013]	person_precision: 0.4620, car_precision: 0.6260, bicycle_precision: 0.3190, bbox_mAP: 0.4690, bbox_mAP_50: 0.8460, bbox_mAP_75: 0.4380, bbox_mAP_s: 0.3360, bbox_mAP_m: 0.5360, bbox_mAP_l: 0.6570, bbox_mAP_copypaste: 0.469 0.846 0.438 0.336 0.536 0.657
2025-01-10 21:08:16,340 - mmdet - INFO - Epoch [29][1000/4129]	lr: 5.000e-07, eta: 13:10:17, time: 1.520, data_time: 0.007, memory: 18733, enc_loss_cls: 0.1162, enc_loss_bbox: 0.1031, enc_loss_iou: 0.4545, loss_cls: 0.0884, loss_bbox: 0.0967, loss_iou: 0.4406, d0.loss_cls: 0.1336, d0.loss_bbox: 0.0966, d0.loss_iou: 0.4384, d1.loss_cls: 0.1009, d1.loss_bbox: 0.0963, d1.loss_iou: 0.4385, d2.loss_cls: 0.0920, d2.loss_bbox: 0.0966, d2.loss_iou: 0.4400, d3.loss_cls: 0.0918, d3.loss_bbox: 0.0964, d3.loss_iou: 0.4401, d4.loss_cls: 0.0888, d4.loss_bbox: 0.0970, d4.loss_iou: 0.4410, dn_loss_cls: 0.0147, dn_loss_bbox: 0.0479, dn_loss_iou: 0.2202, d0.dn_loss_cls: 0.0476, d0.dn_loss_bbox: 0.0695, d0.dn_loss_iou: 0.3198, d1.dn_loss_cls: 0.0220, d1.dn_loss_bbox: 0.0510, d1.dn_loss_iou: 0.2362, d2.dn_loss_cls: 0.0174, d2.dn_loss_bbox: 0.0483, d2.dn_loss_iou: 0.2226, d3.dn_loss_cls: 0.0151, d3.dn_loss_bbox: 0.0479, d3.dn_loss_iou: 0.2201, d4.dn_loss_cls: 0.0146, d4.dn_loss_bbox: 0.0479, d4.dn_loss_iou: 0.2202, loss_rpn_cls: 0.0447, loss_rpn_bbox: 0.1251, loss_cls0: 1.8696, acc0: 93.5444, loss_bbox0: 3.4794, loss_cls1: 1.5522, loss_bbox1: 4.5611, loss_centerness1: 7.0519, loss_cls_aux0: 0.0082, loss_bbox_aux0: 0.0163, loss_iou_aux0: 0.0712, d0.loss_cls_aux0: 0.0184, d0.loss_bbox_aux0: 0.0612, d0.loss_iou_aux0: 0.2546, d1.loss_cls_aux0: 0.0111, d1.loss_bbox_aux0: 0.0262, d1.loss_iou_aux0: 0.1124, d2.loss_cls_aux0: 0.0092, d2.loss_bbox_aux0: 0.0190, d2.loss_iou_aux0: 0.0816, d3.loss_cls_aux0: 0.0086, d3.loss_bbox_aux0: 0.0163, d3.loss_iou_aux0: 0.0711, d4.loss_cls_aux0: 0.0081, d4.loss_bbox_aux0: 0.0163, d4.loss_iou_aux0: 0.0711, loss_cls_aux1: 0.0084, loss_bbox_aux1: 0.0689, loss_iou_aux1: 0.2910, d0.loss_cls_aux1: 0.0133, d0.loss_bbox_aux1: 0.0865, d0.loss_iou_aux1: 0.3525, d1.loss_cls_aux1: 0.0099, d1.loss_bbox_aux1: 0.0722, d1.loss_iou_aux1: 0.3039, d2.loss_cls_aux1: 0.0091, d2.loss_bbox_aux1: 0.0697, d2.loss_iou_aux1: 0.2943, d3.loss_cls_aux1: 0.0085, d3.loss_bbox_aux1: 0.0689, d3.loss_iou_aux1: 0.2910, d4.loss_cls_aux1: 0.0083, d4.loss_bbox_aux1: 0.0689, d4.loss_iou_aux1: 0.2909, loss: 28.2513, grad_norm: 271.1416
2025-01-10 21:33:36,091 - mmdet - INFO - Epoch [29][2000/4129]	lr: 5.000e-07, eta: 12:45:47, time: 1.520, data_time: 0.005, memory: 18733, enc_loss_cls: 0.1156, enc_loss_bbox: 0.1169, enc_loss_iou: 0.4376, loss_cls: 0.0951, loss_bbox: 0.1101, loss_iou: 0.4235, d0.loss_cls: 0.1305, d0.loss_bbox: 0.1111, d0.loss_iou: 0.4246, d1.loss_cls: 0.1014, d1.loss_bbox: 0.1106, d1.loss_iou: 0.4222, d2.loss_cls: 0.0958, d2.loss_bbox: 0.1107, d2.loss_iou: 0.4228, d3.loss_cls: 0.0959, d3.loss_bbox: 0.1102, d3.loss_iou: 0.4223, d4.loss_cls: 0.0963, d4.loss_bbox: 0.1101, d4.loss_iou: 0.4231, dn_loss_cls: 0.0142, dn_loss_bbox: 0.0475, dn_loss_iou: 0.2170, d0.dn_loss_cls: 0.0465, d0.dn_loss_bbox: 0.0681, d0.dn_loss_iou: 0.3139, d1.dn_loss_cls: 0.0207, d1.dn_loss_bbox: 0.0503, d1.dn_loss_iou: 0.2313, d2.dn_loss_cls: 0.0163, d2.dn_loss_bbox: 0.0479, d2.dn_loss_iou: 0.2194, d3.dn_loss_cls: 0.0142, d3.dn_loss_bbox: 0.0475, d3.dn_loss_iou: 0.2170, d4.dn_loss_cls: 0.0140, d4.dn_loss_bbox: 0.0475, d4.dn_loss_iou: 0.2170, loss_rpn_cls: 0.0470, loss_rpn_bbox: 0.1211, loss_cls0: 1.7619, acc0: 94.0092, loss_bbox0: 3.3507, loss_cls1: 1.5354, loss_bbox1: 4.3848, loss_centerness1: 7.1100, loss_cls_aux0: 0.0120, loss_bbox_aux0: 0.0156, loss_iou_aux0: 0.0635, d0.loss_cls_aux0: 0.0224, d0.loss_bbox_aux0: 0.0600, d0.loss_iou_aux0: 0.2469, d1.loss_cls_aux0: 0.0128, d1.loss_bbox_aux0: 0.0246, d1.loss_iou_aux0: 0.1008, d2.loss_cls_aux0: 0.0118, d2.loss_bbox_aux0: 0.0179, d2.loss_iou_aux0: 0.0732, d3.loss_cls_aux0: 0.0113, d3.loss_bbox_aux0: 0.0156, d3.loss_iou_aux0: 0.0635, d4.loss_cls_aux0: 0.0116, d4.loss_bbox_aux0: 0.0156, d4.loss_iou_aux0: 0.0635, loss_cls_aux1: 0.0111, loss_bbox_aux1: 0.0623, loss_iou_aux1: 0.2764, d0.loss_cls_aux1: 0.0133, d0.loss_bbox_aux1: 0.0787, d0.loss_iou_aux1: 0.3334, d1.loss_cls_aux1: 0.0107, d1.loss_bbox_aux1: 0.0659, d1.loss_iou_aux1: 0.2878, d2.loss_cls_aux1: 0.0104, d2.loss_bbox_aux1: 0.0632, d2.loss_iou_aux1: 0.2795, d3.loss_cls_aux1: 0.0106, d3.loss_bbox_aux1: 0.0624, d3.loss_iou_aux1: 0.2765, d4.loss_cls_aux1: 0.0110, d4.loss_bbox_aux1: 0.0623, d4.loss_iou_aux1: 0.2764, loss: 27.6820, grad_norm: 291.4427
2025-01-10 21:58:55,514 - mmdet - INFO - Epoch [29][3000/4129]	lr: 5.000e-07, eta: 12:21:16, time: 1.519, data_time: 0.005, memory: 18733, enc_loss_cls: 0.1186, enc_loss_bbox: 0.0920, enc_loss_iou: 0.4381, loss_cls: 0.0992, loss_bbox: 0.0863, loss_iou: 0.4219, d0.loss_cls: 0.1359, d0.loss_bbox: 0.0867, d0.loss_iou: 0.4233, d1.loss_cls: 0.1091, d1.loss_bbox: 0.0862, d1.loss_iou: 0.4213, d2.loss_cls: 0.1012, d2.loss_bbox: 0.0872, d2.loss_iou: 0.4226, d3.loss_cls: 0.0988, d3.loss_bbox: 0.0862, d3.loss_iou: 0.4224, d4.loss_cls: 0.0986, d4.loss_bbox: 0.0864, d4.loss_iou: 0.4224, dn_loss_cls: 0.0149, dn_loss_bbox: 0.0458, dn_loss_iou: 0.2190, d0.dn_loss_cls: 0.0456, d0.dn_loss_bbox: 0.0652, d0.dn_loss_iou: 0.3168, d1.dn_loss_cls: 0.0219, d1.dn_loss_bbox: 0.0484, d1.dn_loss_iou: 0.2336, d2.dn_loss_cls: 0.0172, d2.dn_loss_bbox: 0.0462, d2.dn_loss_iou: 0.2216, d3.dn_loss_cls: 0.0152, d3.dn_loss_bbox: 0.0459, d3.dn_loss_iou: 0.2191, d4.dn_loss_cls: 0.0147, d4.dn_loss_bbox: 0.0458, d4.dn_loss_iou: 0.2192, loss_rpn_cls: 0.0420, loss_rpn_bbox: 0.1196, loss_cls0: 1.8167, acc0: 93.7824, loss_bbox0: 3.4493, loss_cls1: 1.5465, loss_bbox1: 4.4414, loss_centerness1: 7.1100, loss_cls_aux0: 0.0140, loss_bbox_aux0: 0.0139, loss_iou_aux0: 0.0607, d0.loss_cls_aux0: 0.0216, d0.loss_bbox_aux0: 0.0561, d0.loss_iou_aux0: 0.2440, d1.loss_cls_aux0: 0.0170, d1.loss_bbox_aux0: 0.0222, d1.loss_iou_aux0: 0.0972, d2.loss_cls_aux0: 0.0147, d2.loss_bbox_aux0: 0.0161, d2.loss_iou_aux0: 0.0710, d3.loss_cls_aux0: 0.0138, d3.loss_bbox_aux0: 0.0139, d3.loss_iou_aux0: 0.0613, d4.loss_cls_aux0: 0.0140, d4.loss_bbox_aux0: 0.0139, d4.loss_iou_aux0: 0.0608, loss_cls_aux1: 0.0125, loss_bbox_aux1: 0.0619, loss_iou_aux1: 0.2851, d0.loss_cls_aux1: 0.0140, d0.loss_bbox_aux1: 0.0774, d0.loss_iou_aux1: 0.3427, d1.loss_cls_aux1: 0.0131, d1.loss_bbox_aux1: 0.0655, d1.loss_iou_aux1: 0.2971, d2.loss_cls_aux1: 0.0123, d2.loss_bbox_aux1: 0.0626, d2.loss_iou_aux1: 0.2877, d3.loss_cls_aux1: 0.0126, d3.loss_bbox_aux1: 0.0619, d3.loss_iou_aux1: 0.2852, d4.loss_cls_aux1: 0.0123, d4.loss_bbox_aux1: 0.0619, d4.loss_iou_aux1: 0.2851, loss: 27.8038, grad_norm: 269.3004
2025-01-10 22:24:15,277 - mmdet - INFO - Epoch [29][4000/4129]	lr: 5.000e-07, eta: 11:56:45, time: 1.520, data_time: 0.005, memory: 18733, enc_loss_cls: 0.1141, enc_loss_bbox: 0.0967, enc_loss_iou: 0.4414, loss_cls: 0.0906, loss_bbox: 0.0921, loss_iou: 0.4276, d0.loss_cls: 0.1304, d0.loss_bbox: 0.0919, d0.loss_iou: 0.4263, d1.loss_cls: 0.0989, d1.loss_bbox: 0.0922, d1.loss_iou: 0.4274, d2.loss_cls: 0.0930, d2.loss_bbox: 0.0923, d2.loss_iou: 0.4284, d3.loss_cls: 0.0918, d3.loss_bbox: 0.0921, d3.loss_iou: 0.4278, d4.loss_cls: 0.0906, d4.loss_bbox: 0.0921, d4.loss_iou: 0.4278, dn_loss_cls: 0.0155, dn_loss_bbox: 0.0474, dn_loss_iou: 0.2190, d0.dn_loss_cls: 0.0474, d0.dn_loss_bbox: 0.0674, d0.dn_loss_iou: 0.3165, d1.dn_loss_cls: 0.0229, d1.dn_loss_bbox: 0.0502, d1.dn_loss_iou: 0.2339, d2.dn_loss_cls: 0.0181, d2.dn_loss_bbox: 0.0478, d2.dn_loss_iou: 0.2214, d3.dn_loss_cls: 0.0158, d3.dn_loss_bbox: 0.0474, d3.dn_loss_iou: 0.2191, d4.dn_loss_cls: 0.0155, d4.dn_loss_bbox: 0.0474, d4.dn_loss_iou: 0.2190, loss_rpn_cls: 0.0426, loss_rpn_bbox: 0.1199, loss_cls0: 1.7860, acc0: 93.8687, loss_bbox0: 3.4183, loss_cls1: 1.5464, loss_bbox1: 4.4819, loss_centerness1: 7.1290, loss_cls_aux0: 0.0167, loss_bbox_aux0: 0.0146, loss_iou_aux0: 0.0598, d0.loss_cls_aux0: 0.0246, d0.loss_bbox_aux0: 0.0580, d0.loss_iou_aux0: 0.2388, d1.loss_cls_aux0: 0.0187, d1.loss_bbox_aux0: 0.0233, d1.loss_iou_aux0: 0.0959, d2.loss_cls_aux0: 0.0171, d2.loss_bbox_aux0: 0.0170, d2.loss_iou_aux0: 0.0688, d3.loss_cls_aux0: 0.0166, d3.loss_bbox_aux0: 0.0146, d3.loss_iou_aux0: 0.0597, d4.loss_cls_aux0: 0.0165, d4.loss_bbox_aux0: 0.0146, d4.loss_iou_aux0: 0.0597, loss_cls_aux1: 0.0121, loss_bbox_aux1: 0.0673, loss_iou_aux1: 0.2943, d0.loss_cls_aux1: 0.0144, d0.loss_bbox_aux1: 0.0836, d0.loss_iou_aux1: 0.3486, d1.loss_cls_aux1: 0.0138, d1.loss_bbox_aux1: 0.0706, d1.loss_iou_aux1: 0.3055, d2.loss_cls_aux1: 0.0128, d2.loss_bbox_aux1: 0.0679, d2.loss_iou_aux1: 0.2966, d3.loss_cls_aux1: 0.0123, d3.loss_bbox_aux1: 0.0673, d3.loss_iou_aux1: 0.2944, d4.loss_cls_aux1: 0.0121, d4.loss_bbox_aux1: 0.0673, d4.loss_iou_aux1: 0.2943, loss: 27.9316, grad_norm: 267.1004
2025-01-10 22:27:31,554 - mmdet - INFO - Saving checkpoint at 29 epochs
2025-01-10 22:33:36,433 - mmdet - INFO - Evaluating bbox...
2025-01-10 22:34:51,838 - mmdet - INFO - 
 Average Precision  (AP) @[ IoU=0.50:0.95 | area=   all | maxDets=100 ] = 0.473
 Average Precision  (AP) @[ IoU=0.50      | area=   all | maxDets=1000 ] = 0.850
 Average Precision  (AP) @[ IoU=0.75      | area=   all | maxDets=1000 ] = 0.447
 Average Precision  (AP) @[ IoU=0.50:0.95 | area= small | maxDets=1000 ] = 0.346
 Average Precision  (AP) @[ IoU=0.50:0.95 | area=medium | maxDets=1000 ] = 0.535
 Average Precision  (AP) @[ IoU=0.50:0.95 | area= large | maxDets=1000 ] = 0.672
 Average Recall     (AR) @[ IoU=0.50:0.95 | area=   all | maxDets=100 ] = 0.608
 Average Recall     (AR) @[ IoU=0.50:0.95 | area=   all | maxDets=300 ] = 0.620
 Average Recall     (AR) @[ IoU=0.50:0.95 | area=   all | maxDets=1000 ] = 0.624
 Average Recall     (AR) @[ IoU=0.50:0.95 | area= small | maxDets=1000 ] = 0.547
 Average Recall     (AR) @[ IoU=0.50:0.95 | area=medium | maxDets=1000 ] = 0.659
 Average Recall     (AR) @[ IoU=0.50:0.95 | area= large | maxDets=1000 ] = 0.792

2025-01-10 22:34:51,839 - mmdet - INFO - 
+----------+-------+--------+--------+-------+-------+-------+
| category | mAP   | mAP_50 | mAP_75 | mAP_s | mAP_m | mAP_l |
+----------+-------+--------+--------+-------+-------+-------+
| person   | 0.485 | 0.891  | 0.465  | 0.351 | 0.559 | 0.741 |
| car      | 0.636 | 0.927  | 0.701  | 0.424 | 0.693 | 0.904 |
| bicycle  | 0.3   | 0.732  | 0.176  | 0.264 | 0.353 | 0.37  |
+----------+-------+--------+--------+-------+-------+-------+
2025-01-10 22:34:52,397 - mmdet - INFO - Exp name: codino_vit_twostream_640_autoaugv1_train1.py
2025-01-10 22:34:52,398 - mmdet - INFO - Epoch(val) [29][1013]	person_precision: 0.4850, car_precision: 0.6360, bicycle_precision: 0.3000, bbox_mAP: 0.4730, bbox_mAP_50: 0.8500, bbox_mAP_75: 0.4470, bbox_mAP_s: 0.3460, bbox_mAP_m: 0.5350, bbox_mAP_l: 0.6720, bbox_mAP_copypaste: 0.473 0.850 0.447 0.346 0.535 0.672
2025-01-10 23:00:11,699 - mmdet - INFO - Epoch [30][1000/4129]	lr: 5.000e-07, eta: 11:28:17, time: 1.519, data_time: 0.007, memory: 18733, enc_loss_cls: 0.1177, enc_loss_bbox: 0.0979, enc_loss_iou: 0.4447, loss_cls: 0.0960, loss_bbox: 0.0931, loss_iou: 0.4296, d0.loss_cls: 0.1339, d0.loss_bbox: 0.0926, d0.loss_iou: 0.4284, d1.loss_cls: 0.1048, d1.loss_bbox: 0.0932, d1.loss_iou: 0.4291, d2.loss_cls: 0.0990, d2.loss_bbox: 0.0937, d2.loss_iou: 0.4297, d3.loss_cls: 0.0966, d3.loss_bbox: 0.0932, d3.loss_iou: 0.4293, d4.loss_cls: 0.0965, d4.loss_bbox: 0.0932, d4.loss_iou: 0.4296, dn_loss_cls: 0.0161, dn_loss_bbox: 0.0480, dn_loss_iou: 0.2197, d0.dn_loss_cls: 0.0476, d0.dn_loss_bbox: 0.0688, d0.dn_loss_iou: 0.3180, d1.dn_loss_cls: 0.0241, d1.dn_loss_bbox: 0.0512, d1.dn_loss_iou: 0.2355, d2.dn_loss_cls: 0.0192, d2.dn_loss_bbox: 0.0485, d2.dn_loss_iou: 0.2222, d3.dn_loss_cls: 0.0167, d3.dn_loss_bbox: 0.0480, d3.dn_loss_iou: 0.2197, d4.dn_loss_cls: 0.0161, d4.dn_loss_bbox: 0.0480, d4.dn_loss_iou: 0.2198, loss_rpn_cls: 0.0386, loss_rpn_bbox: 0.1177, loss_cls0: 1.7381, acc0: 93.9896, loss_bbox0: 3.3445, loss_cls1: 1.5165, loss_bbox1: 4.4656, loss_centerness1: 7.0516, loss_cls_aux0: 0.0139, loss_bbox_aux0: 0.0148, loss_iou_aux0: 0.0605, d0.loss_cls_aux0: 0.0212, d0.loss_bbox_aux0: 0.0588, d0.loss_iou_aux0: 0.2393, d1.loss_cls_aux0: 0.0168, d1.loss_bbox_aux0: 0.0239, d1.loss_iou_aux0: 0.0947, d2.loss_cls_aux0: 0.0153, d2.loss_bbox_aux0: 0.0177, d2.loss_iou_aux0: 0.0702, d3.loss_cls_aux0: 0.0146, d3.loss_bbox_aux0: 0.0147, d3.loss_iou_aux0: 0.0604, d4.loss_cls_aux0: 0.0139, d4.loss_bbox_aux0: 0.0147, d4.loss_iou_aux0: 0.0604, loss_cls_aux1: 0.0119, loss_bbox_aux1: 0.0661, loss_iou_aux1: 0.2872, d0.loss_cls_aux1: 0.0133, d0.loss_bbox_aux1: 0.0824, d0.loss_iou_aux1: 0.3435, d1.loss_cls_aux1: 0.0128, d1.loss_bbox_aux1: 0.0699, d1.loss_iou_aux1: 0.2983, d2.loss_cls_aux1: 0.0125, d2.loss_bbox_aux1: 0.0668, d2.loss_iou_aux1: 0.2889, d3.loss_cls_aux1: 0.0121, d3.loss_bbox_aux1: 0.0661, d3.loss_iou_aux1: 0.2872, d4.loss_cls_aux1: 0.0120, d4.loss_bbox_aux1: 0.0661, d4.loss_iou_aux1: 0.2872, loss: 27.6924, grad_norm: 264.7872
2025-01-10 23:25:32,119 - mmdet - INFO - Epoch [30][2000/4129]	lr: 5.000e-07, eta: 11:03:46, time: 1.520, data_time: 0.004, memory: 18733, enc_loss_cls: 0.1177, enc_loss_bbox: 0.0977, enc_loss_iou: 0.4455, loss_cls: 0.0994, loss_bbox: 0.0935, loss_iou: 0.4333, d0.loss_cls: 0.1334, d0.loss_bbox: 0.0921, d0.loss_iou: 0.4334, d1.loss_cls: 0.1068, d1.loss_bbox: 0.0924, d1.loss_iou: 0.4338, d2.loss_cls: 0.1009, d2.loss_bbox: 0.0923, d2.loss_iou: 0.4338, d3.loss_cls: 0.1024, d3.loss_bbox: 0.0917, d3.loss_iou: 0.4318, d4.loss_cls: 0.0989, d4.loss_bbox: 0.0936, d4.loss_iou: 0.4337, dn_loss_cls: 0.0157, dn_loss_bbox: 0.0467, dn_loss_iou: 0.2220, d0.dn_loss_cls: 0.0480, d0.dn_loss_bbox: 0.0674, d0.dn_loss_iou: 0.3233, d1.dn_loss_cls: 0.0233, d1.dn_loss_bbox: 0.0495, d1.dn_loss_iou: 0.2376, d2.dn_loss_cls: 0.0180, d2.dn_loss_bbox: 0.0471, d2.dn_loss_iou: 0.2243, d3.dn_loss_cls: 0.0160, d3.dn_loss_bbox: 0.0467, d3.dn_loss_iou: 0.2219, d4.dn_loss_cls: 0.0157, d4.dn_loss_bbox: 0.0467, d4.dn_loss_iou: 0.2220, loss_rpn_cls: 0.0423, loss_rpn_bbox: 0.1171, loss_cls0: 1.7982, acc0: 93.8580, loss_bbox0: 3.4195, loss_cls1: 1.5143, loss_bbox1: 4.5925, loss_centerness1: 7.1931, loss_cls_aux0: 0.0119, loss_bbox_aux0: 0.0140, loss_iou_aux0: 0.0603, d0.loss_cls_aux0: 0.0179, d0.loss_bbox_aux0: 0.0580, d0.loss_iou_aux0: 0.2460, d1.loss_cls_aux0: 0.0134, d1.loss_bbox_aux0: 0.0226, d1.loss_iou_aux0: 0.0970, d2.loss_cls_aux0: 0.0116, d2.loss_bbox_aux0: 0.0162, d2.loss_iou_aux0: 0.0697, d3.loss_cls_aux0: 0.0113, d3.loss_bbox_aux0: 0.0140, d3.loss_iou_aux0: 0.0602, d4.loss_cls_aux0: 0.0118, d4.loss_bbox_aux0: 0.0140, d4.loss_iou_aux0: 0.0603, loss_cls_aux1: 0.0116, loss_bbox_aux1: 0.0665, loss_iou_aux1: 0.2939, d0.loss_cls_aux1: 0.0132, d0.loss_bbox_aux1: 0.0835, d0.loss_iou_aux1: 0.3542, d1.loss_cls_aux1: 0.0121, d1.loss_bbox_aux1: 0.0703, d1.loss_iou_aux1: 0.3069, d2.loss_cls_aux1: 0.0117, d2.loss_bbox_aux1: 0.0672, d2.loss_iou_aux1: 0.2967, d3.loss_cls_aux1: 0.0115, d3.loss_bbox_aux1: 0.0665, d3.loss_iou_aux1: 0.2940, d4.loss_cls_aux1: 0.0114, d4.loss_bbox_aux1: 0.0665, d4.loss_iou_aux1: 0.2939, loss: 28.1689, grad_norm: 274.2284
2025-01-10 23:50:50,647 - mmdet - INFO - Epoch [30][3000/4129]	lr: 5.000e-07, eta: 10:39:14, time: 1.519, data_time: 0.004, memory: 18733, enc_loss_cls: 0.1100, enc_loss_bbox: 0.0965, enc_loss_iou: 0.4375, loss_cls: 0.0903, loss_bbox: 0.0897, loss_iou: 0.4193, d0.loss_cls: 0.1256, d0.loss_bbox: 0.0905, d0.loss_iou: 0.4210, d1.loss_cls: 0.0995, d1.loss_bbox: 0.0898, d1.loss_iou: 0.4191, d2.loss_cls: 0.0942, d2.loss_bbox: 0.0895, d2.loss_iou: 0.4187, d3.loss_cls: 0.0924, d3.loss_bbox: 0.0896, d3.loss_iou: 0.4185, d4.loss_cls: 0.0909, d4.loss_bbox: 0.0897, d4.loss_iou: 0.4190, dn_loss_cls: 0.0149, dn_loss_bbox: 0.0471, dn_loss_iou: 0.2159, d0.dn_loss_cls: 0.0466, d0.dn_loss_bbox: 0.0676, d0.dn_loss_iou: 0.3141, d1.dn_loss_cls: 0.0224, d1.dn_loss_bbox: 0.0500, d1.dn_loss_iou: 0.2305, d2.dn_loss_cls: 0.0176, d2.dn_loss_bbox: 0.0475, d2.dn_loss_iou: 0.2180, d3.dn_loss_cls: 0.0152, d3.dn_loss_bbox: 0.0471, d3.dn_loss_iou: 0.2159, d4.dn_loss_cls: 0.0148, d4.dn_loss_bbox: 0.0471, d4.dn_loss_iou: 0.2159, loss_rpn_cls: 0.0339, loss_rpn_bbox: 0.1187, loss_cls0: 1.7643, acc0: 93.9049, loss_bbox0: 3.3436, loss_cls1: 1.4250, loss_bbox1: 4.3585, loss_centerness1: 7.0967, loss_cls_aux0: 0.0136, loss_bbox_aux0: 0.0145, loss_iou_aux0: 0.0596, d0.loss_cls_aux0: 0.0185, d0.loss_bbox_aux0: 0.0579, d0.loss_iou_aux0: 0.2384, d1.loss_cls_aux0: 0.0136, d1.loss_bbox_aux0: 0.0230, d1.loss_iou_aux0: 0.0955, d2.loss_cls_aux0: 0.0128, d2.loss_bbox_aux0: 0.0168, d2.loss_iou_aux0: 0.0690, d3.loss_cls_aux0: 0.0126, d3.loss_bbox_aux0: 0.0145, d3.loss_iou_aux0: 0.0599, d4.loss_cls_aux0: 0.0138, d4.loss_bbox_aux0: 0.0145, d4.loss_iou_aux0: 0.0595, loss_cls_aux1: 0.0110, loss_bbox_aux1: 0.0656, loss_iou_aux1: 0.2833, d0.loss_cls_aux1: 0.0133, d0.loss_bbox_aux1: 0.0800, d0.loss_iou_aux1: 0.3366, d1.loss_cls_aux1: 0.0121, d1.loss_bbox_aux1: 0.0683, d1.loss_iou_aux1: 0.2938, d2.loss_cls_aux1: 0.0117, d2.loss_bbox_aux1: 0.0661, d2.loss_iou_aux1: 0.2852, d3.loss_cls_aux1: 0.0114, d3.loss_bbox_aux1: 0.0656, d3.loss_iou_aux1: 0.2833, d4.loss_cls_aux1: 0.0109, d4.loss_bbox_aux1: 0.0656, d4.loss_iou_aux1: 0.2833, loss: 27.3352, grad_norm: 279.5460
2025-01-11 00:16:10,771 - mmdet - INFO - Epoch [30][4000/4129]	lr: 5.000e-07, eta: 10:14:41, time: 1.520, data_time: 0.004, memory: 18733, enc_loss_cls: 0.1166, enc_loss_bbox: 0.0965, enc_loss_iou: 0.4327, loss_cls: 0.0893, loss_bbox: 0.0920, loss_iou: 0.4221, d0.loss_cls: 0.1257, d0.loss_bbox: 0.0923, d0.loss_iou: 0.4225, d1.loss_cls: 0.0989, d1.loss_bbox: 0.0920, d1.loss_iou: 0.4225, d2.loss_cls: 0.0927, d2.loss_bbox: 0.0921, d2.loss_iou: 0.4223, d3.loss_cls: 0.0900, d3.loss_bbox: 0.0920, d3.loss_iou: 0.4219, d4.loss_cls: 0.0893, d4.loss_bbox: 0.0921, d4.loss_iou: 0.4223, dn_loss_cls: 0.0137, dn_loss_bbox: 0.0481, dn_loss_iou: 0.2160, d0.dn_loss_cls: 0.0444, d0.dn_loss_bbox: 0.0683, d0.dn_loss_iou: 0.3112, d1.dn_loss_cls: 0.0210, d1.dn_loss_bbox: 0.0509, d1.dn_loss_iou: 0.2306, d2.dn_loss_cls: 0.0164, d2.dn_loss_bbox: 0.0484, d2.dn_loss_iou: 0.2183, d3.dn_loss_cls: 0.0142, d3.dn_loss_bbox: 0.0481, d3.dn_loss_iou: 0.2160, d4.dn_loss_cls: 0.0137, d4.dn_loss_bbox: 0.0481, d4.dn_loss_iou: 0.2160, loss_rpn_cls: 0.0363, loss_rpn_bbox: 0.1123, loss_cls0: 1.7316, acc0: 94.0339, loss_bbox0: 3.3005, loss_cls1: 1.4581, loss_bbox1: 4.3870, loss_centerness1: 7.1180, loss_cls_aux0: 0.0077, loss_bbox_aux0: 0.0141, loss_iou_aux0: 0.0582, d0.loss_cls_aux0: 0.0185, d0.loss_bbox_aux0: 0.0592, d0.loss_iou_aux0: 0.2375, d1.loss_cls_aux0: 0.0105, d1.loss_bbox_aux0: 0.0226, d1.loss_iou_aux0: 0.0924, d2.loss_cls_aux0: 0.0089, d2.loss_bbox_aux0: 0.0163, d2.loss_iou_aux0: 0.0663, d3.loss_cls_aux0: 0.0080, d3.loss_bbox_aux0: 0.0140, d3.loss_iou_aux0: 0.0582, d4.loss_cls_aux0: 0.0076, d4.loss_bbox_aux0: 0.0141, d4.loss_iou_aux0: 0.0582, loss_cls_aux1: 0.0078, loss_bbox_aux1: 0.0681, loss_iou_aux1: 0.2809, d0.loss_cls_aux1: 0.0103, d0.loss_bbox_aux1: 0.0835, d0.loss_iou_aux1: 0.3334, d1.loss_cls_aux1: 0.0087, d1.loss_bbox_aux1: 0.0711, d1.loss_iou_aux1: 0.2914, d2.loss_cls_aux1: 0.0082, d2.loss_bbox_aux1: 0.0689, d2.loss_iou_aux1: 0.2833, d3.loss_cls_aux1: 0.0079, d3.loss_bbox_aux1: 0.0681, d3.loss_iou_aux1: 0.2809, d4.loss_cls_aux1: 0.0078, d4.loss_bbox_aux1: 0.0681, d4.loss_iou_aux1: 0.2809, loss: 27.3060, grad_norm: 278.6160
2025-01-11 00:19:26,665 - mmdet - INFO - Saving checkpoint at 30 epochs
2025-01-11 00:25:32,130 - mmdet - INFO - Evaluating bbox...
2025-01-11 00:26:47,875 - mmdet - INFO - 
 Average Precision  (AP) @[ IoU=0.50:0.95 | area=   all | maxDets=100 ] = 0.474
 Average Precision  (AP) @[ IoU=0.50      | area=   all | maxDets=1000 ] = 0.847
 Average Precision  (AP) @[ IoU=0.75      | area=   all | maxDets=1000 ] = 0.446
 Average Precision  (AP) @[ IoU=0.50:0.95 | area= small | maxDets=1000 ] = 0.343
 Average Precision  (AP) @[ IoU=0.50:0.95 | area=medium | maxDets=1000 ] = 0.539
 Average Precision  (AP) @[ IoU=0.50:0.95 | area= large | maxDets=1000 ] = 0.680
 Average Recall     (AR) @[ IoU=0.50:0.95 | area=   all | maxDets=100 ] = 0.605
 Average Recall     (AR) @[ IoU=0.50:0.95 | area=   all | maxDets=300 ] = 0.616
 Average Recall     (AR) @[ IoU=0.50:0.95 | area=   all | maxDets=1000 ] = 0.620
 Average Recall     (AR) @[ IoU=0.50:0.95 | area= small | maxDets=1000 ] = 0.539
 Average Recall     (AR) @[ IoU=0.50:0.95 | area=medium | maxDets=1000 ] = 0.658
 Average Recall     (AR) @[ IoU=0.50:0.95 | area= large | maxDets=1000 ] = 0.802

2025-01-11 00:26:47,876 - mmdet - INFO - 
+----------+-------+--------+--------+-------+-------+-------+
| category | mAP   | mAP_50 | mAP_75 | mAP_s | mAP_m | mAP_l |
+----------+-------+--------+--------+-------+-------+-------+
| person   | 0.486 | 0.887  | 0.462  | 0.342 | 0.562 | 0.756 |
| car      | 0.636 | 0.926  | 0.702  | 0.425 | 0.692 | 0.908 |
| bicycle  | 0.302 | 0.729  | 0.173  | 0.261 | 0.362 | 0.376 |
+----------+-------+--------+--------+-------+-------+-------+
2025-01-11 00:26:48,452 - mmdet - INFO - Exp name: codino_vit_twostream_640_autoaugv1_train1.py
2025-01-11 00:26:48,454 - mmdet - INFO - Epoch(val) [30][1013]	person_precision: 0.4860, car_precision: 0.6360, bicycle_precision: 0.3020, bbox_mAP: 0.4740, bbox_mAP_50: 0.8470, bbox_mAP_75: 0.4460, bbox_mAP_s: 0.3430, bbox_mAP_m: 0.5390, bbox_mAP_l: 0.6800, bbox_mAP_copypaste: 0.474 0.847 0.446 0.343 0.539 0.680
2025-01-11 00:52:09,249 - mmdet - INFO - Epoch [31][1000/4129]	lr: 5.000e-07, eta: 9:46:20, time: 1.521, data_time: 0.007, memory: 18733, enc_loss_cls: 0.1203, enc_loss_bbox: 0.0958, enc_loss_iou: 0.4259, loss_cls: 0.1000, loss_bbox: 0.0912, loss_iou: 0.4166, d0.loss_cls: 0.1368, d0.loss_bbox: 0.0904, d0.loss_iou: 0.4123, d1.loss_cls: 0.1062, d1.loss_bbox: 0.0912, d1.loss_iou: 0.4157, d2.loss_cls: 0.1016, d2.loss_bbox: 0.0912, d2.loss_iou: 0.4165, d3.loss_cls: 0.1015, d3.loss_bbox: 0.0911, d3.loss_iou: 0.4157, d4.loss_cls: 0.1004, d4.loss_bbox: 0.0911, d4.loss_iou: 0.4164, dn_loss_cls: 0.0142, dn_loss_bbox: 0.0476, dn_loss_iou: 0.2151, d0.dn_loss_cls: 0.0460, d0.dn_loss_bbox: 0.0680, d0.dn_loss_iou: 0.3118, d1.dn_loss_cls: 0.0216, d1.dn_loss_bbox: 0.0505, d1.dn_loss_iou: 0.2297, d2.dn_loss_cls: 0.0170, d2.dn_loss_bbox: 0.0480, d2.dn_loss_iou: 0.2173, d3.dn_loss_cls: 0.0145, d3.dn_loss_bbox: 0.0476, d3.dn_loss_iou: 0.2151, d4.dn_loss_cls: 0.0141, d4.dn_loss_bbox: 0.0476, d4.dn_loss_iou: 0.2152, loss_rpn_cls: 0.0466, loss_rpn_bbox: 0.1138, loss_cls0: 1.7331, acc0: 94.0789, loss_bbox0: 3.2640, loss_cls1: 1.5417, loss_bbox1: 4.3953, loss_centerness1: 7.1045, loss_cls_aux0: 0.0107, loss_bbox_aux0: 0.0144, loss_iou_aux0: 0.0572, d0.loss_cls_aux0: 0.0200, d0.loss_bbox_aux0: 0.0581, d0.loss_iou_aux0: 0.2376, d1.loss_cls_aux0: 0.0142, d1.loss_bbox_aux0: 0.0231, d1.loss_iou_aux0: 0.0915, d2.loss_cls_aux0: 0.0114, d2.loss_bbox_aux0: 0.0168, d2.loss_iou_aux0: 0.0663, d3.loss_cls_aux0: 0.0107, d3.loss_bbox_aux0: 0.0144, d3.loss_iou_aux0: 0.0572, d4.loss_cls_aux0: 0.0105, d4.loss_bbox_aux0: 0.0144, d4.loss_iou_aux0: 0.0572, loss_cls_aux1: 0.0105, loss_bbox_aux1: 0.0655, loss_iou_aux1: 0.2796, d0.loss_cls_aux1: 0.0125, d0.loss_bbox_aux1: 0.0815, d0.loss_iou_aux1: 0.3348, d1.loss_cls_aux1: 0.0119, d1.loss_bbox_aux1: 0.0694, d1.loss_iou_aux1: 0.2908, d2.loss_cls_aux1: 0.0112, d2.loss_bbox_aux1: 0.0662, d2.loss_iou_aux1: 0.2818, d3.loss_cls_aux1: 0.0103, d3.loss_bbox_aux1: 0.0655, d3.loss_iou_aux1: 0.2796, d4.loss_cls_aux1: 0.0103, d4.loss_bbox_aux1: 0.0655, d4.loss_iou_aux1: 0.2796, loss: 27.3801, grad_norm: 285.0789
2025-01-11 01:17:28,450 - mmdet - INFO - Epoch [31][2000/4129]	lr: 5.000e-07, eta: 9:21:47, time: 1.519, data_time: 0.004, memory: 18733, enc_loss_cls: 0.1068, enc_loss_bbox: 0.0924, enc_loss_iou: 0.4331, loss_cls: 0.0877, loss_bbox: 0.0876, loss_iou: 0.4189, d0.loss_cls: 0.1237, d0.loss_bbox: 0.0874, d0.loss_iou: 0.4185, d1.loss_cls: 0.0926, d1.loss_bbox: 0.0882, d1.loss_iou: 0.4201, d2.loss_cls: 0.0902, d2.loss_bbox: 0.0876, d2.loss_iou: 0.4188, d3.loss_cls: 0.0878, d3.loss_bbox: 0.0878, d3.loss_iou: 0.4192, d4.loss_cls: 0.0885, d4.loss_bbox: 0.0875, d4.loss_iou: 0.4186, dn_loss_cls: 0.0130, dn_loss_bbox: 0.0452, dn_loss_iou: 0.2151, d0.dn_loss_cls: 0.0446, d0.dn_loss_bbox: 0.0649, d0.dn_loss_iou: 0.3133, d1.dn_loss_cls: 0.0202, d1.dn_loss_bbox: 0.0479, d1.dn_loss_iou: 0.2296, d2.dn_loss_cls: 0.0156, d2.dn_loss_bbox: 0.0456, d2.dn_loss_iou: 0.2174, d3.dn_loss_cls: 0.0134, d3.dn_loss_bbox: 0.0452, d3.dn_loss_iou: 0.2151, d4.dn_loss_cls: 0.0130, d4.dn_loss_bbox: 0.0452, d4.dn_loss_iou: 0.2151, loss_rpn_cls: 0.0341, loss_rpn_bbox: 0.1182, loss_cls0: 1.8120, acc0: 93.6361, loss_bbox0: 3.4406, loss_cls1: 1.4303, loss_bbox1: 4.3808, loss_centerness1: 7.0739, loss_cls_aux0: 0.0071, loss_bbox_aux0: 0.0134, loss_iou_aux0: 0.0598, d0.loss_cls_aux0: 0.0138, d0.loss_bbox_aux0: 0.0557, d0.loss_iou_aux0: 0.2400, d1.loss_cls_aux0: 0.0095, d1.loss_bbox_aux0: 0.0224, d1.loss_iou_aux0: 0.0965, d2.loss_cls_aux0: 0.0080, d2.loss_bbox_aux0: 0.0159, d2.loss_iou_aux0: 0.0692, d3.loss_cls_aux0: 0.0072, d3.loss_bbox_aux0: 0.0134, d3.loss_iou_aux0: 0.0597, d4.loss_cls_aux0: 0.0072, d4.loss_bbox_aux0: 0.0134, d4.loss_iou_aux0: 0.0597, loss_cls_aux1: 0.0080, loss_bbox_aux1: 0.0619, loss_iou_aux1: 0.2796, d0.loss_cls_aux1: 0.0106, d0.loss_bbox_aux1: 0.0771, d0.loss_iou_aux1: 0.3342, d1.loss_cls_aux1: 0.0088, d1.loss_bbox_aux1: 0.0654, d1.loss_iou_aux1: 0.2914, d2.loss_cls_aux1: 0.0085, d2.loss_bbox_aux1: 0.0627, d2.loss_iou_aux1: 0.2823, d3.loss_cls_aux1: 0.0079, d3.loss_bbox_aux1: 0.0619, d3.loss_iou_aux1: 0.2796, d4.loss_cls_aux1: 0.0080, d4.loss_bbox_aux1: 0.0619, d4.loss_iou_aux1: 0.2796, loss: 27.3132, grad_norm: 266.3851
2025-01-11 01:42:49,046 - mmdet - INFO - Epoch [31][3000/4129]	lr: 5.000e-07, eta: 8:57:14, time: 1.521, data_time: 0.004, memory: 18733, enc_loss_cls: 0.1095, enc_loss_bbox: 0.0955, enc_loss_iou: 0.4385, loss_cls: 0.0924, loss_bbox: 0.0923, loss_iou: 0.4252, d0.loss_cls: 0.1301, d0.loss_bbox: 0.0913, d0.loss_iou: 0.4242, d1.loss_cls: 0.0985, d1.loss_bbox: 0.0922, d1.loss_iou: 0.4258, d2.loss_cls: 0.0976, d2.loss_bbox: 0.0918, d2.loss_iou: 0.4244, d3.loss_cls: 0.0923, d3.loss_bbox: 0.0920, d3.loss_iou: 0.4248, d4.loss_cls: 0.0916, d4.loss_bbox: 0.0923, d4.loss_iou: 0.4256, dn_loss_cls: 0.0133, dn_loss_bbox: 0.0470, dn_loss_iou: 0.2185, d0.dn_loss_cls: 0.0455, d0.dn_loss_bbox: 0.0673, d0.dn_loss_iou: 0.3173, d1.dn_loss_cls: 0.0205, d1.dn_loss_bbox: 0.0496, d1.dn_loss_iou: 0.2320, d2.dn_loss_cls: 0.0157, d2.dn_loss_bbox: 0.0474, d2.dn_loss_iou: 0.2205, d3.dn_loss_cls: 0.0136, d3.dn_loss_bbox: 0.0470, d3.dn_loss_iou: 0.2186, d4.dn_loss_cls: 0.0132, d4.dn_loss_bbox: 0.0470, d4.dn_loss_iou: 0.2187, loss_rpn_cls: 0.0376, loss_rpn_bbox: 0.1212, loss_cls0: 1.8117, acc0: 93.6943, loss_bbox0: 3.4565, loss_cls1: 1.4885, loss_bbox1: 4.4839, loss_centerness1: 7.1859, loss_cls_aux0: 0.0134, loss_bbox_aux0: 0.0138, loss_iou_aux0: 0.0604, d0.loss_cls_aux0: 0.0198, d0.loss_bbox_aux0: 0.0569, d0.loss_iou_aux0: 0.2448, d1.loss_cls_aux0: 0.0162, d1.loss_bbox_aux0: 0.0214, d1.loss_iou_aux0: 0.0939, d2.loss_cls_aux0: 0.0149, d2.loss_bbox_aux0: 0.0156, d2.loss_iou_aux0: 0.0688, d3.loss_cls_aux0: 0.0131, d3.loss_bbox_aux0: 0.0138, d3.loss_iou_aux0: 0.0604, d4.loss_cls_aux0: 0.0134, d4.loss_bbox_aux0: 0.0137, d4.loss_iou_aux0: 0.0604, loss_cls_aux1: 0.0090, loss_bbox_aux1: 0.0640, loss_iou_aux1: 0.2834, d0.loss_cls_aux1: 0.0112, d0.loss_bbox_aux1: 0.0800, d0.loss_iou_aux1: 0.3408, d1.loss_cls_aux1: 0.0100, d1.loss_bbox_aux1: 0.0673, d1.loss_iou_aux1: 0.2951, d2.loss_cls_aux1: 0.0092, d2.loss_bbox_aux1: 0.0646, d2.loss_iou_aux1: 0.2859, d3.loss_cls_aux1: 0.0091, d3.loss_bbox_aux1: 0.0640, d3.loss_iou_aux1: 0.2834, d4.loss_cls_aux1: 0.0089, d4.loss_bbox_aux1: 0.0640, d4.loss_iou_aux1: 0.2834, loss: 27.8340, grad_norm: 264.9939
2025-01-11 02:08:08,739 - mmdet - INFO - Epoch [31][4000/4129]	lr: 5.000e-07, eta: 8:32:40, time: 1.520, data_time: 0.004, memory: 18733, enc_loss_cls: 0.1063, enc_loss_bbox: 0.0941, enc_loss_iou: 0.4289, loss_cls: 0.0838, loss_bbox: 0.0889, loss_iou: 0.4169, d0.loss_cls: 0.1224, d0.loss_bbox: 0.0888, d0.loss_iou: 0.4140, d1.loss_cls: 0.0906, d1.loss_bbox: 0.0893, d1.loss_iou: 0.4169, d2.loss_cls: 0.0865, d2.loss_bbox: 0.0893, d2.loss_iou: 0.4170, d3.loss_cls: 0.0844, d3.loss_bbox: 0.0889, d3.loss_iou: 0.4171, d4.loss_cls: 0.0839, d4.loss_bbox: 0.0888, d4.loss_iou: 0.4168, dn_loss_cls: 0.0134, dn_loss_bbox: 0.0458, dn_loss_iou: 0.2139, d0.dn_loss_cls: 0.0444, d0.dn_loss_bbox: 0.0656, d0.dn_loss_iou: 0.3099, d1.dn_loss_cls: 0.0201, d1.dn_loss_bbox: 0.0484, d1.dn_loss_iou: 0.2278, d2.dn_loss_cls: 0.0159, d2.dn_loss_bbox: 0.0462, d2.dn_loss_iou: 0.2161, d3.dn_loss_cls: 0.0138, d3.dn_loss_bbox: 0.0458, d3.dn_loss_iou: 0.2139, d4.dn_loss_cls: 0.0134, d4.dn_loss_bbox: 0.0458, d4.dn_loss_iou: 0.2139, loss_rpn_cls: 0.0372, loss_rpn_bbox: 0.1209, loss_cls0: 1.7970, acc0: 93.7500, loss_bbox0: 3.4317, loss_cls1: 1.4291, loss_bbox1: 4.2981, loss_centerness1: 7.1219, loss_cls_aux0: 0.0094, loss_bbox_aux0: 0.0138, loss_iou_aux0: 0.0596, d0.loss_cls_aux0: 0.0145, d0.loss_bbox_aux0: 0.0559, d0.loss_iou_aux0: 0.2373, d1.loss_cls_aux0: 0.0108, d1.loss_bbox_aux0: 0.0220, d1.loss_iou_aux0: 0.0932, d2.loss_cls_aux0: 0.0097, d2.loss_bbox_aux0: 0.0159, d2.loss_iou_aux0: 0.0682, d3.loss_cls_aux0: 0.0094, d3.loss_bbox_aux0: 0.0138, d3.loss_iou_aux0: 0.0595, d4.loss_cls_aux0: 0.0094, d4.loss_bbox_aux0: 0.0138, d4.loss_iou_aux0: 0.0595, loss_cls_aux1: 0.0100, loss_bbox_aux1: 0.0641, loss_iou_aux1: 0.2785, d0.loss_cls_aux1: 0.0113, d0.loss_bbox_aux1: 0.0782, d0.loss_iou_aux1: 0.3319, d1.loss_cls_aux1: 0.0105, d1.loss_bbox_aux1: 0.0672, d1.loss_iou_aux1: 0.2900, d2.loss_cls_aux1: 0.0099, d2.loss_bbox_aux1: 0.0645, d2.loss_iou_aux1: 0.2808, d3.loss_cls_aux1: 0.0099, d3.loss_bbox_aux1: 0.0641, d3.loss_iou_aux1: 0.2785, d4.loss_cls_aux1: 0.0100, d4.loss_bbox_aux1: 0.0641, d4.loss_iou_aux1: 0.2785, loss: 27.2411, grad_norm: 266.9176
2025-01-11 02:11:24,857 - mmdet - INFO - Saving checkpoint at 31 epochs
2025-01-11 02:17:29,830 - mmdet - INFO - Evaluating bbox...
2025-01-11 02:18:44,816 - mmdet - INFO - 
 Average Precision  (AP) @[ IoU=0.50:0.95 | area=   all | maxDets=100 ] = 0.477
 Average Precision  (AP) @[ IoU=0.50      | area=   all | maxDets=1000 ] = 0.852
 Average Precision  (AP) @[ IoU=0.75      | area=   all | maxDets=1000 ] = 0.453
 Average Precision  (AP) @[ IoU=0.50:0.95 | area= small | maxDets=1000 ] = 0.347
 Average Precision  (AP) @[ IoU=0.50:0.95 | area=medium | maxDets=1000 ] = 0.537
 Average Precision  (AP) @[ IoU=0.50:0.95 | area= large | maxDets=1000 ] = 0.673
 Average Recall     (AR) @[ IoU=0.50:0.95 | area=   all | maxDets=100 ] = 0.606
 Average Recall     (AR) @[ IoU=0.50:0.95 | area=   all | maxDets=300 ] = 0.617
 Average Recall     (AR) @[ IoU=0.50:0.95 | area=   all | maxDets=1000 ] = 0.621
 Average Recall     (AR) @[ IoU=0.50:0.95 | area= small | maxDets=1000 ] = 0.543
 Average Recall     (AR) @[ IoU=0.50:0.95 | area=medium | maxDets=1000 ] = 0.657
 Average Recall     (AR) @[ IoU=0.50:0.95 | area= large | maxDets=1000 ] = 0.791

2025-01-11 02:18:44,816 - mmdet - INFO - 
+----------+-------+--------+--------+-------+-------+-------+
| category | mAP   | mAP_50 | mAP_75 | mAP_s | mAP_m | mAP_l |
+----------+-------+--------+--------+-------+-------+-------+
| person   | 0.488 | 0.894  | 0.462  | 0.351 | 0.562 | 0.739 |
| car      | 0.64  | 0.929  | 0.707  | 0.429 | 0.694 | 0.91  |
| bicycle  | 0.303 | 0.734  | 0.191  | 0.261 | 0.355 | 0.37  |
+----------+-------+--------+--------+-------+-------+-------+
2025-01-11 02:18:45,383 - mmdet - INFO - Exp name: codino_vit_twostream_640_autoaugv1_train1.py
2025-01-11 02:18:45,384 - mmdet - INFO - Epoch(val) [31][1013]	person_precision: 0.4880, car_precision: 0.6400, bicycle_precision: 0.3030, bbox_mAP: 0.4770, bbox_mAP_50: 0.8520, bbox_mAP_75: 0.4530, bbox_mAP_s: 0.3470, bbox_mAP_m: 0.5370, bbox_mAP_l: 0.6730, bbox_mAP_copypaste: 0.477 0.852 0.453 0.347 0.537 0.673
2025-01-11 02:44:06,985 - mmdet - INFO - Epoch [32][1000/4129]	lr: 5.000e-07, eta: 8:04:25, time: 1.522, data_time: 0.007, memory: 18733, enc_loss_cls: 0.1187, enc_loss_bbox: 0.0944, enc_loss_iou: 0.4351, loss_cls: 0.0997, loss_bbox: 0.0906, loss_iou: 0.4209, d0.loss_cls: 0.1333, d0.loss_bbox: 0.0905, d0.loss_iou: 0.4198, d1.loss_cls: 0.1051, d1.loss_bbox: 0.0907, d1.loss_iou: 0.4208, d2.loss_cls: 0.1028, d2.loss_bbox: 0.0904, d2.loss_iou: 0.4202, d3.loss_cls: 0.1005, d3.loss_bbox: 0.0903, d3.loss_iou: 0.4206, d4.loss_cls: 0.0997, d4.loss_bbox: 0.0902, d4.loss_iou: 0.4208, dn_loss_cls: 0.0147, dn_loss_bbox: 0.0462, dn_loss_iou: 0.2163, d0.dn_loss_cls: 0.0459, d0.dn_loss_bbox: 0.0663, d0.dn_loss_iou: 0.3140, d1.dn_loss_cls: 0.0223, d1.dn_loss_bbox: 0.0489, d1.dn_loss_iou: 0.2312, d2.dn_loss_cls: 0.0176, d2.dn_loss_bbox: 0.0466, d2.dn_loss_iou: 0.2187, d3.dn_loss_cls: 0.0151, d3.dn_loss_bbox: 0.0462, d3.dn_loss_iou: 0.2164, d4.dn_loss_cls: 0.0147, d4.dn_loss_bbox: 0.0462, d4.dn_loss_iou: 0.2164, loss_rpn_cls: 0.0394, loss_rpn_bbox: 0.1191, loss_cls0: 1.7909, acc0: 93.7854, loss_bbox0: 3.3892, loss_cls1: 1.5511, loss_bbox1: 4.3853, loss_centerness1: 7.0384, loss_cls_aux0: 0.0116, loss_bbox_aux0: 0.0136, loss_iou_aux0: 0.0583, d0.loss_cls_aux0: 0.0177, d0.loss_bbox_aux0: 0.0567, d0.loss_iou_aux0: 0.2373, d1.loss_cls_aux0: 0.0131, d1.loss_bbox_aux0: 0.0227, d1.loss_iou_aux0: 0.0940, d2.loss_cls_aux0: 0.0120, d2.loss_bbox_aux0: 0.0160, d2.loss_iou_aux0: 0.0672, d3.loss_cls_aux0: 0.0114, d3.loss_bbox_aux0: 0.0136, d3.loss_iou_aux0: 0.0581, d4.loss_cls_aux0: 0.0113, d4.loss_bbox_aux0: 0.0136, d4.loss_iou_aux0: 0.0582, loss_cls_aux1: 0.0097, loss_bbox_aux1: 0.0619, loss_iou_aux1: 0.2743, d0.loss_cls_aux1: 0.0119, d0.loss_bbox_aux1: 0.0792, d0.loss_iou_aux1: 0.3303, d1.loss_cls_aux1: 0.0111, d1.loss_bbox_aux1: 0.0653, d1.loss_iou_aux1: 0.2853, d2.loss_cls_aux1: 0.0103, d2.loss_bbox_aux1: 0.0628, d2.loss_iou_aux1: 0.2771, d3.loss_cls_aux1: 0.0097, d3.loss_bbox_aux1: 0.0619, d3.loss_iou_aux1: 0.2743, d4.loss_cls_aux1: 0.0096, d4.loss_bbox_aux1: 0.0619, d4.loss_iou_aux1: 0.2743, loss: 27.4696, grad_norm: 274.7907
2025-01-11 03:09:25,909 - mmdet - INFO - Epoch [32][2000/4129]	lr: 5.000e-07, eta: 7:39:52, time: 1.519, data_time: 0.004, memory: 18733, enc_loss_cls: 0.1097, enc_loss_bbox: 0.0909, enc_loss_iou: 0.4311, loss_cls: 0.0921, loss_bbox: 0.0865, loss_iou: 0.4190, d0.loss_cls: 0.1253, d0.loss_bbox: 0.0871, d0.loss_iou: 0.4196, d1.loss_cls: 0.0989, d1.loss_bbox: 0.0868, d1.loss_iou: 0.4189, d2.loss_cls: 0.0946, d2.loss_bbox: 0.0866, d2.loss_iou: 0.4184, d3.loss_cls: 0.0922, d3.loss_bbox: 0.0863, d3.loss_iou: 0.4185, d4.loss_cls: 0.0917, d4.loss_bbox: 0.0867, d4.loss_iou: 0.4194, dn_loss_cls: 0.0142, dn_loss_bbox: 0.0448, dn_loss_iou: 0.2154, d0.dn_loss_cls: 0.0459, d0.dn_loss_bbox: 0.0641, d0.dn_loss_iou: 0.3118, d1.dn_loss_cls: 0.0218, d1.dn_loss_bbox: 0.0474, d1.dn_loss_iou: 0.2296, d2.dn_loss_cls: 0.0169, d2.dn_loss_bbox: 0.0451, d2.dn_loss_iou: 0.2173, d3.dn_loss_cls: 0.0146, d3.dn_loss_bbox: 0.0447, d3.dn_loss_iou: 0.2152, d4.dn_loss_cls: 0.0142, d4.dn_loss_bbox: 0.0448, d4.dn_loss_iou: 0.2154, loss_rpn_cls: 0.0332, loss_rpn_bbox: 0.1147, loss_cls0: 1.7371, acc0: 93.9811, loss_bbox0: 3.2847, loss_cls1: 1.4315, loss_bbox1: 4.3532, loss_centerness1: 7.0519, loss_cls_aux0: 0.0095, loss_bbox_aux0: 0.0139, loss_iou_aux0: 0.0583, d0.loss_cls_aux0: 0.0148, d0.loss_bbox_aux0: 0.0552, d0.loss_iou_aux0: 0.2353, d1.loss_cls_aux0: 0.0113, d1.loss_bbox_aux0: 0.0219, d1.loss_iou_aux0: 0.0929, d2.loss_cls_aux0: 0.0103, d2.loss_bbox_aux0: 0.0160, d2.loss_iou_aux0: 0.0673, d3.loss_cls_aux0: 0.0093, d3.loss_bbox_aux0: 0.0139, d3.loss_iou_aux0: 0.0582, d4.loss_cls_aux0: 0.0091, d4.loss_bbox_aux0: 0.0139, d4.loss_iou_aux0: 0.0582, loss_cls_aux1: 0.0094, loss_bbox_aux1: 0.0626, loss_iou_aux1: 0.2783, d0.loss_cls_aux1: 0.0121, d0.loss_bbox_aux1: 0.0779, d0.loss_iou_aux1: 0.3330, d1.loss_cls_aux1: 0.0103, d1.loss_bbox_aux1: 0.0654, d1.loss_iou_aux1: 0.2890, d2.loss_cls_aux1: 0.0097, d2.loss_bbox_aux1: 0.0631, d2.loss_iou_aux1: 0.2808, d3.loss_cls_aux1: 0.0096, d3.loss_bbox_aux1: 0.0626, d3.loss_iou_aux1: 0.2782, d4.loss_cls_aux1: 0.0094, d4.loss_bbox_aux1: 0.0626, d4.loss_iou_aux1: 0.2783, loss: 27.0511, grad_norm: 279.7459
2025-01-11 03:34:45,239 - mmdet - INFO - Epoch [32][3000/4129]	lr: 5.000e-07, eta: 7:15:17, time: 1.519, data_time: 0.004, memory: 18733, enc_loss_cls: 0.1124, enc_loss_bbox: 0.0942, enc_loss_iou: 0.4384, loss_cls: 0.0907, loss_bbox: 0.0902, loss_iou: 0.4254, d0.loss_cls: 0.1245, d0.loss_bbox: 0.0895, d0.loss_iou: 0.4255, d1.loss_cls: 0.0977, d1.loss_bbox: 0.0904, d1.loss_iou: 0.4263, d2.loss_cls: 0.0934, d2.loss_bbox: 0.0902, d2.loss_iou: 0.4262, d3.loss_cls: 0.0906, d3.loss_bbox: 0.0903, d3.loss_iou: 0.4264, d4.loss_cls: 0.0905, d4.loss_bbox: 0.0903, d4.loss_iou: 0.4257, dn_loss_cls: 0.0142, dn_loss_bbox: 0.0459, dn_loss_iou: 0.2165, d0.dn_loss_cls: 0.0452, d0.dn_loss_bbox: 0.0653, d0.dn_loss_iou: 0.3134, d1.dn_loss_cls: 0.0216, d1.dn_loss_bbox: 0.0486, d1.dn_loss_iou: 0.2314, d2.dn_loss_cls: 0.0170, d2.dn_loss_bbox: 0.0463, d2.dn_loss_iou: 0.2188, d3.dn_loss_cls: 0.0146, d3.dn_loss_bbox: 0.0459, d3.dn_loss_iou: 0.2166, d4.dn_loss_cls: 0.0141, d4.dn_loss_bbox: 0.0459, d4.dn_loss_iou: 0.2166, loss_rpn_cls: 0.0361, loss_rpn_bbox: 0.1115, loss_cls0: 1.7038, acc0: 94.0677, loss_bbox0: 3.2812, loss_cls1: 1.4806, loss_bbox1: 4.4153, loss_centerness1: 7.0972, loss_cls_aux0: 0.0101, loss_bbox_aux0: 0.0142, loss_iou_aux0: 0.0604, d0.loss_cls_aux0: 0.0171, d0.loss_bbox_aux0: 0.0577, d0.loss_iou_aux0: 0.2397, d1.loss_cls_aux0: 0.0132, d1.loss_bbox_aux0: 0.0231, d1.loss_iou_aux0: 0.0964, d2.loss_cls_aux0: 0.0113, d2.loss_bbox_aux0: 0.0163, d2.loss_iou_aux0: 0.0702, d3.loss_cls_aux0: 0.0104, d3.loss_bbox_aux0: 0.0142, d3.loss_iou_aux0: 0.0608, d4.loss_cls_aux0: 0.0101, d4.loss_bbox_aux0: 0.0142, d4.loss_iou_aux0: 0.0605, loss_cls_aux1: 0.0091, loss_bbox_aux1: 0.0668, loss_iou_aux1: 0.2830, d0.loss_cls_aux1: 0.0117, d0.loss_bbox_aux1: 0.0841, d0.loss_iou_aux1: 0.3399, d1.loss_cls_aux1: 0.0105, d1.loss_bbox_aux1: 0.0707, d1.loss_iou_aux1: 0.2947, d2.loss_cls_aux1: 0.0098, d2.loss_bbox_aux1: 0.0677, d2.loss_iou_aux1: 0.2853, d3.loss_cls_aux1: 0.0093, d3.loss_bbox_aux1: 0.0668, d3.loss_iou_aux1: 0.2831, d4.loss_cls_aux1: 0.0092, d4.loss_bbox_aux1: 0.0668, d4.loss_iou_aux1: 0.2830, loss: 27.3440, grad_norm: 274.7536
2025-01-11 04:00:05,305 - mmdet - INFO - Epoch [32][4000/4129]	lr: 5.000e-07, eta: 6:50:42, time: 1.520, data_time: 0.005, memory: 18733, enc_loss_cls: 0.1068, enc_loss_bbox: 0.0944, enc_loss_iou: 0.4218, loss_cls: 0.0831, loss_bbox: 0.0906, loss_iou: 0.4133, d0.loss_cls: 0.1258, d0.loss_bbox: 0.0900, d0.loss_iou: 0.4089, d1.loss_cls: 0.0936, d1.loss_bbox: 0.0902, d1.loss_iou: 0.4111, d2.loss_cls: 0.0863, d2.loss_bbox: 0.0905, d2.loss_iou: 0.4122, d3.loss_cls: 0.0842, d3.loss_bbox: 0.0904, d3.loss_iou: 0.4128, d4.loss_cls: 0.0832, d4.loss_bbox: 0.0906, d4.loss_iou: 0.4132, dn_loss_cls: 0.0139, dn_loss_bbox: 0.0473, dn_loss_iou: 0.2124, d0.dn_loss_cls: 0.0434, d0.dn_loss_bbox: 0.0668, d0.dn_loss_iou: 0.3054, d1.dn_loss_cls: 0.0206, d1.dn_loss_bbox: 0.0499, d1.dn_loss_iou: 0.2262, d2.dn_loss_cls: 0.0164, d2.dn_loss_bbox: 0.0476, d2.dn_loss_iou: 0.2144, d3.dn_loss_cls: 0.0143, d3.dn_loss_bbox: 0.0473, d3.dn_loss_iou: 0.2122, d4.dn_loss_cls: 0.0138, d4.dn_loss_bbox: 0.0473, d4.dn_loss_iou: 0.2123, loss_rpn_cls: 0.0355, loss_rpn_bbox: 0.1145, loss_cls0: 1.7922, acc0: 93.8027, loss_bbox0: 3.3887, loss_cls1: 1.4479, loss_bbox1: 4.2879, loss_centerness1: 7.1311, loss_cls_aux0: 0.0091, loss_bbox_aux0: 0.0143, loss_iou_aux0: 0.0595, d0.loss_cls_aux0: 0.0172, d0.loss_bbox_aux0: 0.0582, d0.loss_iou_aux0: 0.2373, d1.loss_cls_aux0: 0.0118, d1.loss_bbox_aux0: 0.0229, d1.loss_iou_aux0: 0.0929, d2.loss_cls_aux0: 0.0101, d2.loss_bbox_aux0: 0.0167, d2.loss_iou_aux0: 0.0683, d3.loss_cls_aux0: 0.0095, d3.loss_bbox_aux0: 0.0143, d3.loss_iou_aux0: 0.0594, d4.loss_cls_aux0: 0.0090, d4.loss_bbox_aux0: 0.0143, d4.loss_iou_aux0: 0.0594, loss_cls_aux1: 0.0086, loss_bbox_aux1: 0.0648, loss_iou_aux1: 0.2735, d0.loss_cls_aux1: 0.0112, d0.loss_bbox_aux1: 0.0796, d0.loss_iou_aux1: 0.3243, d1.loss_cls_aux1: 0.0098, d1.loss_bbox_aux1: 0.0673, d1.loss_iou_aux1: 0.2819, d2.loss_cls_aux1: 0.0096, d2.loss_bbox_aux1: 0.0654, d2.loss_iou_aux1: 0.2752, d3.loss_cls_aux1: 0.0087, d3.loss_bbox_aux1: 0.0648, d3.loss_iou_aux1: 0.2735, d4.loss_cls_aux1: 0.0086, d4.loss_bbox_aux1: 0.0648, d4.loss_iou_aux1: 0.2735, loss: 27.1519, grad_norm: 271.4592
2025-01-11 04:03:21,311 - mmdet - INFO - Saving checkpoint at 32 epochs
2025-01-11 04:09:27,161 - mmdet - INFO - Evaluating bbox...
2025-01-11 04:10:41,526 - mmdet - INFO - 
 Average Precision  (AP) @[ IoU=0.50:0.95 | area=   all | maxDets=100 ] = 0.470
 Average Precision  (AP) @[ IoU=0.50      | area=   all | maxDets=1000 ] = 0.844
 Average Precision  (AP) @[ IoU=0.75      | area=   all | maxDets=1000 ] = 0.439
 Average Precision  (AP) @[ IoU=0.50:0.95 | area= small | maxDets=1000 ] = 0.342
 Average Precision  (AP) @[ IoU=0.50:0.95 | area=medium | maxDets=1000 ] = 0.528
 Average Precision  (AP) @[ IoU=0.50:0.95 | area= large | maxDets=1000 ] = 0.673
 Average Recall     (AR) @[ IoU=0.50:0.95 | area=   all | maxDets=100 ] = 0.603
 Average Recall     (AR) @[ IoU=0.50:0.95 | area=   all | maxDets=300 ] = 0.615
 Average Recall     (AR) @[ IoU=0.50:0.95 | area=   all | maxDets=1000 ] = 0.619
 Average Recall     (AR) @[ IoU=0.50:0.95 | area= small | maxDets=1000 ] = 0.546
 Average Recall     (AR) @[ IoU=0.50:0.95 | area=medium | maxDets=1000 ] = 0.649
 Average Recall     (AR) @[ IoU=0.50:0.95 | area= large | maxDets=1000 ] = 0.798

2025-01-11 04:10:41,527 - mmdet - INFO - 
+----------+-------+--------+--------+-------+-------+-------+
| category | mAP   | mAP_50 | mAP_75 | mAP_s | mAP_m | mAP_l |
+----------+-------+--------+--------+-------+-------+-------+
| person   | 0.484 | 0.89   | 0.456  | 0.347 | 0.554 | 0.742 |
| car      | 0.637 | 0.928  | 0.7    | 0.427 | 0.692 | 0.906 |
| bicycle  | 0.29  | 0.713  | 0.161  | 0.25  | 0.339 | 0.372 |
+----------+-------+--------+--------+-------+-------+-------+
2025-01-11 04:10:42,115 - mmdet - INFO - Exp name: codino_vit_twostream_640_autoaugv1_train1.py
2025-01-11 04:10:42,115 - mmdet - INFO - Epoch(val) [32][1013]	person_precision: 0.4840, car_precision: 0.6370, bicycle_precision: 0.2900, bbox_mAP: 0.4700, bbox_mAP_50: 0.8440, bbox_mAP_75: 0.4390, bbox_mAP_s: 0.3420, bbox_mAP_m: 0.5280, bbox_mAP_l: 0.6730, bbox_mAP_copypaste: 0.470 0.844 0.439 0.342 0.528 0.673
2025-01-11 04:36:02,575 - mmdet - INFO - Epoch [33][1000/4129]	lr: 5.000e-07, eta: 6:22:33, time: 1.520, data_time: 0.007, memory: 18733, enc_loss_cls: 0.1063, enc_loss_bbox: 0.0941, enc_loss_iou: 0.4301, loss_cls: 0.0875, loss_bbox: 0.0888, loss_iou: 0.4175, d0.loss_cls: 0.1201, d0.loss_bbox: 0.0893, d0.loss_iou: 0.4179, d1.loss_cls: 0.0921, d1.loss_bbox: 0.0894, d1.loss_iou: 0.4189, d2.loss_cls: 0.0883, d2.loss_bbox: 0.0891, d2.loss_iou: 0.4184, d3.loss_cls: 0.0879, d3.loss_bbox: 0.0886, d3.loss_iou: 0.4173, d4.loss_cls: 0.0878, d4.loss_bbox: 0.0889, d4.loss_iou: 0.4175, dn_loss_cls: 0.0139, dn_loss_bbox: 0.0463, dn_loss_iou: 0.2140, d0.dn_loss_cls: 0.0455, d0.dn_loss_bbox: 0.0663, d0.dn_loss_iou: 0.3095, d1.dn_loss_cls: 0.0217, d1.dn_loss_bbox: 0.0489, d1.dn_loss_iou: 0.2281, d2.dn_loss_cls: 0.0167, d2.dn_loss_bbox: 0.0467, d2.dn_loss_iou: 0.2163, d3.dn_loss_cls: 0.0144, d3.dn_loss_bbox: 0.0463, d3.dn_loss_iou: 0.2140, d4.dn_loss_cls: 0.0138, d4.dn_loss_bbox: 0.0463, d4.dn_loss_iou: 0.2140, loss_rpn_cls: 0.0304, loss_rpn_bbox: 0.1128, loss_cls0: 1.7199, acc0: 94.0334, loss_bbox0: 3.2849, loss_cls1: 1.4677, loss_bbox1: 4.3670, loss_centerness1: 7.0851, loss_cls_aux0: 0.0090, loss_bbox_aux0: 0.0139, loss_iou_aux0: 0.0578, d0.loss_cls_aux0: 0.0182, d0.loss_bbox_aux0: 0.0570, d0.loss_iou_aux0: 0.2342, d1.loss_cls_aux0: 0.0120, d1.loss_bbox_aux0: 0.0225, d1.loss_iou_aux0: 0.0921, d2.loss_cls_aux0: 0.0102, d2.loss_bbox_aux0: 0.0165, d2.loss_iou_aux0: 0.0674, d3.loss_cls_aux0: 0.0095, d3.loss_bbox_aux0: 0.0139, d3.loss_iou_aux0: 0.0577, d4.loss_cls_aux0: 0.0091, d4.loss_bbox_aux0: 0.0139, d4.loss_iou_aux0: 0.0577, loss_cls_aux1: 0.0088, loss_bbox_aux1: 0.0647, loss_iou_aux1: 0.2809, d0.loss_cls_aux1: 0.0113, d0.loss_bbox_aux1: 0.0805, d0.loss_iou_aux1: 0.3358, d1.loss_cls_aux1: 0.0100, d1.loss_bbox_aux1: 0.0681, d1.loss_iou_aux1: 0.2926, d2.loss_cls_aux1: 0.0095, d2.loss_bbox_aux1: 0.0652, d2.loss_iou_aux1: 0.2828, d3.loss_cls_aux1: 0.0091, d3.loss_bbox_aux1: 0.0647, d3.loss_iou_aux1: 0.2809, d4.loss_cls_aux1: 0.0088, d4.loss_bbox_aux1: 0.0647, d4.loss_iou_aux1: 0.2809, loss: 27.1181, grad_norm: 278.6215
2025-01-11 05:01:22,068 - mmdet - INFO - Epoch [33][2000/4129]	lr: 5.000e-07, eta: 5:57:58, time: 1.519, data_time: 0.004, memory: 18733, enc_loss_cls: 0.1050, enc_loss_bbox: 0.0925, enc_loss_iou: 0.4260, loss_cls: 0.0865, loss_bbox: 0.0891, loss_iou: 0.4131, d0.loss_cls: 0.1227, d0.loss_bbox: 0.0883, d0.loss_iou: 0.4116, d1.loss_cls: 0.0916, d1.loss_bbox: 0.0889, d1.loss_iou: 0.4132, d2.loss_cls: 0.0890, d2.loss_bbox: 0.0889, d2.loss_iou: 0.4124, d3.loss_cls: 0.0882, d3.loss_bbox: 0.0888, d3.loss_iou: 0.4124, d4.loss_cls: 0.0860, d4.loss_bbox: 0.0892, d4.loss_iou: 0.4134, dn_loss_cls: 0.0135, dn_loss_bbox: 0.0457, dn_loss_iou: 0.2120, d0.dn_loss_cls: 0.0445, d0.dn_loss_bbox: 0.0657, d0.dn_loss_iou: 0.3082, d1.dn_loss_cls: 0.0208, d1.dn_loss_bbox: 0.0482, d1.dn_loss_iou: 0.2260, d2.dn_loss_cls: 0.0161, d2.dn_loss_bbox: 0.0460, d2.dn_loss_iou: 0.2145, d3.dn_loss_cls: 0.0140, d3.dn_loss_bbox: 0.0457, d3.dn_loss_iou: 0.2122, d4.dn_loss_cls: 0.0136, d4.dn_loss_bbox: 0.0457, d4.dn_loss_iou: 0.2121, loss_rpn_cls: 0.0311, loss_rpn_bbox: 0.1165, loss_cls0: 1.7486, acc0: 93.9549, loss_bbox0: 3.2977, loss_cls1: 1.4371, loss_bbox1: 4.3216, loss_centerness1: 7.1409, loss_cls_aux0: 0.0094, loss_bbox_aux0: 0.0138, loss_iou_aux0: 0.0595, d0.loss_cls_aux0: 0.0144, d0.loss_bbox_aux0: 0.0567, d0.loss_iou_aux0: 0.2377, d1.loss_cls_aux0: 0.0117, d1.loss_bbox_aux0: 0.0215, d1.loss_iou_aux0: 0.0918, d2.loss_cls_aux0: 0.0107, d2.loss_bbox_aux0: 0.0159, d2.loss_iou_aux0: 0.0680, d3.loss_cls_aux0: 0.0102, d3.loss_bbox_aux0: 0.0138, d3.loss_iou_aux0: 0.0592, d4.loss_cls_aux0: 0.0094, d4.loss_bbox_aux0: 0.0138, d4.loss_iou_aux0: 0.0594, loss_cls_aux1: 0.0098, loss_bbox_aux1: 0.0622, loss_iou_aux1: 0.2742, d0.loss_cls_aux1: 0.0126, d0.loss_bbox_aux1: 0.0777, d0.loss_iou_aux1: 0.3294, d1.loss_cls_aux1: 0.0114, d1.loss_bbox_aux1: 0.0652, d1.loss_iou_aux1: 0.2851, d2.loss_cls_aux1: 0.0107, d2.loss_bbox_aux1: 0.0629, d2.loss_iou_aux1: 0.2766, d3.loss_cls_aux1: 0.0102, d3.loss_bbox_aux1: 0.0622, d3.loss_iou_aux1: 0.2742, d4.loss_cls_aux1: 0.0098, d4.loss_bbox_aux1: 0.0622, d4.loss_iou_aux1: 0.2742, loss: 27.0418, grad_norm: 277.3401
2025-01-11 05:26:42,912 - mmdet - INFO - Epoch [33][3000/4129]	lr: 5.000e-07, eta: 5:33:22, time: 1.521, data_time: 0.004, memory: 18733, enc_loss_cls: 0.1086, enc_loss_bbox: 0.0924, enc_loss_iou: 0.4251, loss_cls: 0.0863, loss_bbox: 0.0886, loss_iou: 0.4153, d0.loss_cls: 0.1220, d0.loss_bbox: 0.0885, d0.loss_iou: 0.4134, d1.loss_cls: 0.0932, d1.loss_bbox: 0.0885, d1.loss_iou: 0.4145, d2.loss_cls: 0.0903, d2.loss_bbox: 0.0882, d2.loss_iou: 0.4133, d3.loss_cls: 0.0873, d3.loss_bbox: 0.0883, d3.loss_iou: 0.4147, d4.loss_cls: 0.0865, d4.loss_bbox: 0.0887, d4.loss_iou: 0.4153, dn_loss_cls: 0.0134, dn_loss_bbox: 0.0470, dn_loss_iou: 0.2165, d0.dn_loss_cls: 0.0442, d0.dn_loss_bbox: 0.0670, d0.dn_loss_iou: 0.3129, d1.dn_loss_cls: 0.0203, d1.dn_loss_bbox: 0.0497, d1.dn_loss_iou: 0.2304, d2.dn_loss_cls: 0.0159, d2.dn_loss_bbox: 0.0475, d2.dn_loss_iou: 0.2187, d3.dn_loss_cls: 0.0139, d3.dn_loss_bbox: 0.0470, d3.dn_loss_iou: 0.2165, d4.dn_loss_cls: 0.0134, d4.dn_loss_bbox: 0.0470, d4.dn_loss_iou: 0.2165, loss_rpn_cls: 0.0329, loss_rpn_bbox: 0.1160, loss_cls0: 1.7871, acc0: 93.7709, loss_bbox0: 3.4331, loss_cls1: 1.4102, loss_bbox1: 4.3464, loss_centerness1: 7.1539, loss_cls_aux0: 0.0080, loss_bbox_aux0: 0.0140, loss_iou_aux0: 0.0602, d0.loss_cls_aux0: 0.0138, d0.loss_bbox_aux0: 0.0577, d0.loss_iou_aux0: 0.2426, d1.loss_cls_aux0: 0.0099, d1.loss_bbox_aux0: 0.0219, d1.loss_iou_aux0: 0.0942, d2.loss_cls_aux0: 0.0085, d2.loss_bbox_aux0: 0.0159, d2.loss_iou_aux0: 0.0686, d3.loss_cls_aux0: 0.0082, d3.loss_bbox_aux0: 0.0139, d3.loss_iou_aux0: 0.0601, d4.loss_cls_aux0: 0.0082, d4.loss_bbox_aux0: 0.0139, d4.loss_iou_aux0: 0.0601, loss_cls_aux1: 0.0089, loss_bbox_aux1: 0.0634, loss_iou_aux1: 0.2812, d0.loss_cls_aux1: 0.0111, d0.loss_bbox_aux1: 0.0784, d0.loss_iou_aux1: 0.3354, d1.loss_cls_aux1: 0.0101, d1.loss_bbox_aux1: 0.0668, d1.loss_iou_aux1: 0.2922, d2.loss_cls_aux1: 0.0094, d2.loss_bbox_aux1: 0.0642, d2.loss_iou_aux1: 0.2839, d3.loss_cls_aux1: 0.0092, d3.loss_bbox_aux1: 0.0634, d3.loss_iou_aux1: 0.2813, d4.loss_cls_aux1: 0.0089, d4.loss_bbox_aux1: 0.0634, d4.loss_iou_aux1: 0.2812, loss: 27.3186, grad_norm: 274.5995
2025-01-11 05:52:02,659 - mmdet - INFO - Epoch [33][4000/4129]	lr: 5.000e-07, eta: 5:08:46, time: 1.520, data_time: 0.004, memory: 18733, enc_loss_cls: 0.1074, enc_loss_bbox: 0.0950, enc_loss_iou: 0.4351, loss_cls: 0.0905, loss_bbox: 0.0895, loss_iou: 0.4212, d0.loss_cls: 0.1263, d0.loss_bbox: 0.0900, d0.loss_iou: 0.4205, d1.loss_cls: 0.0960, d1.loss_bbox: 0.0902, d1.loss_iou: 0.4222, d2.loss_cls: 0.0932, d2.loss_bbox: 0.0897, d2.loss_iou: 0.4212, d3.loss_cls: 0.0915, d3.loss_bbox: 0.0893, d3.loss_iou: 0.4210, d4.loss_cls: 0.0904, d4.loss_bbox: 0.0896, d4.loss_iou: 0.4213, dn_loss_cls: 0.0141, dn_loss_bbox: 0.0460, dn_loss_iou: 0.2154, d0.dn_loss_cls: 0.0457, d0.dn_loss_bbox: 0.0661, d0.dn_loss_iou: 0.3125, d1.dn_loss_cls: 0.0217, d1.dn_loss_bbox: 0.0488, d1.dn_loss_iou: 0.2301, d2.dn_loss_cls: 0.0169, d2.dn_loss_bbox: 0.0465, d2.dn_loss_iou: 0.2177, d3.dn_loss_cls: 0.0145, d3.dn_loss_bbox: 0.0460, d3.dn_loss_iou: 0.2154, d4.dn_loss_cls: 0.0141, d4.dn_loss_bbox: 0.0460, d4.dn_loss_iou: 0.2154, loss_rpn_cls: 0.0372, loss_rpn_bbox: 0.1081, loss_cls0: 1.7469, acc0: 93.9877, loss_bbox0: 3.2798, loss_cls1: 1.4619, loss_bbox1: 4.4087, loss_centerness1: 7.1694, loss_cls_aux0: 0.0094, loss_bbox_aux0: 0.0125, loss_iou_aux0: 0.0553, d0.loss_cls_aux0: 0.0174, d0.loss_bbox_aux0: 0.0569, d0.loss_iou_aux0: 0.2357, d1.loss_cls_aux0: 0.0117, d1.loss_bbox_aux0: 0.0207, d1.loss_iou_aux0: 0.0888, d2.loss_cls_aux0: 0.0101, d2.loss_bbox_aux0: 0.0147, d2.loss_iou_aux0: 0.0639, d3.loss_cls_aux0: 0.0097, d3.loss_bbox_aux0: 0.0125, d3.loss_iou_aux0: 0.0554, d4.loss_cls_aux0: 0.0094, d4.loss_bbox_aux0: 0.0125, d4.loss_iou_aux0: 0.0553, loss_cls_aux1: 0.0094, loss_bbox_aux1: 0.0643, loss_iou_aux1: 0.2817, d0.loss_cls_aux1: 0.0122, d0.loss_bbox_aux1: 0.0799, d0.loss_iou_aux1: 0.3353, d1.loss_cls_aux1: 0.0103, d1.loss_bbox_aux1: 0.0675, d1.loss_iou_aux1: 0.2924, d2.loss_cls_aux1: 0.0098, d2.loss_bbox_aux1: 0.0651, d2.loss_iou_aux1: 0.2845, d3.loss_cls_aux1: 0.0094, d3.loss_bbox_aux1: 0.0643, d3.loss_iou_aux1: 0.2818, d4.loss_cls_aux1: 0.0093, d4.loss_bbox_aux1: 0.0643, d4.loss_iou_aux1: 0.2817, loss: 27.3114, grad_norm: 273.4471
2025-01-11 05:55:18,539 - mmdet - INFO - Saving checkpoint at 33 epochs
2025-01-11 06:01:23,776 - mmdet - INFO - Evaluating bbox...
2025-01-11 06:02:38,568 - mmdet - INFO - 
 Average Precision  (AP) @[ IoU=0.50:0.95 | area=   all | maxDets=100 ] = 0.474
 Average Precision  (AP) @[ IoU=0.50      | area=   all | maxDets=1000 ] = 0.850
 Average Precision  (AP) @[ IoU=0.75      | area=   all | maxDets=1000 ] = 0.442
 Average Precision  (AP) @[ IoU=0.50:0.95 | area= small | maxDets=1000 ] = 0.348
 Average Precision  (AP) @[ IoU=0.50:0.95 | area=medium | maxDets=1000 ] = 0.532
 Average Precision  (AP) @[ IoU=0.50:0.95 | area= large | maxDets=1000 ] = 0.669
 Average Recall     (AR) @[ IoU=0.50:0.95 | area=   all | maxDets=100 ] = 0.604
 Average Recall     (AR) @[ IoU=0.50:0.95 | area=   all | maxDets=300 ] = 0.615
 Average Recall     (AR) @[ IoU=0.50:0.95 | area=   all | maxDets=1000 ] = 0.619
 Average Recall     (AR) @[ IoU=0.50:0.95 | area= small | maxDets=1000 ] = 0.547
 Average Recall     (AR) @[ IoU=0.50:0.95 | area=medium | maxDets=1000 ] = 0.648
 Average Recall     (AR) @[ IoU=0.50:0.95 | area= large | maxDets=1000 ] = 0.795

2025-01-11 06:02:38,569 - mmdet - INFO - 
+----------+-------+--------+--------+-------+-------+-------+
| category | mAP   | mAP_50 | mAP_75 | mAP_s | mAP_m | mAP_l |
+----------+-------+--------+--------+-------+-------+-------+
| person   | 0.487 | 0.892  | 0.463  | 0.35  | 0.558 | 0.745 |
| car      | 0.636 | 0.927  | 0.696  | 0.426 | 0.691 | 0.908 |
| bicycle  | 0.299 | 0.731  | 0.167  | 0.267 | 0.347 | 0.354 |
+----------+-------+--------+--------+-------+-------+-------+
2025-01-11 06:02:39,116 - mmdet - INFO - Exp name: codino_vit_twostream_640_autoaugv1_train1.py
2025-01-11 06:02:39,116 - mmdet - INFO - Epoch(val) [33][1013]	person_precision: 0.4870, car_precision: 0.6360, bicycle_precision: 0.2990, bbox_mAP: 0.4740, bbox_mAP_50: 0.8500, bbox_mAP_75: 0.4420, bbox_mAP_s: 0.3480, bbox_mAP_m: 0.5320, bbox_mAP_l: 0.6690, bbox_mAP_copypaste: 0.474 0.850 0.442 0.348 0.532 0.669
2025-01-11 06:27:59,939 - mmdet - INFO - Epoch [34][1000/4129]	lr: 5.000e-07, eta: 4:40:42, time: 1.521, data_time: 0.007, memory: 18733, enc_loss_cls: 0.1122, enc_loss_bbox: 0.0940, enc_loss_iou: 0.4314, loss_cls: 0.0927, loss_bbox: 0.0886, loss_iou: 0.4190, d0.loss_cls: 0.1231, d0.loss_bbox: 0.0897, d0.loss_iou: 0.4206, d1.loss_cls: 0.0988, d1.loss_bbox: 0.0895, d1.loss_iou: 0.4213, d2.loss_cls: 0.0960, d2.loss_bbox: 0.0891, d2.loss_iou: 0.4194, d3.loss_cls: 0.0932, d3.loss_bbox: 0.0891, d3.loss_iou: 0.4210, d4.loss_cls: 0.0913, d4.loss_bbox: 0.0890, d4.loss_iou: 0.4204, dn_loss_cls: 0.0141, dn_loss_bbox: 0.0460, dn_loss_iou: 0.2146, d0.dn_loss_cls: 0.0454, d0.dn_loss_bbox: 0.0658, d0.dn_loss_iou: 0.3117, d1.dn_loss_cls: 0.0211, d1.dn_loss_bbox: 0.0485, d1.dn_loss_iou: 0.2290, d2.dn_loss_cls: 0.0165, d2.dn_loss_bbox: 0.0463, d2.dn_loss_iou: 0.2169, d3.dn_loss_cls: 0.0144, d3.dn_loss_bbox: 0.0460, d3.dn_loss_iou: 0.2147, d4.dn_loss_cls: 0.0141, d4.dn_loss_bbox: 0.0460, d4.dn_loss_iou: 0.2146, loss_rpn_cls: 0.0329, loss_rpn_bbox: 0.1108, loss_cls0: 1.7340, acc0: 93.9963, loss_bbox0: 3.3094, loss_cls1: 1.4588, loss_bbox1: 4.3640, loss_centerness1: 7.0978, loss_cls_aux0: 0.0081, loss_bbox_aux0: 0.0124, loss_iou_aux0: 0.0532, d0.loss_cls_aux0: 0.0190, d0.loss_bbox_aux0: 0.0550, d0.loss_iou_aux0: 0.2319, d1.loss_cls_aux0: 0.0104, d1.loss_bbox_aux0: 0.0203, d1.loss_iou_aux0: 0.0871, d2.loss_cls_aux0: 0.0087, d2.loss_bbox_aux0: 0.0146, d2.loss_iou_aux0: 0.0625, d3.loss_cls_aux0: 0.0077, d3.loss_bbox_aux0: 0.0124, d3.loss_iou_aux0: 0.0531, d4.loss_cls_aux0: 0.0079, d4.loss_bbox_aux0: 0.0124, d4.loss_iou_aux0: 0.0531, loss_cls_aux1: 0.0082, loss_bbox_aux1: 0.0643, loss_iou_aux1: 0.2792, d0.loss_cls_aux1: 0.0117, d0.loss_bbox_aux1: 0.0800, d0.loss_iou_aux1: 0.3316, d1.loss_cls_aux1: 0.0092, d1.loss_bbox_aux1: 0.0678, d1.loss_iou_aux1: 0.2903, d2.loss_cls_aux1: 0.0085, d2.loss_bbox_aux1: 0.0651, d2.loss_iou_aux1: 0.2818, d3.loss_cls_aux1: 0.0082, d3.loss_bbox_aux1: 0.0643, d3.loss_iou_aux1: 0.2792, d4.loss_cls_aux1: 0.0081, d4.loss_bbox_aux1: 0.0643, d4.loss_iou_aux1: 0.2792, loss: 27.1534, grad_norm: 276.1037
2025-01-11 06:53:17,233 - mmdet - INFO - Epoch [34][2000/4129]	lr: 5.000e-07, eta: 4:16:06, time: 1.517, data_time: 0.005, memory: 18733, enc_loss_cls: 0.1121, enc_loss_bbox: 0.0900, enc_loss_iou: 0.4165, loss_cls: 0.0930, loss_bbox: 0.0859, loss_iou: 0.4033, d0.loss_cls: 0.1269, d0.loss_bbox: 0.0863, d0.loss_iou: 0.4027, d1.loss_cls: 0.0979, d1.loss_bbox: 0.0858, d1.loss_iou: 0.4044, d2.loss_cls: 0.0944, d2.loss_bbox: 0.0858, d2.loss_iou: 0.4038, d3.loss_cls: 0.0938, d3.loss_bbox: 0.0859, d3.loss_iou: 0.4029, d4.loss_cls: 0.0929, d4.loss_bbox: 0.0859, d4.loss_iou: 0.4031, dn_loss_cls: 0.0133, dn_loss_bbox: 0.0461, dn_loss_iou: 0.2125, d0.dn_loss_cls: 0.0429, d0.dn_loss_bbox: 0.0647, d0.dn_loss_iou: 0.3048, d1.dn_loss_cls: 0.0199, d1.dn_loss_bbox: 0.0486, d1.dn_loss_iou: 0.2262, d2.dn_loss_cls: 0.0155, d2.dn_loss_bbox: 0.0465, d2.dn_loss_iou: 0.2146, d3.dn_loss_cls: 0.0136, d3.dn_loss_bbox: 0.0461, d3.dn_loss_iou: 0.2127, d4.dn_loss_cls: 0.0133, d4.dn_loss_bbox: 0.0461, d4.dn_loss_iou: 0.2126, loss_rpn_cls: 0.0312, loss_rpn_bbox: 0.1119, loss_cls0: 1.7641, acc0: 93.9552, loss_bbox0: 3.2636, loss_cls1: 1.4236, loss_bbox1: 4.2200, loss_centerness1: 7.1080, loss_cls_aux0: 0.0118, loss_bbox_aux0: 0.0136, loss_iou_aux0: 0.0576, d0.loss_cls_aux0: 0.0182, d0.loss_bbox_aux0: 0.0568, d0.loss_iou_aux0: 0.2351, d1.loss_cls_aux0: 0.0130, d1.loss_bbox_aux0: 0.0220, d1.loss_iou_aux0: 0.0910, d2.loss_cls_aux0: 0.0123, d2.loss_bbox_aux0: 0.0158, d2.loss_iou_aux0: 0.0660, d3.loss_cls_aux0: 0.0122, d3.loss_bbox_aux0: 0.0136, d3.loss_iou_aux0: 0.0576, d4.loss_cls_aux0: 0.0118, d4.loss_bbox_aux0: 0.0136, d4.loss_iou_aux0: 0.0576, loss_cls_aux1: 0.0113, loss_bbox_aux1: 0.0603, loss_iou_aux1: 0.2637, d0.loss_cls_aux1: 0.0125, d0.loss_bbox_aux1: 0.0771, d0.loss_iou_aux1: 0.3199, d1.loss_cls_aux1: 0.0116, d1.loss_bbox_aux1: 0.0637, d1.loss_iou_aux1: 0.2749, d2.loss_cls_aux1: 0.0114, d2.loss_bbox_aux1: 0.0611, d2.loss_iou_aux1: 0.2661, d3.loss_cls_aux1: 0.0112, d3.loss_bbox_aux1: 0.0603, d3.loss_iou_aux1: 0.2637, d4.loss_cls_aux1: 0.0112, d4.loss_bbox_aux1: 0.0603, d4.loss_iou_aux1: 0.2637, loss: 26.7590, grad_norm: 281.1084
2025-01-11 07:18:33,790 - mmdet - INFO - Epoch [34][3000/4129]	lr: 5.000e-07, eta: 3:51:29, time: 1.517, data_time: 0.005, memory: 18733, enc_loss_cls: 0.1085, enc_loss_bbox: 0.0933, enc_loss_iou: 0.4193, loss_cls: 0.0893, loss_bbox: 0.0899, loss_iou: 0.4093, d0.loss_cls: 0.1219, d0.loss_bbox: 0.0895, d0.loss_iou: 0.4092, d1.loss_cls: 0.0947, d1.loss_bbox: 0.0899, d1.loss_iou: 0.4095, d2.loss_cls: 0.0893, d2.loss_bbox: 0.0903, d2.loss_iou: 0.4113, d3.loss_cls: 0.0886, d3.loss_bbox: 0.0900, d3.loss_iou: 0.4096, d4.loss_cls: 0.0893, d4.loss_bbox: 0.0901, d4.loss_iou: 0.4095, dn_loss_cls: 0.0139, dn_loss_bbox: 0.0464, dn_loss_iou: 0.2122, d0.dn_loss_cls: 0.0446, d0.dn_loss_bbox: 0.0659, d0.dn_loss_iou: 0.3054, d1.dn_loss_cls: 0.0209, d1.dn_loss_bbox: 0.0490, d1.dn_loss_iou: 0.2259, d2.dn_loss_cls: 0.0164, d2.dn_loss_bbox: 0.0468, d2.dn_loss_iou: 0.2143, d3.dn_loss_cls: 0.0143, d3.dn_loss_bbox: 0.0464, d3.dn_loss_iou: 0.2123, d4.dn_loss_cls: 0.0138, d4.dn_loss_bbox: 0.0464, d4.dn_loss_iou: 0.2122, loss_rpn_cls: 0.0314, loss_rpn_bbox: 0.1114, loss_cls0: 1.6838, acc0: 94.2537, loss_bbox0: 3.1886, loss_cls1: 1.4471, loss_bbox1: 4.3076, loss_centerness1: 7.0599, loss_cls_aux0: 0.0108, loss_bbox_aux0: 0.0133, loss_iou_aux0: 0.0551, d0.loss_cls_aux0: 0.0172, d0.loss_bbox_aux0: 0.0566, d0.loss_iou_aux0: 0.2354, d1.loss_cls_aux0: 0.0134, d1.loss_bbox_aux0: 0.0221, d1.loss_iou_aux0: 0.0900, d2.loss_cls_aux0: 0.0117, d2.loss_bbox_aux0: 0.0158, d2.loss_iou_aux0: 0.0641, d3.loss_cls_aux0: 0.0110, d3.loss_bbox_aux0: 0.0133, d3.loss_iou_aux0: 0.0552, d4.loss_cls_aux0: 0.0107, d4.loss_bbox_aux0: 0.0133, d4.loss_iou_aux0: 0.0551, loss_cls_aux1: 0.0101, loss_bbox_aux1: 0.0633, loss_iou_aux1: 0.2760, d0.loss_cls_aux1: 0.0134, d0.loss_bbox_aux1: 0.0783, d0.loss_iou_aux1: 0.3268, d1.loss_cls_aux1: 0.0114, d1.loss_bbox_aux1: 0.0662, d1.loss_iou_aux1: 0.2861, d2.loss_cls_aux1: 0.0110, d2.loss_bbox_aux1: 0.0638, d2.loss_iou_aux1: 0.2779, d3.loss_cls_aux1: 0.0105, d3.loss_bbox_aux1: 0.0633, d3.loss_iou_aux1: 0.2760, d4.loss_cls_aux1: 0.0101, d4.loss_bbox_aux1: 0.0633, d4.loss_iou_aux1: 0.2760, loss: 26.7768, grad_norm: 274.4346
2025-01-11 07:43:51,958 - mmdet - INFO - Epoch [34][4000/4129]	lr: 5.000e-07, eta: 3:26:52, time: 1.518, data_time: 0.005, memory: 18733, enc_loss_cls: 0.1078, enc_loss_bbox: 0.0944, enc_loss_iou: 0.4276, loss_cls: 0.0854, loss_bbox: 0.0902, loss_iou: 0.4159, d0.loss_cls: 0.1234, d0.loss_bbox: 0.0903, d0.loss_iou: 0.4148, d1.loss_cls: 0.0896, d1.loss_bbox: 0.0907, d1.loss_iou: 0.4171, d2.loss_cls: 0.0896, d2.loss_bbox: 0.0899, d2.loss_iou: 0.4150, d3.loss_cls: 0.0860, d3.loss_bbox: 0.0902, d3.loss_iou: 0.4156, d4.loss_cls: 0.0858, d4.loss_bbox: 0.0902, d4.loss_iou: 0.4159, dn_loss_cls: 0.0130, dn_loss_bbox: 0.0471, dn_loss_iou: 0.2146, d0.dn_loss_cls: 0.0447, d0.dn_loss_bbox: 0.0675, d0.dn_loss_iou: 0.3098, d1.dn_loss_cls: 0.0203, d1.dn_loss_bbox: 0.0498, d1.dn_loss_iou: 0.2287, d2.dn_loss_cls: 0.0156, d2.dn_loss_bbox: 0.0475, d2.dn_loss_iou: 0.2166, d3.dn_loss_cls: 0.0132, d3.dn_loss_bbox: 0.0471, d3.dn_loss_iou: 0.2144, d4.dn_loss_cls: 0.0129, d4.dn_loss_bbox: 0.0471, d4.dn_loss_iou: 0.2146, loss_rpn_cls: 0.0389, loss_rpn_bbox: 0.1213, loss_cls0: 1.7838, acc0: 93.8506, loss_bbox0: 3.3775, loss_cls1: 1.4548, loss_bbox1: 4.3369, loss_centerness1: 7.1324, loss_cls_aux0: 0.0083, loss_bbox_aux0: 0.0134, loss_iou_aux0: 0.0582, d0.loss_cls_aux0: 0.0205, d0.loss_bbox_aux0: 0.0574, d0.loss_iou_aux0: 0.2368, d1.loss_cls_aux0: 0.0118, d1.loss_bbox_aux0: 0.0216, d1.loss_iou_aux0: 0.0918, d2.loss_cls_aux0: 0.0102, d2.loss_bbox_aux0: 0.0156, d2.loss_iou_aux0: 0.0674, d3.loss_cls_aux0: 0.0086, d3.loss_bbox_aux0: 0.0134, d3.loss_iou_aux0: 0.0580, d4.loss_cls_aux0: 0.0083, d4.loss_bbox_aux0: 0.0134, d4.loss_iou_aux0: 0.0582, loss_cls_aux1: 0.0085, loss_bbox_aux1: 0.0637, loss_iou_aux1: 0.2732, d0.loss_cls_aux1: 0.0120, d0.loss_bbox_aux1: 0.0791, d0.loss_iou_aux1: 0.3264, d1.loss_cls_aux1: 0.0101, d1.loss_bbox_aux1: 0.0669, d1.loss_iou_aux1: 0.2841, d2.loss_cls_aux1: 0.0092, d2.loss_bbox_aux1: 0.0644, d2.loss_iou_aux1: 0.2761, d3.loss_cls_aux1: 0.0086, d3.loss_bbox_aux1: 0.0637, d3.loss_iou_aux1: 0.2731, d4.loss_cls_aux1: 0.0085, d4.loss_bbox_aux1: 0.0637, d4.loss_iou_aux1: 0.2732, loss: 27.2331, grad_norm: 265.8576
2025-01-11 07:47:07,893 - mmdet - INFO - Saving checkpoint at 34 epochs
2025-01-11 07:53:13,868 - mmdet - INFO - Evaluating bbox...
2025-01-11 07:54:28,816 - mmdet - INFO - 
 Average Precision  (AP) @[ IoU=0.50:0.95 | area=   all | maxDets=100 ] = 0.480
 Average Precision  (AP) @[ IoU=0.50      | area=   all | maxDets=1000 ] = 0.857
 Average Precision  (AP) @[ IoU=0.75      | area=   all | maxDets=1000 ] = 0.451
 Average Precision  (AP) @[ IoU=0.50:0.95 | area= small | maxDets=1000 ] = 0.350
 Average Precision  (AP) @[ IoU=0.50:0.95 | area=medium | maxDets=1000 ] = 0.541
 Average Precision  (AP) @[ IoU=0.50:0.95 | area= large | maxDets=1000 ] = 0.685
 Average Recall     (AR) @[ IoU=0.50:0.95 | area=   all | maxDets=100 ] = 0.609
 Average Recall     (AR) @[ IoU=0.50:0.95 | area=   all | maxDets=300 ] = 0.621
 Average Recall     (AR) @[ IoU=0.50:0.95 | area=   all | maxDets=1000 ] = 0.625
 Average Recall     (AR) @[ IoU=0.50:0.95 | area= small | maxDets=1000 ] = 0.548
 Average Recall     (AR) @[ IoU=0.50:0.95 | area=medium | maxDets=1000 ] = 0.659
 Average Recall     (AR) @[ IoU=0.50:0.95 | area= large | maxDets=1000 ] = 0.797

2025-01-11 07:54:28,817 - mmdet - INFO - 
+----------+-------+--------+--------+-------+-------+-------+
| category | mAP   | mAP_50 | mAP_75 | mAP_s | mAP_m | mAP_l |
+----------+-------+--------+--------+-------+-------+-------+
| person   | 0.489 | 0.892  | 0.463  | 0.349 | 0.562 | 0.755 |
| car      | 0.638 | 0.928  | 0.698  | 0.426 | 0.693 | 0.909 |
| bicycle  | 0.314 | 0.751  | 0.193  | 0.274 | 0.366 | 0.391 |
+----------+-------+--------+--------+-------+-------+-------+
2025-01-11 07:54:29,369 - mmdet - INFO - Exp name: codino_vit_twostream_640_autoaugv1_train1.py
2025-01-11 07:54:29,370 - mmdet - INFO - Epoch(val) [34][1013]	person_precision: 0.4890, car_precision: 0.6380, bicycle_precision: 0.3140, bbox_mAP: 0.4800, bbox_mAP_50: 0.8570, bbox_mAP_75: 0.4510, bbox_mAP_s: 0.3500, bbox_mAP_m: 0.5410, bbox_mAP_l: 0.6850, bbox_mAP_copypaste: 0.480 0.857 0.451 0.350 0.541 0.685
2025-01-11 08:19:49,548 - mmdet - INFO - Epoch [35][1000/4129]	lr: 5.000e-08, eta: 2:58:53, time: 1.520, data_time: 0.007, memory: 18733, enc_loss_cls: 0.1148, enc_loss_bbox: 0.0928, enc_loss_iou: 0.4243, loss_cls: 0.0895, loss_bbox: 0.0915, loss_iou: 0.4151, d0.loss_cls: 0.1260, d0.loss_bbox: 0.0915, d0.loss_iou: 0.4152, d1.loss_cls: 0.0969, d1.loss_bbox: 0.0920, d1.loss_iou: 0.4151, d2.loss_cls: 0.0934, d2.loss_bbox: 0.0914, d2.loss_iou: 0.4143, d3.loss_cls: 0.0913, d3.loss_bbox: 0.0914, d3.loss_iou: 0.4146, d4.loss_cls: 0.0909, d4.loss_bbox: 0.0912, d4.loss_iou: 0.4143, dn_loss_cls: 0.0138, dn_loss_bbox: 0.0473, dn_loss_iou: 0.2151, d0.dn_loss_cls: 0.0447, d0.dn_loss_bbox: 0.0674, d0.dn_loss_iou: 0.3110, d1.dn_loss_cls: 0.0212, d1.dn_loss_bbox: 0.0500, d1.dn_loss_iou: 0.2293, d2.dn_loss_cls: 0.0166, d2.dn_loss_bbox: 0.0477, d2.dn_loss_iou: 0.2174, d3.dn_loss_cls: 0.0144, d3.dn_loss_bbox: 0.0473, d3.dn_loss_iou: 0.2151, d4.dn_loss_cls: 0.0139, d4.dn_loss_bbox: 0.0473, d4.dn_loss_iou: 0.2152, loss_rpn_cls: 0.0396, loss_rpn_bbox: 0.1145, loss_cls0: 1.7468, acc0: 93.9330, loss_bbox0: 3.3158, loss_cls1: 1.5109, loss_bbox1: 4.3112, loss_centerness1: 7.1694, loss_cls_aux0: 0.0105, loss_bbox_aux0: 0.0145, loss_iou_aux0: 0.0579, d0.loss_cls_aux0: 0.0147, d0.loss_bbox_aux0: 0.0583, d0.loss_iou_aux0: 0.2354, d1.loss_cls_aux0: 0.0125, d1.loss_bbox_aux0: 0.0234, d1.loss_iou_aux0: 0.0915, d2.loss_cls_aux0: 0.0118, d2.loss_bbox_aux0: 0.0169, d2.loss_iou_aux0: 0.0665, d3.loss_cls_aux0: 0.0112, d3.loss_bbox_aux0: 0.0145, d3.loss_iou_aux0: 0.0578, d4.loss_cls_aux0: 0.0106, d4.loss_bbox_aux0: 0.0145, d4.loss_iou_aux0: 0.0578, loss_cls_aux1: 0.0087, loss_bbox_aux1: 0.0638, loss_iou_aux1: 0.2731, d0.loss_cls_aux1: 0.0109, d0.loss_bbox_aux1: 0.0790, d0.loss_iou_aux1: 0.3250, d1.loss_cls_aux1: 0.0095, d1.loss_bbox_aux1: 0.0670, d1.loss_iou_aux1: 0.2829, d2.loss_cls_aux1: 0.0091, d2.loss_bbox_aux1: 0.0644, d2.loss_iou_aux1: 0.2754, d3.loss_cls_aux1: 0.0090, d3.loss_bbox_aux1: 0.0638, d3.loss_iou_aux1: 0.2732, d4.loss_cls_aux1: 0.0087, d4.loss_bbox_aux1: 0.0638, d4.loss_iou_aux1: 0.2731, loss: 27.2407, grad_norm: 276.4509
2025-01-11 08:45:07,456 - mmdet - INFO - Epoch [35][2000/4129]	lr: 5.000e-08, eta: 2:34:16, time: 1.518, data_time: 0.005, memory: 18733, enc_loss_cls: 0.1058, enc_loss_bbox: 0.0946, enc_loss_iou: 0.4097, loss_cls: 0.0852, loss_bbox: 0.0905, loss_iou: 0.4005, d0.loss_cls: 0.1221, d0.loss_bbox: 0.0907, d0.loss_iou: 0.3982, d1.loss_cls: 0.0912, d1.loss_bbox: 0.0908, d1.loss_iou: 0.4021, d2.loss_cls: 0.0868, d2.loss_bbox: 0.0906, d2.loss_iou: 0.4011, d3.loss_cls: 0.0853, d3.loss_bbox: 0.0906, d3.loss_iou: 0.4011, d4.loss_cls: 0.0856, d4.loss_bbox: 0.0905, d4.loss_iou: 0.4006, dn_loss_cls: 0.0121, dn_loss_bbox: 0.0481, dn_loss_iou: 0.2087, d0.dn_loss_cls: 0.0419, d0.dn_loss_bbox: 0.0678, d0.dn_loss_iou: 0.3006, d1.dn_loss_cls: 0.0191, d1.dn_loss_bbox: 0.0508, d1.dn_loss_iou: 0.2221, d2.dn_loss_cls: 0.0146, d2.dn_loss_bbox: 0.0485, d2.dn_loss_iou: 0.2107, d3.dn_loss_cls: 0.0125, d3.dn_loss_bbox: 0.0481, d3.dn_loss_iou: 0.2087, d4.dn_loss_cls: 0.0120, d4.dn_loss_bbox: 0.0481, d4.dn_loss_iou: 0.2087, loss_rpn_cls: 0.0393, loss_rpn_bbox: 0.1103, loss_cls0: 1.6926, acc0: 94.2421, loss_bbox0: 3.1792, loss_cls1: 1.4351, loss_bbox1: 4.2110, loss_centerness1: 7.0953, loss_cls_aux0: 0.0064, loss_bbox_aux0: 0.0142, loss_iou_aux0: 0.0551, d0.loss_cls_aux0: 0.0141, d0.loss_bbox_aux0: 0.0580, d0.loss_iou_aux0: 0.2307, d1.loss_cls_aux0: 0.0091, d1.loss_bbox_aux0: 0.0225, d1.loss_iou_aux0: 0.0880, d2.loss_cls_aux0: 0.0076, d2.loss_bbox_aux0: 0.0162, d2.loss_iou_aux0: 0.0635, d3.loss_cls_aux0: 0.0066, d3.loss_bbox_aux0: 0.0142, d3.loss_iou_aux0: 0.0552, d4.loss_cls_aux0: 0.0064, d4.loss_bbox_aux0: 0.0142, d4.loss_iou_aux0: 0.0551, loss_cls_aux1: 0.0078, loss_bbox_aux1: 0.0654, loss_iou_aux1: 0.2690, d0.loss_cls_aux1: 0.0104, d0.loss_bbox_aux1: 0.0809, d0.loss_iou_aux1: 0.3207, d1.loss_cls_aux1: 0.0092, d1.loss_bbox_aux1: 0.0685, d1.loss_iou_aux1: 0.2789, d2.loss_cls_aux1: 0.0083, d2.loss_bbox_aux1: 0.0661, d2.loss_iou_aux1: 0.2710, d3.loss_cls_aux1: 0.0079, d3.loss_bbox_aux1: 0.0654, d3.loss_iou_aux1: 0.2690, d4.loss_cls_aux1: 0.0078, d4.loss_bbox_aux1: 0.0654, d4.loss_iou_aux1: 0.2690, loss: 26.5376, grad_norm: 275.4646
2025-01-11 09:10:26,310 - mmdet - INFO - Epoch [35][3000/4129]	lr: 5.000e-08, eta: 2:09:38, time: 1.519, data_time: 0.004, memory: 18733, enc_loss_cls: 0.1182, enc_loss_bbox: 0.0931, enc_loss_iou: 0.4155, loss_cls: 0.0975, loss_bbox: 0.0888, loss_iou: 0.4080, d0.loss_cls: 0.1354, d0.loss_bbox: 0.0880, d0.loss_iou: 0.4043, d1.loss_cls: 0.1018, d1.loss_bbox: 0.0883, d1.loss_iou: 0.4074, d2.loss_cls: 0.1013, d2.loss_bbox: 0.0884, d2.loss_iou: 0.4065, d3.loss_cls: 0.0998, d3.loss_bbox: 0.0880, d3.loss_iou: 0.4071, d4.loss_cls: 0.0979, d4.loss_bbox: 0.0887, d4.loss_iou: 0.4081, dn_loss_cls: 0.0133, dn_loss_bbox: 0.0466, dn_loss_iou: 0.2113, d0.dn_loss_cls: 0.0439, d0.dn_loss_bbox: 0.0666, d0.dn_loss_iou: 0.3063, d1.dn_loss_cls: 0.0204, d1.dn_loss_bbox: 0.0491, d1.dn_loss_iou: 0.2253, d2.dn_loss_cls: 0.0159, d2.dn_loss_bbox: 0.0469, d2.dn_loss_iou: 0.2135, d3.dn_loss_cls: 0.0137, d3.dn_loss_bbox: 0.0466, d3.dn_loss_iou: 0.2114, d4.dn_loss_cls: 0.0133, d4.dn_loss_bbox: 0.0466, d4.dn_loss_iou: 0.2113, loss_rpn_cls: 0.0349, loss_rpn_bbox: 0.1116, loss_cls0: 1.7435, acc0: 93.9770, loss_bbox0: 3.2776, loss_cls1: 1.4260, loss_bbox1: 4.2660, loss_centerness1: 7.1091, loss_cls_aux0: 0.0081, loss_bbox_aux0: 0.0125, loss_iou_aux0: 0.0545, d0.loss_cls_aux0: 0.0126, d0.loss_bbox_aux0: 0.0564, d0.loss_iou_aux0: 0.2326, d1.loss_cls_aux0: 0.0094, d1.loss_bbox_aux0: 0.0209, d1.loss_iou_aux0: 0.0884, d2.loss_cls_aux0: 0.0087, d2.loss_bbox_aux0: 0.0147, d2.loss_iou_aux0: 0.0631, d3.loss_cls_aux0: 0.0078, d3.loss_bbox_aux0: 0.0125, d3.loss_iou_aux0: 0.0542, d4.loss_cls_aux0: 0.0078, d4.loss_bbox_aux0: 0.0125, d4.loss_iou_aux0: 0.0544, loss_cls_aux1: 0.0100, loss_bbox_aux1: 0.0626, loss_iou_aux1: 0.2691, d0.loss_cls_aux1: 0.0114, d0.loss_bbox_aux1: 0.0779, d0.loss_iou_aux1: 0.3227, d1.loss_cls_aux1: 0.0111, d1.loss_bbox_aux1: 0.0658, d1.loss_iou_aux1: 0.2804, d2.loss_cls_aux1: 0.0106, d2.loss_bbox_aux1: 0.0634, d2.loss_iou_aux1: 0.2716, d3.loss_cls_aux1: 0.0099, d3.loss_bbox_aux1: 0.0626, d3.loss_iou_aux1: 0.2691, d4.loss_cls_aux1: 0.0098, d4.loss_bbox_aux1: 0.0626, d4.loss_iou_aux1: 0.2691, loss: 26.8736, grad_norm: 277.3998
2025-01-11 09:35:44,013 - mmdet - INFO - Epoch [35][4000/4129]	lr: 5.000e-08, eta: 1:45:00, time: 1.518, data_time: 0.005, memory: 18733, enc_loss_cls: 0.1167, enc_loss_bbox: 0.0900, enc_loss_iou: 0.4241, loss_cls: 0.0962, loss_bbox: 0.0852, loss_iou: 0.4123, d0.loss_cls: 0.1280, d0.loss_bbox: 0.0857, d0.loss_iou: 0.4119, d1.loss_cls: 0.1028, d1.loss_bbox: 0.0857, d1.loss_iou: 0.4131, d2.loss_cls: 0.0983, d2.loss_bbox: 0.0854, d2.loss_iou: 0.4127, d3.loss_cls: 0.0975, d3.loss_bbox: 0.0850, d3.loss_iou: 0.4120, d4.loss_cls: 0.0966, d4.loss_bbox: 0.0851, d4.loss_iou: 0.4123, dn_loss_cls: 0.0133, dn_loss_bbox: 0.0439, dn_loss_iou: 0.2125, d0.dn_loss_cls: 0.0445, d0.dn_loss_bbox: 0.0631, d0.dn_loss_iou: 0.3080, d1.dn_loss_cls: 0.0206, d1.dn_loss_bbox: 0.0464, d1.dn_loss_iou: 0.2266, d2.dn_loss_cls: 0.0161, d2.dn_loss_bbox: 0.0443, d2.dn_loss_iou: 0.2146, d3.dn_loss_cls: 0.0139, d3.dn_loss_bbox: 0.0439, d3.dn_loss_iou: 0.2125, d4.dn_loss_cls: 0.0133, d4.dn_loss_bbox: 0.0439, d4.dn_loss_iou: 0.2126, loss_rpn_cls: 0.0435, loss_rpn_bbox: 0.1135, loss_cls0: 1.7624, acc0: 94.0084, loss_bbox0: 3.2988, loss_cls1: 1.4946, loss_bbox1: 4.3337, loss_centerness1: 7.0573, loss_cls_aux0: 0.0085, loss_bbox_aux0: 0.0121, loss_iou_aux0: 0.0535, d0.loss_cls_aux0: 0.0179, d0.loss_bbox_aux0: 0.0540, d0.loss_iou_aux0: 0.2321, d1.loss_cls_aux0: 0.0105, d1.loss_bbox_aux0: 0.0202, d1.loss_iou_aux0: 0.0864, d2.loss_cls_aux0: 0.0093, d2.loss_bbox_aux0: 0.0145, d2.loss_iou_aux0: 0.0619, d3.loss_cls_aux0: 0.0088, d3.loss_bbox_aux0: 0.0122, d3.loss_iou_aux0: 0.0535, d4.loss_cls_aux0: 0.0086, d4.loss_bbox_aux0: 0.0121, d4.loss_iou_aux0: 0.0535, loss_cls_aux1: 0.0090, loss_bbox_aux1: 0.0617, loss_iou_aux1: 0.2788, d0.loss_cls_aux1: 0.0124, d0.loss_bbox_aux1: 0.0753, d0.loss_iou_aux1: 0.3298, d1.loss_cls_aux1: 0.0103, d1.loss_bbox_aux1: 0.0646, d1.loss_iou_aux1: 0.2893, d2.loss_cls_aux1: 0.0098, d2.loss_bbox_aux1: 0.0623, d2.loss_iou_aux1: 0.2811, d3.loss_cls_aux1: 0.0092, d3.loss_bbox_aux1: 0.0618, d3.loss_iou_aux1: 0.2788, d4.loss_cls_aux1: 0.0089, d4.loss_bbox_aux1: 0.0617, d4.loss_iou_aux1: 0.2788, loss: 27.0477, grad_norm: 289.4809
2025-01-11 09:38:59,963 - mmdet - INFO - Saving checkpoint at 35 epochs
2025-01-11 09:45:05,239 - mmdet - INFO - Evaluating bbox...
2025-01-11 09:46:20,633 - mmdet - INFO - 
 Average Precision  (AP) @[ IoU=0.50:0.95 | area=   all | maxDets=100 ] = 0.477
 Average Precision  (AP) @[ IoU=0.50      | area=   all | maxDets=1000 ] = 0.855
 Average Precision  (AP) @[ IoU=0.75      | area=   all | maxDets=1000 ] = 0.447
 Average Precision  (AP) @[ IoU=0.50:0.95 | area= small | maxDets=1000 ] = 0.347
 Average Precision  (AP) @[ IoU=0.50:0.95 | area=medium | maxDets=1000 ] = 0.538
 Average Precision  (AP) @[ IoU=0.50:0.95 | area= large | maxDets=1000 ] = 0.681
 Average Recall     (AR) @[ IoU=0.50:0.95 | area=   all | maxDets=100 ] = 0.608
 Average Recall     (AR) @[ IoU=0.50:0.95 | area=   all | maxDets=300 ] = 0.621
 Average Recall     (AR) @[ IoU=0.50:0.95 | area=   all | maxDets=1000 ] = 0.625
 Average Recall     (AR) @[ IoU=0.50:0.95 | area= small | maxDets=1000 ] = 0.547
 Average Recall     (AR) @[ IoU=0.50:0.95 | area=medium | maxDets=1000 ] = 0.660
 Average Recall     (AR) @[ IoU=0.50:0.95 | area= large | maxDets=1000 ] = 0.790

2025-01-11 09:46:20,634 - mmdet - INFO - 
+----------+-------+--------+--------+-------+-------+-------+
| category | mAP   | mAP_50 | mAP_75 | mAP_s | mAP_m | mAP_l |
+----------+-------+--------+--------+-------+-------+-------+
| person   | 0.489 | 0.892  | 0.466  | 0.349 | 0.563 | 0.754 |
| car      | 0.637 | 0.929  | 0.696  | 0.424 | 0.693 | 0.909 |
| bicycle  | 0.307 | 0.745  | 0.18   | 0.269 | 0.358 | 0.38  |
+----------+-------+--------+--------+-------+-------+-------+
2025-01-11 09:46:21,198 - mmdet - INFO - Exp name: codino_vit_twostream_640_autoaugv1_train1.py
2025-01-11 09:46:21,200 - mmdet - INFO - Epoch(val) [35][1013]	person_precision: 0.4890, car_precision: 0.6370, bicycle_precision: 0.3070, bbox_mAP: 0.4770, bbox_mAP_50: 0.8550, bbox_mAP_75: 0.4470, bbox_mAP_s: 0.3470, bbox_mAP_m: 0.5380, bbox_mAP_l: 0.6810, bbox_mAP_copypaste: 0.477 0.855 0.447 0.347 0.538 0.681
2025-01-11 10:11:41,809 - mmdet - INFO - Epoch [36][1000/4129]	lr: 5.000e-08, eta: 1:17:06, time: 1.521, data_time: 0.007, memory: 18733, enc_loss_cls: 0.1134, enc_loss_bbox: 0.0943, enc_loss_iou: 0.4174, loss_cls: 0.0921, loss_bbox: 0.0902, loss_iou: 0.4081, d0.loss_cls: 0.1261, d0.loss_bbox: 0.0905, d0.loss_iou: 0.4073, d1.loss_cls: 0.0993, d1.loss_bbox: 0.0905, d1.loss_iou: 0.4074, d2.loss_cls: 0.0967, d2.loss_bbox: 0.0899, d2.loss_iou: 0.4071, d3.loss_cls: 0.0934, d3.loss_bbox: 0.0901, d3.loss_iou: 0.4077, d4.loss_cls: 0.0922, d4.loss_bbox: 0.0903, d4.loss_iou: 0.4083, dn_loss_cls: 0.0137, dn_loss_bbox: 0.0470, dn_loss_iou: 0.2110, d0.dn_loss_cls: 0.0434, d0.dn_loss_bbox: 0.0672, d0.dn_loss_iou: 0.3050, d1.dn_loss_cls: 0.0208, d1.dn_loss_bbox: 0.0498, d1.dn_loss_iou: 0.2251, d2.dn_loss_cls: 0.0161, d2.dn_loss_bbox: 0.0474, d2.dn_loss_iou: 0.2132, d3.dn_loss_cls: 0.0140, d3.dn_loss_bbox: 0.0470, d3.dn_loss_iou: 0.2110, d4.dn_loss_cls: 0.0137, d4.dn_loss_bbox: 0.0470, d4.dn_loss_iou: 0.2110, loss_rpn_cls: 0.0319, loss_rpn_bbox: 0.1146, loss_cls0: 1.7300, acc0: 94.0748, loss_bbox0: 3.3024, loss_cls1: 1.4400, loss_bbox1: 4.2765, loss_centerness1: 7.1023, loss_cls_aux0: 0.0095, loss_bbox_aux0: 0.0123, loss_iou_aux0: 0.0524, d0.loss_cls_aux0: 0.0160, d0.loss_bbox_aux0: 0.0566, d0.loss_iou_aux0: 0.2312, d1.loss_cls_aux0: 0.0122, d1.loss_bbox_aux0: 0.0204, d1.loss_iou_aux0: 0.0854, d2.loss_cls_aux0: 0.0104, d2.loss_bbox_aux0: 0.0145, d2.loss_iou_aux0: 0.0611, d3.loss_cls_aux0: 0.0096, d3.loss_bbox_aux0: 0.0123, d3.loss_iou_aux0: 0.0524, d4.loss_cls_aux0: 0.0095, d4.loss_bbox_aux0: 0.0123, d4.loss_iou_aux0: 0.0524, loss_cls_aux1: 0.0094, loss_bbox_aux1: 0.0657, loss_iou_aux1: 0.2759, d0.loss_cls_aux1: 0.0117, d0.loss_bbox_aux1: 0.0807, d0.loss_iou_aux1: 0.3287, d1.loss_cls_aux1: 0.0103, d1.loss_bbox_aux1: 0.0688, d1.loss_iou_aux1: 0.2867, d2.loss_cls_aux1: 0.0097, d2.loss_bbox_aux1: 0.0662, d2.loss_iou_aux1: 0.2780, d3.loss_cls_aux1: 0.0093, d3.loss_bbox_aux1: 0.0657, d3.loss_iou_aux1: 0.2758, d4.loss_cls_aux1: 0.0093, d4.loss_bbox_aux1: 0.0657, d4.loss_iou_aux1: 0.2759, loss: 26.9370, grad_norm: 264.4127
2025-01-11 10:37:01,679 - mmdet - INFO - Epoch [36][2000/4129]	lr: 5.000e-08, eta: 0:52:28, time: 1.520, data_time: 0.005, memory: 18733, enc_loss_cls: 0.1129, enc_loss_bbox: 0.0935, enc_loss_iou: 0.4233, loss_cls: 0.0920, loss_bbox: 0.0896, loss_iou: 0.4147, d0.loss_cls: 0.1228, d0.loss_bbox: 0.0907, d0.loss_iou: 0.4147, d1.loss_cls: 0.0984, d1.loss_bbox: 0.0896, d1.loss_iou: 0.4151, d2.loss_cls: 0.0943, d2.loss_bbox: 0.0895, d2.loss_iou: 0.4143, d3.loss_cls: 0.0918, d3.loss_bbox: 0.0898, d3.loss_iou: 0.4148, d4.loss_cls: 0.0922, d4.loss_bbox: 0.0894, d4.loss_iou: 0.4147, dn_loss_cls: 0.0132, dn_loss_bbox: 0.0475, dn_loss_iou: 0.2158, d0.dn_loss_cls: 0.0444, d0.dn_loss_bbox: 0.0676, d0.dn_loss_iou: 0.3133, d1.dn_loss_cls: 0.0204, d1.dn_loss_bbox: 0.0501, d1.dn_loss_iou: 0.2298, d2.dn_loss_cls: 0.0158, d2.dn_loss_bbox: 0.0478, d2.dn_loss_iou: 0.2180, d3.dn_loss_cls: 0.0136, d3.dn_loss_bbox: 0.0475, d3.dn_loss_iou: 0.2158, d4.dn_loss_cls: 0.0132, d4.dn_loss_bbox: 0.0475, d4.dn_loss_iou: 0.2158, loss_rpn_cls: 0.0472, loss_rpn_bbox: 0.1229, loss_cls0: 1.8547, acc0: 93.6025, loss_bbox0: 3.4760, loss_cls1: 1.4794, loss_bbox1: 4.3431, loss_centerness1: 7.1515, loss_cls_aux0: 0.0076, loss_bbox_aux0: 0.0143, loss_iou_aux0: 0.0595, d0.loss_cls_aux0: 0.0148, d0.loss_bbox_aux0: 0.0581, d0.loss_iou_aux0: 0.2414, d1.loss_cls_aux0: 0.0107, d1.loss_bbox_aux0: 0.0226, d1.loss_iou_aux0: 0.0934, d2.loss_cls_aux0: 0.0092, d2.loss_bbox_aux0: 0.0167, d2.loss_iou_aux0: 0.0683, d3.loss_cls_aux0: 0.0080, d3.loss_bbox_aux0: 0.0143, d3.loss_iou_aux0: 0.0595, d4.loss_cls_aux0: 0.0077, d4.loss_bbox_aux0: 0.0143, d4.loss_iou_aux0: 0.0595, loss_cls_aux1: 0.0088, loss_bbox_aux1: 0.0617, loss_iou_aux1: 0.2727, d0.loss_cls_aux1: 0.0112, d0.loss_bbox_aux1: 0.0769, d0.loss_iou_aux1: 0.3261, d1.loss_cls_aux1: 0.0094, d1.loss_bbox_aux1: 0.0650, d1.loss_iou_aux1: 0.2840, d2.loss_cls_aux1: 0.0088, d2.loss_bbox_aux1: 0.0623, d2.loss_iou_aux1: 0.2749, d3.loss_cls_aux1: 0.0085, d3.loss_bbox_aux1: 0.0617, d3.loss_iou_aux1: 0.2727, d4.loss_cls_aux1: 0.0086, d4.loss_bbox_aux1: 0.0617, d4.loss_iou_aux1: 0.2727, loss: 27.4877, grad_norm: 276.6839
2025-01-11 11:02:21,035 - mmdet - INFO - Epoch [36][3000/4129]	lr: 5.000e-08, eta: 0:27:50, time: 1.519, data_time: 0.004, memory: 18733, enc_loss_cls: 0.1049, enc_loss_bbox: 0.0879, enc_loss_iou: 0.4152, loss_cls: 0.0868, loss_bbox: 0.0832, loss_iou: 0.4058, d0.loss_cls: 0.1189, d0.loss_bbox: 0.0838, d0.loss_iou: 0.4037, d1.loss_cls: 0.0893, d1.loss_bbox: 0.0845, d1.loss_iou: 0.4079, d2.loss_cls: 0.0856, d2.loss_bbox: 0.0844, d2.loss_iou: 0.4075, d3.loss_cls: 0.0844, d3.loss_bbox: 0.0846, d3.loss_iou: 0.4080, d4.loss_cls: 0.0869, d4.loss_bbox: 0.0832, d4.loss_iou: 0.4060, dn_loss_cls: 0.0123, dn_loss_bbox: 0.0445, dn_loss_iou: 0.2110, d0.dn_loss_cls: 0.0425, d0.dn_loss_bbox: 0.0630, d0.dn_loss_iou: 0.3057, d1.dn_loss_cls: 0.0191, d1.dn_loss_bbox: 0.0469, d1.dn_loss_iou: 0.2246, d2.dn_loss_cls: 0.0149, d2.dn_loss_bbox: 0.0448, d2.dn_loss_iou: 0.2128, d3.dn_loss_cls: 0.0128, d3.dn_loss_bbox: 0.0445, d3.dn_loss_iou: 0.2108, d4.dn_loss_cls: 0.0123, d4.dn_loss_bbox: 0.0445, d4.dn_loss_iou: 0.2109, loss_rpn_cls: 0.0328, loss_rpn_bbox: 0.1127, loss_cls0: 1.6936, acc0: 94.0885, loss_bbox0: 3.2478, loss_cls1: 1.3782, loss_bbox1: 4.2087, loss_centerness1: 7.1114, loss_cls_aux0: 0.0089, loss_bbox_aux0: 0.0129, loss_iou_aux0: 0.0552, d0.loss_cls_aux0: 0.0132, d0.loss_bbox_aux0: 0.0541, d0.loss_iou_aux0: 0.2320, d1.loss_cls_aux0: 0.0103, d1.loss_bbox_aux0: 0.0200, d1.loss_iou_aux0: 0.0855, d2.loss_cls_aux0: 0.0096, d2.loss_bbox_aux0: 0.0146, d2.loss_iou_aux0: 0.0626, d3.loss_cls_aux0: 0.0091, d3.loss_bbox_aux0: 0.0130, d3.loss_iou_aux0: 0.0551, d4.loss_cls_aux0: 0.0089, d4.loss_bbox_aux0: 0.0129, d4.loss_iou_aux0: 0.0552, loss_cls_aux1: 0.0089, loss_bbox_aux1: 0.0581, loss_iou_aux1: 0.2652, d0.loss_cls_aux1: 0.0105, d0.loss_bbox_aux1: 0.0735, d0.loss_iou_aux1: 0.3191, d1.loss_cls_aux1: 0.0095, d1.loss_bbox_aux1: 0.0608, d1.loss_iou_aux1: 0.2754, d2.loss_cls_aux1: 0.0091, d2.loss_bbox_aux1: 0.0587, d2.loss_iou_aux1: 0.2676, d3.loss_cls_aux1: 0.0089, d3.loss_bbox_aux1: 0.0581, d3.loss_iou_aux1: 0.2652, d4.loss_cls_aux1: 0.0088, d4.loss_bbox_aux1: 0.0581, d4.loss_iou_aux1: 0.2652, loss: 26.4794, grad_norm: 262.3407
2025-01-11 11:27:41,745 - mmdet - INFO - Epoch [36][4000/4129]	lr: 5.000e-08, eta: 0:03:10, time: 1.521, data_time: 0.005, memory: 18733, enc_loss_cls: 0.1120, enc_loss_bbox: 0.0919, enc_loss_iou: 0.4223, loss_cls: 0.0925, loss_bbox: 0.0881, loss_iou: 0.4128, d0.loss_cls: 0.1241, d0.loss_bbox: 0.0883, d0.loss_iou: 0.4124, d1.loss_cls: 0.0970, d1.loss_bbox: 0.0886, d1.loss_iou: 0.4140, d2.loss_cls: 0.0948, d2.loss_bbox: 0.0876, d2.loss_iou: 0.4119, d3.loss_cls: 0.0931, d3.loss_bbox: 0.0882, d3.loss_iou: 0.4126, d4.loss_cls: 0.0922, d4.loss_bbox: 0.0885, d4.loss_iou: 0.4133, dn_loss_cls: 0.0152, dn_loss_bbox: 0.0463, dn_loss_iou: 0.2141, d0.dn_loss_cls: 0.0453, d0.dn_loss_bbox: 0.0659, d0.dn_loss_iou: 0.3092, d1.dn_loss_cls: 0.0214, d1.dn_loss_bbox: 0.0489, d1.dn_loss_iou: 0.2277, d2.dn_loss_cls: 0.0175, d2.dn_loss_bbox: 0.0466, d2.dn_loss_iou: 0.2162, d3.dn_loss_cls: 0.0158, d3.dn_loss_bbox: 0.0463, d3.dn_loss_iou: 0.2140, d4.dn_loss_cls: 0.0154, d4.dn_loss_bbox: 0.0463, d4.dn_loss_iou: 0.2141, loss_rpn_cls: 0.0351, loss_rpn_bbox: 0.1150, loss_cls0: 1.7527, acc0: 93.9575, loss_bbox0: 3.3241, loss_cls1: 1.4481, loss_bbox1: 4.2849, loss_centerness1: 7.1685, loss_cls_aux0: 0.0114, loss_bbox_aux0: 0.0131, loss_iou_aux0: 0.0562, d0.loss_cls_aux0: 0.0174, d0.loss_bbox_aux0: 0.0560, d0.loss_iou_aux0: 0.2369, d1.loss_cls_aux0: 0.0131, d1.loss_bbox_aux0: 0.0215, d1.loss_iou_aux0: 0.0914, d2.loss_cls_aux0: 0.0122, d2.loss_bbox_aux0: 0.0155, d2.loss_iou_aux0: 0.0657, d3.loss_cls_aux0: 0.0116, d3.loss_bbox_aux0: 0.0131, d3.loss_iou_aux0: 0.0562, d4.loss_cls_aux0: 0.0114, d4.loss_bbox_aux0: 0.0131, d4.loss_iou_aux0: 0.0562, loss_cls_aux1: 0.0141, loss_bbox_aux1: 0.0633, loss_iou_aux1: 0.2742, d0.loss_cls_aux1: 0.0158, d0.loss_bbox_aux1: 0.0768, d0.loss_iou_aux1: 0.3255, d1.loss_cls_aux1: 0.0135, d1.loss_bbox_aux1: 0.0657, d1.loss_iou_aux1: 0.2834, d2.loss_cls_aux1: 0.0131, d2.loss_bbox_aux1: 0.0638, d2.loss_iou_aux1: 0.2765, d3.loss_cls_aux1: 0.0135, d3.loss_bbox_aux1: 0.0633, d3.loss_iou_aux1: 0.2742, d4.loss_cls_aux1: 0.0138, d4.loss_bbox_aux1: 0.0633, d4.loss_iou_aux1: 0.2742, loss: 27.1410, grad_norm: 277.0748
2025-01-11 11:30:57,878 - mmdet - INFO - Saving checkpoint at 36 epochs
2025-01-11 11:37:03,126 - mmdet - INFO - Evaluating bbox...
2025-01-11 11:38:17,961 - mmdet - INFO - 
 Average Precision  (AP) @[ IoU=0.50:0.95 | area=   all | maxDets=100 ] = 0.477
 Average Precision  (AP) @[ IoU=0.50      | area=   all | maxDets=1000 ] = 0.855
 Average Precision  (AP) @[ IoU=0.75      | area=   all | maxDets=1000 ] = 0.447
 Average Precision  (AP) @[ IoU=0.50:0.95 | area= small | maxDets=1000 ] = 0.348
 Average Precision  (AP) @[ IoU=0.50:0.95 | area=medium | maxDets=1000 ] = 0.537
 Average Precision  (AP) @[ IoU=0.50:0.95 | area= large | maxDets=1000 ] = 0.682
 Average Recall     (AR) @[ IoU=0.50:0.95 | area=   all | maxDets=100 ] = 0.605
 Average Recall     (AR) @[ IoU=0.50:0.95 | area=   all | maxDets=300 ] = 0.618
 Average Recall     (AR) @[ IoU=0.50:0.95 | area=   all | maxDets=1000 ] = 0.622
 Average Recall     (AR) @[ IoU=0.50:0.95 | area= small | maxDets=1000 ] = 0.547
 Average Recall     (AR) @[ IoU=0.50:0.95 | area=medium | maxDets=1000 ] = 0.655
 Average Recall     (AR) @[ IoU=0.50:0.95 | area= large | maxDets=1000 ] = 0.790

2025-01-11 11:38:17,961 - mmdet - INFO - 
+----------+-------+--------+--------+-------+-------+-------+
| category | mAP   | mAP_50 | mAP_75 | mAP_s | mAP_m | mAP_l |
+----------+-------+--------+--------+-------+-------+-------+
| person   | 0.49  | 0.893  | 0.467  | 0.351 | 0.564 | 0.754 |
| car      | 0.637 | 0.929  | 0.699  | 0.425 | 0.693 | 0.909 |
| bicycle  | 0.306 | 0.744  | 0.176  | 0.268 | 0.355 | 0.383 |
+----------+-------+--------+--------+-------+-------+-------+
2025-01-11 11:38:18,531 - mmdet - INFO - Exp name: codino_vit_twostream_640_autoaugv1_train1.py
2025-01-11 11:38:18,531 - mmdet - INFO - Epoch(val) [36][1013]	person_precision: 0.4900, car_precision: 0.6370, bicycle_precision: 0.3060, bbox_mAP: 0.4770, bbox_mAP_50: 0.8550, bbox_mAP_75: 0.4470, bbox_mAP_s: 0.3480, bbox_mAP_m: 0.5370, bbox_mAP_l: 0.6820, bbox_mAP_copypaste: 0.477 0.855 0.447 0.348 0.537 0.682
