2024-12-31 10:54:57,339 - mmdet - INFO - Environment info:
------------------------------------------------------------
sys.platform: linux
Python: 3.7.16 (default, Jan 17 2023, 22:20:44) [GCC 11.2.0]
CUDA available: True
GPU 0: NVIDIA GeForce RTX 4090 D
CUDA_HOME: /usr/local/cuda
NVCC: Cuda compilation tools, release 11.3, V11.3.109
GCC: gcc (Ubuntu 9.4.0-1ubuntu1~20.04.1) 9.4.0
PyTorch: 1.11.0+cu113
PyTorch compiling details: PyTorch built with:
  - GCC 7.3
  - C++ Version: 201402
  - Intel(R) Math Kernel Library Version 2020.0.0 Product Build 20191122 for Intel(R) 64 architecture applications
  - Intel(R) MKL-DNN v2.5.2 (Git Hash a9302535553c73243c632ad3c4c80beec3d19a1e)
  - OpenMP 201511 (a.k.a. OpenMP 4.5)
  - LAPACK is enabled (usually provided by MKL)
  - NNPACK is enabled
  - CPU capability usage: AVX2
  - CUDA Runtime 11.3
  - NVCC architecture flags: -gencode;arch=compute_37,code=sm_37;-gencode;arch=compute_50,code=sm_50;-gencode;arch=compute_60,code=sm_60;-gencode;arch=compute_70,code=sm_70;-gencode;arch=compute_75,code=sm_75;-gencode;arch=compute_80,code=sm_80;-gencode;arch=compute_86,code=sm_86
  - CuDNN 8.2
  - Magma 2.5.2
  - Build settings: BLAS_INFO=mkl, BUILD_TYPE=Release, CUDA_VERSION=11.3, CUDNN_VERSION=8.2.0, CXX_COMPILER=/opt/rh/devtoolset-7/root/usr/bin/c++, CXX_FLAGS= -Wno-deprecated -fvisibility-inlines-hidden -DUSE_PTHREADPOOL -fopenmp -DNDEBUG -DUSE_KINETO -DUSE_FBGEMM -DUSE_QNNPACK -DUSE_PYTORCH_QNNPACK -DUSE_XNNPACK -DSYMBOLICATE_MOBILE_DEBUG_HANDLE -DEDGE_PROFILER_USE_KINETO -O2 -fPIC -Wno-narrowing -Wall -Wextra -Werror=return-type -Wno-missing-field-initializers -Wno-type-limits -Wno-array-bounds -Wno-unknown-pragmas -Wno-sign-compare -Wno-unused-parameter -Wno-unused-function -Wno-unused-result -Wno-unused-local-typedefs -Wno-strict-overflow -Wno-strict-aliasing -Wno-error=deprecated-declarations -Wno-stringop-overflow -Wno-psabi -Wno-error=pedantic -Wno-error=redundant-decls -Wno-error=old-style-cast -fdiagnostics-color=always -faligned-new -Wno-unused-but-set-variable -Wno-maybe-uninitialized -fno-math-errno -fno-trapping-math -Werror=format -Wno-stringop-overflow, LAPACK_INFO=mkl, PERF_WITH_AVX=1, PERF_WITH_AVX2=1, PERF_WITH_AVX512=1, TORCH_VERSION=1.11.0, USE_CUDA=ON, USE_CUDNN=ON, USE_EXCEPTION_PTR=1, USE_GFLAGS=OFF, USE_GLOG=OFF, USE_MKL=ON, USE_MKLDNN=OFF, USE_MPI=OFF, USE_NCCL=ON, USE_NNPACK=ON, USE_OPENMP=ON, USE_ROCM=OFF, 

TorchVision: 0.12.0+cu113
OpenCV: 4.10.0
MMCV: 1.5.0
MMCV Compiler: GCC 7.3
MMCV CUDA Compiler: 11.3
MMDetection: 2.25.3+a4c1528
------------------------------------------------------------

2024-12-31 10:54:58,375 - mmdet - INFO - Distributed training: False
2024-12-31 10:54:59,312 - mmdet - INFO - Config:
classes = ('Car', 'Truck', 'People', 'Bus', 'Lamp', 'Motor.')
num_classes = 6
max_epochs = 36
image_size = (640, 640)
window_block_indexes = [
    0, 1, 2, 4, 5, 6, 8, 9, 10, 12, 13, 14, 16, 17, 18, 20, 21, 22, 24, 25, 26
]
residual_block_indexes = []
num_dec_layer = 6
lambda_2 = 2.0
model = dict(
    type='TwoStreamCoDETR',
    backbone=dict(
        type='ViT',
        img_size=640,
        pretrain_img_size=512,
        patch_size=16,
        embed_dim=1024,
        depth=24,
        num_heads=16,
        mlp_ratio=2.6666666666666665,
        drop_path_rate=0.4,
        window_size=24,
        window_block_indexes=[
            0, 1, 2, 4, 5, 6, 8, 9, 10, 12, 13, 14, 16, 17, 18, 20, 21, 22, 24,
            25, 26
        ],
        residual_block_indexes=[],
        qkv_bias=True,
        use_act_checkpoint=True,
        init_cfg=None),
    neck=dict(
        type='SFP',
        in_channels=[1024],
        out_channels=256,
        num_outs=5,
        use_p2=True,
        use_act_checkpoint=False),
    rpn_head=dict(
        type='RPNHead',
        in_channels=256,
        feat_channels=256,
        anchor_generator=dict(
            type='AnchorGenerator',
            octave_base_scale=4,
            scales_per_octave=3,
            ratios=[0.5, 1.0, 2.0],
            strides=[4, 8, 16, 32, 64, 128]),
        bbox_coder=dict(
            type='DeltaXYWHBBoxCoder',
            target_means=[0.0, 0.0, 0.0, 0.0],
            target_stds=[1.0, 1.0, 1.0, 1.0]),
        loss_cls=dict(
            type='CrossEntropyLoss', use_sigmoid=True, loss_weight=12.0),
        loss_bbox=dict(type='L1Loss', loss_weight=12.0)),
    query_head=dict(
        type='CoDINOHead',
        num_query=1500,
        num_classes=6,
        num_feature_levels=5,
        in_channels=2048,
        sync_cls_avg_factor=True,
        as_two_stage=True,
        with_box_refine=True,
        mixed_selection=True,
        dn_cfg=dict(
            type='CdnQueryGenerator',
            noise_scale=dict(label=0.5, box=0.4),
            group_cfg=dict(dynamic=True, num_groups=None, num_dn_queries=300)),
        transformer=dict(
            type='CoDinoTransformer',
            with_pos_coord=True,
            with_coord_feat=False,
            num_co_heads=2,
            num_feature_levels=5,
            encoder=dict(
                type='DetrTransformerEncoder',
                num_layers=6,
                with_cp=6,
                transformerlayers=dict(
                    type='BaseTransformerLayer',
                    attn_cfgs=dict(
                        type='MultiScaleDeformableAttention',
                        embed_dims=256,
                        num_levels=5,
                        dropout=0.0),
                    feedforward_channels=2048,
                    ffn_dropout=0.0,
                    operation_order=('self_attn', 'norm', 'ffn', 'norm'))),
            decoder=dict(
                type='DinoTransformerDecoder',
                num_layers=6,
                return_intermediate=True,
                transformerlayers=dict(
                    type='DetrTransformerDecoderLayer',
                    attn_cfgs=[
                        dict(
                            type='MultiheadAttention',
                            embed_dims=256,
                            num_heads=8,
                            dropout=0.0),
                        dict(
                            type='MultiScaleDeformableAttention',
                            embed_dims=256,
                            num_levels=5,
                            dropout=0.0)
                    ],
                    feedforward_channels=2048,
                    ffn_dropout=0.0,
                    operation_order=('self_attn', 'norm', 'cross_attn', 'norm',
                                     'ffn', 'norm')))),
        positional_encoding=dict(
            type='SinePositionalEncoding',
            num_feats=128,
            temperature=20,
            normalize=True),
        loss_cls=dict(
            type='QualityFocalLoss',
            use_sigmoid=True,
            beta=2.0,
            loss_weight=1.0),
        loss_bbox=dict(type='L1Loss', loss_weight=5.0),
        loss_iou=dict(type='GIoULoss', loss_weight=2.0)),
    roi_head=[
        dict(
            type='CoStandardRoIHead',
            bbox_roi_extractor=dict(
                type='SingleRoIExtractor',
                roi_layer=dict(
                    type='RoIAlign', output_size=7, sampling_ratio=0),
                out_channels=256,
                featmap_strides=[4, 8, 16, 32, 64],
                finest_scale=56),
            bbox_head=dict(
                type='ConvFCBBoxHead',
                num_shared_convs=4,
                num_shared_fcs=1,
                in_channels=256,
                conv_out_channels=256,
                fc_out_channels=1024,
                roi_feat_size=7,
                num_classes=6,
                bbox_coder=dict(
                    type='DeltaXYWHBBoxCoder',
                    target_means=[0.0, 0.0, 0.0, 0.0],
                    target_stds=[0.05, 0.05, 0.1, 0.1]),
                reg_class_agnostic=True,
                reg_decoded_bbox=True,
                norm_cfg=dict(type='GN', num_groups=32),
                loss_cls=dict(
                    type='CrossEntropyLoss',
                    use_sigmoid=False,
                    loss_weight=12.0),
                loss_bbox=dict(type='GIoULoss', loss_weight=120.0)))
    ],
    bbox_head=[
        dict(
            type='CoATSSHead',
            num_classes=6,
            in_channels=256,
            stacked_convs=1,
            feat_channels=256,
            anchor_generator=dict(
                type='AnchorGenerator',
                ratios=[1.0],
                octave_base_scale=8,
                scales_per_octave=1,
                strides=[4, 8, 16, 32, 64, 128]),
            bbox_coder=dict(
                type='DeltaXYWHBBoxCoder',
                target_means=[0.0, 0.0, 0.0, 0.0],
                target_stds=[0.1, 0.1, 0.2, 0.2]),
            loss_cls=dict(
                type='FocalLoss',
                use_sigmoid=True,
                gamma=2.0,
                alpha=0.25,
                loss_weight=12.0),
            loss_bbox=dict(type='GIoULoss', loss_weight=24.0),
            loss_centerness=dict(
                type='CrossEntropyLoss', use_sigmoid=True, loss_weight=12.0))
    ],
    train_cfg=[
        dict(
            assigner=dict(
                type='HungarianAssigner',
                cls_cost=dict(type='FocalLossCost', weight=2.0),
                reg_cost=dict(
                    type='BBoxL1Cost', weight=5.0, box_format='xywh'),
                iou_cost=dict(type='IoUCost', iou_mode='giou', weight=2.0))),
        dict(
            rpn=dict(
                assigner=dict(
                    type='MaxIoUAssigner',
                    pos_iou_thr=0.7,
                    neg_iou_thr=0.3,
                    min_pos_iou=0.3,
                    match_low_quality=True,
                    ignore_iof_thr=-1),
                sampler=dict(
                    type='RandomSampler',
                    num=256,
                    pos_fraction=0.5,
                    neg_pos_ub=-1,
                    add_gt_as_proposals=False),
                allowed_border=-1,
                pos_weight=-1,
                debug=False),
            rpn_proposal=dict(
                nms_pre=4000,
                max_per_img=1000,
                nms=dict(type='nms', iou_threshold=0.7),
                min_bbox_size=0),
            rcnn=dict(
                assigner=dict(
                    type='MaxIoUAssigner',
                    pos_iou_thr=0.5,
                    neg_iou_thr=0.5,
                    min_pos_iou=0.5,
                    match_low_quality=False,
                    ignore_iof_thr=-1),
                sampler=dict(
                    type='RandomSampler',
                    num=512,
                    pos_fraction=0.25,
                    neg_pos_ub=-1,
                    add_gt_as_proposals=True),
                pos_weight=-1,
                debug=False)),
        dict(
            assigner=dict(type='ATSSAssigner', topk=9),
            allowed_border=-1,
            pos_weight=-1,
            debug=False)
    ],
    test_cfg=[
        dict(max_per_img=1000, nms=dict(type='soft_nms', iou_threshold=0.8)),
        dict(
            rpn=dict(
                nms_pre=8000,
                max_per_img=2000,
                nms=dict(type='nms', iou_threshold=0.9),
                min_bbox_size=0),
            rcnn=dict(
                score_thr=0.0,
                mask_thr_binary=0.5,
                nms=dict(type='soft_nms', iou_threshold=0.5),
                max_per_img=1000)),
        dict(
            nms_pre=1000,
            min_bbox_size=0,
            score_thr=0.05,
            nms=dict(type='soft_nms', iou_threshold=0.6),
            max_per_img=500)
    ])
dataset_type = 'CocoDataset'
data_root = '/root/autodl-fs/M3FD_codetr/'
data_root_test = '/home/cp/cp/2023learn/2024-race-cls/2024-gaic/solution/data/'
img_norm_cfg = dict(
    mean=[123.675, 116.28, 103.53], std=[58.395, 57.12, 57.375], to_rgb=True)
train_pipeline_no_copypaste = [
    dict(type='LoadPairedImageFromFile', rgb_folder_name='rgb'),
    dict(type='LoadAnnotations', with_bbox=True),
    dict(
        type='PairedImagesResize',
        img_scale=(640, 640),
        ratio_range=(0.1, 2.5),
        multiscale_mode='range',
        keep_ratio=True),
    dict(
        type='PairedImagesRandomCrop',
        crop_type='absolute_range',
        crop_size=(640, 640),
        recompute_bbox=True,
        allow_negative_crop=True),
    dict(type='FilterAnnotations', min_gt_bbox_wh=(0.01, 0.01)),
    dict(type='PairedImagesRandomFlip', flip_ratio=0.5),
    dict(type='PairedImagesAutoAugmentCustom', autoaug_type='v1'),
    dict(
        type='PairedImagesPad',
        size=(640, 640),
        pad_val=dict(img=(114, 114, 114))),
    dict(
        type='PairedImagesNormalize',
        mean=[123.675, 116.28, 103.53],
        std=[58.395, 57.12, 57.375],
        to_rgb=True),
    dict(type='PairedImagesDefaultFormatBundle'),
    dict(type='Collect', keys=['img', 'img_lwir', 'gt_bboxes', 'gt_labels'])
]
test_pipeline = [
    dict(type='LoadPairedImageFromFile', rgb_folder_name='rgb'),
    dict(
        type='MultiScaleFlipAug',
        img_scale=(640, 640),
        flip=False,
        transforms=[
            dict(
                type='PairedImagesResize',
                img_scale=(640, 640),
                keep_ratio=True),
            dict(type='PairedImagesRandomFlip', test_flip=False),
            dict(
                type='PairedImagesPad',
                size=(640, 640),
                pad_val=dict(img=(114, 114, 114))),
            dict(
                type='PairedImagesNormalize',
                mean=[123.675, 116.28, 103.53],
                std=[58.395, 57.12, 57.375],
                to_rgb=True),
            dict(type='ImageToTensor', keys=['img', 'img_lwir']),
            dict(type='Collect', keys=['img', 'img_lwir'])
        ])
]
val_pipeline = [
    dict(type='LoadPairedImageFromFile', rgb_folder_name='rgb'),
    dict(
        type='MultiScaleFlipAug',
        img_scale=(640, 640),
        flip=False,
        transforms=[
            dict(
                type='PairedImagesResize',
                img_scale=(640, 640),
                keep_ratio=True),
            dict(type='PairedImagesRandomFlip', test_flip=False),
            dict(
                type='PairedImagesPad',
                size=(640, 640),
                pad_val=dict(img=(114, 114, 114))),
            dict(
                type='PairedImagesNormalize',
                mean=[123.675, 116.28, 103.53],
                std=[58.395, 57.12, 57.375],
                to_rgb=True),
            dict(type='ImageToTensor', keys=['img', 'img_lwir']),
            dict(type='Collect', keys=['img', 'img_lwir'])
        ])
]
data = dict(
    samples_per_gpu=1,
    workers_per_gpu=2,
    train=dict(
        type='ClassBalancedDataset',
        oversample_thr=0.2,
        dataset=[
            dict(
                type='CocoDataset',
                classes=('Car', 'Truck', 'People', 'Bus', 'Lamp', 'Motor.'),
                ann_file='/root/autodl-fs/M3FD_codetr/train/train.json',
                img_prefix='/root/autodl-fs/M3FD_codetr/train/rgb',
                filter_empty_gt=False,
                pipeline=[
                    dict(
                        type='LoadPairedImageFromFile', rgb_folder_name='rgb'),
                    dict(type='LoadAnnotations', with_bbox=True),
                    dict(
                        type='PairedImagesResize',
                        img_scale=(640, 640),
                        ratio_range=(0.1, 2.5),
                        multiscale_mode='range',
                        keep_ratio=True),
                    dict(
                        type='PairedImagesRandomCrop',
                        crop_type='absolute_range',
                        crop_size=(640, 640),
                        recompute_bbox=True,
                        allow_negative_crop=True),
                    dict(
                        type='FilterAnnotations', min_gt_bbox_wh=(0.01, 0.01)),
                    dict(type='PairedImagesRandomFlip', flip_ratio=0.5),
                    dict(
                        type='PairedImagesAutoAugmentCustom',
                        autoaug_type='v1'),
                    dict(
                        type='PairedImagesPad',
                        size=(640, 640),
                        pad_val=dict(img=(114, 114, 114))),
                    dict(
                        type='PairedImagesNormalize',
                        mean=[123.675, 116.28, 103.53],
                        std=[58.395, 57.12, 57.375],
                        to_rgb=True),
                    dict(type='PairedImagesDefaultFormatBundle'),
                    dict(
                        type='Collect',
                        keys=['img', 'img_lwir', 'gt_bboxes', 'gt_labels'])
                ])
        ]),
    val=dict(
        type='CocoDataset',
        classes=('Car', 'Truck', 'People', 'Bus', 'Lamp', 'Motor.'),
        ann_file='/root/autodl-fs/M3FD_codetr/val/val.json',
        img_prefix='/root/autodl-fs/M3FD_codetr/val/rgb/',
        pipeline=[
            dict(type='LoadPairedImageFromFile', rgb_folder_name='rgb'),
            dict(
                type='MultiScaleFlipAug',
                img_scale=(640, 640),
                flip=False,
                transforms=[
                    dict(
                        type='PairedImagesResize',
                        img_scale=(640, 640),
                        keep_ratio=True),
                    dict(type='PairedImagesRandomFlip', test_flip=False),
                    dict(
                        type='PairedImagesPad',
                        size=(640, 640),
                        pad_val=dict(img=(114, 114, 114))),
                    dict(
                        type='PairedImagesNormalize',
                        mean=[123.675, 116.28, 103.53],
                        std=[58.395, 57.12, 57.375],
                        to_rgb=True),
                    dict(type='ImageToTensor', keys=['img', 'img_lwir']),
                    dict(type='Collect', keys=['img', 'img_lwir'])
                ])
        ]),
    test=dict(
        type='CocoDataset',
        classes=('Car', 'Truck', 'People', 'Bus', 'Lamp', 'Motor.'),
        ann_file='/root/autodl-fs/M3FD_codetr/val/val.json',
        img_prefix='/root/autodl-fs/M3FD_codetr/val/rgb/',
        pipeline=[
            dict(type='LoadPairedImageFromFile', rgb_folder_name='rgb'),
            dict(
                type='MultiScaleFlipAug',
                img_scale=(640, 640),
                flip=False,
                transforms=[
                    dict(
                        type='PairedImagesResize',
                        img_scale=(640, 640),
                        keep_ratio=True),
                    dict(type='PairedImagesRandomFlip', test_flip=False),
                    dict(
                        type='PairedImagesPad',
                        size=(640, 640),
                        pad_val=dict(img=(114, 114, 114))),
                    dict(
                        type='PairedImagesNormalize',
                        mean=[123.675, 116.28, 103.53],
                        std=[58.395, 57.12, 57.375],
                        to_rgb=True),
                    dict(type='ImageToTensor', keys=['img', 'img_lwir']),
                    dict(type='Collect', keys=['img', 'img_lwir'])
                ])
        ]))
evaluation = dict(save_best='bbox_mAP_50', interval=1, metric=['bbox'])
dist_params = dict(backend='nccl')
optimizer_config = dict(grad_clip=dict(max_norm=0.1, norm_type=2))
steps = [28, 34]
lr_config = dict(
    policy='step',
    warmup='linear',
    warmup_iters=250,
    warmup_ratio=0.01,
    step=[28, 34])
runner = dict(type='EpochBasedRunner', max_epochs=36)
optimizer = dict(
    type='AdamW',
    lr=5e-05,
    weight_decay=0.05,
    paramwise_cfg=dict(custom_keys=dict(backbone=dict(lr_mult=0.1))))
checkpoint_config = dict(by_epoch=True, interval=1, max_keep_ckpts=1)
log_config = dict(interval=200, hooks=[dict(type='TextLoggerHook')])
custom_hooks = [dict(type='NumClassCheckHook')]
log_level = 'INFO'
workflow = [('train', 1)]
opencv_num_threads = 0
mp_start_method = 'fork'
auto_scale_lr = dict(enable=False, base_batch_size=1)
load_from = './data/pretrained_model/co_dino_5scale_vit_large_coco_for_rgbt.pth'
resume_from = '/root/autodl-tmp/codino_vit_twostream_640_autoaugv1_train1_IDAT_loop4_M3FD/latest.pth'
work_dir = '/root/autodl-tmp/codino_vit_twostream_640_autoaugv1_train1_IDAT_loop4_M3FD'
auto_resume = False
gpu_ids = [0]

2024-12-31 10:54:59,312 - mmdet - INFO - Set random seed to 1041066304, deterministic: False
2024-12-31 10:55:05,999 - mmdet - INFO - initialize RPNHead with init_cfg {'type': 'Normal', 'layer': 'Conv2d', 'std': 0.01}
Name of parameter - Initialization information

rpn_conv.weight - torch.Size([256, 256, 3, 3]): 
NormalInit: mean=0, std=0.01, bias=0 

rpn_conv.bias - torch.Size([256]): 
NormalInit: mean=0, std=0.01, bias=0 

rpn_cls.weight - torch.Size([9, 256, 1, 1]): 
NormalInit: mean=0, std=0.01, bias=0 

rpn_cls.bias - torch.Size([9]): 
NormalInit: mean=0, std=0.01, bias=0 

rpn_reg.weight - torch.Size([36, 256, 1, 1]): 
NormalInit: mean=0, std=0.01, bias=0 

rpn_reg.bias - torch.Size([36]): 
NormalInit: mean=0, std=0.01, bias=0 
2024-12-31 10:55:06,094 - mmdet - INFO - initialize ConvFCBBoxHead with init_cfg [{'type': 'Normal', 'std': 0.01, 'override': {'name': 'fc_cls'}}, {'type': 'Normal', 'std': 0.001, 'override': {'name': 'fc_reg'}}, {'type': 'Xavier', 'distribution': 'uniform', 'override': [{'name': 'shared_fcs'}, {'name': 'cls_fcs'}, {'name': 'reg_fcs'}]}]
Name of parameter - Initialization information

bbox_head.fc_cls.weight - torch.Size([7, 1024]): 
NormalInit: mean=0, std=0.01, bias=0 

bbox_head.fc_cls.bias - torch.Size([7]): 
NormalInit: mean=0, std=0.01, bias=0 

bbox_head.fc_reg.weight - torch.Size([4, 1024]): 
NormalInit: mean=0, std=0.001, bias=0 

bbox_head.fc_reg.bias - torch.Size([4]): 
NormalInit: mean=0, std=0.001, bias=0 

bbox_head.shared_convs.0.conv.weight - torch.Size([256, 256, 3, 3]): 
The value is the same before and after calling `init_weights` of CoStandardRoIHead  

bbox_head.shared_convs.0.gn.weight - torch.Size([256]): 
The value is the same before and after calling `init_weights` of CoStandardRoIHead  

bbox_head.shared_convs.0.gn.bias - torch.Size([256]): 
The value is the same before and after calling `init_weights` of CoStandardRoIHead  

bbox_head.shared_convs.1.conv.weight - torch.Size([256, 256, 3, 3]): 
The value is the same before and after calling `init_weights` of CoStandardRoIHead  

bbox_head.shared_convs.1.gn.weight - torch.Size([256]): 
The value is the same before and after calling `init_weights` of CoStandardRoIHead  

bbox_head.shared_convs.1.gn.bias - torch.Size([256]): 
The value is the same before and after calling `init_weights` of CoStandardRoIHead  

bbox_head.shared_convs.2.conv.weight - torch.Size([256, 256, 3, 3]): 
The value is the same before and after calling `init_weights` of CoStandardRoIHead  

bbox_head.shared_convs.2.gn.weight - torch.Size([256]): 
The value is the same before and after calling `init_weights` of CoStandardRoIHead  

bbox_head.shared_convs.2.gn.bias - torch.Size([256]): 
The value is the same before and after calling `init_weights` of CoStandardRoIHead  

bbox_head.shared_convs.3.conv.weight - torch.Size([256, 256, 3, 3]): 
The value is the same before and after calling `init_weights` of CoStandardRoIHead  

bbox_head.shared_convs.3.gn.weight - torch.Size([256]): 
The value is the same before and after calling `init_weights` of CoStandardRoIHead  

bbox_head.shared_convs.3.gn.bias - torch.Size([256]): 
The value is the same before and after calling `init_weights` of CoStandardRoIHead  

bbox_head.shared_fcs.0.weight - torch.Size([1024, 12544]): 
XavierInit: gain=1, distribution=uniform, bias=0 

bbox_head.shared_fcs.0.bias - torch.Size([1024]): 
XavierInit: gain=1, distribution=uniform, bias=0 
2024-12-31 10:55:06,160 - mmdet - INFO - initialize CoATSSHead with init_cfg {'type': 'Normal', 'layer': 'Conv2d', 'std': 0.01, 'override': {'type': 'Normal', 'name': 'atss_cls', 'std': 0.01, 'bias_prob': 0.01}}
Name of parameter - Initialization information

cls_convs.0.conv.weight - torch.Size([256, 256, 3, 3]): 
NormalInit: mean=0, std=0.01, bias=0 

cls_convs.0.gn.weight - torch.Size([256]): 
The value is the same before and after calling `init_weights` of CoATSSHead  

cls_convs.0.gn.bias - torch.Size([256]): 
The value is the same before and after calling `init_weights` of CoATSSHead  

reg_convs.0.conv.weight - torch.Size([256, 256, 3, 3]): 
NormalInit: mean=0, std=0.01, bias=0 

reg_convs.0.gn.weight - torch.Size([256]): 
The value is the same before and after calling `init_weights` of CoATSSHead  

reg_convs.0.gn.bias - torch.Size([256]): 
The value is the same before and after calling `init_weights` of CoATSSHead  

atss_cls.weight - torch.Size([6, 256, 3, 3]): 
NormalInit: mean=0, std=0.01, bias=-4.59511985013459 

atss_cls.bias - torch.Size([6]): 
NormalInit: mean=0, std=0.01, bias=-4.59511985013459 

atss_reg.weight - torch.Size([4, 256, 3, 3]): 
NormalInit: mean=0, std=0.01, bias=0 

atss_reg.bias - torch.Size([4]): 
NormalInit: mean=0, std=0.01, bias=0 

atss_centerness.weight - torch.Size([1, 256, 3, 3]): 
NormalInit: mean=0, std=0.01, bias=0 

atss_centerness.bias - torch.Size([1]): 
NormalInit: mean=0, std=0.01, bias=0 

scales.0.scale - torch.Size([]): 
The value is the same before and after calling `init_weights` of CoATSSHead  

scales.1.scale - torch.Size([]): 
The value is the same before and after calling `init_weights` of CoATSSHead  

scales.2.scale - torch.Size([]): 
The value is the same before and after calling `init_weights` of CoATSSHead  

scales.3.scale - torch.Size([]): 
The value is the same before and after calling `init_weights` of CoATSSHead  

scales.4.scale - torch.Size([]): 
The value is the same before and after calling `init_weights` of CoATSSHead  

scales.5.scale - torch.Size([]): 
The value is the same before and after calling `init_weights` of CoATSSHead  
2024-12-31 10:55:06,248 - mmdet - WARNING - No pre-trained weights for ViT, training start from scratch
2024-12-31 10:55:07,585 - mmdet - WARNING - No pre-trained weights for ViT, training start from scratch
2024-12-31 10:55:08,947 - mmdet - INFO - initialize SFP with init_cfg {'type': 'Xavier', 'layer': 'Conv2d', 'distribution': 'uniform'}
Name of parameter - Initialization information

backbone_vis.pos_embed - torch.Size([1, 1025, 1024]): 
The value is the same before and after calling `init_weights` of TwoStreamCoDETR  

backbone_vis.patch_embed.proj.weight - torch.Size([1024, 3, 16, 16]): 
The value is the same before and after calling `init_weights` of TwoStreamCoDETR  

backbone_vis.patch_embed.proj.bias - torch.Size([1024]): 
The value is the same before and after calling `init_weights` of TwoStreamCoDETR  

backbone_vis.blocks.0.norm1.weight - torch.Size([1024]): 
The value is the same before and after calling `init_weights` of TwoStreamCoDETR  

backbone_vis.blocks.0.norm1.bias - torch.Size([1024]): 
The value is the same before and after calling `init_weights` of TwoStreamCoDETR  

backbone_vis.blocks.0.attn.q_bias - torch.Size([1024]): 
The value is the same before and after calling `init_weights` of TwoStreamCoDETR  

backbone_vis.blocks.0.attn.v_bias - torch.Size([1024]): 
The value is the same before and after calling `init_weights` of TwoStreamCoDETR  

backbone_vis.blocks.0.attn.q_proj.weight - torch.Size([1024, 1024]): 
Initialized by user-defined `init_weights` in ViT  

backbone_vis.blocks.0.attn.k_proj.weight - torch.Size([1024, 1024]): 
Initialized by user-defined `init_weights` in ViT  

backbone_vis.blocks.0.attn.v_proj.weight - torch.Size([1024, 1024]): 
Initialized by user-defined `init_weights` in ViT  

backbone_vis.blocks.0.attn.proj.weight - torch.Size([1024, 1024]): 
Initialized by user-defined `init_weights` in ViT  

backbone_vis.blocks.0.attn.proj.bias - torch.Size([1024]): 
The value is the same before and after calling `init_weights` of TwoStreamCoDETR  

backbone_vis.blocks.0.norm2.weight - torch.Size([1024]): 
The value is the same before and after calling `init_weights` of TwoStreamCoDETR  

backbone_vis.blocks.0.norm2.bias - torch.Size([1024]): 
The value is the same before and after calling `init_weights` of TwoStreamCoDETR  

backbone_vis.blocks.0.mlp.w1.weight - torch.Size([2730, 1024]): 
Initialized by user-defined `init_weights` in ViT  

backbone_vis.blocks.0.mlp.w1.bias - torch.Size([2730]): 
The value is the same before and after calling `init_weights` of TwoStreamCoDETR  

backbone_vis.blocks.0.mlp.w2.weight - torch.Size([2730, 1024]): 
Initialized by user-defined `init_weights` in ViT  

backbone_vis.blocks.0.mlp.w2.bias - torch.Size([2730]): 
The value is the same before and after calling `init_weights` of TwoStreamCoDETR  

backbone_vis.blocks.0.mlp.ffn_ln.weight - torch.Size([2730]): 
The value is the same before and after calling `init_weights` of TwoStreamCoDETR  

backbone_vis.blocks.0.mlp.ffn_ln.bias - torch.Size([2730]): 
The value is the same before and after calling `init_weights` of TwoStreamCoDETR  

backbone_vis.blocks.0.mlp.w3.weight - torch.Size([1024, 2730]): 
Initialized by user-defined `init_weights` in ViT  

backbone_vis.blocks.0.mlp.w3.bias - torch.Size([1024]): 
The value is the same before and after calling `init_weights` of TwoStreamCoDETR  

backbone_vis.blocks.1.norm1.weight - torch.Size([1024]): 
The value is the same before and after calling `init_weights` of TwoStreamCoDETR  

backbone_vis.blocks.1.norm1.bias - torch.Size([1024]): 
The value is the same before and after calling `init_weights` of TwoStreamCoDETR  

backbone_vis.blocks.1.attn.q_bias - torch.Size([1024]): 
The value is the same before and after calling `init_weights` of TwoStreamCoDETR  

backbone_vis.blocks.1.attn.v_bias - torch.Size([1024]): 
The value is the same before and after calling `init_weights` of TwoStreamCoDETR  

backbone_vis.blocks.1.attn.q_proj.weight - torch.Size([1024, 1024]): 
Initialized by user-defined `init_weights` in ViT  

backbone_vis.blocks.1.attn.k_proj.weight - torch.Size([1024, 1024]): 
Initialized by user-defined `init_weights` in ViT  

backbone_vis.blocks.1.attn.v_proj.weight - torch.Size([1024, 1024]): 
Initialized by user-defined `init_weights` in ViT  

backbone_vis.blocks.1.attn.proj.weight - torch.Size([1024, 1024]): 
Initialized by user-defined `init_weights` in ViT  

backbone_vis.blocks.1.attn.proj.bias - torch.Size([1024]): 
The value is the same before and after calling `init_weights` of TwoStreamCoDETR  

backbone_vis.blocks.1.norm2.weight - torch.Size([1024]): 
The value is the same before and after calling `init_weights` of TwoStreamCoDETR  

backbone_vis.blocks.1.norm2.bias - torch.Size([1024]): 
The value is the same before and after calling `init_weights` of TwoStreamCoDETR  

backbone_vis.blocks.1.mlp.w1.weight - torch.Size([2730, 1024]): 
Initialized by user-defined `init_weights` in ViT  

backbone_vis.blocks.1.mlp.w1.bias - torch.Size([2730]): 
The value is the same before and after calling `init_weights` of TwoStreamCoDETR  

backbone_vis.blocks.1.mlp.w2.weight - torch.Size([2730, 1024]): 
Initialized by user-defined `init_weights` in ViT  

backbone_vis.blocks.1.mlp.w2.bias - torch.Size([2730]): 
The value is the same before and after calling `init_weights` of TwoStreamCoDETR  

backbone_vis.blocks.1.mlp.ffn_ln.weight - torch.Size([2730]): 
The value is the same before and after calling `init_weights` of TwoStreamCoDETR  

backbone_vis.blocks.1.mlp.ffn_ln.bias - torch.Size([2730]): 
The value is the same before and after calling `init_weights` of TwoStreamCoDETR  

backbone_vis.blocks.1.mlp.w3.weight - torch.Size([1024, 2730]): 
Initialized by user-defined `init_weights` in ViT  

backbone_vis.blocks.1.mlp.w3.bias - torch.Size([1024]): 
The value is the same before and after calling `init_weights` of TwoStreamCoDETR  

backbone_vis.blocks.2.norm1.weight - torch.Size([1024]): 
The value is the same before and after calling `init_weights` of TwoStreamCoDETR  

backbone_vis.blocks.2.norm1.bias - torch.Size([1024]): 
The value is the same before and after calling `init_weights` of TwoStreamCoDETR  

backbone_vis.blocks.2.attn.q_bias - torch.Size([1024]): 
The value is the same before and after calling `init_weights` of TwoStreamCoDETR  

backbone_vis.blocks.2.attn.v_bias - torch.Size([1024]): 
The value is the same before and after calling `init_weights` of TwoStreamCoDETR  

backbone_vis.blocks.2.attn.q_proj.weight - torch.Size([1024, 1024]): 
Initialized by user-defined `init_weights` in ViT  

backbone_vis.blocks.2.attn.k_proj.weight - torch.Size([1024, 1024]): 
Initialized by user-defined `init_weights` in ViT  

backbone_vis.blocks.2.attn.v_proj.weight - torch.Size([1024, 1024]): 
Initialized by user-defined `init_weights` in ViT  

backbone_vis.blocks.2.attn.proj.weight - torch.Size([1024, 1024]): 
Initialized by user-defined `init_weights` in ViT  

backbone_vis.blocks.2.attn.proj.bias - torch.Size([1024]): 
The value is the same before and after calling `init_weights` of TwoStreamCoDETR  

backbone_vis.blocks.2.norm2.weight - torch.Size([1024]): 
The value is the same before and after calling `init_weights` of TwoStreamCoDETR  

backbone_vis.blocks.2.norm2.bias - torch.Size([1024]): 
The value is the same before and after calling `init_weights` of TwoStreamCoDETR  

backbone_vis.blocks.2.mlp.w1.weight - torch.Size([2730, 1024]): 
Initialized by user-defined `init_weights` in ViT  

backbone_vis.blocks.2.mlp.w1.bias - torch.Size([2730]): 
The value is the same before and after calling `init_weights` of TwoStreamCoDETR  

backbone_vis.blocks.2.mlp.w2.weight - torch.Size([2730, 1024]): 
Initialized by user-defined `init_weights` in ViT  

backbone_vis.blocks.2.mlp.w2.bias - torch.Size([2730]): 
The value is the same before and after calling `init_weights` of TwoStreamCoDETR  

backbone_vis.blocks.2.mlp.ffn_ln.weight - torch.Size([2730]): 
The value is the same before and after calling `init_weights` of TwoStreamCoDETR  

backbone_vis.blocks.2.mlp.ffn_ln.bias - torch.Size([2730]): 
The value is the same before and after calling `init_weights` of TwoStreamCoDETR  

backbone_vis.blocks.2.mlp.w3.weight - torch.Size([1024, 2730]): 
Initialized by user-defined `init_weights` in ViT  

backbone_vis.blocks.2.mlp.w3.bias - torch.Size([1024]): 
The value is the same before and after calling `init_weights` of TwoStreamCoDETR  

backbone_vis.blocks.3.norm1.weight - torch.Size([1024]): 
The value is the same before and after calling `init_weights` of TwoStreamCoDETR  

backbone_vis.blocks.3.norm1.bias - torch.Size([1024]): 
The value is the same before and after calling `init_weights` of TwoStreamCoDETR  

backbone_vis.blocks.3.attn.q_bias - torch.Size([1024]): 
The value is the same before and after calling `init_weights` of TwoStreamCoDETR  

backbone_vis.blocks.3.attn.v_bias - torch.Size([1024]): 
The value is the same before and after calling `init_weights` of TwoStreamCoDETR  

backbone_vis.blocks.3.attn.q_proj.weight - torch.Size([1024, 1024]): 
Initialized by user-defined `init_weights` in ViT  

backbone_vis.blocks.3.attn.k_proj.weight - torch.Size([1024, 1024]): 
Initialized by user-defined `init_weights` in ViT  

backbone_vis.blocks.3.attn.v_proj.weight - torch.Size([1024, 1024]): 
Initialized by user-defined `init_weights` in ViT  

backbone_vis.blocks.3.attn.proj.weight - torch.Size([1024, 1024]): 
Initialized by user-defined `init_weights` in ViT  

backbone_vis.blocks.3.attn.proj.bias - torch.Size([1024]): 
The value is the same before and after calling `init_weights` of TwoStreamCoDETR  

backbone_vis.blocks.3.norm2.weight - torch.Size([1024]): 
The value is the same before and after calling `init_weights` of TwoStreamCoDETR  

backbone_vis.blocks.3.norm2.bias - torch.Size([1024]): 
The value is the same before and after calling `init_weights` of TwoStreamCoDETR  

backbone_vis.blocks.3.mlp.w1.weight - torch.Size([2730, 1024]): 
Initialized by user-defined `init_weights` in ViT  

backbone_vis.blocks.3.mlp.w1.bias - torch.Size([2730]): 
The value is the same before and after calling `init_weights` of TwoStreamCoDETR  

backbone_vis.blocks.3.mlp.w2.weight - torch.Size([2730, 1024]): 
Initialized by user-defined `init_weights` in ViT  

backbone_vis.blocks.3.mlp.w2.bias - torch.Size([2730]): 
The value is the same before and after calling `init_weights` of TwoStreamCoDETR  

backbone_vis.blocks.3.mlp.ffn_ln.weight - torch.Size([2730]): 
The value is the same before and after calling `init_weights` of TwoStreamCoDETR  

backbone_vis.blocks.3.mlp.ffn_ln.bias - torch.Size([2730]): 
The value is the same before and after calling `init_weights` of TwoStreamCoDETR  

backbone_vis.blocks.3.mlp.w3.weight - torch.Size([1024, 2730]): 
Initialized by user-defined `init_weights` in ViT  

backbone_vis.blocks.3.mlp.w3.bias - torch.Size([1024]): 
The value is the same before and after calling `init_weights` of TwoStreamCoDETR  

backbone_vis.blocks.4.norm1.weight - torch.Size([1024]): 
The value is the same before and after calling `init_weights` of TwoStreamCoDETR  

backbone_vis.blocks.4.norm1.bias - torch.Size([1024]): 
The value is the same before and after calling `init_weights` of TwoStreamCoDETR  

backbone_vis.blocks.4.attn.q_bias - torch.Size([1024]): 
The value is the same before and after calling `init_weights` of TwoStreamCoDETR  

backbone_vis.blocks.4.attn.v_bias - torch.Size([1024]): 
The value is the same before and after calling `init_weights` of TwoStreamCoDETR  

backbone_vis.blocks.4.attn.q_proj.weight - torch.Size([1024, 1024]): 
Initialized by user-defined `init_weights` in ViT  

backbone_vis.blocks.4.attn.k_proj.weight - torch.Size([1024, 1024]): 
Initialized by user-defined `init_weights` in ViT  

backbone_vis.blocks.4.attn.v_proj.weight - torch.Size([1024, 1024]): 
Initialized by user-defined `init_weights` in ViT  

backbone_vis.blocks.4.attn.proj.weight - torch.Size([1024, 1024]): 
Initialized by user-defined `init_weights` in ViT  

backbone_vis.blocks.4.attn.proj.bias - torch.Size([1024]): 
The value is the same before and after calling `init_weights` of TwoStreamCoDETR  

backbone_vis.blocks.4.norm2.weight - torch.Size([1024]): 
The value is the same before and after calling `init_weights` of TwoStreamCoDETR  

backbone_vis.blocks.4.norm2.bias - torch.Size([1024]): 
The value is the same before and after calling `init_weights` of TwoStreamCoDETR  

backbone_vis.blocks.4.mlp.w1.weight - torch.Size([2730, 1024]): 
Initialized by user-defined `init_weights` in ViT  

backbone_vis.blocks.4.mlp.w1.bias - torch.Size([2730]): 
The value is the same before and after calling `init_weights` of TwoStreamCoDETR  

backbone_vis.blocks.4.mlp.w2.weight - torch.Size([2730, 1024]): 
Initialized by user-defined `init_weights` in ViT  

backbone_vis.blocks.4.mlp.w2.bias - torch.Size([2730]): 
The value is the same before and after calling `init_weights` of TwoStreamCoDETR  

backbone_vis.blocks.4.mlp.ffn_ln.weight - torch.Size([2730]): 
The value is the same before and after calling `init_weights` of TwoStreamCoDETR  

backbone_vis.blocks.4.mlp.ffn_ln.bias - torch.Size([2730]): 
The value is the same before and after calling `init_weights` of TwoStreamCoDETR  

backbone_vis.blocks.4.mlp.w3.weight - torch.Size([1024, 2730]): 
Initialized by user-defined `init_weights` in ViT  

backbone_vis.blocks.4.mlp.w3.bias - torch.Size([1024]): 
The value is the same before and after calling `init_weights` of TwoStreamCoDETR  

backbone_vis.blocks.5.norm1.weight - torch.Size([1024]): 
The value is the same before and after calling `init_weights` of TwoStreamCoDETR  

backbone_vis.blocks.5.norm1.bias - torch.Size([1024]): 
The value is the same before and after calling `init_weights` of TwoStreamCoDETR  

backbone_vis.blocks.5.attn.q_bias - torch.Size([1024]): 
The value is the same before and after calling `init_weights` of TwoStreamCoDETR  

backbone_vis.blocks.5.attn.v_bias - torch.Size([1024]): 
The value is the same before and after calling `init_weights` of TwoStreamCoDETR  

backbone_vis.blocks.5.attn.q_proj.weight - torch.Size([1024, 1024]): 
Initialized by user-defined `init_weights` in ViT  

backbone_vis.blocks.5.attn.k_proj.weight - torch.Size([1024, 1024]): 
Initialized by user-defined `init_weights` in ViT  

backbone_vis.blocks.5.attn.v_proj.weight - torch.Size([1024, 1024]): 
Initialized by user-defined `init_weights` in ViT  

backbone_vis.blocks.5.attn.proj.weight - torch.Size([1024, 1024]): 
Initialized by user-defined `init_weights` in ViT  

backbone_vis.blocks.5.attn.proj.bias - torch.Size([1024]): 
The value is the same before and after calling `init_weights` of TwoStreamCoDETR  

backbone_vis.blocks.5.norm2.weight - torch.Size([1024]): 
The value is the same before and after calling `init_weights` of TwoStreamCoDETR  

backbone_vis.blocks.5.norm2.bias - torch.Size([1024]): 
The value is the same before and after calling `init_weights` of TwoStreamCoDETR  

backbone_vis.blocks.5.mlp.w1.weight - torch.Size([2730, 1024]): 
Initialized by user-defined `init_weights` in ViT  

backbone_vis.blocks.5.mlp.w1.bias - torch.Size([2730]): 
The value is the same before and after calling `init_weights` of TwoStreamCoDETR  

backbone_vis.blocks.5.mlp.w2.weight - torch.Size([2730, 1024]): 
Initialized by user-defined `init_weights` in ViT  

backbone_vis.blocks.5.mlp.w2.bias - torch.Size([2730]): 
The value is the same before and after calling `init_weights` of TwoStreamCoDETR  

backbone_vis.blocks.5.mlp.ffn_ln.weight - torch.Size([2730]): 
The value is the same before and after calling `init_weights` of TwoStreamCoDETR  

backbone_vis.blocks.5.mlp.ffn_ln.bias - torch.Size([2730]): 
The value is the same before and after calling `init_weights` of TwoStreamCoDETR  

backbone_vis.blocks.5.mlp.w3.weight - torch.Size([1024, 2730]): 
Initialized by user-defined `init_weights` in ViT  

backbone_vis.blocks.5.mlp.w3.bias - torch.Size([1024]): 
The value is the same before and after calling `init_weights` of TwoStreamCoDETR  

backbone_vis.blocks.6.norm1.weight - torch.Size([1024]): 
The value is the same before and after calling `init_weights` of TwoStreamCoDETR  

backbone_vis.blocks.6.norm1.bias - torch.Size([1024]): 
The value is the same before and after calling `init_weights` of TwoStreamCoDETR  

backbone_vis.blocks.6.attn.q_bias - torch.Size([1024]): 
The value is the same before and after calling `init_weights` of TwoStreamCoDETR  

backbone_vis.blocks.6.attn.v_bias - torch.Size([1024]): 
The value is the same before and after calling `init_weights` of TwoStreamCoDETR  

backbone_vis.blocks.6.attn.q_proj.weight - torch.Size([1024, 1024]): 
Initialized by user-defined `init_weights` in ViT  

backbone_vis.blocks.6.attn.k_proj.weight - torch.Size([1024, 1024]): 
Initialized by user-defined `init_weights` in ViT  

backbone_vis.blocks.6.attn.v_proj.weight - torch.Size([1024, 1024]): 
Initialized by user-defined `init_weights` in ViT  

backbone_vis.blocks.6.attn.proj.weight - torch.Size([1024, 1024]): 
Initialized by user-defined `init_weights` in ViT  

backbone_vis.blocks.6.attn.proj.bias - torch.Size([1024]): 
The value is the same before and after calling `init_weights` of TwoStreamCoDETR  

backbone_vis.blocks.6.norm2.weight - torch.Size([1024]): 
The value is the same before and after calling `init_weights` of TwoStreamCoDETR  

backbone_vis.blocks.6.norm2.bias - torch.Size([1024]): 
The value is the same before and after calling `init_weights` of TwoStreamCoDETR  

backbone_vis.blocks.6.mlp.w1.weight - torch.Size([2730, 1024]): 
Initialized by user-defined `init_weights` in ViT  

backbone_vis.blocks.6.mlp.w1.bias - torch.Size([2730]): 
The value is the same before and after calling `init_weights` of TwoStreamCoDETR  

backbone_vis.blocks.6.mlp.w2.weight - torch.Size([2730, 1024]): 
Initialized by user-defined `init_weights` in ViT  

backbone_vis.blocks.6.mlp.w2.bias - torch.Size([2730]): 
The value is the same before and after calling `init_weights` of TwoStreamCoDETR  

backbone_vis.blocks.6.mlp.ffn_ln.weight - torch.Size([2730]): 
The value is the same before and after calling `init_weights` of TwoStreamCoDETR  

backbone_vis.blocks.6.mlp.ffn_ln.bias - torch.Size([2730]): 
The value is the same before and after calling `init_weights` of TwoStreamCoDETR  

backbone_vis.blocks.6.mlp.w3.weight - torch.Size([1024, 2730]): 
Initialized by user-defined `init_weights` in ViT  

backbone_vis.blocks.6.mlp.w3.bias - torch.Size([1024]): 
The value is the same before and after calling `init_weights` of TwoStreamCoDETR  

backbone_vis.blocks.7.norm1.weight - torch.Size([1024]): 
The value is the same before and after calling `init_weights` of TwoStreamCoDETR  

backbone_vis.blocks.7.norm1.bias - torch.Size([1024]): 
The value is the same before and after calling `init_weights` of TwoStreamCoDETR  

backbone_vis.blocks.7.attn.q_bias - torch.Size([1024]): 
The value is the same before and after calling `init_weights` of TwoStreamCoDETR  

backbone_vis.blocks.7.attn.v_bias - torch.Size([1024]): 
The value is the same before and after calling `init_weights` of TwoStreamCoDETR  

backbone_vis.blocks.7.attn.q_proj.weight - torch.Size([1024, 1024]): 
Initialized by user-defined `init_weights` in ViT  

backbone_vis.blocks.7.attn.k_proj.weight - torch.Size([1024, 1024]): 
Initialized by user-defined `init_weights` in ViT  

backbone_vis.blocks.7.attn.v_proj.weight - torch.Size([1024, 1024]): 
Initialized by user-defined `init_weights` in ViT  

backbone_vis.blocks.7.attn.proj.weight - torch.Size([1024, 1024]): 
Initialized by user-defined `init_weights` in ViT  

backbone_vis.blocks.7.attn.proj.bias - torch.Size([1024]): 
The value is the same before and after calling `init_weights` of TwoStreamCoDETR  

backbone_vis.blocks.7.norm2.weight - torch.Size([1024]): 
The value is the same before and after calling `init_weights` of TwoStreamCoDETR  

backbone_vis.blocks.7.norm2.bias - torch.Size([1024]): 
The value is the same before and after calling `init_weights` of TwoStreamCoDETR  

backbone_vis.blocks.7.mlp.w1.weight - torch.Size([2730, 1024]): 
Initialized by user-defined `init_weights` in ViT  

backbone_vis.blocks.7.mlp.w1.bias - torch.Size([2730]): 
The value is the same before and after calling `init_weights` of TwoStreamCoDETR  

backbone_vis.blocks.7.mlp.w2.weight - torch.Size([2730, 1024]): 
Initialized by user-defined `init_weights` in ViT  

backbone_vis.blocks.7.mlp.w2.bias - torch.Size([2730]): 
The value is the same before and after calling `init_weights` of TwoStreamCoDETR  

backbone_vis.blocks.7.mlp.ffn_ln.weight - torch.Size([2730]): 
The value is the same before and after calling `init_weights` of TwoStreamCoDETR  

backbone_vis.blocks.7.mlp.ffn_ln.bias - torch.Size([2730]): 
The value is the same before and after calling `init_weights` of TwoStreamCoDETR  

backbone_vis.blocks.7.mlp.w3.weight - torch.Size([1024, 2730]): 
Initialized by user-defined `init_weights` in ViT  

backbone_vis.blocks.7.mlp.w3.bias - torch.Size([1024]): 
The value is the same before and after calling `init_weights` of TwoStreamCoDETR  

backbone_vis.blocks.8.norm1.weight - torch.Size([1024]): 
The value is the same before and after calling `init_weights` of TwoStreamCoDETR  

backbone_vis.blocks.8.norm1.bias - torch.Size([1024]): 
The value is the same before and after calling `init_weights` of TwoStreamCoDETR  

backbone_vis.blocks.8.attn.q_bias - torch.Size([1024]): 
The value is the same before and after calling `init_weights` of TwoStreamCoDETR  

backbone_vis.blocks.8.attn.v_bias - torch.Size([1024]): 
The value is the same before and after calling `init_weights` of TwoStreamCoDETR  

backbone_vis.blocks.8.attn.q_proj.weight - torch.Size([1024, 1024]): 
Initialized by user-defined `init_weights` in ViT  

backbone_vis.blocks.8.attn.k_proj.weight - torch.Size([1024, 1024]): 
Initialized by user-defined `init_weights` in ViT  

backbone_vis.blocks.8.attn.v_proj.weight - torch.Size([1024, 1024]): 
Initialized by user-defined `init_weights` in ViT  

backbone_vis.blocks.8.attn.proj.weight - torch.Size([1024, 1024]): 
Initialized by user-defined `init_weights` in ViT  

backbone_vis.blocks.8.attn.proj.bias - torch.Size([1024]): 
The value is the same before and after calling `init_weights` of TwoStreamCoDETR  

backbone_vis.blocks.8.norm2.weight - torch.Size([1024]): 
The value is the same before and after calling `init_weights` of TwoStreamCoDETR  

backbone_vis.blocks.8.norm2.bias - torch.Size([1024]): 
The value is the same before and after calling `init_weights` of TwoStreamCoDETR  

backbone_vis.blocks.8.mlp.w1.weight - torch.Size([2730, 1024]): 
Initialized by user-defined `init_weights` in ViT  

backbone_vis.blocks.8.mlp.w1.bias - torch.Size([2730]): 
The value is the same before and after calling `init_weights` of TwoStreamCoDETR  

backbone_vis.blocks.8.mlp.w2.weight - torch.Size([2730, 1024]): 
Initialized by user-defined `init_weights` in ViT  

backbone_vis.blocks.8.mlp.w2.bias - torch.Size([2730]): 
The value is the same before and after calling `init_weights` of TwoStreamCoDETR  

backbone_vis.blocks.8.mlp.ffn_ln.weight - torch.Size([2730]): 
The value is the same before and after calling `init_weights` of TwoStreamCoDETR  

backbone_vis.blocks.8.mlp.ffn_ln.bias - torch.Size([2730]): 
The value is the same before and after calling `init_weights` of TwoStreamCoDETR  

backbone_vis.blocks.8.mlp.w3.weight - torch.Size([1024, 2730]): 
Initialized by user-defined `init_weights` in ViT  

backbone_vis.blocks.8.mlp.w3.bias - torch.Size([1024]): 
The value is the same before and after calling `init_weights` of TwoStreamCoDETR  

backbone_vis.blocks.9.norm1.weight - torch.Size([1024]): 
The value is the same before and after calling `init_weights` of TwoStreamCoDETR  

backbone_vis.blocks.9.norm1.bias - torch.Size([1024]): 
The value is the same before and after calling `init_weights` of TwoStreamCoDETR  

backbone_vis.blocks.9.attn.q_bias - torch.Size([1024]): 
The value is the same before and after calling `init_weights` of TwoStreamCoDETR  

backbone_vis.blocks.9.attn.v_bias - torch.Size([1024]): 
The value is the same before and after calling `init_weights` of TwoStreamCoDETR  

backbone_vis.blocks.9.attn.q_proj.weight - torch.Size([1024, 1024]): 
Initialized by user-defined `init_weights` in ViT  

backbone_vis.blocks.9.attn.k_proj.weight - torch.Size([1024, 1024]): 
Initialized by user-defined `init_weights` in ViT  

backbone_vis.blocks.9.attn.v_proj.weight - torch.Size([1024, 1024]): 
Initialized by user-defined `init_weights` in ViT  

backbone_vis.blocks.9.attn.proj.weight - torch.Size([1024, 1024]): 
Initialized by user-defined `init_weights` in ViT  

backbone_vis.blocks.9.attn.proj.bias - torch.Size([1024]): 
The value is the same before and after calling `init_weights` of TwoStreamCoDETR  

backbone_vis.blocks.9.norm2.weight - torch.Size([1024]): 
The value is the same before and after calling `init_weights` of TwoStreamCoDETR  

backbone_vis.blocks.9.norm2.bias - torch.Size([1024]): 
The value is the same before and after calling `init_weights` of TwoStreamCoDETR  

backbone_vis.blocks.9.mlp.w1.weight - torch.Size([2730, 1024]): 
Initialized by user-defined `init_weights` in ViT  

backbone_vis.blocks.9.mlp.w1.bias - torch.Size([2730]): 
The value is the same before and after calling `init_weights` of TwoStreamCoDETR  

backbone_vis.blocks.9.mlp.w2.weight - torch.Size([2730, 1024]): 
Initialized by user-defined `init_weights` in ViT  

backbone_vis.blocks.9.mlp.w2.bias - torch.Size([2730]): 
The value is the same before and after calling `init_weights` of TwoStreamCoDETR  

backbone_vis.blocks.9.mlp.ffn_ln.weight - torch.Size([2730]): 
The value is the same before and after calling `init_weights` of TwoStreamCoDETR  

backbone_vis.blocks.9.mlp.ffn_ln.bias - torch.Size([2730]): 
The value is the same before and after calling `init_weights` of TwoStreamCoDETR  

backbone_vis.blocks.9.mlp.w3.weight - torch.Size([1024, 2730]): 
Initialized by user-defined `init_weights` in ViT  

backbone_vis.blocks.9.mlp.w3.bias - torch.Size([1024]): 
The value is the same before and after calling `init_weights` of TwoStreamCoDETR  

backbone_vis.blocks.10.norm1.weight - torch.Size([1024]): 
The value is the same before and after calling `init_weights` of TwoStreamCoDETR  

backbone_vis.blocks.10.norm1.bias - torch.Size([1024]): 
The value is the same before and after calling `init_weights` of TwoStreamCoDETR  

backbone_vis.blocks.10.attn.q_bias - torch.Size([1024]): 
The value is the same before and after calling `init_weights` of TwoStreamCoDETR  

backbone_vis.blocks.10.attn.v_bias - torch.Size([1024]): 
The value is the same before and after calling `init_weights` of TwoStreamCoDETR  

backbone_vis.blocks.10.attn.q_proj.weight - torch.Size([1024, 1024]): 
Initialized by user-defined `init_weights` in ViT  

backbone_vis.blocks.10.attn.k_proj.weight - torch.Size([1024, 1024]): 
Initialized by user-defined `init_weights` in ViT  

backbone_vis.blocks.10.attn.v_proj.weight - torch.Size([1024, 1024]): 
Initialized by user-defined `init_weights` in ViT  

backbone_vis.blocks.10.attn.proj.weight - torch.Size([1024, 1024]): 
Initialized by user-defined `init_weights` in ViT  

backbone_vis.blocks.10.attn.proj.bias - torch.Size([1024]): 
The value is the same before and after calling `init_weights` of TwoStreamCoDETR  

backbone_vis.blocks.10.norm2.weight - torch.Size([1024]): 
The value is the same before and after calling `init_weights` of TwoStreamCoDETR  

backbone_vis.blocks.10.norm2.bias - torch.Size([1024]): 
The value is the same before and after calling `init_weights` of TwoStreamCoDETR  

backbone_vis.blocks.10.mlp.w1.weight - torch.Size([2730, 1024]): 
Initialized by user-defined `init_weights` in ViT  

backbone_vis.blocks.10.mlp.w1.bias - torch.Size([2730]): 
The value is the same before and after calling `init_weights` of TwoStreamCoDETR  

backbone_vis.blocks.10.mlp.w2.weight - torch.Size([2730, 1024]): 
Initialized by user-defined `init_weights` in ViT  

backbone_vis.blocks.10.mlp.w2.bias - torch.Size([2730]): 
The value is the same before and after calling `init_weights` of TwoStreamCoDETR  

backbone_vis.blocks.10.mlp.ffn_ln.weight - torch.Size([2730]): 
The value is the same before and after calling `init_weights` of TwoStreamCoDETR  

backbone_vis.blocks.10.mlp.ffn_ln.bias - torch.Size([2730]): 
The value is the same before and after calling `init_weights` of TwoStreamCoDETR  

backbone_vis.blocks.10.mlp.w3.weight - torch.Size([1024, 2730]): 
Initialized by user-defined `init_weights` in ViT  

backbone_vis.blocks.10.mlp.w3.bias - torch.Size([1024]): 
The value is the same before and after calling `init_weights` of TwoStreamCoDETR  

backbone_vis.blocks.11.norm1.weight - torch.Size([1024]): 
The value is the same before and after calling `init_weights` of TwoStreamCoDETR  

backbone_vis.blocks.11.norm1.bias - torch.Size([1024]): 
The value is the same before and after calling `init_weights` of TwoStreamCoDETR  

backbone_vis.blocks.11.attn.q_bias - torch.Size([1024]): 
The value is the same before and after calling `init_weights` of TwoStreamCoDETR  

backbone_vis.blocks.11.attn.v_bias - torch.Size([1024]): 
The value is the same before and after calling `init_weights` of TwoStreamCoDETR  

backbone_vis.blocks.11.attn.q_proj.weight - torch.Size([1024, 1024]): 
Initialized by user-defined `init_weights` in ViT  

backbone_vis.blocks.11.attn.k_proj.weight - torch.Size([1024, 1024]): 
Initialized by user-defined `init_weights` in ViT  

backbone_vis.blocks.11.attn.v_proj.weight - torch.Size([1024, 1024]): 
Initialized by user-defined `init_weights` in ViT  

backbone_vis.blocks.11.attn.proj.weight - torch.Size([1024, 1024]): 
Initialized by user-defined `init_weights` in ViT  

backbone_vis.blocks.11.attn.proj.bias - torch.Size([1024]): 
The value is the same before and after calling `init_weights` of TwoStreamCoDETR  

backbone_vis.blocks.11.norm2.weight - torch.Size([1024]): 
The value is the same before and after calling `init_weights` of TwoStreamCoDETR  

backbone_vis.blocks.11.norm2.bias - torch.Size([1024]): 
The value is the same before and after calling `init_weights` of TwoStreamCoDETR  

backbone_vis.blocks.11.mlp.w1.weight - torch.Size([2730, 1024]): 
Initialized by user-defined `init_weights` in ViT  

backbone_vis.blocks.11.mlp.w1.bias - torch.Size([2730]): 
The value is the same before and after calling `init_weights` of TwoStreamCoDETR  

backbone_vis.blocks.11.mlp.w2.weight - torch.Size([2730, 1024]): 
Initialized by user-defined `init_weights` in ViT  

backbone_vis.blocks.11.mlp.w2.bias - torch.Size([2730]): 
The value is the same before and after calling `init_weights` of TwoStreamCoDETR  

backbone_vis.blocks.11.mlp.ffn_ln.weight - torch.Size([2730]): 
The value is the same before and after calling `init_weights` of TwoStreamCoDETR  

backbone_vis.blocks.11.mlp.ffn_ln.bias - torch.Size([2730]): 
The value is the same before and after calling `init_weights` of TwoStreamCoDETR  

backbone_vis.blocks.11.mlp.w3.weight - torch.Size([1024, 2730]): 
Initialized by user-defined `init_weights` in ViT  

backbone_vis.blocks.11.mlp.w3.bias - torch.Size([1024]): 
The value is the same before and after calling `init_weights` of TwoStreamCoDETR  

backbone_vis.blocks.12.norm1.weight - torch.Size([1024]): 
The value is the same before and after calling `init_weights` of TwoStreamCoDETR  

backbone_vis.blocks.12.norm1.bias - torch.Size([1024]): 
The value is the same before and after calling `init_weights` of TwoStreamCoDETR  

backbone_vis.blocks.12.attn.q_bias - torch.Size([1024]): 
The value is the same before and after calling `init_weights` of TwoStreamCoDETR  

backbone_vis.blocks.12.attn.v_bias - torch.Size([1024]): 
The value is the same before and after calling `init_weights` of TwoStreamCoDETR  

backbone_vis.blocks.12.attn.q_proj.weight - torch.Size([1024, 1024]): 
Initialized by user-defined `init_weights` in ViT  

backbone_vis.blocks.12.attn.k_proj.weight - torch.Size([1024, 1024]): 
Initialized by user-defined `init_weights` in ViT  

backbone_vis.blocks.12.attn.v_proj.weight - torch.Size([1024, 1024]): 
Initialized by user-defined `init_weights` in ViT  

backbone_vis.blocks.12.attn.proj.weight - torch.Size([1024, 1024]): 
Initialized by user-defined `init_weights` in ViT  

backbone_vis.blocks.12.attn.proj.bias - torch.Size([1024]): 
The value is the same before and after calling `init_weights` of TwoStreamCoDETR  

backbone_vis.blocks.12.norm2.weight - torch.Size([1024]): 
The value is the same before and after calling `init_weights` of TwoStreamCoDETR  

backbone_vis.blocks.12.norm2.bias - torch.Size([1024]): 
The value is the same before and after calling `init_weights` of TwoStreamCoDETR  

backbone_vis.blocks.12.mlp.w1.weight - torch.Size([2730, 1024]): 
Initialized by user-defined `init_weights` in ViT  

backbone_vis.blocks.12.mlp.w1.bias - torch.Size([2730]): 
The value is the same before and after calling `init_weights` of TwoStreamCoDETR  

backbone_vis.blocks.12.mlp.w2.weight - torch.Size([2730, 1024]): 
Initialized by user-defined `init_weights` in ViT  

backbone_vis.blocks.12.mlp.w2.bias - torch.Size([2730]): 
The value is the same before and after calling `init_weights` of TwoStreamCoDETR  

backbone_vis.blocks.12.mlp.ffn_ln.weight - torch.Size([2730]): 
The value is the same before and after calling `init_weights` of TwoStreamCoDETR  

backbone_vis.blocks.12.mlp.ffn_ln.bias - torch.Size([2730]): 
The value is the same before and after calling `init_weights` of TwoStreamCoDETR  

backbone_vis.blocks.12.mlp.w3.weight - torch.Size([1024, 2730]): 
Initialized by user-defined `init_weights` in ViT  

backbone_vis.blocks.12.mlp.w3.bias - torch.Size([1024]): 
The value is the same before and after calling `init_weights` of TwoStreamCoDETR  

backbone_vis.blocks.13.norm1.weight - torch.Size([1024]): 
The value is the same before and after calling `init_weights` of TwoStreamCoDETR  

backbone_vis.blocks.13.norm1.bias - torch.Size([1024]): 
The value is the same before and after calling `init_weights` of TwoStreamCoDETR  

backbone_vis.blocks.13.attn.q_bias - torch.Size([1024]): 
The value is the same before and after calling `init_weights` of TwoStreamCoDETR  

backbone_vis.blocks.13.attn.v_bias - torch.Size([1024]): 
The value is the same before and after calling `init_weights` of TwoStreamCoDETR  

backbone_vis.blocks.13.attn.q_proj.weight - torch.Size([1024, 1024]): 
Initialized by user-defined `init_weights` in ViT  

backbone_vis.blocks.13.attn.k_proj.weight - torch.Size([1024, 1024]): 
Initialized by user-defined `init_weights` in ViT  

backbone_vis.blocks.13.attn.v_proj.weight - torch.Size([1024, 1024]): 
Initialized by user-defined `init_weights` in ViT  

backbone_vis.blocks.13.attn.proj.weight - torch.Size([1024, 1024]): 
Initialized by user-defined `init_weights` in ViT  

backbone_vis.blocks.13.attn.proj.bias - torch.Size([1024]): 
The value is the same before and after calling `init_weights` of TwoStreamCoDETR  

backbone_vis.blocks.13.norm2.weight - torch.Size([1024]): 
The value is the same before and after calling `init_weights` of TwoStreamCoDETR  

backbone_vis.blocks.13.norm2.bias - torch.Size([1024]): 
The value is the same before and after calling `init_weights` of TwoStreamCoDETR  

backbone_vis.blocks.13.mlp.w1.weight - torch.Size([2730, 1024]): 
Initialized by user-defined `init_weights` in ViT  

backbone_vis.blocks.13.mlp.w1.bias - torch.Size([2730]): 
The value is the same before and after calling `init_weights` of TwoStreamCoDETR  

backbone_vis.blocks.13.mlp.w2.weight - torch.Size([2730, 1024]): 
Initialized by user-defined `init_weights` in ViT  

backbone_vis.blocks.13.mlp.w2.bias - torch.Size([2730]): 
The value is the same before and after calling `init_weights` of TwoStreamCoDETR  

backbone_vis.blocks.13.mlp.ffn_ln.weight - torch.Size([2730]): 
The value is the same before and after calling `init_weights` of TwoStreamCoDETR  

backbone_vis.blocks.13.mlp.ffn_ln.bias - torch.Size([2730]): 
The value is the same before and after calling `init_weights` of TwoStreamCoDETR  

backbone_vis.blocks.13.mlp.w3.weight - torch.Size([1024, 2730]): 
Initialized by user-defined `init_weights` in ViT  

backbone_vis.blocks.13.mlp.w3.bias - torch.Size([1024]): 
The value is the same before and after calling `init_weights` of TwoStreamCoDETR  

backbone_vis.blocks.14.norm1.weight - torch.Size([1024]): 
The value is the same before and after calling `init_weights` of TwoStreamCoDETR  

backbone_vis.blocks.14.norm1.bias - torch.Size([1024]): 
The value is the same before and after calling `init_weights` of TwoStreamCoDETR  

backbone_vis.blocks.14.attn.q_bias - torch.Size([1024]): 
The value is the same before and after calling `init_weights` of TwoStreamCoDETR  

backbone_vis.blocks.14.attn.v_bias - torch.Size([1024]): 
The value is the same before and after calling `init_weights` of TwoStreamCoDETR  

backbone_vis.blocks.14.attn.q_proj.weight - torch.Size([1024, 1024]): 
Initialized by user-defined `init_weights` in ViT  

backbone_vis.blocks.14.attn.k_proj.weight - torch.Size([1024, 1024]): 
Initialized by user-defined `init_weights` in ViT  

backbone_vis.blocks.14.attn.v_proj.weight - torch.Size([1024, 1024]): 
Initialized by user-defined `init_weights` in ViT  

backbone_vis.blocks.14.attn.proj.weight - torch.Size([1024, 1024]): 
Initialized by user-defined `init_weights` in ViT  

backbone_vis.blocks.14.attn.proj.bias - torch.Size([1024]): 
The value is the same before and after calling `init_weights` of TwoStreamCoDETR  

backbone_vis.blocks.14.norm2.weight - torch.Size([1024]): 
The value is the same before and after calling `init_weights` of TwoStreamCoDETR  

backbone_vis.blocks.14.norm2.bias - torch.Size([1024]): 
The value is the same before and after calling `init_weights` of TwoStreamCoDETR  

backbone_vis.blocks.14.mlp.w1.weight - torch.Size([2730, 1024]): 
Initialized by user-defined `init_weights` in ViT  

backbone_vis.blocks.14.mlp.w1.bias - torch.Size([2730]): 
The value is the same before and after calling `init_weights` of TwoStreamCoDETR  

backbone_vis.blocks.14.mlp.w2.weight - torch.Size([2730, 1024]): 
Initialized by user-defined `init_weights` in ViT  

backbone_vis.blocks.14.mlp.w2.bias - torch.Size([2730]): 
The value is the same before and after calling `init_weights` of TwoStreamCoDETR  

backbone_vis.blocks.14.mlp.ffn_ln.weight - torch.Size([2730]): 
The value is the same before and after calling `init_weights` of TwoStreamCoDETR  

backbone_vis.blocks.14.mlp.ffn_ln.bias - torch.Size([2730]): 
The value is the same before and after calling `init_weights` of TwoStreamCoDETR  

backbone_vis.blocks.14.mlp.w3.weight - torch.Size([1024, 2730]): 
Initialized by user-defined `init_weights` in ViT  

backbone_vis.blocks.14.mlp.w3.bias - torch.Size([1024]): 
The value is the same before and after calling `init_weights` of TwoStreamCoDETR  

backbone_vis.blocks.15.norm1.weight - torch.Size([1024]): 
The value is the same before and after calling `init_weights` of TwoStreamCoDETR  

backbone_vis.blocks.15.norm1.bias - torch.Size([1024]): 
The value is the same before and after calling `init_weights` of TwoStreamCoDETR  

backbone_vis.blocks.15.attn.q_bias - torch.Size([1024]): 
The value is the same before and after calling `init_weights` of TwoStreamCoDETR  

backbone_vis.blocks.15.attn.v_bias - torch.Size([1024]): 
The value is the same before and after calling `init_weights` of TwoStreamCoDETR  

backbone_vis.blocks.15.attn.q_proj.weight - torch.Size([1024, 1024]): 
Initialized by user-defined `init_weights` in ViT  

backbone_vis.blocks.15.attn.k_proj.weight - torch.Size([1024, 1024]): 
Initialized by user-defined `init_weights` in ViT  

backbone_vis.blocks.15.attn.v_proj.weight - torch.Size([1024, 1024]): 
Initialized by user-defined `init_weights` in ViT  

backbone_vis.blocks.15.attn.proj.weight - torch.Size([1024, 1024]): 
Initialized by user-defined `init_weights` in ViT  

backbone_vis.blocks.15.attn.proj.bias - torch.Size([1024]): 
The value is the same before and after calling `init_weights` of TwoStreamCoDETR  

backbone_vis.blocks.15.norm2.weight - torch.Size([1024]): 
The value is the same before and after calling `init_weights` of TwoStreamCoDETR  

backbone_vis.blocks.15.norm2.bias - torch.Size([1024]): 
The value is the same before and after calling `init_weights` of TwoStreamCoDETR  

backbone_vis.blocks.15.mlp.w1.weight - torch.Size([2730, 1024]): 
Initialized by user-defined `init_weights` in ViT  

backbone_vis.blocks.15.mlp.w1.bias - torch.Size([2730]): 
The value is the same before and after calling `init_weights` of TwoStreamCoDETR  

backbone_vis.blocks.15.mlp.w2.weight - torch.Size([2730, 1024]): 
Initialized by user-defined `init_weights` in ViT  

backbone_vis.blocks.15.mlp.w2.bias - torch.Size([2730]): 
The value is the same before and after calling `init_weights` of TwoStreamCoDETR  

backbone_vis.blocks.15.mlp.ffn_ln.weight - torch.Size([2730]): 
The value is the same before and after calling `init_weights` of TwoStreamCoDETR  

backbone_vis.blocks.15.mlp.ffn_ln.bias - torch.Size([2730]): 
The value is the same before and after calling `init_weights` of TwoStreamCoDETR  

backbone_vis.blocks.15.mlp.w3.weight - torch.Size([1024, 2730]): 
Initialized by user-defined `init_weights` in ViT  

backbone_vis.blocks.15.mlp.w3.bias - torch.Size([1024]): 
The value is the same before and after calling `init_weights` of TwoStreamCoDETR  

backbone_vis.blocks.16.norm1.weight - torch.Size([1024]): 
The value is the same before and after calling `init_weights` of TwoStreamCoDETR  

backbone_vis.blocks.16.norm1.bias - torch.Size([1024]): 
The value is the same before and after calling `init_weights` of TwoStreamCoDETR  

backbone_vis.blocks.16.attn.q_bias - torch.Size([1024]): 
The value is the same before and after calling `init_weights` of TwoStreamCoDETR  

backbone_vis.blocks.16.attn.v_bias - torch.Size([1024]): 
The value is the same before and after calling `init_weights` of TwoStreamCoDETR  

backbone_vis.blocks.16.attn.q_proj.weight - torch.Size([1024, 1024]): 
Initialized by user-defined `init_weights` in ViT  

backbone_vis.blocks.16.attn.k_proj.weight - torch.Size([1024, 1024]): 
Initialized by user-defined `init_weights` in ViT  

backbone_vis.blocks.16.attn.v_proj.weight - torch.Size([1024, 1024]): 
Initialized by user-defined `init_weights` in ViT  

backbone_vis.blocks.16.attn.proj.weight - torch.Size([1024, 1024]): 
Initialized by user-defined `init_weights` in ViT  

backbone_vis.blocks.16.attn.proj.bias - torch.Size([1024]): 
The value is the same before and after calling `init_weights` of TwoStreamCoDETR  

backbone_vis.blocks.16.norm2.weight - torch.Size([1024]): 
The value is the same before and after calling `init_weights` of TwoStreamCoDETR  

backbone_vis.blocks.16.norm2.bias - torch.Size([1024]): 
The value is the same before and after calling `init_weights` of TwoStreamCoDETR  

backbone_vis.blocks.16.mlp.w1.weight - torch.Size([2730, 1024]): 
Initialized by user-defined `init_weights` in ViT  

backbone_vis.blocks.16.mlp.w1.bias - torch.Size([2730]): 
The value is the same before and after calling `init_weights` of TwoStreamCoDETR  

backbone_vis.blocks.16.mlp.w2.weight - torch.Size([2730, 1024]): 
Initialized by user-defined `init_weights` in ViT  

backbone_vis.blocks.16.mlp.w2.bias - torch.Size([2730]): 
The value is the same before and after calling `init_weights` of TwoStreamCoDETR  

backbone_vis.blocks.16.mlp.ffn_ln.weight - torch.Size([2730]): 
The value is the same before and after calling `init_weights` of TwoStreamCoDETR  

backbone_vis.blocks.16.mlp.ffn_ln.bias - torch.Size([2730]): 
The value is the same before and after calling `init_weights` of TwoStreamCoDETR  

backbone_vis.blocks.16.mlp.w3.weight - torch.Size([1024, 2730]): 
Initialized by user-defined `init_weights` in ViT  

backbone_vis.blocks.16.mlp.w3.bias - torch.Size([1024]): 
The value is the same before and after calling `init_weights` of TwoStreamCoDETR  

backbone_vis.blocks.17.norm1.weight - torch.Size([1024]): 
The value is the same before and after calling `init_weights` of TwoStreamCoDETR  

backbone_vis.blocks.17.norm1.bias - torch.Size([1024]): 
The value is the same before and after calling `init_weights` of TwoStreamCoDETR  

backbone_vis.blocks.17.attn.q_bias - torch.Size([1024]): 
The value is the same before and after calling `init_weights` of TwoStreamCoDETR  

backbone_vis.blocks.17.attn.v_bias - torch.Size([1024]): 
The value is the same before and after calling `init_weights` of TwoStreamCoDETR  

backbone_vis.blocks.17.attn.q_proj.weight - torch.Size([1024, 1024]): 
Initialized by user-defined `init_weights` in ViT  

backbone_vis.blocks.17.attn.k_proj.weight - torch.Size([1024, 1024]): 
Initialized by user-defined `init_weights` in ViT  

backbone_vis.blocks.17.attn.v_proj.weight - torch.Size([1024, 1024]): 
Initialized by user-defined `init_weights` in ViT  

backbone_vis.blocks.17.attn.proj.weight - torch.Size([1024, 1024]): 
Initialized by user-defined `init_weights` in ViT  

backbone_vis.blocks.17.attn.proj.bias - torch.Size([1024]): 
The value is the same before and after calling `init_weights` of TwoStreamCoDETR  

backbone_vis.blocks.17.norm2.weight - torch.Size([1024]): 
The value is the same before and after calling `init_weights` of TwoStreamCoDETR  

backbone_vis.blocks.17.norm2.bias - torch.Size([1024]): 
The value is the same before and after calling `init_weights` of TwoStreamCoDETR  

backbone_vis.blocks.17.mlp.w1.weight - torch.Size([2730, 1024]): 
Initialized by user-defined `init_weights` in ViT  

backbone_vis.blocks.17.mlp.w1.bias - torch.Size([2730]): 
The value is the same before and after calling `init_weights` of TwoStreamCoDETR  

backbone_vis.blocks.17.mlp.w2.weight - torch.Size([2730, 1024]): 
Initialized by user-defined `init_weights` in ViT  

backbone_vis.blocks.17.mlp.w2.bias - torch.Size([2730]): 
The value is the same before and after calling `init_weights` of TwoStreamCoDETR  

backbone_vis.blocks.17.mlp.ffn_ln.weight - torch.Size([2730]): 
The value is the same before and after calling `init_weights` of TwoStreamCoDETR  

backbone_vis.blocks.17.mlp.ffn_ln.bias - torch.Size([2730]): 
The value is the same before and after calling `init_weights` of TwoStreamCoDETR  

backbone_vis.blocks.17.mlp.w3.weight - torch.Size([1024, 2730]): 
Initialized by user-defined `init_weights` in ViT  

backbone_vis.blocks.17.mlp.w3.bias - torch.Size([1024]): 
The value is the same before and after calling `init_weights` of TwoStreamCoDETR  

backbone_vis.blocks.18.norm1.weight - torch.Size([1024]): 
The value is the same before and after calling `init_weights` of TwoStreamCoDETR  

backbone_vis.blocks.18.norm1.bias - torch.Size([1024]): 
The value is the same before and after calling `init_weights` of TwoStreamCoDETR  

backbone_vis.blocks.18.attn.q_bias - torch.Size([1024]): 
The value is the same before and after calling `init_weights` of TwoStreamCoDETR  

backbone_vis.blocks.18.attn.v_bias - torch.Size([1024]): 
The value is the same before and after calling `init_weights` of TwoStreamCoDETR  

backbone_vis.blocks.18.attn.q_proj.weight - torch.Size([1024, 1024]): 
Initialized by user-defined `init_weights` in ViT  

backbone_vis.blocks.18.attn.k_proj.weight - torch.Size([1024, 1024]): 
Initialized by user-defined `init_weights` in ViT  

backbone_vis.blocks.18.attn.v_proj.weight - torch.Size([1024, 1024]): 
Initialized by user-defined `init_weights` in ViT  

backbone_vis.blocks.18.attn.proj.weight - torch.Size([1024, 1024]): 
Initialized by user-defined `init_weights` in ViT  

backbone_vis.blocks.18.attn.proj.bias - torch.Size([1024]): 
The value is the same before and after calling `init_weights` of TwoStreamCoDETR  

backbone_vis.blocks.18.norm2.weight - torch.Size([1024]): 
The value is the same before and after calling `init_weights` of TwoStreamCoDETR  

backbone_vis.blocks.18.norm2.bias - torch.Size([1024]): 
The value is the same before and after calling `init_weights` of TwoStreamCoDETR  

backbone_vis.blocks.18.mlp.w1.weight - torch.Size([2730, 1024]): 
Initialized by user-defined `init_weights` in ViT  

backbone_vis.blocks.18.mlp.w1.bias - torch.Size([2730]): 
The value is the same before and after calling `init_weights` of TwoStreamCoDETR  

backbone_vis.blocks.18.mlp.w2.weight - torch.Size([2730, 1024]): 
Initialized by user-defined `init_weights` in ViT  

backbone_vis.blocks.18.mlp.w2.bias - torch.Size([2730]): 
The value is the same before and after calling `init_weights` of TwoStreamCoDETR  

backbone_vis.blocks.18.mlp.ffn_ln.weight - torch.Size([2730]): 
The value is the same before and after calling `init_weights` of TwoStreamCoDETR  

backbone_vis.blocks.18.mlp.ffn_ln.bias - torch.Size([2730]): 
The value is the same before and after calling `init_weights` of TwoStreamCoDETR  

backbone_vis.blocks.18.mlp.w3.weight - torch.Size([1024, 2730]): 
Initialized by user-defined `init_weights` in ViT  

backbone_vis.blocks.18.mlp.w3.bias - torch.Size([1024]): 
The value is the same before and after calling `init_weights` of TwoStreamCoDETR  

backbone_vis.blocks.19.norm1.weight - torch.Size([1024]): 
The value is the same before and after calling `init_weights` of TwoStreamCoDETR  

backbone_vis.blocks.19.norm1.bias - torch.Size([1024]): 
The value is the same before and after calling `init_weights` of TwoStreamCoDETR  

backbone_vis.blocks.19.attn.q_bias - torch.Size([1024]): 
The value is the same before and after calling `init_weights` of TwoStreamCoDETR  

backbone_vis.blocks.19.attn.v_bias - torch.Size([1024]): 
The value is the same before and after calling `init_weights` of TwoStreamCoDETR  

backbone_vis.blocks.19.attn.q_proj.weight - torch.Size([1024, 1024]): 
Initialized by user-defined `init_weights` in ViT  

backbone_vis.blocks.19.attn.k_proj.weight - torch.Size([1024, 1024]): 
Initialized by user-defined `init_weights` in ViT  

backbone_vis.blocks.19.attn.v_proj.weight - torch.Size([1024, 1024]): 
Initialized by user-defined `init_weights` in ViT  

backbone_vis.blocks.19.attn.proj.weight - torch.Size([1024, 1024]): 
Initialized by user-defined `init_weights` in ViT  

backbone_vis.blocks.19.attn.proj.bias - torch.Size([1024]): 
The value is the same before and after calling `init_weights` of TwoStreamCoDETR  

backbone_vis.blocks.19.norm2.weight - torch.Size([1024]): 
The value is the same before and after calling `init_weights` of TwoStreamCoDETR  

backbone_vis.blocks.19.norm2.bias - torch.Size([1024]): 
The value is the same before and after calling `init_weights` of TwoStreamCoDETR  

backbone_vis.blocks.19.mlp.w1.weight - torch.Size([2730, 1024]): 
Initialized by user-defined `init_weights` in ViT  

backbone_vis.blocks.19.mlp.w1.bias - torch.Size([2730]): 
The value is the same before and after calling `init_weights` of TwoStreamCoDETR  

backbone_vis.blocks.19.mlp.w2.weight - torch.Size([2730, 1024]): 
Initialized by user-defined `init_weights` in ViT  

backbone_vis.blocks.19.mlp.w2.bias - torch.Size([2730]): 
The value is the same before and after calling `init_weights` of TwoStreamCoDETR  

backbone_vis.blocks.19.mlp.ffn_ln.weight - torch.Size([2730]): 
The value is the same before and after calling `init_weights` of TwoStreamCoDETR  

backbone_vis.blocks.19.mlp.ffn_ln.bias - torch.Size([2730]): 
The value is the same before and after calling `init_weights` of TwoStreamCoDETR  

backbone_vis.blocks.19.mlp.w3.weight - torch.Size([1024, 2730]): 
Initialized by user-defined `init_weights` in ViT  

backbone_vis.blocks.19.mlp.w3.bias - torch.Size([1024]): 
The value is the same before and after calling `init_weights` of TwoStreamCoDETR  

backbone_vis.blocks.20.norm1.weight - torch.Size([1024]): 
The value is the same before and after calling `init_weights` of TwoStreamCoDETR  

backbone_vis.blocks.20.norm1.bias - torch.Size([1024]): 
The value is the same before and after calling `init_weights` of TwoStreamCoDETR  

backbone_vis.blocks.20.attn.q_bias - torch.Size([1024]): 
The value is the same before and after calling `init_weights` of TwoStreamCoDETR  

backbone_vis.blocks.20.attn.v_bias - torch.Size([1024]): 
The value is the same before and after calling `init_weights` of TwoStreamCoDETR  

backbone_vis.blocks.20.attn.q_proj.weight - torch.Size([1024, 1024]): 
Initialized by user-defined `init_weights` in ViT  

backbone_vis.blocks.20.attn.k_proj.weight - torch.Size([1024, 1024]): 
Initialized by user-defined `init_weights` in ViT  

backbone_vis.blocks.20.attn.v_proj.weight - torch.Size([1024, 1024]): 
Initialized by user-defined `init_weights` in ViT  

backbone_vis.blocks.20.attn.proj.weight - torch.Size([1024, 1024]): 
Initialized by user-defined `init_weights` in ViT  

backbone_vis.blocks.20.attn.proj.bias - torch.Size([1024]): 
The value is the same before and after calling `init_weights` of TwoStreamCoDETR  

backbone_vis.blocks.20.norm2.weight - torch.Size([1024]): 
The value is the same before and after calling `init_weights` of TwoStreamCoDETR  

backbone_vis.blocks.20.norm2.bias - torch.Size([1024]): 
The value is the same before and after calling `init_weights` of TwoStreamCoDETR  

backbone_vis.blocks.20.mlp.w1.weight - torch.Size([2730, 1024]): 
Initialized by user-defined `init_weights` in ViT  

backbone_vis.blocks.20.mlp.w1.bias - torch.Size([2730]): 
The value is the same before and after calling `init_weights` of TwoStreamCoDETR  

backbone_vis.blocks.20.mlp.w2.weight - torch.Size([2730, 1024]): 
Initialized by user-defined `init_weights` in ViT  

backbone_vis.blocks.20.mlp.w2.bias - torch.Size([2730]): 
The value is the same before and after calling `init_weights` of TwoStreamCoDETR  

backbone_vis.blocks.20.mlp.ffn_ln.weight - torch.Size([2730]): 
The value is the same before and after calling `init_weights` of TwoStreamCoDETR  

backbone_vis.blocks.20.mlp.ffn_ln.bias - torch.Size([2730]): 
The value is the same before and after calling `init_weights` of TwoStreamCoDETR  

backbone_vis.blocks.20.mlp.w3.weight - torch.Size([1024, 2730]): 
Initialized by user-defined `init_weights` in ViT  

backbone_vis.blocks.20.mlp.w3.bias - torch.Size([1024]): 
The value is the same before and after calling `init_weights` of TwoStreamCoDETR  

backbone_vis.blocks.21.norm1.weight - torch.Size([1024]): 
The value is the same before and after calling `init_weights` of TwoStreamCoDETR  

backbone_vis.blocks.21.norm1.bias - torch.Size([1024]): 
The value is the same before and after calling `init_weights` of TwoStreamCoDETR  

backbone_vis.blocks.21.attn.q_bias - torch.Size([1024]): 
The value is the same before and after calling `init_weights` of TwoStreamCoDETR  

backbone_vis.blocks.21.attn.v_bias - torch.Size([1024]): 
The value is the same before and after calling `init_weights` of TwoStreamCoDETR  

backbone_vis.blocks.21.attn.q_proj.weight - torch.Size([1024, 1024]): 
Initialized by user-defined `init_weights` in ViT  

backbone_vis.blocks.21.attn.k_proj.weight - torch.Size([1024, 1024]): 
Initialized by user-defined `init_weights` in ViT  

backbone_vis.blocks.21.attn.v_proj.weight - torch.Size([1024, 1024]): 
Initialized by user-defined `init_weights` in ViT  

backbone_vis.blocks.21.attn.proj.weight - torch.Size([1024, 1024]): 
Initialized by user-defined `init_weights` in ViT  

backbone_vis.blocks.21.attn.proj.bias - torch.Size([1024]): 
The value is the same before and after calling `init_weights` of TwoStreamCoDETR  

backbone_vis.blocks.21.norm2.weight - torch.Size([1024]): 
The value is the same before and after calling `init_weights` of TwoStreamCoDETR  

backbone_vis.blocks.21.norm2.bias - torch.Size([1024]): 
The value is the same before and after calling `init_weights` of TwoStreamCoDETR  

backbone_vis.blocks.21.mlp.w1.weight - torch.Size([2730, 1024]): 
Initialized by user-defined `init_weights` in ViT  

backbone_vis.blocks.21.mlp.w1.bias - torch.Size([2730]): 
The value is the same before and after calling `init_weights` of TwoStreamCoDETR  

backbone_vis.blocks.21.mlp.w2.weight - torch.Size([2730, 1024]): 
Initialized by user-defined `init_weights` in ViT  

backbone_vis.blocks.21.mlp.w2.bias - torch.Size([2730]): 
The value is the same before and after calling `init_weights` of TwoStreamCoDETR  

backbone_vis.blocks.21.mlp.ffn_ln.weight - torch.Size([2730]): 
The value is the same before and after calling `init_weights` of TwoStreamCoDETR  

backbone_vis.blocks.21.mlp.ffn_ln.bias - torch.Size([2730]): 
The value is the same before and after calling `init_weights` of TwoStreamCoDETR  

backbone_vis.blocks.21.mlp.w3.weight - torch.Size([1024, 2730]): 
Initialized by user-defined `init_weights` in ViT  

backbone_vis.blocks.21.mlp.w3.bias - torch.Size([1024]): 
The value is the same before and after calling `init_weights` of TwoStreamCoDETR  

backbone_vis.blocks.22.norm1.weight - torch.Size([1024]): 
The value is the same before and after calling `init_weights` of TwoStreamCoDETR  

backbone_vis.blocks.22.norm1.bias - torch.Size([1024]): 
The value is the same before and after calling `init_weights` of TwoStreamCoDETR  

backbone_vis.blocks.22.attn.q_bias - torch.Size([1024]): 
The value is the same before and after calling `init_weights` of TwoStreamCoDETR  

backbone_vis.blocks.22.attn.v_bias - torch.Size([1024]): 
The value is the same before and after calling `init_weights` of TwoStreamCoDETR  

backbone_vis.blocks.22.attn.q_proj.weight - torch.Size([1024, 1024]): 
Initialized by user-defined `init_weights` in ViT  

backbone_vis.blocks.22.attn.k_proj.weight - torch.Size([1024, 1024]): 
Initialized by user-defined `init_weights` in ViT  

backbone_vis.blocks.22.attn.v_proj.weight - torch.Size([1024, 1024]): 
Initialized by user-defined `init_weights` in ViT  

backbone_vis.blocks.22.attn.proj.weight - torch.Size([1024, 1024]): 
Initialized by user-defined `init_weights` in ViT  

backbone_vis.blocks.22.attn.proj.bias - torch.Size([1024]): 
The value is the same before and after calling `init_weights` of TwoStreamCoDETR  

backbone_vis.blocks.22.norm2.weight - torch.Size([1024]): 
The value is the same before and after calling `init_weights` of TwoStreamCoDETR  

backbone_vis.blocks.22.norm2.bias - torch.Size([1024]): 
The value is the same before and after calling `init_weights` of TwoStreamCoDETR  

backbone_vis.blocks.22.mlp.w1.weight - torch.Size([2730, 1024]): 
Initialized by user-defined `init_weights` in ViT  

backbone_vis.blocks.22.mlp.w1.bias - torch.Size([2730]): 
The value is the same before and after calling `init_weights` of TwoStreamCoDETR  

backbone_vis.blocks.22.mlp.w2.weight - torch.Size([2730, 1024]): 
Initialized by user-defined `init_weights` in ViT  

backbone_vis.blocks.22.mlp.w2.bias - torch.Size([2730]): 
The value is the same before and after calling `init_weights` of TwoStreamCoDETR  

backbone_vis.blocks.22.mlp.ffn_ln.weight - torch.Size([2730]): 
The value is the same before and after calling `init_weights` of TwoStreamCoDETR  

backbone_vis.blocks.22.mlp.ffn_ln.bias - torch.Size([2730]): 
The value is the same before and after calling `init_weights` of TwoStreamCoDETR  

backbone_vis.blocks.22.mlp.w3.weight - torch.Size([1024, 2730]): 
Initialized by user-defined `init_weights` in ViT  

backbone_vis.blocks.22.mlp.w3.bias - torch.Size([1024]): 
The value is the same before and after calling `init_weights` of TwoStreamCoDETR  

backbone_vis.blocks.23.norm1.weight - torch.Size([1024]): 
The value is the same before and after calling `init_weights` of TwoStreamCoDETR  

backbone_vis.blocks.23.norm1.bias - torch.Size([1024]): 
The value is the same before and after calling `init_weights` of TwoStreamCoDETR  

backbone_vis.blocks.23.attn.q_bias - torch.Size([1024]): 
The value is the same before and after calling `init_weights` of TwoStreamCoDETR  

backbone_vis.blocks.23.attn.v_bias - torch.Size([1024]): 
The value is the same before and after calling `init_weights` of TwoStreamCoDETR  

backbone_vis.blocks.23.attn.q_proj.weight - torch.Size([1024, 1024]): 
Initialized by user-defined `init_weights` in ViT  

backbone_vis.blocks.23.attn.k_proj.weight - torch.Size([1024, 1024]): 
Initialized by user-defined `init_weights` in ViT  

backbone_vis.blocks.23.attn.v_proj.weight - torch.Size([1024, 1024]): 
Initialized by user-defined `init_weights` in ViT  

backbone_vis.blocks.23.attn.proj.weight - torch.Size([1024, 1024]): 
Initialized by user-defined `init_weights` in ViT  

backbone_vis.blocks.23.attn.proj.bias - torch.Size([1024]): 
The value is the same before and after calling `init_weights` of TwoStreamCoDETR  

backbone_vis.blocks.23.norm2.weight - torch.Size([1024]): 
The value is the same before and after calling `init_weights` of TwoStreamCoDETR  

backbone_vis.blocks.23.norm2.bias - torch.Size([1024]): 
The value is the same before and after calling `init_weights` of TwoStreamCoDETR  

backbone_vis.blocks.23.mlp.w1.weight - torch.Size([2730, 1024]): 
Initialized by user-defined `init_weights` in ViT  

backbone_vis.blocks.23.mlp.w1.bias - torch.Size([2730]): 
The value is the same before and after calling `init_weights` of TwoStreamCoDETR  

backbone_vis.blocks.23.mlp.w2.weight - torch.Size([2730, 1024]): 
Initialized by user-defined `init_weights` in ViT  

backbone_vis.blocks.23.mlp.w2.bias - torch.Size([2730]): 
The value is the same before and after calling `init_weights` of TwoStreamCoDETR  

backbone_vis.blocks.23.mlp.ffn_ln.weight - torch.Size([2730]): 
The value is the same before and after calling `init_weights` of TwoStreamCoDETR  

backbone_vis.blocks.23.mlp.ffn_ln.bias - torch.Size([2730]): 
The value is the same before and after calling `init_weights` of TwoStreamCoDETR  

backbone_vis.blocks.23.mlp.w3.weight - torch.Size([1024, 2730]): 
Initialized by user-defined `init_weights` in ViT  

backbone_vis.blocks.23.mlp.w3.bias - torch.Size([1024]): 
The value is the same before and after calling `init_weights` of TwoStreamCoDETR  

backbone_vis.out_norm.weight - torch.Size([1024]): 
The value is the same before and after calling `init_weights` of TwoStreamCoDETR  

backbone_vis.out_norm.bias - torch.Size([1024]): 
The value is the same before and after calling `init_weights` of TwoStreamCoDETR  

backbone_lwir.pos_embed - torch.Size([1, 1025, 1024]): 
The value is the same before and after calling `init_weights` of TwoStreamCoDETR  

backbone_lwir.patch_embed.proj.weight - torch.Size([1024, 3, 16, 16]): 
The value is the same before and after calling `init_weights` of TwoStreamCoDETR  

backbone_lwir.patch_embed.proj.bias - torch.Size([1024]): 
The value is the same before and after calling `init_weights` of TwoStreamCoDETR  

backbone_lwir.blocks.0.norm1.weight - torch.Size([1024]): 
The value is the same before and after calling `init_weights` of TwoStreamCoDETR  

backbone_lwir.blocks.0.norm1.bias - torch.Size([1024]): 
The value is the same before and after calling `init_weights` of TwoStreamCoDETR  

backbone_lwir.blocks.0.attn.q_bias - torch.Size([1024]): 
The value is the same before and after calling `init_weights` of TwoStreamCoDETR  

backbone_lwir.blocks.0.attn.v_bias - torch.Size([1024]): 
The value is the same before and after calling `init_weights` of TwoStreamCoDETR  

backbone_lwir.blocks.0.attn.q_proj.weight - torch.Size([1024, 1024]): 
Initialized by user-defined `init_weights` in ViT  

backbone_lwir.blocks.0.attn.k_proj.weight - torch.Size([1024, 1024]): 
Initialized by user-defined `init_weights` in ViT  

backbone_lwir.blocks.0.attn.v_proj.weight - torch.Size([1024, 1024]): 
Initialized by user-defined `init_weights` in ViT  

backbone_lwir.blocks.0.attn.proj.weight - torch.Size([1024, 1024]): 
Initialized by user-defined `init_weights` in ViT  

backbone_lwir.blocks.0.attn.proj.bias - torch.Size([1024]): 
The value is the same before and after calling `init_weights` of TwoStreamCoDETR  

backbone_lwir.blocks.0.norm2.weight - torch.Size([1024]): 
The value is the same before and after calling `init_weights` of TwoStreamCoDETR  

backbone_lwir.blocks.0.norm2.bias - torch.Size([1024]): 
The value is the same before and after calling `init_weights` of TwoStreamCoDETR  

backbone_lwir.blocks.0.mlp.w1.weight - torch.Size([2730, 1024]): 
Initialized by user-defined `init_weights` in ViT  

backbone_lwir.blocks.0.mlp.w1.bias - torch.Size([2730]): 
The value is the same before and after calling `init_weights` of TwoStreamCoDETR  

backbone_lwir.blocks.0.mlp.w2.weight - torch.Size([2730, 1024]): 
Initialized by user-defined `init_weights` in ViT  

backbone_lwir.blocks.0.mlp.w2.bias - torch.Size([2730]): 
The value is the same before and after calling `init_weights` of TwoStreamCoDETR  

backbone_lwir.blocks.0.mlp.ffn_ln.weight - torch.Size([2730]): 
The value is the same before and after calling `init_weights` of TwoStreamCoDETR  

backbone_lwir.blocks.0.mlp.ffn_ln.bias - torch.Size([2730]): 
The value is the same before and after calling `init_weights` of TwoStreamCoDETR  

backbone_lwir.blocks.0.mlp.w3.weight - torch.Size([1024, 2730]): 
Initialized by user-defined `init_weights` in ViT  

backbone_lwir.blocks.0.mlp.w3.bias - torch.Size([1024]): 
The value is the same before and after calling `init_weights` of TwoStreamCoDETR  

backbone_lwir.blocks.1.norm1.weight - torch.Size([1024]): 
The value is the same before and after calling `init_weights` of TwoStreamCoDETR  

backbone_lwir.blocks.1.norm1.bias - torch.Size([1024]): 
The value is the same before and after calling `init_weights` of TwoStreamCoDETR  

backbone_lwir.blocks.1.attn.q_bias - torch.Size([1024]): 
The value is the same before and after calling `init_weights` of TwoStreamCoDETR  

backbone_lwir.blocks.1.attn.v_bias - torch.Size([1024]): 
The value is the same before and after calling `init_weights` of TwoStreamCoDETR  

backbone_lwir.blocks.1.attn.q_proj.weight - torch.Size([1024, 1024]): 
Initialized by user-defined `init_weights` in ViT  

backbone_lwir.blocks.1.attn.k_proj.weight - torch.Size([1024, 1024]): 
Initialized by user-defined `init_weights` in ViT  

backbone_lwir.blocks.1.attn.v_proj.weight - torch.Size([1024, 1024]): 
Initialized by user-defined `init_weights` in ViT  

backbone_lwir.blocks.1.attn.proj.weight - torch.Size([1024, 1024]): 
Initialized by user-defined `init_weights` in ViT  

backbone_lwir.blocks.1.attn.proj.bias - torch.Size([1024]): 
The value is the same before and after calling `init_weights` of TwoStreamCoDETR  

backbone_lwir.blocks.1.norm2.weight - torch.Size([1024]): 
The value is the same before and after calling `init_weights` of TwoStreamCoDETR  

backbone_lwir.blocks.1.norm2.bias - torch.Size([1024]): 
The value is the same before and after calling `init_weights` of TwoStreamCoDETR  

backbone_lwir.blocks.1.mlp.w1.weight - torch.Size([2730, 1024]): 
Initialized by user-defined `init_weights` in ViT  

backbone_lwir.blocks.1.mlp.w1.bias - torch.Size([2730]): 
The value is the same before and after calling `init_weights` of TwoStreamCoDETR  

backbone_lwir.blocks.1.mlp.w2.weight - torch.Size([2730, 1024]): 
Initialized by user-defined `init_weights` in ViT  

backbone_lwir.blocks.1.mlp.w2.bias - torch.Size([2730]): 
The value is the same before and after calling `init_weights` of TwoStreamCoDETR  

backbone_lwir.blocks.1.mlp.ffn_ln.weight - torch.Size([2730]): 
The value is the same before and after calling `init_weights` of TwoStreamCoDETR  

backbone_lwir.blocks.1.mlp.ffn_ln.bias - torch.Size([2730]): 
The value is the same before and after calling `init_weights` of TwoStreamCoDETR  

backbone_lwir.blocks.1.mlp.w3.weight - torch.Size([1024, 2730]): 
Initialized by user-defined `init_weights` in ViT  

backbone_lwir.blocks.1.mlp.w3.bias - torch.Size([1024]): 
The value is the same before and after calling `init_weights` of TwoStreamCoDETR  

backbone_lwir.blocks.2.norm1.weight - torch.Size([1024]): 
The value is the same before and after calling `init_weights` of TwoStreamCoDETR  

backbone_lwir.blocks.2.norm1.bias - torch.Size([1024]): 
The value is the same before and after calling `init_weights` of TwoStreamCoDETR  

backbone_lwir.blocks.2.attn.q_bias - torch.Size([1024]): 
The value is the same before and after calling `init_weights` of TwoStreamCoDETR  

backbone_lwir.blocks.2.attn.v_bias - torch.Size([1024]): 
The value is the same before and after calling `init_weights` of TwoStreamCoDETR  

backbone_lwir.blocks.2.attn.q_proj.weight - torch.Size([1024, 1024]): 
Initialized by user-defined `init_weights` in ViT  

backbone_lwir.blocks.2.attn.k_proj.weight - torch.Size([1024, 1024]): 
Initialized by user-defined `init_weights` in ViT  

backbone_lwir.blocks.2.attn.v_proj.weight - torch.Size([1024, 1024]): 
Initialized by user-defined `init_weights` in ViT  

backbone_lwir.blocks.2.attn.proj.weight - torch.Size([1024, 1024]): 
Initialized by user-defined `init_weights` in ViT  

backbone_lwir.blocks.2.attn.proj.bias - torch.Size([1024]): 
The value is the same before and after calling `init_weights` of TwoStreamCoDETR  

backbone_lwir.blocks.2.norm2.weight - torch.Size([1024]): 
The value is the same before and after calling `init_weights` of TwoStreamCoDETR  

backbone_lwir.blocks.2.norm2.bias - torch.Size([1024]): 
The value is the same before and after calling `init_weights` of TwoStreamCoDETR  

backbone_lwir.blocks.2.mlp.w1.weight - torch.Size([2730, 1024]): 
Initialized by user-defined `init_weights` in ViT  

backbone_lwir.blocks.2.mlp.w1.bias - torch.Size([2730]): 
The value is the same before and after calling `init_weights` of TwoStreamCoDETR  

backbone_lwir.blocks.2.mlp.w2.weight - torch.Size([2730, 1024]): 
Initialized by user-defined `init_weights` in ViT  

backbone_lwir.blocks.2.mlp.w2.bias - torch.Size([2730]): 
The value is the same before and after calling `init_weights` of TwoStreamCoDETR  

backbone_lwir.blocks.2.mlp.ffn_ln.weight - torch.Size([2730]): 
The value is the same before and after calling `init_weights` of TwoStreamCoDETR  

backbone_lwir.blocks.2.mlp.ffn_ln.bias - torch.Size([2730]): 
The value is the same before and after calling `init_weights` of TwoStreamCoDETR  

backbone_lwir.blocks.2.mlp.w3.weight - torch.Size([1024, 2730]): 
Initialized by user-defined `init_weights` in ViT  

backbone_lwir.blocks.2.mlp.w3.bias - torch.Size([1024]): 
The value is the same before and after calling `init_weights` of TwoStreamCoDETR  

backbone_lwir.blocks.3.norm1.weight - torch.Size([1024]): 
The value is the same before and after calling `init_weights` of TwoStreamCoDETR  

backbone_lwir.blocks.3.norm1.bias - torch.Size([1024]): 
The value is the same before and after calling `init_weights` of TwoStreamCoDETR  

backbone_lwir.blocks.3.attn.q_bias - torch.Size([1024]): 
The value is the same before and after calling `init_weights` of TwoStreamCoDETR  

backbone_lwir.blocks.3.attn.v_bias - torch.Size([1024]): 
The value is the same before and after calling `init_weights` of TwoStreamCoDETR  

backbone_lwir.blocks.3.attn.q_proj.weight - torch.Size([1024, 1024]): 
Initialized by user-defined `init_weights` in ViT  

backbone_lwir.blocks.3.attn.k_proj.weight - torch.Size([1024, 1024]): 
Initialized by user-defined `init_weights` in ViT  

backbone_lwir.blocks.3.attn.v_proj.weight - torch.Size([1024, 1024]): 
Initialized by user-defined `init_weights` in ViT  

backbone_lwir.blocks.3.attn.proj.weight - torch.Size([1024, 1024]): 
Initialized by user-defined `init_weights` in ViT  

backbone_lwir.blocks.3.attn.proj.bias - torch.Size([1024]): 
The value is the same before and after calling `init_weights` of TwoStreamCoDETR  

backbone_lwir.blocks.3.norm2.weight - torch.Size([1024]): 
The value is the same before and after calling `init_weights` of TwoStreamCoDETR  

backbone_lwir.blocks.3.norm2.bias - torch.Size([1024]): 
The value is the same before and after calling `init_weights` of TwoStreamCoDETR  

backbone_lwir.blocks.3.mlp.w1.weight - torch.Size([2730, 1024]): 
Initialized by user-defined `init_weights` in ViT  

backbone_lwir.blocks.3.mlp.w1.bias - torch.Size([2730]): 
The value is the same before and after calling `init_weights` of TwoStreamCoDETR  

backbone_lwir.blocks.3.mlp.w2.weight - torch.Size([2730, 1024]): 
Initialized by user-defined `init_weights` in ViT  

backbone_lwir.blocks.3.mlp.w2.bias - torch.Size([2730]): 
The value is the same before and after calling `init_weights` of TwoStreamCoDETR  

backbone_lwir.blocks.3.mlp.ffn_ln.weight - torch.Size([2730]): 
The value is the same before and after calling `init_weights` of TwoStreamCoDETR  

backbone_lwir.blocks.3.mlp.ffn_ln.bias - torch.Size([2730]): 
The value is the same before and after calling `init_weights` of TwoStreamCoDETR  

backbone_lwir.blocks.3.mlp.w3.weight - torch.Size([1024, 2730]): 
Initialized by user-defined `init_weights` in ViT  

backbone_lwir.blocks.3.mlp.w3.bias - torch.Size([1024]): 
The value is the same before and after calling `init_weights` of TwoStreamCoDETR  

backbone_lwir.blocks.4.norm1.weight - torch.Size([1024]): 
The value is the same before and after calling `init_weights` of TwoStreamCoDETR  

backbone_lwir.blocks.4.norm1.bias - torch.Size([1024]): 
The value is the same before and after calling `init_weights` of TwoStreamCoDETR  

backbone_lwir.blocks.4.attn.q_bias - torch.Size([1024]): 
The value is the same before and after calling `init_weights` of TwoStreamCoDETR  

backbone_lwir.blocks.4.attn.v_bias - torch.Size([1024]): 
The value is the same before and after calling `init_weights` of TwoStreamCoDETR  

backbone_lwir.blocks.4.attn.q_proj.weight - torch.Size([1024, 1024]): 
Initialized by user-defined `init_weights` in ViT  

backbone_lwir.blocks.4.attn.k_proj.weight - torch.Size([1024, 1024]): 
Initialized by user-defined `init_weights` in ViT  

backbone_lwir.blocks.4.attn.v_proj.weight - torch.Size([1024, 1024]): 
Initialized by user-defined `init_weights` in ViT  

backbone_lwir.blocks.4.attn.proj.weight - torch.Size([1024, 1024]): 
Initialized by user-defined `init_weights` in ViT  

backbone_lwir.blocks.4.attn.proj.bias - torch.Size([1024]): 
The value is the same before and after calling `init_weights` of TwoStreamCoDETR  

backbone_lwir.blocks.4.norm2.weight - torch.Size([1024]): 
The value is the same before and after calling `init_weights` of TwoStreamCoDETR  

backbone_lwir.blocks.4.norm2.bias - torch.Size([1024]): 
The value is the same before and after calling `init_weights` of TwoStreamCoDETR  

backbone_lwir.blocks.4.mlp.w1.weight - torch.Size([2730, 1024]): 
Initialized by user-defined `init_weights` in ViT  

backbone_lwir.blocks.4.mlp.w1.bias - torch.Size([2730]): 
The value is the same before and after calling `init_weights` of TwoStreamCoDETR  

backbone_lwir.blocks.4.mlp.w2.weight - torch.Size([2730, 1024]): 
Initialized by user-defined `init_weights` in ViT  

backbone_lwir.blocks.4.mlp.w2.bias - torch.Size([2730]): 
The value is the same before and after calling `init_weights` of TwoStreamCoDETR  

backbone_lwir.blocks.4.mlp.ffn_ln.weight - torch.Size([2730]): 
The value is the same before and after calling `init_weights` of TwoStreamCoDETR  

backbone_lwir.blocks.4.mlp.ffn_ln.bias - torch.Size([2730]): 
The value is the same before and after calling `init_weights` of TwoStreamCoDETR  

backbone_lwir.blocks.4.mlp.w3.weight - torch.Size([1024, 2730]): 
Initialized by user-defined `init_weights` in ViT  

backbone_lwir.blocks.4.mlp.w3.bias - torch.Size([1024]): 
The value is the same before and after calling `init_weights` of TwoStreamCoDETR  

backbone_lwir.blocks.5.norm1.weight - torch.Size([1024]): 
The value is the same before and after calling `init_weights` of TwoStreamCoDETR  

backbone_lwir.blocks.5.norm1.bias - torch.Size([1024]): 
The value is the same before and after calling `init_weights` of TwoStreamCoDETR  

backbone_lwir.blocks.5.attn.q_bias - torch.Size([1024]): 
The value is the same before and after calling `init_weights` of TwoStreamCoDETR  

backbone_lwir.blocks.5.attn.v_bias - torch.Size([1024]): 
The value is the same before and after calling `init_weights` of TwoStreamCoDETR  

backbone_lwir.blocks.5.attn.q_proj.weight - torch.Size([1024, 1024]): 
Initialized by user-defined `init_weights` in ViT  

backbone_lwir.blocks.5.attn.k_proj.weight - torch.Size([1024, 1024]): 
Initialized by user-defined `init_weights` in ViT  

backbone_lwir.blocks.5.attn.v_proj.weight - torch.Size([1024, 1024]): 
Initialized by user-defined `init_weights` in ViT  

backbone_lwir.blocks.5.attn.proj.weight - torch.Size([1024, 1024]): 
Initialized by user-defined `init_weights` in ViT  

backbone_lwir.blocks.5.attn.proj.bias - torch.Size([1024]): 
The value is the same before and after calling `init_weights` of TwoStreamCoDETR  

backbone_lwir.blocks.5.norm2.weight - torch.Size([1024]): 
The value is the same before and after calling `init_weights` of TwoStreamCoDETR  

backbone_lwir.blocks.5.norm2.bias - torch.Size([1024]): 
The value is the same before and after calling `init_weights` of TwoStreamCoDETR  

backbone_lwir.blocks.5.mlp.w1.weight - torch.Size([2730, 1024]): 
Initialized by user-defined `init_weights` in ViT  

backbone_lwir.blocks.5.mlp.w1.bias - torch.Size([2730]): 
The value is the same before and after calling `init_weights` of TwoStreamCoDETR  

backbone_lwir.blocks.5.mlp.w2.weight - torch.Size([2730, 1024]): 
Initialized by user-defined `init_weights` in ViT  

backbone_lwir.blocks.5.mlp.w2.bias - torch.Size([2730]): 
The value is the same before and after calling `init_weights` of TwoStreamCoDETR  

backbone_lwir.blocks.5.mlp.ffn_ln.weight - torch.Size([2730]): 
The value is the same before and after calling `init_weights` of TwoStreamCoDETR  

backbone_lwir.blocks.5.mlp.ffn_ln.bias - torch.Size([2730]): 
The value is the same before and after calling `init_weights` of TwoStreamCoDETR  

backbone_lwir.blocks.5.mlp.w3.weight - torch.Size([1024, 2730]): 
Initialized by user-defined `init_weights` in ViT  

backbone_lwir.blocks.5.mlp.w3.bias - torch.Size([1024]): 
The value is the same before and after calling `init_weights` of TwoStreamCoDETR  

backbone_lwir.blocks.6.norm1.weight - torch.Size([1024]): 
The value is the same before and after calling `init_weights` of TwoStreamCoDETR  

backbone_lwir.blocks.6.norm1.bias - torch.Size([1024]): 
The value is the same before and after calling `init_weights` of TwoStreamCoDETR  

backbone_lwir.blocks.6.attn.q_bias - torch.Size([1024]): 
The value is the same before and after calling `init_weights` of TwoStreamCoDETR  

backbone_lwir.blocks.6.attn.v_bias - torch.Size([1024]): 
The value is the same before and after calling `init_weights` of TwoStreamCoDETR  

backbone_lwir.blocks.6.attn.q_proj.weight - torch.Size([1024, 1024]): 
Initialized by user-defined `init_weights` in ViT  

backbone_lwir.blocks.6.attn.k_proj.weight - torch.Size([1024, 1024]): 
Initialized by user-defined `init_weights` in ViT  

backbone_lwir.blocks.6.attn.v_proj.weight - torch.Size([1024, 1024]): 
Initialized by user-defined `init_weights` in ViT  

backbone_lwir.blocks.6.attn.proj.weight - torch.Size([1024, 1024]): 
Initialized by user-defined `init_weights` in ViT  

backbone_lwir.blocks.6.attn.proj.bias - torch.Size([1024]): 
The value is the same before and after calling `init_weights` of TwoStreamCoDETR  

backbone_lwir.blocks.6.norm2.weight - torch.Size([1024]): 
The value is the same before and after calling `init_weights` of TwoStreamCoDETR  

backbone_lwir.blocks.6.norm2.bias - torch.Size([1024]): 
The value is the same before and after calling `init_weights` of TwoStreamCoDETR  

backbone_lwir.blocks.6.mlp.w1.weight - torch.Size([2730, 1024]): 
Initialized by user-defined `init_weights` in ViT  

backbone_lwir.blocks.6.mlp.w1.bias - torch.Size([2730]): 
The value is the same before and after calling `init_weights` of TwoStreamCoDETR  

backbone_lwir.blocks.6.mlp.w2.weight - torch.Size([2730, 1024]): 
Initialized by user-defined `init_weights` in ViT  

backbone_lwir.blocks.6.mlp.w2.bias - torch.Size([2730]): 
The value is the same before and after calling `init_weights` of TwoStreamCoDETR  

backbone_lwir.blocks.6.mlp.ffn_ln.weight - torch.Size([2730]): 
The value is the same before and after calling `init_weights` of TwoStreamCoDETR  

backbone_lwir.blocks.6.mlp.ffn_ln.bias - torch.Size([2730]): 
The value is the same before and after calling `init_weights` of TwoStreamCoDETR  

backbone_lwir.blocks.6.mlp.w3.weight - torch.Size([1024, 2730]): 
Initialized by user-defined `init_weights` in ViT  

backbone_lwir.blocks.6.mlp.w3.bias - torch.Size([1024]): 
The value is the same before and after calling `init_weights` of TwoStreamCoDETR  

backbone_lwir.blocks.7.norm1.weight - torch.Size([1024]): 
The value is the same before and after calling `init_weights` of TwoStreamCoDETR  

backbone_lwir.blocks.7.norm1.bias - torch.Size([1024]): 
The value is the same before and after calling `init_weights` of TwoStreamCoDETR  

backbone_lwir.blocks.7.attn.q_bias - torch.Size([1024]): 
The value is the same before and after calling `init_weights` of TwoStreamCoDETR  

backbone_lwir.blocks.7.attn.v_bias - torch.Size([1024]): 
The value is the same before and after calling `init_weights` of TwoStreamCoDETR  

backbone_lwir.blocks.7.attn.q_proj.weight - torch.Size([1024, 1024]): 
Initialized by user-defined `init_weights` in ViT  

backbone_lwir.blocks.7.attn.k_proj.weight - torch.Size([1024, 1024]): 
Initialized by user-defined `init_weights` in ViT  

backbone_lwir.blocks.7.attn.v_proj.weight - torch.Size([1024, 1024]): 
Initialized by user-defined `init_weights` in ViT  

backbone_lwir.blocks.7.attn.proj.weight - torch.Size([1024, 1024]): 
Initialized by user-defined `init_weights` in ViT  

backbone_lwir.blocks.7.attn.proj.bias - torch.Size([1024]): 
The value is the same before and after calling `init_weights` of TwoStreamCoDETR  

backbone_lwir.blocks.7.norm2.weight - torch.Size([1024]): 
The value is the same before and after calling `init_weights` of TwoStreamCoDETR  

backbone_lwir.blocks.7.norm2.bias - torch.Size([1024]): 
The value is the same before and after calling `init_weights` of TwoStreamCoDETR  

backbone_lwir.blocks.7.mlp.w1.weight - torch.Size([2730, 1024]): 
Initialized by user-defined `init_weights` in ViT  

backbone_lwir.blocks.7.mlp.w1.bias - torch.Size([2730]): 
The value is the same before and after calling `init_weights` of TwoStreamCoDETR  

backbone_lwir.blocks.7.mlp.w2.weight - torch.Size([2730, 1024]): 
Initialized by user-defined `init_weights` in ViT  

backbone_lwir.blocks.7.mlp.w2.bias - torch.Size([2730]): 
The value is the same before and after calling `init_weights` of TwoStreamCoDETR  

backbone_lwir.blocks.7.mlp.ffn_ln.weight - torch.Size([2730]): 
The value is the same before and after calling `init_weights` of TwoStreamCoDETR  

backbone_lwir.blocks.7.mlp.ffn_ln.bias - torch.Size([2730]): 
The value is the same before and after calling `init_weights` of TwoStreamCoDETR  

backbone_lwir.blocks.7.mlp.w3.weight - torch.Size([1024, 2730]): 
Initialized by user-defined `init_weights` in ViT  

backbone_lwir.blocks.7.mlp.w3.bias - torch.Size([1024]): 
The value is the same before and after calling `init_weights` of TwoStreamCoDETR  

backbone_lwir.blocks.8.norm1.weight - torch.Size([1024]): 
The value is the same before and after calling `init_weights` of TwoStreamCoDETR  

backbone_lwir.blocks.8.norm1.bias - torch.Size([1024]): 
The value is the same before and after calling `init_weights` of TwoStreamCoDETR  

backbone_lwir.blocks.8.attn.q_bias - torch.Size([1024]): 
The value is the same before and after calling `init_weights` of TwoStreamCoDETR  

backbone_lwir.blocks.8.attn.v_bias - torch.Size([1024]): 
The value is the same before and after calling `init_weights` of TwoStreamCoDETR  

backbone_lwir.blocks.8.attn.q_proj.weight - torch.Size([1024, 1024]): 
Initialized by user-defined `init_weights` in ViT  

backbone_lwir.blocks.8.attn.k_proj.weight - torch.Size([1024, 1024]): 
Initialized by user-defined `init_weights` in ViT  

backbone_lwir.blocks.8.attn.v_proj.weight - torch.Size([1024, 1024]): 
Initialized by user-defined `init_weights` in ViT  

backbone_lwir.blocks.8.attn.proj.weight - torch.Size([1024, 1024]): 
Initialized by user-defined `init_weights` in ViT  

backbone_lwir.blocks.8.attn.proj.bias - torch.Size([1024]): 
The value is the same before and after calling `init_weights` of TwoStreamCoDETR  

backbone_lwir.blocks.8.norm2.weight - torch.Size([1024]): 
The value is the same before and after calling `init_weights` of TwoStreamCoDETR  

backbone_lwir.blocks.8.norm2.bias - torch.Size([1024]): 
The value is the same before and after calling `init_weights` of TwoStreamCoDETR  

backbone_lwir.blocks.8.mlp.w1.weight - torch.Size([2730, 1024]): 
Initialized by user-defined `init_weights` in ViT  

backbone_lwir.blocks.8.mlp.w1.bias - torch.Size([2730]): 
The value is the same before and after calling `init_weights` of TwoStreamCoDETR  

backbone_lwir.blocks.8.mlp.w2.weight - torch.Size([2730, 1024]): 
Initialized by user-defined `init_weights` in ViT  

backbone_lwir.blocks.8.mlp.w2.bias - torch.Size([2730]): 
The value is the same before and after calling `init_weights` of TwoStreamCoDETR  

backbone_lwir.blocks.8.mlp.ffn_ln.weight - torch.Size([2730]): 
The value is the same before and after calling `init_weights` of TwoStreamCoDETR  

backbone_lwir.blocks.8.mlp.ffn_ln.bias - torch.Size([2730]): 
The value is the same before and after calling `init_weights` of TwoStreamCoDETR  

backbone_lwir.blocks.8.mlp.w3.weight - torch.Size([1024, 2730]): 
Initialized by user-defined `init_weights` in ViT  

backbone_lwir.blocks.8.mlp.w3.bias - torch.Size([1024]): 
The value is the same before and after calling `init_weights` of TwoStreamCoDETR  

backbone_lwir.blocks.9.norm1.weight - torch.Size([1024]): 
The value is the same before and after calling `init_weights` of TwoStreamCoDETR  

backbone_lwir.blocks.9.norm1.bias - torch.Size([1024]): 
The value is the same before and after calling `init_weights` of TwoStreamCoDETR  

backbone_lwir.blocks.9.attn.q_bias - torch.Size([1024]): 
The value is the same before and after calling `init_weights` of TwoStreamCoDETR  

backbone_lwir.blocks.9.attn.v_bias - torch.Size([1024]): 
The value is the same before and after calling `init_weights` of TwoStreamCoDETR  

backbone_lwir.blocks.9.attn.q_proj.weight - torch.Size([1024, 1024]): 
Initialized by user-defined `init_weights` in ViT  

backbone_lwir.blocks.9.attn.k_proj.weight - torch.Size([1024, 1024]): 
Initialized by user-defined `init_weights` in ViT  

backbone_lwir.blocks.9.attn.v_proj.weight - torch.Size([1024, 1024]): 
Initialized by user-defined `init_weights` in ViT  

backbone_lwir.blocks.9.attn.proj.weight - torch.Size([1024, 1024]): 
Initialized by user-defined `init_weights` in ViT  

backbone_lwir.blocks.9.attn.proj.bias - torch.Size([1024]): 
The value is the same before and after calling `init_weights` of TwoStreamCoDETR  

backbone_lwir.blocks.9.norm2.weight - torch.Size([1024]): 
The value is the same before and after calling `init_weights` of TwoStreamCoDETR  

backbone_lwir.blocks.9.norm2.bias - torch.Size([1024]): 
The value is the same before and after calling `init_weights` of TwoStreamCoDETR  

backbone_lwir.blocks.9.mlp.w1.weight - torch.Size([2730, 1024]): 
Initialized by user-defined `init_weights` in ViT  

backbone_lwir.blocks.9.mlp.w1.bias - torch.Size([2730]): 
The value is the same before and after calling `init_weights` of TwoStreamCoDETR  

backbone_lwir.blocks.9.mlp.w2.weight - torch.Size([2730, 1024]): 
Initialized by user-defined `init_weights` in ViT  

backbone_lwir.blocks.9.mlp.w2.bias - torch.Size([2730]): 
The value is the same before and after calling `init_weights` of TwoStreamCoDETR  

backbone_lwir.blocks.9.mlp.ffn_ln.weight - torch.Size([2730]): 
The value is the same before and after calling `init_weights` of TwoStreamCoDETR  

backbone_lwir.blocks.9.mlp.ffn_ln.bias - torch.Size([2730]): 
The value is the same before and after calling `init_weights` of TwoStreamCoDETR  

backbone_lwir.blocks.9.mlp.w3.weight - torch.Size([1024, 2730]): 
Initialized by user-defined `init_weights` in ViT  

backbone_lwir.blocks.9.mlp.w3.bias - torch.Size([1024]): 
The value is the same before and after calling `init_weights` of TwoStreamCoDETR  

backbone_lwir.blocks.10.norm1.weight - torch.Size([1024]): 
The value is the same before and after calling `init_weights` of TwoStreamCoDETR  

backbone_lwir.blocks.10.norm1.bias - torch.Size([1024]): 
The value is the same before and after calling `init_weights` of TwoStreamCoDETR  

backbone_lwir.blocks.10.attn.q_bias - torch.Size([1024]): 
The value is the same before and after calling `init_weights` of TwoStreamCoDETR  

backbone_lwir.blocks.10.attn.v_bias - torch.Size([1024]): 
The value is the same before and after calling `init_weights` of TwoStreamCoDETR  

backbone_lwir.blocks.10.attn.q_proj.weight - torch.Size([1024, 1024]): 
Initialized by user-defined `init_weights` in ViT  

backbone_lwir.blocks.10.attn.k_proj.weight - torch.Size([1024, 1024]): 
Initialized by user-defined `init_weights` in ViT  

backbone_lwir.blocks.10.attn.v_proj.weight - torch.Size([1024, 1024]): 
Initialized by user-defined `init_weights` in ViT  

backbone_lwir.blocks.10.attn.proj.weight - torch.Size([1024, 1024]): 
Initialized by user-defined `init_weights` in ViT  

backbone_lwir.blocks.10.attn.proj.bias - torch.Size([1024]): 
The value is the same before and after calling `init_weights` of TwoStreamCoDETR  

backbone_lwir.blocks.10.norm2.weight - torch.Size([1024]): 
The value is the same before and after calling `init_weights` of TwoStreamCoDETR  

backbone_lwir.blocks.10.norm2.bias - torch.Size([1024]): 
The value is the same before and after calling `init_weights` of TwoStreamCoDETR  

backbone_lwir.blocks.10.mlp.w1.weight - torch.Size([2730, 1024]): 
Initialized by user-defined `init_weights` in ViT  

backbone_lwir.blocks.10.mlp.w1.bias - torch.Size([2730]): 
The value is the same before and after calling `init_weights` of TwoStreamCoDETR  

backbone_lwir.blocks.10.mlp.w2.weight - torch.Size([2730, 1024]): 
Initialized by user-defined `init_weights` in ViT  

backbone_lwir.blocks.10.mlp.w2.bias - torch.Size([2730]): 
The value is the same before and after calling `init_weights` of TwoStreamCoDETR  

backbone_lwir.blocks.10.mlp.ffn_ln.weight - torch.Size([2730]): 
The value is the same before and after calling `init_weights` of TwoStreamCoDETR  

backbone_lwir.blocks.10.mlp.ffn_ln.bias - torch.Size([2730]): 
The value is the same before and after calling `init_weights` of TwoStreamCoDETR  

backbone_lwir.blocks.10.mlp.w3.weight - torch.Size([1024, 2730]): 
Initialized by user-defined `init_weights` in ViT  

backbone_lwir.blocks.10.mlp.w3.bias - torch.Size([1024]): 
The value is the same before and after calling `init_weights` of TwoStreamCoDETR  

backbone_lwir.blocks.11.norm1.weight - torch.Size([1024]): 
The value is the same before and after calling `init_weights` of TwoStreamCoDETR  

backbone_lwir.blocks.11.norm1.bias - torch.Size([1024]): 
The value is the same before and after calling `init_weights` of TwoStreamCoDETR  

backbone_lwir.blocks.11.attn.q_bias - torch.Size([1024]): 
The value is the same before and after calling `init_weights` of TwoStreamCoDETR  

backbone_lwir.blocks.11.attn.v_bias - torch.Size([1024]): 
The value is the same before and after calling `init_weights` of TwoStreamCoDETR  

backbone_lwir.blocks.11.attn.q_proj.weight - torch.Size([1024, 1024]): 
Initialized by user-defined `init_weights` in ViT  

backbone_lwir.blocks.11.attn.k_proj.weight - torch.Size([1024, 1024]): 
Initialized by user-defined `init_weights` in ViT  

backbone_lwir.blocks.11.attn.v_proj.weight - torch.Size([1024, 1024]): 
Initialized by user-defined `init_weights` in ViT  

backbone_lwir.blocks.11.attn.proj.weight - torch.Size([1024, 1024]): 
Initialized by user-defined `init_weights` in ViT  

backbone_lwir.blocks.11.attn.proj.bias - torch.Size([1024]): 
The value is the same before and after calling `init_weights` of TwoStreamCoDETR  

backbone_lwir.blocks.11.norm2.weight - torch.Size([1024]): 
The value is the same before and after calling `init_weights` of TwoStreamCoDETR  

backbone_lwir.blocks.11.norm2.bias - torch.Size([1024]): 
The value is the same before and after calling `init_weights` of TwoStreamCoDETR  

backbone_lwir.blocks.11.mlp.w1.weight - torch.Size([2730, 1024]): 
Initialized by user-defined `init_weights` in ViT  

backbone_lwir.blocks.11.mlp.w1.bias - torch.Size([2730]): 
The value is the same before and after calling `init_weights` of TwoStreamCoDETR  

backbone_lwir.blocks.11.mlp.w2.weight - torch.Size([2730, 1024]): 
Initialized by user-defined `init_weights` in ViT  

backbone_lwir.blocks.11.mlp.w2.bias - torch.Size([2730]): 
The value is the same before and after calling `init_weights` of TwoStreamCoDETR  

backbone_lwir.blocks.11.mlp.ffn_ln.weight - torch.Size([2730]): 
The value is the same before and after calling `init_weights` of TwoStreamCoDETR  

backbone_lwir.blocks.11.mlp.ffn_ln.bias - torch.Size([2730]): 
The value is the same before and after calling `init_weights` of TwoStreamCoDETR  

backbone_lwir.blocks.11.mlp.w3.weight - torch.Size([1024, 2730]): 
Initialized by user-defined `init_weights` in ViT  

backbone_lwir.blocks.11.mlp.w3.bias - torch.Size([1024]): 
The value is the same before and after calling `init_weights` of TwoStreamCoDETR  

backbone_lwir.blocks.12.norm1.weight - torch.Size([1024]): 
The value is the same before and after calling `init_weights` of TwoStreamCoDETR  

backbone_lwir.blocks.12.norm1.bias - torch.Size([1024]): 
The value is the same before and after calling `init_weights` of TwoStreamCoDETR  

backbone_lwir.blocks.12.attn.q_bias - torch.Size([1024]): 
The value is the same before and after calling `init_weights` of TwoStreamCoDETR  

backbone_lwir.blocks.12.attn.v_bias - torch.Size([1024]): 
The value is the same before and after calling `init_weights` of TwoStreamCoDETR  

backbone_lwir.blocks.12.attn.q_proj.weight - torch.Size([1024, 1024]): 
Initialized by user-defined `init_weights` in ViT  

backbone_lwir.blocks.12.attn.k_proj.weight - torch.Size([1024, 1024]): 
Initialized by user-defined `init_weights` in ViT  

backbone_lwir.blocks.12.attn.v_proj.weight - torch.Size([1024, 1024]): 
Initialized by user-defined `init_weights` in ViT  

backbone_lwir.blocks.12.attn.proj.weight - torch.Size([1024, 1024]): 
Initialized by user-defined `init_weights` in ViT  

backbone_lwir.blocks.12.attn.proj.bias - torch.Size([1024]): 
The value is the same before and after calling `init_weights` of TwoStreamCoDETR  

backbone_lwir.blocks.12.norm2.weight - torch.Size([1024]): 
The value is the same before and after calling `init_weights` of TwoStreamCoDETR  

backbone_lwir.blocks.12.norm2.bias - torch.Size([1024]): 
The value is the same before and after calling `init_weights` of TwoStreamCoDETR  

backbone_lwir.blocks.12.mlp.w1.weight - torch.Size([2730, 1024]): 
Initialized by user-defined `init_weights` in ViT  

backbone_lwir.blocks.12.mlp.w1.bias - torch.Size([2730]): 
The value is the same before and after calling `init_weights` of TwoStreamCoDETR  

backbone_lwir.blocks.12.mlp.w2.weight - torch.Size([2730, 1024]): 
Initialized by user-defined `init_weights` in ViT  

backbone_lwir.blocks.12.mlp.w2.bias - torch.Size([2730]): 
The value is the same before and after calling `init_weights` of TwoStreamCoDETR  

backbone_lwir.blocks.12.mlp.ffn_ln.weight - torch.Size([2730]): 
The value is the same before and after calling `init_weights` of TwoStreamCoDETR  

backbone_lwir.blocks.12.mlp.ffn_ln.bias - torch.Size([2730]): 
The value is the same before and after calling `init_weights` of TwoStreamCoDETR  

backbone_lwir.blocks.12.mlp.w3.weight - torch.Size([1024, 2730]): 
Initialized by user-defined `init_weights` in ViT  

backbone_lwir.blocks.12.mlp.w3.bias - torch.Size([1024]): 
The value is the same before and after calling `init_weights` of TwoStreamCoDETR  

backbone_lwir.blocks.13.norm1.weight - torch.Size([1024]): 
The value is the same before and after calling `init_weights` of TwoStreamCoDETR  

backbone_lwir.blocks.13.norm1.bias - torch.Size([1024]): 
The value is the same before and after calling `init_weights` of TwoStreamCoDETR  

backbone_lwir.blocks.13.attn.q_bias - torch.Size([1024]): 
The value is the same before and after calling `init_weights` of TwoStreamCoDETR  

backbone_lwir.blocks.13.attn.v_bias - torch.Size([1024]): 
The value is the same before and after calling `init_weights` of TwoStreamCoDETR  

backbone_lwir.blocks.13.attn.q_proj.weight - torch.Size([1024, 1024]): 
Initialized by user-defined `init_weights` in ViT  

backbone_lwir.blocks.13.attn.k_proj.weight - torch.Size([1024, 1024]): 
Initialized by user-defined `init_weights` in ViT  

backbone_lwir.blocks.13.attn.v_proj.weight - torch.Size([1024, 1024]): 
Initialized by user-defined `init_weights` in ViT  

backbone_lwir.blocks.13.attn.proj.weight - torch.Size([1024, 1024]): 
Initialized by user-defined `init_weights` in ViT  

backbone_lwir.blocks.13.attn.proj.bias - torch.Size([1024]): 
The value is the same before and after calling `init_weights` of TwoStreamCoDETR  

backbone_lwir.blocks.13.norm2.weight - torch.Size([1024]): 
The value is the same before and after calling `init_weights` of TwoStreamCoDETR  

backbone_lwir.blocks.13.norm2.bias - torch.Size([1024]): 
The value is the same before and after calling `init_weights` of TwoStreamCoDETR  

backbone_lwir.blocks.13.mlp.w1.weight - torch.Size([2730, 1024]): 
Initialized by user-defined `init_weights` in ViT  

backbone_lwir.blocks.13.mlp.w1.bias - torch.Size([2730]): 
The value is the same before and after calling `init_weights` of TwoStreamCoDETR  

backbone_lwir.blocks.13.mlp.w2.weight - torch.Size([2730, 1024]): 
Initialized by user-defined `init_weights` in ViT  

backbone_lwir.blocks.13.mlp.w2.bias - torch.Size([2730]): 
The value is the same before and after calling `init_weights` of TwoStreamCoDETR  

backbone_lwir.blocks.13.mlp.ffn_ln.weight - torch.Size([2730]): 
The value is the same before and after calling `init_weights` of TwoStreamCoDETR  

backbone_lwir.blocks.13.mlp.ffn_ln.bias - torch.Size([2730]): 
The value is the same before and after calling `init_weights` of TwoStreamCoDETR  

backbone_lwir.blocks.13.mlp.w3.weight - torch.Size([1024, 2730]): 
Initialized by user-defined `init_weights` in ViT  

backbone_lwir.blocks.13.mlp.w3.bias - torch.Size([1024]): 
The value is the same before and after calling `init_weights` of TwoStreamCoDETR  

backbone_lwir.blocks.14.norm1.weight - torch.Size([1024]): 
The value is the same before and after calling `init_weights` of TwoStreamCoDETR  

backbone_lwir.blocks.14.norm1.bias - torch.Size([1024]): 
The value is the same before and after calling `init_weights` of TwoStreamCoDETR  

backbone_lwir.blocks.14.attn.q_bias - torch.Size([1024]): 
The value is the same before and after calling `init_weights` of TwoStreamCoDETR  

backbone_lwir.blocks.14.attn.v_bias - torch.Size([1024]): 
The value is the same before and after calling `init_weights` of TwoStreamCoDETR  

backbone_lwir.blocks.14.attn.q_proj.weight - torch.Size([1024, 1024]): 
Initialized by user-defined `init_weights` in ViT  

backbone_lwir.blocks.14.attn.k_proj.weight - torch.Size([1024, 1024]): 
Initialized by user-defined `init_weights` in ViT  

backbone_lwir.blocks.14.attn.v_proj.weight - torch.Size([1024, 1024]): 
Initialized by user-defined `init_weights` in ViT  

backbone_lwir.blocks.14.attn.proj.weight - torch.Size([1024, 1024]): 
Initialized by user-defined `init_weights` in ViT  

backbone_lwir.blocks.14.attn.proj.bias - torch.Size([1024]): 
The value is the same before and after calling `init_weights` of TwoStreamCoDETR  

backbone_lwir.blocks.14.norm2.weight - torch.Size([1024]): 
The value is the same before and after calling `init_weights` of TwoStreamCoDETR  

backbone_lwir.blocks.14.norm2.bias - torch.Size([1024]): 
The value is the same before and after calling `init_weights` of TwoStreamCoDETR  

backbone_lwir.blocks.14.mlp.w1.weight - torch.Size([2730, 1024]): 
Initialized by user-defined `init_weights` in ViT  

backbone_lwir.blocks.14.mlp.w1.bias - torch.Size([2730]): 
The value is the same before and after calling `init_weights` of TwoStreamCoDETR  

backbone_lwir.blocks.14.mlp.w2.weight - torch.Size([2730, 1024]): 
Initialized by user-defined `init_weights` in ViT  

backbone_lwir.blocks.14.mlp.w2.bias - torch.Size([2730]): 
The value is the same before and after calling `init_weights` of TwoStreamCoDETR  

backbone_lwir.blocks.14.mlp.ffn_ln.weight - torch.Size([2730]): 
The value is the same before and after calling `init_weights` of TwoStreamCoDETR  

backbone_lwir.blocks.14.mlp.ffn_ln.bias - torch.Size([2730]): 
The value is the same before and after calling `init_weights` of TwoStreamCoDETR  

backbone_lwir.blocks.14.mlp.w3.weight - torch.Size([1024, 2730]): 
Initialized by user-defined `init_weights` in ViT  

backbone_lwir.blocks.14.mlp.w3.bias - torch.Size([1024]): 
The value is the same before and after calling `init_weights` of TwoStreamCoDETR  

backbone_lwir.blocks.15.norm1.weight - torch.Size([1024]): 
The value is the same before and after calling `init_weights` of TwoStreamCoDETR  

backbone_lwir.blocks.15.norm1.bias - torch.Size([1024]): 
The value is the same before and after calling `init_weights` of TwoStreamCoDETR  

backbone_lwir.blocks.15.attn.q_bias - torch.Size([1024]): 
The value is the same before and after calling `init_weights` of TwoStreamCoDETR  

backbone_lwir.blocks.15.attn.v_bias - torch.Size([1024]): 
The value is the same before and after calling `init_weights` of TwoStreamCoDETR  

backbone_lwir.blocks.15.attn.q_proj.weight - torch.Size([1024, 1024]): 
Initialized by user-defined `init_weights` in ViT  

backbone_lwir.blocks.15.attn.k_proj.weight - torch.Size([1024, 1024]): 
Initialized by user-defined `init_weights` in ViT  

backbone_lwir.blocks.15.attn.v_proj.weight - torch.Size([1024, 1024]): 
Initialized by user-defined `init_weights` in ViT  

backbone_lwir.blocks.15.attn.proj.weight - torch.Size([1024, 1024]): 
Initialized by user-defined `init_weights` in ViT  

backbone_lwir.blocks.15.attn.proj.bias - torch.Size([1024]): 
The value is the same before and after calling `init_weights` of TwoStreamCoDETR  

backbone_lwir.blocks.15.norm2.weight - torch.Size([1024]): 
The value is the same before and after calling `init_weights` of TwoStreamCoDETR  

backbone_lwir.blocks.15.norm2.bias - torch.Size([1024]): 
The value is the same before and after calling `init_weights` of TwoStreamCoDETR  

backbone_lwir.blocks.15.mlp.w1.weight - torch.Size([2730, 1024]): 
Initialized by user-defined `init_weights` in ViT  

backbone_lwir.blocks.15.mlp.w1.bias - torch.Size([2730]): 
The value is the same before and after calling `init_weights` of TwoStreamCoDETR  

backbone_lwir.blocks.15.mlp.w2.weight - torch.Size([2730, 1024]): 
Initialized by user-defined `init_weights` in ViT  

backbone_lwir.blocks.15.mlp.w2.bias - torch.Size([2730]): 
The value is the same before and after calling `init_weights` of TwoStreamCoDETR  

backbone_lwir.blocks.15.mlp.ffn_ln.weight - torch.Size([2730]): 
The value is the same before and after calling `init_weights` of TwoStreamCoDETR  

backbone_lwir.blocks.15.mlp.ffn_ln.bias - torch.Size([2730]): 
The value is the same before and after calling `init_weights` of TwoStreamCoDETR  

backbone_lwir.blocks.15.mlp.w3.weight - torch.Size([1024, 2730]): 
Initialized by user-defined `init_weights` in ViT  

backbone_lwir.blocks.15.mlp.w3.bias - torch.Size([1024]): 
The value is the same before and after calling `init_weights` of TwoStreamCoDETR  

backbone_lwir.blocks.16.norm1.weight - torch.Size([1024]): 
The value is the same before and after calling `init_weights` of TwoStreamCoDETR  

backbone_lwir.blocks.16.norm1.bias - torch.Size([1024]): 
The value is the same before and after calling `init_weights` of TwoStreamCoDETR  

backbone_lwir.blocks.16.attn.q_bias - torch.Size([1024]): 
The value is the same before and after calling `init_weights` of TwoStreamCoDETR  

backbone_lwir.blocks.16.attn.v_bias - torch.Size([1024]): 
The value is the same before and after calling `init_weights` of TwoStreamCoDETR  

backbone_lwir.blocks.16.attn.q_proj.weight - torch.Size([1024, 1024]): 
Initialized by user-defined `init_weights` in ViT  

backbone_lwir.blocks.16.attn.k_proj.weight - torch.Size([1024, 1024]): 
Initialized by user-defined `init_weights` in ViT  

backbone_lwir.blocks.16.attn.v_proj.weight - torch.Size([1024, 1024]): 
Initialized by user-defined `init_weights` in ViT  

backbone_lwir.blocks.16.attn.proj.weight - torch.Size([1024, 1024]): 
Initialized by user-defined `init_weights` in ViT  

backbone_lwir.blocks.16.attn.proj.bias - torch.Size([1024]): 
The value is the same before and after calling `init_weights` of TwoStreamCoDETR  

backbone_lwir.blocks.16.norm2.weight - torch.Size([1024]): 
The value is the same before and after calling `init_weights` of TwoStreamCoDETR  

backbone_lwir.blocks.16.norm2.bias - torch.Size([1024]): 
The value is the same before and after calling `init_weights` of TwoStreamCoDETR  

backbone_lwir.blocks.16.mlp.w1.weight - torch.Size([2730, 1024]): 
Initialized by user-defined `init_weights` in ViT  

backbone_lwir.blocks.16.mlp.w1.bias - torch.Size([2730]): 
The value is the same before and after calling `init_weights` of TwoStreamCoDETR  

backbone_lwir.blocks.16.mlp.w2.weight - torch.Size([2730, 1024]): 
Initialized by user-defined `init_weights` in ViT  

backbone_lwir.blocks.16.mlp.w2.bias - torch.Size([2730]): 
The value is the same before and after calling `init_weights` of TwoStreamCoDETR  

backbone_lwir.blocks.16.mlp.ffn_ln.weight - torch.Size([2730]): 
The value is the same before and after calling `init_weights` of TwoStreamCoDETR  

backbone_lwir.blocks.16.mlp.ffn_ln.bias - torch.Size([2730]): 
The value is the same before and after calling `init_weights` of TwoStreamCoDETR  

backbone_lwir.blocks.16.mlp.w3.weight - torch.Size([1024, 2730]): 
Initialized by user-defined `init_weights` in ViT  

backbone_lwir.blocks.16.mlp.w3.bias - torch.Size([1024]): 
The value is the same before and after calling `init_weights` of TwoStreamCoDETR  

backbone_lwir.blocks.17.norm1.weight - torch.Size([1024]): 
The value is the same before and after calling `init_weights` of TwoStreamCoDETR  

backbone_lwir.blocks.17.norm1.bias - torch.Size([1024]): 
The value is the same before and after calling `init_weights` of TwoStreamCoDETR  

backbone_lwir.blocks.17.attn.q_bias - torch.Size([1024]): 
The value is the same before and after calling `init_weights` of TwoStreamCoDETR  

backbone_lwir.blocks.17.attn.v_bias - torch.Size([1024]): 
The value is the same before and after calling `init_weights` of TwoStreamCoDETR  

backbone_lwir.blocks.17.attn.q_proj.weight - torch.Size([1024, 1024]): 
Initialized by user-defined `init_weights` in ViT  

backbone_lwir.blocks.17.attn.k_proj.weight - torch.Size([1024, 1024]): 
Initialized by user-defined `init_weights` in ViT  

backbone_lwir.blocks.17.attn.v_proj.weight - torch.Size([1024, 1024]): 
Initialized by user-defined `init_weights` in ViT  

backbone_lwir.blocks.17.attn.proj.weight - torch.Size([1024, 1024]): 
Initialized by user-defined `init_weights` in ViT  

backbone_lwir.blocks.17.attn.proj.bias - torch.Size([1024]): 
The value is the same before and after calling `init_weights` of TwoStreamCoDETR  

backbone_lwir.blocks.17.norm2.weight - torch.Size([1024]): 
The value is the same before and after calling `init_weights` of TwoStreamCoDETR  

backbone_lwir.blocks.17.norm2.bias - torch.Size([1024]): 
The value is the same before and after calling `init_weights` of TwoStreamCoDETR  

backbone_lwir.blocks.17.mlp.w1.weight - torch.Size([2730, 1024]): 
Initialized by user-defined `init_weights` in ViT  

backbone_lwir.blocks.17.mlp.w1.bias - torch.Size([2730]): 
The value is the same before and after calling `init_weights` of TwoStreamCoDETR  

backbone_lwir.blocks.17.mlp.w2.weight - torch.Size([2730, 1024]): 
Initialized by user-defined `init_weights` in ViT  

backbone_lwir.blocks.17.mlp.w2.bias - torch.Size([2730]): 
The value is the same before and after calling `init_weights` of TwoStreamCoDETR  

backbone_lwir.blocks.17.mlp.ffn_ln.weight - torch.Size([2730]): 
The value is the same before and after calling `init_weights` of TwoStreamCoDETR  

backbone_lwir.blocks.17.mlp.ffn_ln.bias - torch.Size([2730]): 
The value is the same before and after calling `init_weights` of TwoStreamCoDETR  

backbone_lwir.blocks.17.mlp.w3.weight - torch.Size([1024, 2730]): 
Initialized by user-defined `init_weights` in ViT  

backbone_lwir.blocks.17.mlp.w3.bias - torch.Size([1024]): 
The value is the same before and after calling `init_weights` of TwoStreamCoDETR  

backbone_lwir.blocks.18.norm1.weight - torch.Size([1024]): 
The value is the same before and after calling `init_weights` of TwoStreamCoDETR  

backbone_lwir.blocks.18.norm1.bias - torch.Size([1024]): 
The value is the same before and after calling `init_weights` of TwoStreamCoDETR  

backbone_lwir.blocks.18.attn.q_bias - torch.Size([1024]): 
The value is the same before and after calling `init_weights` of TwoStreamCoDETR  

backbone_lwir.blocks.18.attn.v_bias - torch.Size([1024]): 
The value is the same before and after calling `init_weights` of TwoStreamCoDETR  

backbone_lwir.blocks.18.attn.q_proj.weight - torch.Size([1024, 1024]): 
Initialized by user-defined `init_weights` in ViT  

backbone_lwir.blocks.18.attn.k_proj.weight - torch.Size([1024, 1024]): 
Initialized by user-defined `init_weights` in ViT  

backbone_lwir.blocks.18.attn.v_proj.weight - torch.Size([1024, 1024]): 
Initialized by user-defined `init_weights` in ViT  

backbone_lwir.blocks.18.attn.proj.weight - torch.Size([1024, 1024]): 
Initialized by user-defined `init_weights` in ViT  

backbone_lwir.blocks.18.attn.proj.bias - torch.Size([1024]): 
The value is the same before and after calling `init_weights` of TwoStreamCoDETR  

backbone_lwir.blocks.18.norm2.weight - torch.Size([1024]): 
The value is the same before and after calling `init_weights` of TwoStreamCoDETR  

backbone_lwir.blocks.18.norm2.bias - torch.Size([1024]): 
The value is the same before and after calling `init_weights` of TwoStreamCoDETR  

backbone_lwir.blocks.18.mlp.w1.weight - torch.Size([2730, 1024]): 
Initialized by user-defined `init_weights` in ViT  

backbone_lwir.blocks.18.mlp.w1.bias - torch.Size([2730]): 
The value is the same before and after calling `init_weights` of TwoStreamCoDETR  

backbone_lwir.blocks.18.mlp.w2.weight - torch.Size([2730, 1024]): 
Initialized by user-defined `init_weights` in ViT  

backbone_lwir.blocks.18.mlp.w2.bias - torch.Size([2730]): 
The value is the same before and after calling `init_weights` of TwoStreamCoDETR  

backbone_lwir.blocks.18.mlp.ffn_ln.weight - torch.Size([2730]): 
The value is the same before and after calling `init_weights` of TwoStreamCoDETR  

backbone_lwir.blocks.18.mlp.ffn_ln.bias - torch.Size([2730]): 
The value is the same before and after calling `init_weights` of TwoStreamCoDETR  

backbone_lwir.blocks.18.mlp.w3.weight - torch.Size([1024, 2730]): 
Initialized by user-defined `init_weights` in ViT  

backbone_lwir.blocks.18.mlp.w3.bias - torch.Size([1024]): 
The value is the same before and after calling `init_weights` of TwoStreamCoDETR  

backbone_lwir.blocks.19.norm1.weight - torch.Size([1024]): 
The value is the same before and after calling `init_weights` of TwoStreamCoDETR  

backbone_lwir.blocks.19.norm1.bias - torch.Size([1024]): 
The value is the same before and after calling `init_weights` of TwoStreamCoDETR  

backbone_lwir.blocks.19.attn.q_bias - torch.Size([1024]): 
The value is the same before and after calling `init_weights` of TwoStreamCoDETR  

backbone_lwir.blocks.19.attn.v_bias - torch.Size([1024]): 
The value is the same before and after calling `init_weights` of TwoStreamCoDETR  

backbone_lwir.blocks.19.attn.q_proj.weight - torch.Size([1024, 1024]): 
Initialized by user-defined `init_weights` in ViT  

backbone_lwir.blocks.19.attn.k_proj.weight - torch.Size([1024, 1024]): 
Initialized by user-defined `init_weights` in ViT  

backbone_lwir.blocks.19.attn.v_proj.weight - torch.Size([1024, 1024]): 
Initialized by user-defined `init_weights` in ViT  

backbone_lwir.blocks.19.attn.proj.weight - torch.Size([1024, 1024]): 
Initialized by user-defined `init_weights` in ViT  

backbone_lwir.blocks.19.attn.proj.bias - torch.Size([1024]): 
The value is the same before and after calling `init_weights` of TwoStreamCoDETR  

backbone_lwir.blocks.19.norm2.weight - torch.Size([1024]): 
The value is the same before and after calling `init_weights` of TwoStreamCoDETR  

backbone_lwir.blocks.19.norm2.bias - torch.Size([1024]): 
The value is the same before and after calling `init_weights` of TwoStreamCoDETR  

backbone_lwir.blocks.19.mlp.w1.weight - torch.Size([2730, 1024]): 
Initialized by user-defined `init_weights` in ViT  

backbone_lwir.blocks.19.mlp.w1.bias - torch.Size([2730]): 
The value is the same before and after calling `init_weights` of TwoStreamCoDETR  

backbone_lwir.blocks.19.mlp.w2.weight - torch.Size([2730, 1024]): 
Initialized by user-defined `init_weights` in ViT  

backbone_lwir.blocks.19.mlp.w2.bias - torch.Size([2730]): 
The value is the same before and after calling `init_weights` of TwoStreamCoDETR  

backbone_lwir.blocks.19.mlp.ffn_ln.weight - torch.Size([2730]): 
The value is the same before and after calling `init_weights` of TwoStreamCoDETR  

backbone_lwir.blocks.19.mlp.ffn_ln.bias - torch.Size([2730]): 
The value is the same before and after calling `init_weights` of TwoStreamCoDETR  

backbone_lwir.blocks.19.mlp.w3.weight - torch.Size([1024, 2730]): 
Initialized by user-defined `init_weights` in ViT  

backbone_lwir.blocks.19.mlp.w3.bias - torch.Size([1024]): 
The value is the same before and after calling `init_weights` of TwoStreamCoDETR  

backbone_lwir.blocks.20.norm1.weight - torch.Size([1024]): 
The value is the same before and after calling `init_weights` of TwoStreamCoDETR  

backbone_lwir.blocks.20.norm1.bias - torch.Size([1024]): 
The value is the same before and after calling `init_weights` of TwoStreamCoDETR  

backbone_lwir.blocks.20.attn.q_bias - torch.Size([1024]): 
The value is the same before and after calling `init_weights` of TwoStreamCoDETR  

backbone_lwir.blocks.20.attn.v_bias - torch.Size([1024]): 
The value is the same before and after calling `init_weights` of TwoStreamCoDETR  

backbone_lwir.blocks.20.attn.q_proj.weight - torch.Size([1024, 1024]): 
Initialized by user-defined `init_weights` in ViT  

backbone_lwir.blocks.20.attn.k_proj.weight - torch.Size([1024, 1024]): 
Initialized by user-defined `init_weights` in ViT  

backbone_lwir.blocks.20.attn.v_proj.weight - torch.Size([1024, 1024]): 
Initialized by user-defined `init_weights` in ViT  

backbone_lwir.blocks.20.attn.proj.weight - torch.Size([1024, 1024]): 
Initialized by user-defined `init_weights` in ViT  

backbone_lwir.blocks.20.attn.proj.bias - torch.Size([1024]): 
The value is the same before and after calling `init_weights` of TwoStreamCoDETR  

backbone_lwir.blocks.20.norm2.weight - torch.Size([1024]): 
The value is the same before and after calling `init_weights` of TwoStreamCoDETR  

backbone_lwir.blocks.20.norm2.bias - torch.Size([1024]): 
The value is the same before and after calling `init_weights` of TwoStreamCoDETR  

backbone_lwir.blocks.20.mlp.w1.weight - torch.Size([2730, 1024]): 
Initialized by user-defined `init_weights` in ViT  

backbone_lwir.blocks.20.mlp.w1.bias - torch.Size([2730]): 
The value is the same before and after calling `init_weights` of TwoStreamCoDETR  

backbone_lwir.blocks.20.mlp.w2.weight - torch.Size([2730, 1024]): 
Initialized by user-defined `init_weights` in ViT  

backbone_lwir.blocks.20.mlp.w2.bias - torch.Size([2730]): 
The value is the same before and after calling `init_weights` of TwoStreamCoDETR  

backbone_lwir.blocks.20.mlp.ffn_ln.weight - torch.Size([2730]): 
The value is the same before and after calling `init_weights` of TwoStreamCoDETR  

backbone_lwir.blocks.20.mlp.ffn_ln.bias - torch.Size([2730]): 
The value is the same before and after calling `init_weights` of TwoStreamCoDETR  

backbone_lwir.blocks.20.mlp.w3.weight - torch.Size([1024, 2730]): 
Initialized by user-defined `init_weights` in ViT  

backbone_lwir.blocks.20.mlp.w3.bias - torch.Size([1024]): 
The value is the same before and after calling `init_weights` of TwoStreamCoDETR  

backbone_lwir.blocks.21.norm1.weight - torch.Size([1024]): 
The value is the same before and after calling `init_weights` of TwoStreamCoDETR  

backbone_lwir.blocks.21.norm1.bias - torch.Size([1024]): 
The value is the same before and after calling `init_weights` of TwoStreamCoDETR  

backbone_lwir.blocks.21.attn.q_bias - torch.Size([1024]): 
The value is the same before and after calling `init_weights` of TwoStreamCoDETR  

backbone_lwir.blocks.21.attn.v_bias - torch.Size([1024]): 
The value is the same before and after calling `init_weights` of TwoStreamCoDETR  

backbone_lwir.blocks.21.attn.q_proj.weight - torch.Size([1024, 1024]): 
Initialized by user-defined `init_weights` in ViT  

backbone_lwir.blocks.21.attn.k_proj.weight - torch.Size([1024, 1024]): 
Initialized by user-defined `init_weights` in ViT  

backbone_lwir.blocks.21.attn.v_proj.weight - torch.Size([1024, 1024]): 
Initialized by user-defined `init_weights` in ViT  

backbone_lwir.blocks.21.attn.proj.weight - torch.Size([1024, 1024]): 
Initialized by user-defined `init_weights` in ViT  

backbone_lwir.blocks.21.attn.proj.bias - torch.Size([1024]): 
The value is the same before and after calling `init_weights` of TwoStreamCoDETR  

backbone_lwir.blocks.21.norm2.weight - torch.Size([1024]): 
The value is the same before and after calling `init_weights` of TwoStreamCoDETR  

backbone_lwir.blocks.21.norm2.bias - torch.Size([1024]): 
The value is the same before and after calling `init_weights` of TwoStreamCoDETR  

backbone_lwir.blocks.21.mlp.w1.weight - torch.Size([2730, 1024]): 
Initialized by user-defined `init_weights` in ViT  

backbone_lwir.blocks.21.mlp.w1.bias - torch.Size([2730]): 
The value is the same before and after calling `init_weights` of TwoStreamCoDETR  

backbone_lwir.blocks.21.mlp.w2.weight - torch.Size([2730, 1024]): 
Initialized by user-defined `init_weights` in ViT  

backbone_lwir.blocks.21.mlp.w2.bias - torch.Size([2730]): 
The value is the same before and after calling `init_weights` of TwoStreamCoDETR  

backbone_lwir.blocks.21.mlp.ffn_ln.weight - torch.Size([2730]): 
The value is the same before and after calling `init_weights` of TwoStreamCoDETR  

backbone_lwir.blocks.21.mlp.ffn_ln.bias - torch.Size([2730]): 
The value is the same before and after calling `init_weights` of TwoStreamCoDETR  

backbone_lwir.blocks.21.mlp.w3.weight - torch.Size([1024, 2730]): 
Initialized by user-defined `init_weights` in ViT  

backbone_lwir.blocks.21.mlp.w3.bias - torch.Size([1024]): 
The value is the same before and after calling `init_weights` of TwoStreamCoDETR  

backbone_lwir.blocks.22.norm1.weight - torch.Size([1024]): 
The value is the same before and after calling `init_weights` of TwoStreamCoDETR  

backbone_lwir.blocks.22.norm1.bias - torch.Size([1024]): 
The value is the same before and after calling `init_weights` of TwoStreamCoDETR  

backbone_lwir.blocks.22.attn.q_bias - torch.Size([1024]): 
The value is the same before and after calling `init_weights` of TwoStreamCoDETR  

backbone_lwir.blocks.22.attn.v_bias - torch.Size([1024]): 
The value is the same before and after calling `init_weights` of TwoStreamCoDETR  

backbone_lwir.blocks.22.attn.q_proj.weight - torch.Size([1024, 1024]): 
Initialized by user-defined `init_weights` in ViT  

backbone_lwir.blocks.22.attn.k_proj.weight - torch.Size([1024, 1024]): 
Initialized by user-defined `init_weights` in ViT  

backbone_lwir.blocks.22.attn.v_proj.weight - torch.Size([1024, 1024]): 
Initialized by user-defined `init_weights` in ViT  

backbone_lwir.blocks.22.attn.proj.weight - torch.Size([1024, 1024]): 
Initialized by user-defined `init_weights` in ViT  

backbone_lwir.blocks.22.attn.proj.bias - torch.Size([1024]): 
The value is the same before and after calling `init_weights` of TwoStreamCoDETR  

backbone_lwir.blocks.22.norm2.weight - torch.Size([1024]): 
The value is the same before and after calling `init_weights` of TwoStreamCoDETR  

backbone_lwir.blocks.22.norm2.bias - torch.Size([1024]): 
The value is the same before and after calling `init_weights` of TwoStreamCoDETR  

backbone_lwir.blocks.22.mlp.w1.weight - torch.Size([2730, 1024]): 
Initialized by user-defined `init_weights` in ViT  

backbone_lwir.blocks.22.mlp.w1.bias - torch.Size([2730]): 
The value is the same before and after calling `init_weights` of TwoStreamCoDETR  

backbone_lwir.blocks.22.mlp.w2.weight - torch.Size([2730, 1024]): 
Initialized by user-defined `init_weights` in ViT  

backbone_lwir.blocks.22.mlp.w2.bias - torch.Size([2730]): 
The value is the same before and after calling `init_weights` of TwoStreamCoDETR  

backbone_lwir.blocks.22.mlp.ffn_ln.weight - torch.Size([2730]): 
The value is the same before and after calling `init_weights` of TwoStreamCoDETR  

backbone_lwir.blocks.22.mlp.ffn_ln.bias - torch.Size([2730]): 
The value is the same before and after calling `init_weights` of TwoStreamCoDETR  

backbone_lwir.blocks.22.mlp.w3.weight - torch.Size([1024, 2730]): 
Initialized by user-defined `init_weights` in ViT  

backbone_lwir.blocks.22.mlp.w3.bias - torch.Size([1024]): 
The value is the same before and after calling `init_weights` of TwoStreamCoDETR  

backbone_lwir.blocks.23.norm1.weight - torch.Size([1024]): 
The value is the same before and after calling `init_weights` of TwoStreamCoDETR  

backbone_lwir.blocks.23.norm1.bias - torch.Size([1024]): 
The value is the same before and after calling `init_weights` of TwoStreamCoDETR  

backbone_lwir.blocks.23.attn.q_bias - torch.Size([1024]): 
The value is the same before and after calling `init_weights` of TwoStreamCoDETR  

backbone_lwir.blocks.23.attn.v_bias - torch.Size([1024]): 
The value is the same before and after calling `init_weights` of TwoStreamCoDETR  

backbone_lwir.blocks.23.attn.q_proj.weight - torch.Size([1024, 1024]): 
Initialized by user-defined `init_weights` in ViT  

backbone_lwir.blocks.23.attn.k_proj.weight - torch.Size([1024, 1024]): 
Initialized by user-defined `init_weights` in ViT  

backbone_lwir.blocks.23.attn.v_proj.weight - torch.Size([1024, 1024]): 
Initialized by user-defined `init_weights` in ViT  

backbone_lwir.blocks.23.attn.proj.weight - torch.Size([1024, 1024]): 
Initialized by user-defined `init_weights` in ViT  

backbone_lwir.blocks.23.attn.proj.bias - torch.Size([1024]): 
The value is the same before and after calling `init_weights` of TwoStreamCoDETR  

backbone_lwir.blocks.23.norm2.weight - torch.Size([1024]): 
The value is the same before and after calling `init_weights` of TwoStreamCoDETR  

backbone_lwir.blocks.23.norm2.bias - torch.Size([1024]): 
The value is the same before and after calling `init_weights` of TwoStreamCoDETR  

backbone_lwir.blocks.23.mlp.w1.weight - torch.Size([2730, 1024]): 
Initialized by user-defined `init_weights` in ViT  

backbone_lwir.blocks.23.mlp.w1.bias - torch.Size([2730]): 
The value is the same before and after calling `init_weights` of TwoStreamCoDETR  

backbone_lwir.blocks.23.mlp.w2.weight - torch.Size([2730, 1024]): 
Initialized by user-defined `init_weights` in ViT  

backbone_lwir.blocks.23.mlp.w2.bias - torch.Size([2730]): 
The value is the same before and after calling `init_weights` of TwoStreamCoDETR  

backbone_lwir.blocks.23.mlp.ffn_ln.weight - torch.Size([2730]): 
The value is the same before and after calling `init_weights` of TwoStreamCoDETR  

backbone_lwir.blocks.23.mlp.ffn_ln.bias - torch.Size([2730]): 
The value is the same before and after calling `init_weights` of TwoStreamCoDETR  

backbone_lwir.blocks.23.mlp.w3.weight - torch.Size([1024, 2730]): 
Initialized by user-defined `init_weights` in ViT  

backbone_lwir.blocks.23.mlp.w3.bias - torch.Size([1024]): 
The value is the same before and after calling `init_weights` of TwoStreamCoDETR  

backbone_lwir.out_norm.weight - torch.Size([1024]): 
The value is the same before and after calling `init_weights` of TwoStreamCoDETR  

backbone_lwir.out_norm.bias - torch.Size([1024]): 
The value is the same before and after calling `init_weights` of TwoStreamCoDETR  

neck.p2.1.weight - torch.Size([512, 1024, 3, 3]): 
XavierInit: gain=1, distribution=uniform, bias=0 

neck.p2.2.weight - torch.Size([512]): 
The value is the same before and after calling `init_weights` of TwoStreamCoDETR  

neck.p2.2.bias - torch.Size([512]): 
The value is the same before and after calling `init_weights` of TwoStreamCoDETR  

neck.p2.5.weight - torch.Size([256, 512, 3, 3]): 
XavierInit: gain=1, distribution=uniform, bias=0 

neck.p2.6.weight - torch.Size([256]): 
The value is the same before and after calling `init_weights` of TwoStreamCoDETR  

neck.p2.6.bias - torch.Size([256]): 
The value is the same before and after calling `init_weights` of TwoStreamCoDETR  

neck.p2.8.weight - torch.Size([256, 256, 1, 1]): 
XavierInit: gain=1, distribution=uniform, bias=0 

neck.p2.9.weight - torch.Size([256]): 
The value is the same before and after calling `init_weights` of TwoStreamCoDETR  

neck.p2.9.bias - torch.Size([256]): 
The value is the same before and after calling `init_weights` of TwoStreamCoDETR  

neck.p2.11.weight - torch.Size([256, 256, 3, 3]): 
XavierInit: gain=1, distribution=uniform, bias=0 

neck.p2.12.weight - torch.Size([256]): 
The value is the same before and after calling `init_weights` of TwoStreamCoDETR  

neck.p2.12.bias - torch.Size([256]): 
The value is the same before and after calling `init_weights` of TwoStreamCoDETR  

neck.p3.1.weight - torch.Size([512, 1024, 3, 3]): 
XavierInit: gain=1, distribution=uniform, bias=0 

neck.p3.2.weight - torch.Size([512]): 
The value is the same before and after calling `init_weights` of TwoStreamCoDETR  

neck.p3.2.bias - torch.Size([512]): 
The value is the same before and after calling `init_weights` of TwoStreamCoDETR  

neck.p3.4.weight - torch.Size([256, 512, 1, 1]): 
XavierInit: gain=1, distribution=uniform, bias=0 

neck.p3.5.weight - torch.Size([256]): 
The value is the same before and after calling `init_weights` of TwoStreamCoDETR  

neck.p3.5.bias - torch.Size([256]): 
The value is the same before and after calling `init_weights` of TwoStreamCoDETR  

neck.p3.7.weight - torch.Size([256, 256, 3, 3]): 
XavierInit: gain=1, distribution=uniform, bias=0 

neck.p3.8.weight - torch.Size([256]): 
The value is the same before and after calling `init_weights` of TwoStreamCoDETR  

neck.p3.8.bias - torch.Size([256]): 
The value is the same before and after calling `init_weights` of TwoStreamCoDETR  

neck.p4.0.weight - torch.Size([256, 1024, 1, 1]): 
XavierInit: gain=1, distribution=uniform, bias=0 

neck.p4.1.weight - torch.Size([256]): 
The value is the same before and after calling `init_weights` of TwoStreamCoDETR  

neck.p4.1.bias - torch.Size([256]): 
The value is the same before and after calling `init_weights` of TwoStreamCoDETR  

neck.p4.3.weight - torch.Size([256, 256, 3, 3]): 
XavierInit: gain=1, distribution=uniform, bias=0 

neck.p4.4.weight - torch.Size([256]): 
The value is the same before and after calling `init_weights` of TwoStreamCoDETR  

neck.p4.4.bias - torch.Size([256]): 
The value is the same before and after calling `init_weights` of TwoStreamCoDETR  

neck.p5.1.weight - torch.Size([256, 1024, 1, 1]): 
XavierInit: gain=1, distribution=uniform, bias=0 

neck.p5.2.weight - torch.Size([256]): 
The value is the same before and after calling `init_weights` of TwoStreamCoDETR  

neck.p5.2.bias - torch.Size([256]): 
The value is the same before and after calling `init_weights` of TwoStreamCoDETR  

neck.p5.4.weight - torch.Size([256, 256, 3, 3]): 
XavierInit: gain=1, distribution=uniform, bias=0 

neck.p5.5.weight - torch.Size([256]): 
The value is the same before and after calling `init_weights` of TwoStreamCoDETR  

neck.p5.5.bias - torch.Size([256]): 
The value is the same before and after calling `init_weights` of TwoStreamCoDETR  

neck.p6.1.weight - torch.Size([1024, 1024, 3, 3]): 
XavierInit: gain=1, distribution=uniform, bias=0 

neck.p6.2.weight - torch.Size([1024]): 
The value is the same before and after calling `init_weights` of TwoStreamCoDETR  

neck.p6.2.bias - torch.Size([1024]): 
The value is the same before and after calling `init_weights` of TwoStreamCoDETR  

neck.p6.4.weight - torch.Size([256, 1024, 1, 1]): 
XavierInit: gain=1, distribution=uniform, bias=0 

neck.p6.5.weight - torch.Size([256]): 
The value is the same before and after calling `init_weights` of TwoStreamCoDETR  

neck.p6.5.bias - torch.Size([256]): 
The value is the same before and after calling `init_weights` of TwoStreamCoDETR  

neck.p6.7.weight - torch.Size([256, 256, 3, 3]): 
XavierInit: gain=1, distribution=uniform, bias=0 

neck.p6.8.weight - torch.Size([256]): 
The value is the same before and after calling `init_weights` of TwoStreamCoDETR  

neck.p6.8.bias - torch.Size([256]): 
The value is the same before and after calling `init_weights` of TwoStreamCoDETR  

tfb_blocks.0.pos_emb_vis - torch.Size([1, 1600, 1024]): 
The value is the same before and after calling `init_weights` of TwoStreamCoDETR  

tfb_blocks.0.pos_emb_ir - torch.Size([1, 1600, 1024]): 
The value is the same before and after calling `init_weights` of TwoStreamCoDETR  

tfb_blocks.0.vis_coefficient.w1 - torch.Size([1]): 
The value is the same before and after calling `init_weights` of TwoStreamCoDETR  

tfb_blocks.0.vis_coefficient.w2 - torch.Size([1]): 
The value is the same before and after calling `init_weights` of TwoStreamCoDETR  

tfb_blocks.0.ir_coefficient.w1 - torch.Size([1]): 
The value is the same before and after calling `init_weights` of TwoStreamCoDETR  

tfb_blocks.0.ir_coefficient.w2 - torch.Size([1]): 
The value is the same before and after calling `init_weights` of TwoStreamCoDETR  

tfb_blocks.0.crosstransformer.0.lambda_q_rgb1 - torch.Size([1024]): 
The value is the same before and after calling `init_weights` of TwoStreamCoDETR  

tfb_blocks.0.crosstransformer.0.lambda_k_rgb1 - torch.Size([1024]): 
The value is the same before and after calling `init_weights` of TwoStreamCoDETR  

tfb_blocks.0.crosstransformer.0.lambda_q_rgb2 - torch.Size([1024]): 
The value is the same before and after calling `init_weights` of TwoStreamCoDETR  

tfb_blocks.0.crosstransformer.0.lambda_k_rgb2 - torch.Size([1024]): 
The value is the same before and after calling `init_weights` of TwoStreamCoDETR  

tfb_blocks.0.crosstransformer.0.lambda_q_ir1 - torch.Size([1024]): 
The value is the same before and after calling `init_weights` of TwoStreamCoDETR  

tfb_blocks.0.crosstransformer.0.lambda_k_ir1 - torch.Size([1024]): 
The value is the same before and after calling `init_weights` of TwoStreamCoDETR  

tfb_blocks.0.crosstransformer.0.lambda_q_ir2 - torch.Size([1024]): 
The value is the same before and after calling `init_weights` of TwoStreamCoDETR  

tfb_blocks.0.crosstransformer.0.lambda_k_ir2 - torch.Size([1024]): 
The value is the same before and after calling `init_weights` of TwoStreamCoDETR  

tfb_blocks.0.crosstransformer.0.ln_input.weight - torch.Size([1024]): 
The value is the same before and after calling `init_weights` of TwoStreamCoDETR  

tfb_blocks.0.crosstransformer.0.ln_input.bias - torch.Size([1024]): 
The value is the same before and after calling `init_weights` of TwoStreamCoDETR  

tfb_blocks.0.crosstransformer.0.ln_output.weight - torch.Size([1024]): 
The value is the same before and after calling `init_weights` of TwoStreamCoDETR  

tfb_blocks.0.crosstransformer.0.ln_output.bias - torch.Size([1024]): 
The value is the same before and after calling `init_weights` of TwoStreamCoDETR  

tfb_blocks.0.crosstransformer.0.crossatt_ir.lambda_q_rgb1 - torch.Size([1024]): 
The value is the same before and after calling `init_weights` of TwoStreamCoDETR  

tfb_blocks.0.crosstransformer.0.crossatt_ir.lambda_k_rgb1 - torch.Size([1024]): 
The value is the same before and after calling `init_weights` of TwoStreamCoDETR  

tfb_blocks.0.crosstransformer.0.crossatt_ir.lambda_q_rgb2 - torch.Size([1024]): 
The value is the same before and after calling `init_weights` of TwoStreamCoDETR  

tfb_blocks.0.crosstransformer.0.crossatt_ir.lambda_k_rgb2 - torch.Size([1024]): 
The value is the same before and after calling `init_weights` of TwoStreamCoDETR  

tfb_blocks.0.crosstransformer.0.crossatt_ir.lambda_q_ir1 - torch.Size([1024]): 
The value is the same before and after calling `init_weights` of TwoStreamCoDETR  

tfb_blocks.0.crosstransformer.0.crossatt_ir.lambda_k_ir1 - torch.Size([1024]): 
The value is the same before and after calling `init_weights` of TwoStreamCoDETR  

tfb_blocks.0.crosstransformer.0.crossatt_ir.lambda_q_ir2 - torch.Size([1024]): 
The value is the same before and after calling `init_weights` of TwoStreamCoDETR  

tfb_blocks.0.crosstransformer.0.crossatt_ir.lambda_k_ir2 - torch.Size([1024]): 
The value is the same before and after calling `init_weights` of TwoStreamCoDETR  

tfb_blocks.0.crosstransformer.0.crossatt_ir.que_proj_vis.weight - torch.Size([1024, 1024]): 
The value is the same before and after calling `init_weights` of TwoStreamCoDETR  

tfb_blocks.0.crosstransformer.0.crossatt_ir.que_proj_vis.bias - torch.Size([1024]): 
The value is the same before and after calling `init_weights` of TwoStreamCoDETR  

tfb_blocks.0.crosstransformer.0.crossatt_ir.key_proj_vis.weight - torch.Size([1024, 1024]): 
The value is the same before and after calling `init_weights` of TwoStreamCoDETR  

tfb_blocks.0.crosstransformer.0.crossatt_ir.key_proj_vis.bias - torch.Size([1024]): 
The value is the same before and after calling `init_weights` of TwoStreamCoDETR  

tfb_blocks.0.crosstransformer.0.crossatt_ir.val_proj_vis.weight - torch.Size([1024, 1024]): 
The value is the same before and after calling `init_weights` of TwoStreamCoDETR  

tfb_blocks.0.crosstransformer.0.crossatt_ir.val_proj_vis.bias - torch.Size([1024]): 
The value is the same before and after calling `init_weights` of TwoStreamCoDETR  

tfb_blocks.0.crosstransformer.0.crossatt_ir.que_proj_ir.weight - torch.Size([1024, 1024]): 
The value is the same before and after calling `init_weights` of TwoStreamCoDETR  

tfb_blocks.0.crosstransformer.0.crossatt_ir.que_proj_ir.bias - torch.Size([1024]): 
The value is the same before and after calling `init_weights` of TwoStreamCoDETR  

tfb_blocks.0.crosstransformer.0.crossatt_ir.key_proj_ir.weight - torch.Size([1024, 1024]): 
The value is the same before and after calling `init_weights` of TwoStreamCoDETR  

tfb_blocks.0.crosstransformer.0.crossatt_ir.key_proj_ir.bias - torch.Size([1024]): 
The value is the same before and after calling `init_weights` of TwoStreamCoDETR  

tfb_blocks.0.crosstransformer.0.crossatt_ir.val_proj_ir.weight - torch.Size([1024, 1024]): 
The value is the same before and after calling `init_weights` of TwoStreamCoDETR  

tfb_blocks.0.crosstransformer.0.crossatt_ir.val_proj_ir.bias - torch.Size([1024]): 
The value is the same before and after calling `init_weights` of TwoStreamCoDETR  

tfb_blocks.0.crosstransformer.0.crossatt_ir.out_proj_vis.weight - torch.Size([1024, 1024]): 
The value is the same before and after calling `init_weights` of TwoStreamCoDETR  

tfb_blocks.0.crosstransformer.0.crossatt_ir.out_proj_vis.bias - torch.Size([1024]): 
The value is the same before and after calling `init_weights` of TwoStreamCoDETR  

tfb_blocks.0.crosstransformer.0.crossatt_ir.out_proj_ir.weight - torch.Size([1024, 1024]): 
The value is the same before and after calling `init_weights` of TwoStreamCoDETR  

tfb_blocks.0.crosstransformer.0.crossatt_ir.out_proj_ir.bias - torch.Size([1024]): 
The value is the same before and after calling `init_weights` of TwoStreamCoDETR  

tfb_blocks.0.crosstransformer.0.crossatt_ir.LN1.weight - torch.Size([1024]): 
The value is the same before and after calling `init_weights` of TwoStreamCoDETR  

tfb_blocks.0.crosstransformer.0.crossatt_ir.LN1.bias - torch.Size([1024]): 
The value is the same before and after calling `init_weights` of TwoStreamCoDETR  

tfb_blocks.0.crosstransformer.0.crossatt_ir.LN2.weight - torch.Size([1024]): 
The value is the same before and after calling `init_weights` of TwoStreamCoDETR  

tfb_blocks.0.crosstransformer.0.crossatt_ir.LN2.bias - torch.Size([1024]): 
The value is the same before and after calling `init_weights` of TwoStreamCoDETR  

tfb_blocks.0.crosstransformer.0.crossatt_rgb.lambda_q_rgb1 - torch.Size([1024]): 
The value is the same before and after calling `init_weights` of TwoStreamCoDETR  

tfb_blocks.0.crosstransformer.0.crossatt_rgb.lambda_k_rgb1 - torch.Size([1024]): 
The value is the same before and after calling `init_weights` of TwoStreamCoDETR  

tfb_blocks.0.crosstransformer.0.crossatt_rgb.lambda_q_rgb2 - torch.Size([1024]): 
The value is the same before and after calling `init_weights` of TwoStreamCoDETR  

tfb_blocks.0.crosstransformer.0.crossatt_rgb.lambda_k_rgb2 - torch.Size([1024]): 
The value is the same before and after calling `init_weights` of TwoStreamCoDETR  

tfb_blocks.0.crosstransformer.0.crossatt_rgb.lambda_q_ir1 - torch.Size([1024]): 
The value is the same before and after calling `init_weights` of TwoStreamCoDETR  

tfb_blocks.0.crosstransformer.0.crossatt_rgb.lambda_k_ir1 - torch.Size([1024]): 
The value is the same before and after calling `init_weights` of TwoStreamCoDETR  

tfb_blocks.0.crosstransformer.0.crossatt_rgb.lambda_q_ir2 - torch.Size([1024]): 
The value is the same before and after calling `init_weights` of TwoStreamCoDETR  

tfb_blocks.0.crosstransformer.0.crossatt_rgb.lambda_k_ir2 - torch.Size([1024]): 
The value is the same before and after calling `init_weights` of TwoStreamCoDETR  

tfb_blocks.0.crosstransformer.0.crossatt_rgb.que_proj_vis.weight - torch.Size([1024, 1024]): 
The value is the same before and after calling `init_weights` of TwoStreamCoDETR  

tfb_blocks.0.crosstransformer.0.crossatt_rgb.que_proj_vis.bias - torch.Size([1024]): 
The value is the same before and after calling `init_weights` of TwoStreamCoDETR  

tfb_blocks.0.crosstransformer.0.crossatt_rgb.key_proj_vis.weight - torch.Size([1024, 1024]): 
The value is the same before and after calling `init_weights` of TwoStreamCoDETR  

tfb_blocks.0.crosstransformer.0.crossatt_rgb.key_proj_vis.bias - torch.Size([1024]): 
The value is the same before and after calling `init_weights` of TwoStreamCoDETR  

tfb_blocks.0.crosstransformer.0.crossatt_rgb.val_proj_vis.weight - torch.Size([1024, 1024]): 
The value is the same before and after calling `init_weights` of TwoStreamCoDETR  

tfb_blocks.0.crosstransformer.0.crossatt_rgb.val_proj_vis.bias - torch.Size([1024]): 
The value is the same before and after calling `init_weights` of TwoStreamCoDETR  

tfb_blocks.0.crosstransformer.0.crossatt_rgb.que_proj_ir.weight - torch.Size([1024, 1024]): 
The value is the same before and after calling `init_weights` of TwoStreamCoDETR  

tfb_blocks.0.crosstransformer.0.crossatt_rgb.que_proj_ir.bias - torch.Size([1024]): 
The value is the same before and after calling `init_weights` of TwoStreamCoDETR  

tfb_blocks.0.crosstransformer.0.crossatt_rgb.key_proj_ir.weight - torch.Size([1024, 1024]): 
The value is the same before and after calling `init_weights` of TwoStreamCoDETR  

tfb_blocks.0.crosstransformer.0.crossatt_rgb.key_proj_ir.bias - torch.Size([1024]): 
The value is the same before and after calling `init_weights` of TwoStreamCoDETR  

tfb_blocks.0.crosstransformer.0.crossatt_rgb.val_proj_ir.weight - torch.Size([1024, 1024]): 
The value is the same before and after calling `init_weights` of TwoStreamCoDETR  

tfb_blocks.0.crosstransformer.0.crossatt_rgb.val_proj_ir.bias - torch.Size([1024]): 
The value is the same before and after calling `init_weights` of TwoStreamCoDETR  

tfb_blocks.0.crosstransformer.0.crossatt_rgb.out_proj_vis.weight - torch.Size([1024, 1024]): 
The value is the same before and after calling `init_weights` of TwoStreamCoDETR  

tfb_blocks.0.crosstransformer.0.crossatt_rgb.out_proj_vis.bias - torch.Size([1024]): 
The value is the same before and after calling `init_weights` of TwoStreamCoDETR  

tfb_blocks.0.crosstransformer.0.crossatt_rgb.out_proj_ir.weight - torch.Size([1024, 1024]): 
The value is the same before and after calling `init_weights` of TwoStreamCoDETR  

tfb_blocks.0.crosstransformer.0.crossatt_rgb.out_proj_ir.bias - torch.Size([1024]): 
The value is the same before and after calling `init_weights` of TwoStreamCoDETR  

tfb_blocks.0.crosstransformer.0.crossatt_rgb.LN1.weight - torch.Size([1024]): 
The value is the same before and after calling `init_weights` of TwoStreamCoDETR  

tfb_blocks.0.crosstransformer.0.crossatt_rgb.LN1.bias - torch.Size([1024]): 
The value is the same before and after calling `init_weights` of TwoStreamCoDETR  

tfb_blocks.0.crosstransformer.0.crossatt_rgb.LN2.weight - torch.Size([1024]): 
The value is the same before and after calling `init_weights` of TwoStreamCoDETR  

tfb_blocks.0.crosstransformer.0.crossatt_rgb.LN2.bias - torch.Size([1024]): 
The value is the same before and after calling `init_weights` of TwoStreamCoDETR  

tfb_blocks.0.crosstransformer.0.mlp_vis.0.weight - torch.Size([4096, 1024]): 
The value is the same before and after calling `init_weights` of TwoStreamCoDETR  

tfb_blocks.0.crosstransformer.0.mlp_vis.0.bias - torch.Size([4096]): 
The value is the same before and after calling `init_weights` of TwoStreamCoDETR  

tfb_blocks.0.crosstransformer.0.mlp_vis.2.weight - torch.Size([1024, 4096]): 
The value is the same before and after calling `init_weights` of TwoStreamCoDETR  

tfb_blocks.0.crosstransformer.0.mlp_vis.2.bias - torch.Size([1024]): 
The value is the same before and after calling `init_weights` of TwoStreamCoDETR  

tfb_blocks.0.crosstransformer.0.mlp_ir.0.weight - torch.Size([4096, 1024]): 
The value is the same before and after calling `init_weights` of TwoStreamCoDETR  

tfb_blocks.0.crosstransformer.0.mlp_ir.0.bias - torch.Size([4096]): 
The value is the same before and after calling `init_weights` of TwoStreamCoDETR  

tfb_blocks.0.crosstransformer.0.mlp_ir.2.weight - torch.Size([1024, 4096]): 
The value is the same before and after calling `init_weights` of TwoStreamCoDETR  

tfb_blocks.0.crosstransformer.0.mlp_ir.2.bias - torch.Size([1024]): 
The value is the same before and after calling `init_weights` of TwoStreamCoDETR  

tfb_blocks.0.crosstransformer.0.mlp.0.weight - torch.Size([4096, 1024]): 
The value is the same before and after calling `init_weights` of TwoStreamCoDETR  

tfb_blocks.0.crosstransformer.0.mlp.0.bias - torch.Size([4096]): 
The value is the same before and after calling `init_weights` of TwoStreamCoDETR  

tfb_blocks.0.crosstransformer.0.mlp.2.weight - torch.Size([1024, 4096]): 
The value is the same before and after calling `init_weights` of TwoStreamCoDETR  

tfb_blocks.0.crosstransformer.0.mlp.2.bias - torch.Size([1024]): 
The value is the same before and after calling `init_weights` of TwoStreamCoDETR  

tfb_blocks.0.crosstransformer.0.LN1.weight - torch.Size([1024]): 
The value is the same before and after calling `init_weights` of TwoStreamCoDETR  

tfb_blocks.0.crosstransformer.0.LN1.bias - torch.Size([1024]): 
The value is the same before and after calling `init_weights` of TwoStreamCoDETR  

tfb_blocks.0.crosstransformer.0.LN2.weight - torch.Size([1024]): 
The value is the same before and after calling `init_weights` of TwoStreamCoDETR  

tfb_blocks.0.crosstransformer.0.LN2.bias - torch.Size([1024]): 
The value is the same before and after calling `init_weights` of TwoStreamCoDETR  

tfb_blocks.0.crosstransformer.0.coefficient1.bias - torch.Size([1]): 
The value is the same before and after calling `init_weights` of TwoStreamCoDETR  

tfb_blocks.0.crosstransformer.0.coefficient2.bias - torch.Size([1]): 
The value is the same before and after calling `init_weights` of TwoStreamCoDETR  

tfb_blocks.0.crosstransformer.0.coefficient3.bias - torch.Size([1]): 
The value is the same before and after calling `init_weights` of TwoStreamCoDETR  

tfb_blocks.0.crosstransformer.0.coefficient4.bias - torch.Size([1]): 
The value is the same before and after calling `init_weights` of TwoStreamCoDETR  

tfb_blocks.0.crosstransformer.0.coefficient5.bias - torch.Size([1]): 
The value is the same before and after calling `init_weights` of TwoStreamCoDETR  

tfb_blocks.0.crosstransformer.0.coefficient6.bias - torch.Size([1]): 
The value is the same before and after calling `init_weights` of TwoStreamCoDETR  

tfb_blocks.0.crosstransformer.0.coefficient7.bias - torch.Size([1]): 
The value is the same before and after calling `init_weights` of TwoStreamCoDETR  

tfb_blocks.0.crosstransformer.0.coefficient8.bias - torch.Size([1]): 
The value is the same before and after calling `init_weights` of TwoStreamCoDETR  

tfb_blocks.0.fused.conv.weight - torch.Size([1024, 2048, 1, 1]): 
The value is the same before and after calling `init_weights` of TwoStreamCoDETR  

tfb_blocks.0.conv1x1_out.conv.weight - torch.Size([1024, 2048, 1, 1]): 
The value is the same before and after calling `init_weights` of TwoStreamCoDETR  

tfb_blocks.0.conv1x1_out.bn.weight - torch.Size([1024]): 
The value is the same before and after calling `init_weights` of TwoStreamCoDETR  

tfb_blocks.0.conv1x1_out.bn.bias - torch.Size([1024]): 
The value is the same before and after calling `init_weights` of TwoStreamCoDETR  

query_head.transformer.level_embeds - torch.Size([5, 256]): 
Initialized by user-defined `init_weights` in CoDINOHead  

query_head.transformer.encoder.layers.0.attentions.0.sampling_offsets.weight - torch.Size([320, 256]): 
The value is the same before and after calling `init_weights` of TwoStreamCoDETR  

query_head.transformer.encoder.layers.0.attentions.0.sampling_offsets.bias - torch.Size([320]): 
The value is the same before and after calling `init_weights` of TwoStreamCoDETR  

query_head.transformer.encoder.layers.0.attentions.0.attention_weights.weight - torch.Size([160, 256]): 
The value is the same before and after calling `init_weights` of TwoStreamCoDETR  

query_head.transformer.encoder.layers.0.attentions.0.attention_weights.bias - torch.Size([160]): 
The value is the same before and after calling `init_weights` of TwoStreamCoDETR  

query_head.transformer.encoder.layers.0.attentions.0.value_proj.weight - torch.Size([256, 256]): 
Initialized by user-defined `init_weights` in CoDINOHead  

query_head.transformer.encoder.layers.0.attentions.0.value_proj.bias - torch.Size([256]): 
The value is the same before and after calling `init_weights` of TwoStreamCoDETR  

query_head.transformer.encoder.layers.0.attentions.0.output_proj.weight - torch.Size([256, 256]): 
Initialized by user-defined `init_weights` in CoDINOHead  

query_head.transformer.encoder.layers.0.attentions.0.output_proj.bias - torch.Size([256]): 
The value is the same before and after calling `init_weights` of TwoStreamCoDETR  

query_head.transformer.encoder.layers.0.ffns.0.layers.0.0.weight - torch.Size([2048, 256]): 
Initialized by user-defined `init_weights` in CoDINOHead  

query_head.transformer.encoder.layers.0.ffns.0.layers.0.0.bias - torch.Size([2048]): 
The value is the same before and after calling `init_weights` of TwoStreamCoDETR  

query_head.transformer.encoder.layers.0.ffns.0.layers.1.weight - torch.Size([256, 2048]): 
Initialized by user-defined `init_weights` in CoDINOHead  

query_head.transformer.encoder.layers.0.ffns.0.layers.1.bias - torch.Size([256]): 
The value is the same before and after calling `init_weights` of TwoStreamCoDETR  

query_head.transformer.encoder.layers.0.norms.0.weight - torch.Size([256]): 
The value is the same before and after calling `init_weights` of TwoStreamCoDETR  

query_head.transformer.encoder.layers.0.norms.0.bias - torch.Size([256]): 
The value is the same before and after calling `init_weights` of TwoStreamCoDETR  

query_head.transformer.encoder.layers.0.norms.1.weight - torch.Size([256]): 
The value is the same before and after calling `init_weights` of TwoStreamCoDETR  

query_head.transformer.encoder.layers.0.norms.1.bias - torch.Size([256]): 
The value is the same before and after calling `init_weights` of TwoStreamCoDETR  

query_head.transformer.encoder.layers.1.attentions.0.sampling_offsets.weight - torch.Size([320, 256]): 
The value is the same before and after calling `init_weights` of TwoStreamCoDETR  

query_head.transformer.encoder.layers.1.attentions.0.sampling_offsets.bias - torch.Size([320]): 
The value is the same before and after calling `init_weights` of TwoStreamCoDETR  

query_head.transformer.encoder.layers.1.attentions.0.attention_weights.weight - torch.Size([160, 256]): 
The value is the same before and after calling `init_weights` of TwoStreamCoDETR  

query_head.transformer.encoder.layers.1.attentions.0.attention_weights.bias - torch.Size([160]): 
The value is the same before and after calling `init_weights` of TwoStreamCoDETR  

query_head.transformer.encoder.layers.1.attentions.0.value_proj.weight - torch.Size([256, 256]): 
Initialized by user-defined `init_weights` in CoDINOHead  

query_head.transformer.encoder.layers.1.attentions.0.value_proj.bias - torch.Size([256]): 
The value is the same before and after calling `init_weights` of TwoStreamCoDETR  

query_head.transformer.encoder.layers.1.attentions.0.output_proj.weight - torch.Size([256, 256]): 
Initialized by user-defined `init_weights` in CoDINOHead  

query_head.transformer.encoder.layers.1.attentions.0.output_proj.bias - torch.Size([256]): 
The value is the same before and after calling `init_weights` of TwoStreamCoDETR  

query_head.transformer.encoder.layers.1.ffns.0.layers.0.0.weight - torch.Size([2048, 256]): 
Initialized by user-defined `init_weights` in CoDINOHead  

query_head.transformer.encoder.layers.1.ffns.0.layers.0.0.bias - torch.Size([2048]): 
The value is the same before and after calling `init_weights` of TwoStreamCoDETR  

query_head.transformer.encoder.layers.1.ffns.0.layers.1.weight - torch.Size([256, 2048]): 
Initialized by user-defined `init_weights` in CoDINOHead  

query_head.transformer.encoder.layers.1.ffns.0.layers.1.bias - torch.Size([256]): 
The value is the same before and after calling `init_weights` of TwoStreamCoDETR  

query_head.transformer.encoder.layers.1.norms.0.weight - torch.Size([256]): 
The value is the same before and after calling `init_weights` of TwoStreamCoDETR  

query_head.transformer.encoder.layers.1.norms.0.bias - torch.Size([256]): 
The value is the same before and after calling `init_weights` of TwoStreamCoDETR  

query_head.transformer.encoder.layers.1.norms.1.weight - torch.Size([256]): 
The value is the same before and after calling `init_weights` of TwoStreamCoDETR  

query_head.transformer.encoder.layers.1.norms.1.bias - torch.Size([256]): 
The value is the same before and after calling `init_weights` of TwoStreamCoDETR  

query_head.transformer.encoder.layers.2.attentions.0.sampling_offsets.weight - torch.Size([320, 256]): 
The value is the same before and after calling `init_weights` of TwoStreamCoDETR  

query_head.transformer.encoder.layers.2.attentions.0.sampling_offsets.bias - torch.Size([320]): 
The value is the same before and after calling `init_weights` of TwoStreamCoDETR  

query_head.transformer.encoder.layers.2.attentions.0.attention_weights.weight - torch.Size([160, 256]): 
The value is the same before and after calling `init_weights` of TwoStreamCoDETR  

query_head.transformer.encoder.layers.2.attentions.0.attention_weights.bias - torch.Size([160]): 
The value is the same before and after calling `init_weights` of TwoStreamCoDETR  

query_head.transformer.encoder.layers.2.attentions.0.value_proj.weight - torch.Size([256, 256]): 
Initialized by user-defined `init_weights` in CoDINOHead  

query_head.transformer.encoder.layers.2.attentions.0.value_proj.bias - torch.Size([256]): 
The value is the same before and after calling `init_weights` of TwoStreamCoDETR  

query_head.transformer.encoder.layers.2.attentions.0.output_proj.weight - torch.Size([256, 256]): 
Initialized by user-defined `init_weights` in CoDINOHead  

query_head.transformer.encoder.layers.2.attentions.0.output_proj.bias - torch.Size([256]): 
The value is the same before and after calling `init_weights` of TwoStreamCoDETR  

query_head.transformer.encoder.layers.2.ffns.0.layers.0.0.weight - torch.Size([2048, 256]): 
Initialized by user-defined `init_weights` in CoDINOHead  

query_head.transformer.encoder.layers.2.ffns.0.layers.0.0.bias - torch.Size([2048]): 
The value is the same before and after calling `init_weights` of TwoStreamCoDETR  

query_head.transformer.encoder.layers.2.ffns.0.layers.1.weight - torch.Size([256, 2048]): 
Initialized by user-defined `init_weights` in CoDINOHead  

query_head.transformer.encoder.layers.2.ffns.0.layers.1.bias - torch.Size([256]): 
The value is the same before and after calling `init_weights` of TwoStreamCoDETR  

query_head.transformer.encoder.layers.2.norms.0.weight - torch.Size([256]): 
The value is the same before and after calling `init_weights` of TwoStreamCoDETR  

query_head.transformer.encoder.layers.2.norms.0.bias - torch.Size([256]): 
The value is the same before and after calling `init_weights` of TwoStreamCoDETR  

query_head.transformer.encoder.layers.2.norms.1.weight - torch.Size([256]): 
The value is the same before and after calling `init_weights` of TwoStreamCoDETR  

query_head.transformer.encoder.layers.2.norms.1.bias - torch.Size([256]): 
The value is the same before and after calling `init_weights` of TwoStreamCoDETR  

query_head.transformer.encoder.layers.3.attentions.0.sampling_offsets.weight - torch.Size([320, 256]): 
The value is the same before and after calling `init_weights` of TwoStreamCoDETR  

query_head.transformer.encoder.layers.3.attentions.0.sampling_offsets.bias - torch.Size([320]): 
The value is the same before and after calling `init_weights` of TwoStreamCoDETR  

query_head.transformer.encoder.layers.3.attentions.0.attention_weights.weight - torch.Size([160, 256]): 
The value is the same before and after calling `init_weights` of TwoStreamCoDETR  

query_head.transformer.encoder.layers.3.attentions.0.attention_weights.bias - torch.Size([160]): 
The value is the same before and after calling `init_weights` of TwoStreamCoDETR  

query_head.transformer.encoder.layers.3.attentions.0.value_proj.weight - torch.Size([256, 256]): 
Initialized by user-defined `init_weights` in CoDINOHead  

query_head.transformer.encoder.layers.3.attentions.0.value_proj.bias - torch.Size([256]): 
The value is the same before and after calling `init_weights` of TwoStreamCoDETR  

query_head.transformer.encoder.layers.3.attentions.0.output_proj.weight - torch.Size([256, 256]): 
Initialized by user-defined `init_weights` in CoDINOHead  

query_head.transformer.encoder.layers.3.attentions.0.output_proj.bias - torch.Size([256]): 
The value is the same before and after calling `init_weights` of TwoStreamCoDETR  

query_head.transformer.encoder.layers.3.ffns.0.layers.0.0.weight - torch.Size([2048, 256]): 
Initialized by user-defined `init_weights` in CoDINOHead  

query_head.transformer.encoder.layers.3.ffns.0.layers.0.0.bias - torch.Size([2048]): 
The value is the same before and after calling `init_weights` of TwoStreamCoDETR  

query_head.transformer.encoder.layers.3.ffns.0.layers.1.weight - torch.Size([256, 2048]): 
Initialized by user-defined `init_weights` in CoDINOHead  

query_head.transformer.encoder.layers.3.ffns.0.layers.1.bias - torch.Size([256]): 
The value is the same before and after calling `init_weights` of TwoStreamCoDETR  

query_head.transformer.encoder.layers.3.norms.0.weight - torch.Size([256]): 
The value is the same before and after calling `init_weights` of TwoStreamCoDETR  

query_head.transformer.encoder.layers.3.norms.0.bias - torch.Size([256]): 
The value is the same before and after calling `init_weights` of TwoStreamCoDETR  

query_head.transformer.encoder.layers.3.norms.1.weight - torch.Size([256]): 
The value is the same before and after calling `init_weights` of TwoStreamCoDETR  

query_head.transformer.encoder.layers.3.norms.1.bias - torch.Size([256]): 
The value is the same before and after calling `init_weights` of TwoStreamCoDETR  

query_head.transformer.encoder.layers.4.attentions.0.sampling_offsets.weight - torch.Size([320, 256]): 
The value is the same before and after calling `init_weights` of TwoStreamCoDETR  

query_head.transformer.encoder.layers.4.attentions.0.sampling_offsets.bias - torch.Size([320]): 
The value is the same before and after calling `init_weights` of TwoStreamCoDETR  

query_head.transformer.encoder.layers.4.attentions.0.attention_weights.weight - torch.Size([160, 256]): 
The value is the same before and after calling `init_weights` of TwoStreamCoDETR  

query_head.transformer.encoder.layers.4.attentions.0.attention_weights.bias - torch.Size([160]): 
The value is the same before and after calling `init_weights` of TwoStreamCoDETR  

query_head.transformer.encoder.layers.4.attentions.0.value_proj.weight - torch.Size([256, 256]): 
Initialized by user-defined `init_weights` in CoDINOHead  

query_head.transformer.encoder.layers.4.attentions.0.value_proj.bias - torch.Size([256]): 
The value is the same before and after calling `init_weights` of TwoStreamCoDETR  

query_head.transformer.encoder.layers.4.attentions.0.output_proj.weight - torch.Size([256, 256]): 
Initialized by user-defined `init_weights` in CoDINOHead  

query_head.transformer.encoder.layers.4.attentions.0.output_proj.bias - torch.Size([256]): 
The value is the same before and after calling `init_weights` of TwoStreamCoDETR  

query_head.transformer.encoder.layers.4.ffns.0.layers.0.0.weight - torch.Size([2048, 256]): 
Initialized by user-defined `init_weights` in CoDINOHead  

query_head.transformer.encoder.layers.4.ffns.0.layers.0.0.bias - torch.Size([2048]): 
The value is the same before and after calling `init_weights` of TwoStreamCoDETR  

query_head.transformer.encoder.layers.4.ffns.0.layers.1.weight - torch.Size([256, 2048]): 
Initialized by user-defined `init_weights` in CoDINOHead  

query_head.transformer.encoder.layers.4.ffns.0.layers.1.bias - torch.Size([256]): 
The value is the same before and after calling `init_weights` of TwoStreamCoDETR  

query_head.transformer.encoder.layers.4.norms.0.weight - torch.Size([256]): 
The value is the same before and after calling `init_weights` of TwoStreamCoDETR  

query_head.transformer.encoder.layers.4.norms.0.bias - torch.Size([256]): 
The value is the same before and after calling `init_weights` of TwoStreamCoDETR  

query_head.transformer.encoder.layers.4.norms.1.weight - torch.Size([256]): 
The value is the same before and after calling `init_weights` of TwoStreamCoDETR  

query_head.transformer.encoder.layers.4.norms.1.bias - torch.Size([256]): 
The value is the same before and after calling `init_weights` of TwoStreamCoDETR  

query_head.transformer.encoder.layers.5.attentions.0.sampling_offsets.weight - torch.Size([320, 256]): 
The value is the same before and after calling `init_weights` of TwoStreamCoDETR  

query_head.transformer.encoder.layers.5.attentions.0.sampling_offsets.bias - torch.Size([320]): 
The value is the same before and after calling `init_weights` of TwoStreamCoDETR  

query_head.transformer.encoder.layers.5.attentions.0.attention_weights.weight - torch.Size([160, 256]): 
The value is the same before and after calling `init_weights` of TwoStreamCoDETR  

query_head.transformer.encoder.layers.5.attentions.0.attention_weights.bias - torch.Size([160]): 
The value is the same before and after calling `init_weights` of TwoStreamCoDETR  

query_head.transformer.encoder.layers.5.attentions.0.value_proj.weight - torch.Size([256, 256]): 
Initialized by user-defined `init_weights` in CoDINOHead  

query_head.transformer.encoder.layers.5.attentions.0.value_proj.bias - torch.Size([256]): 
The value is the same before and after calling `init_weights` of TwoStreamCoDETR  

query_head.transformer.encoder.layers.5.attentions.0.output_proj.weight - torch.Size([256, 256]): 
Initialized by user-defined `init_weights` in CoDINOHead  

query_head.transformer.encoder.layers.5.attentions.0.output_proj.bias - torch.Size([256]): 
The value is the same before and after calling `init_weights` of TwoStreamCoDETR  

query_head.transformer.encoder.layers.5.ffns.0.layers.0.0.weight - torch.Size([2048, 256]): 
Initialized by user-defined `init_weights` in CoDINOHead  

query_head.transformer.encoder.layers.5.ffns.0.layers.0.0.bias - torch.Size([2048]): 
The value is the same before and after calling `init_weights` of TwoStreamCoDETR  

query_head.transformer.encoder.layers.5.ffns.0.layers.1.weight - torch.Size([256, 2048]): 
Initialized by user-defined `init_weights` in CoDINOHead  

query_head.transformer.encoder.layers.5.ffns.0.layers.1.bias - torch.Size([256]): 
The value is the same before and after calling `init_weights` of TwoStreamCoDETR  

query_head.transformer.encoder.layers.5.norms.0.weight - torch.Size([256]): 
The value is the same before and after calling `init_weights` of TwoStreamCoDETR  

query_head.transformer.encoder.layers.5.norms.0.bias - torch.Size([256]): 
The value is the same before and after calling `init_weights` of TwoStreamCoDETR  

query_head.transformer.encoder.layers.5.norms.1.weight - torch.Size([256]): 
The value is the same before and after calling `init_weights` of TwoStreamCoDETR  

query_head.transformer.encoder.layers.5.norms.1.bias - torch.Size([256]): 
The value is the same before and after calling `init_weights` of TwoStreamCoDETR  

query_head.transformer.decoder.layers.0.attentions.0.attn.in_proj_weight - torch.Size([768, 256]): 
Initialized by user-defined `init_weights` in CoDINOHead  

query_head.transformer.decoder.layers.0.attentions.0.attn.in_proj_bias - torch.Size([768]): 
The value is the same before and after calling `init_weights` of TwoStreamCoDETR  

query_head.transformer.decoder.layers.0.attentions.0.attn.out_proj.weight - torch.Size([256, 256]): 
Initialized by user-defined `init_weights` in CoDINOHead  

query_head.transformer.decoder.layers.0.attentions.0.attn.out_proj.bias - torch.Size([256]): 
The value is the same before and after calling `init_weights` of TwoStreamCoDETR  

query_head.transformer.decoder.layers.0.attentions.1.sampling_offsets.weight - torch.Size([320, 256]): 
The value is the same before and after calling `init_weights` of TwoStreamCoDETR  

query_head.transformer.decoder.layers.0.attentions.1.sampling_offsets.bias - torch.Size([320]): 
The value is the same before and after calling `init_weights` of TwoStreamCoDETR  

query_head.transformer.decoder.layers.0.attentions.1.attention_weights.weight - torch.Size([160, 256]): 
The value is the same before and after calling `init_weights` of TwoStreamCoDETR  

query_head.transformer.decoder.layers.0.attentions.1.attention_weights.bias - torch.Size([160]): 
The value is the same before and after calling `init_weights` of TwoStreamCoDETR  

query_head.transformer.decoder.layers.0.attentions.1.value_proj.weight - torch.Size([256, 256]): 
Initialized by user-defined `init_weights` in CoDINOHead  

query_head.transformer.decoder.layers.0.attentions.1.value_proj.bias - torch.Size([256]): 
The value is the same before and after calling `init_weights` of TwoStreamCoDETR  

query_head.transformer.decoder.layers.0.attentions.1.output_proj.weight - torch.Size([256, 256]): 
Initialized by user-defined `init_weights` in CoDINOHead  

query_head.transformer.decoder.layers.0.attentions.1.output_proj.bias - torch.Size([256]): 
The value is the same before and after calling `init_weights` of TwoStreamCoDETR  

query_head.transformer.decoder.layers.0.ffns.0.layers.0.0.weight - torch.Size([2048, 256]): 
Initialized by user-defined `init_weights` in CoDINOHead  

query_head.transformer.decoder.layers.0.ffns.0.layers.0.0.bias - torch.Size([2048]): 
The value is the same before and after calling `init_weights` of TwoStreamCoDETR  

query_head.transformer.decoder.layers.0.ffns.0.layers.1.weight - torch.Size([256, 2048]): 
Initialized by user-defined `init_weights` in CoDINOHead  

query_head.transformer.decoder.layers.0.ffns.0.layers.1.bias - torch.Size([256]): 
The value is the same before and after calling `init_weights` of TwoStreamCoDETR  

query_head.transformer.decoder.layers.0.norms.0.weight - torch.Size([256]): 
The value is the same before and after calling `init_weights` of TwoStreamCoDETR  

query_head.transformer.decoder.layers.0.norms.0.bias - torch.Size([256]): 
The value is the same before and after calling `init_weights` of TwoStreamCoDETR  

query_head.transformer.decoder.layers.0.norms.1.weight - torch.Size([256]): 
The value is the same before and after calling `init_weights` of TwoStreamCoDETR  

query_head.transformer.decoder.layers.0.norms.1.bias - torch.Size([256]): 
The value is the same before and after calling `init_weights` of TwoStreamCoDETR  

query_head.transformer.decoder.layers.0.norms.2.weight - torch.Size([256]): 
The value is the same before and after calling `init_weights` of TwoStreamCoDETR  

query_head.transformer.decoder.layers.0.norms.2.bias - torch.Size([256]): 
The value is the same before and after calling `init_weights` of TwoStreamCoDETR  

query_head.transformer.decoder.layers.1.attentions.0.attn.in_proj_weight - torch.Size([768, 256]): 
Initialized by user-defined `init_weights` in CoDINOHead  

query_head.transformer.decoder.layers.1.attentions.0.attn.in_proj_bias - torch.Size([768]): 
The value is the same before and after calling `init_weights` of TwoStreamCoDETR  

query_head.transformer.decoder.layers.1.attentions.0.attn.out_proj.weight - torch.Size([256, 256]): 
Initialized by user-defined `init_weights` in CoDINOHead  

query_head.transformer.decoder.layers.1.attentions.0.attn.out_proj.bias - torch.Size([256]): 
The value is the same before and after calling `init_weights` of TwoStreamCoDETR  

query_head.transformer.decoder.layers.1.attentions.1.sampling_offsets.weight - torch.Size([320, 256]): 
The value is the same before and after calling `init_weights` of TwoStreamCoDETR  

query_head.transformer.decoder.layers.1.attentions.1.sampling_offsets.bias - torch.Size([320]): 
The value is the same before and after calling `init_weights` of TwoStreamCoDETR  

query_head.transformer.decoder.layers.1.attentions.1.attention_weights.weight - torch.Size([160, 256]): 
The value is the same before and after calling `init_weights` of TwoStreamCoDETR  

query_head.transformer.decoder.layers.1.attentions.1.attention_weights.bias - torch.Size([160]): 
The value is the same before and after calling `init_weights` of TwoStreamCoDETR  

query_head.transformer.decoder.layers.1.attentions.1.value_proj.weight - torch.Size([256, 256]): 
Initialized by user-defined `init_weights` in CoDINOHead  

query_head.transformer.decoder.layers.1.attentions.1.value_proj.bias - torch.Size([256]): 
The value is the same before and after calling `init_weights` of TwoStreamCoDETR  

query_head.transformer.decoder.layers.1.attentions.1.output_proj.weight - torch.Size([256, 256]): 
Initialized by user-defined `init_weights` in CoDINOHead  

query_head.transformer.decoder.layers.1.attentions.1.output_proj.bias - torch.Size([256]): 
The value is the same before and after calling `init_weights` of TwoStreamCoDETR  

query_head.transformer.decoder.layers.1.ffns.0.layers.0.0.weight - torch.Size([2048, 256]): 
Initialized by user-defined `init_weights` in CoDINOHead  

query_head.transformer.decoder.layers.1.ffns.0.layers.0.0.bias - torch.Size([2048]): 
The value is the same before and after calling `init_weights` of TwoStreamCoDETR  

query_head.transformer.decoder.layers.1.ffns.0.layers.1.weight - torch.Size([256, 2048]): 
Initialized by user-defined `init_weights` in CoDINOHead  

query_head.transformer.decoder.layers.1.ffns.0.layers.1.bias - torch.Size([256]): 
The value is the same before and after calling `init_weights` of TwoStreamCoDETR  

query_head.transformer.decoder.layers.1.norms.0.weight - torch.Size([256]): 
The value is the same before and after calling `init_weights` of TwoStreamCoDETR  

query_head.transformer.decoder.layers.1.norms.0.bias - torch.Size([256]): 
The value is the same before and after calling `init_weights` of TwoStreamCoDETR  

query_head.transformer.decoder.layers.1.norms.1.weight - torch.Size([256]): 
The value is the same before and after calling `init_weights` of TwoStreamCoDETR  

query_head.transformer.decoder.layers.1.norms.1.bias - torch.Size([256]): 
The value is the same before and after calling `init_weights` of TwoStreamCoDETR  

query_head.transformer.decoder.layers.1.norms.2.weight - torch.Size([256]): 
The value is the same before and after calling `init_weights` of TwoStreamCoDETR  

query_head.transformer.decoder.layers.1.norms.2.bias - torch.Size([256]): 
The value is the same before and after calling `init_weights` of TwoStreamCoDETR  

query_head.transformer.decoder.layers.2.attentions.0.attn.in_proj_weight - torch.Size([768, 256]): 
Initialized by user-defined `init_weights` in CoDINOHead  

query_head.transformer.decoder.layers.2.attentions.0.attn.in_proj_bias - torch.Size([768]): 
The value is the same before and after calling `init_weights` of TwoStreamCoDETR  

query_head.transformer.decoder.layers.2.attentions.0.attn.out_proj.weight - torch.Size([256, 256]): 
Initialized by user-defined `init_weights` in CoDINOHead  

query_head.transformer.decoder.layers.2.attentions.0.attn.out_proj.bias - torch.Size([256]): 
The value is the same before and after calling `init_weights` of TwoStreamCoDETR  

query_head.transformer.decoder.layers.2.attentions.1.sampling_offsets.weight - torch.Size([320, 256]): 
The value is the same before and after calling `init_weights` of TwoStreamCoDETR  

query_head.transformer.decoder.layers.2.attentions.1.sampling_offsets.bias - torch.Size([320]): 
The value is the same before and after calling `init_weights` of TwoStreamCoDETR  

query_head.transformer.decoder.layers.2.attentions.1.attention_weights.weight - torch.Size([160, 256]): 
The value is the same before and after calling `init_weights` of TwoStreamCoDETR  

query_head.transformer.decoder.layers.2.attentions.1.attention_weights.bias - torch.Size([160]): 
The value is the same before and after calling `init_weights` of TwoStreamCoDETR  

query_head.transformer.decoder.layers.2.attentions.1.value_proj.weight - torch.Size([256, 256]): 
Initialized by user-defined `init_weights` in CoDINOHead  

query_head.transformer.decoder.layers.2.attentions.1.value_proj.bias - torch.Size([256]): 
The value is the same before and after calling `init_weights` of TwoStreamCoDETR  

query_head.transformer.decoder.layers.2.attentions.1.output_proj.weight - torch.Size([256, 256]): 
Initialized by user-defined `init_weights` in CoDINOHead  

query_head.transformer.decoder.layers.2.attentions.1.output_proj.bias - torch.Size([256]): 
The value is the same before and after calling `init_weights` of TwoStreamCoDETR  

query_head.transformer.decoder.layers.2.ffns.0.layers.0.0.weight - torch.Size([2048, 256]): 
Initialized by user-defined `init_weights` in CoDINOHead  

query_head.transformer.decoder.layers.2.ffns.0.layers.0.0.bias - torch.Size([2048]): 
The value is the same before and after calling `init_weights` of TwoStreamCoDETR  

query_head.transformer.decoder.layers.2.ffns.0.layers.1.weight - torch.Size([256, 2048]): 
Initialized by user-defined `init_weights` in CoDINOHead  

query_head.transformer.decoder.layers.2.ffns.0.layers.1.bias - torch.Size([256]): 
The value is the same before and after calling `init_weights` of TwoStreamCoDETR  

query_head.transformer.decoder.layers.2.norms.0.weight - torch.Size([256]): 
The value is the same before and after calling `init_weights` of TwoStreamCoDETR  

query_head.transformer.decoder.layers.2.norms.0.bias - torch.Size([256]): 
The value is the same before and after calling `init_weights` of TwoStreamCoDETR  

query_head.transformer.decoder.layers.2.norms.1.weight - torch.Size([256]): 
The value is the same before and after calling `init_weights` of TwoStreamCoDETR  

query_head.transformer.decoder.layers.2.norms.1.bias - torch.Size([256]): 
The value is the same before and after calling `init_weights` of TwoStreamCoDETR  

query_head.transformer.decoder.layers.2.norms.2.weight - torch.Size([256]): 
The value is the same before and after calling `init_weights` of TwoStreamCoDETR  

query_head.transformer.decoder.layers.2.norms.2.bias - torch.Size([256]): 
The value is the same before and after calling `init_weights` of TwoStreamCoDETR  

query_head.transformer.decoder.layers.3.attentions.0.attn.in_proj_weight - torch.Size([768, 256]): 
Initialized by user-defined `init_weights` in CoDINOHead  

query_head.transformer.decoder.layers.3.attentions.0.attn.in_proj_bias - torch.Size([768]): 
The value is the same before and after calling `init_weights` of TwoStreamCoDETR  

query_head.transformer.decoder.layers.3.attentions.0.attn.out_proj.weight - torch.Size([256, 256]): 
Initialized by user-defined `init_weights` in CoDINOHead  

query_head.transformer.decoder.layers.3.attentions.0.attn.out_proj.bias - torch.Size([256]): 
The value is the same before and after calling `init_weights` of TwoStreamCoDETR  

query_head.transformer.decoder.layers.3.attentions.1.sampling_offsets.weight - torch.Size([320, 256]): 
The value is the same before and after calling `init_weights` of TwoStreamCoDETR  

query_head.transformer.decoder.layers.3.attentions.1.sampling_offsets.bias - torch.Size([320]): 
The value is the same before and after calling `init_weights` of TwoStreamCoDETR  

query_head.transformer.decoder.layers.3.attentions.1.attention_weights.weight - torch.Size([160, 256]): 
The value is the same before and after calling `init_weights` of TwoStreamCoDETR  

query_head.transformer.decoder.layers.3.attentions.1.attention_weights.bias - torch.Size([160]): 
The value is the same before and after calling `init_weights` of TwoStreamCoDETR  

query_head.transformer.decoder.layers.3.attentions.1.value_proj.weight - torch.Size([256, 256]): 
Initialized by user-defined `init_weights` in CoDINOHead  

query_head.transformer.decoder.layers.3.attentions.1.value_proj.bias - torch.Size([256]): 
The value is the same before and after calling `init_weights` of TwoStreamCoDETR  

query_head.transformer.decoder.layers.3.attentions.1.output_proj.weight - torch.Size([256, 256]): 
Initialized by user-defined `init_weights` in CoDINOHead  

query_head.transformer.decoder.layers.3.attentions.1.output_proj.bias - torch.Size([256]): 
The value is the same before and after calling `init_weights` of TwoStreamCoDETR  

query_head.transformer.decoder.layers.3.ffns.0.layers.0.0.weight - torch.Size([2048, 256]): 
Initialized by user-defined `init_weights` in CoDINOHead  

query_head.transformer.decoder.layers.3.ffns.0.layers.0.0.bias - torch.Size([2048]): 
The value is the same before and after calling `init_weights` of TwoStreamCoDETR  

query_head.transformer.decoder.layers.3.ffns.0.layers.1.weight - torch.Size([256, 2048]): 
Initialized by user-defined `init_weights` in CoDINOHead  

query_head.transformer.decoder.layers.3.ffns.0.layers.1.bias - torch.Size([256]): 
The value is the same before and after calling `init_weights` of TwoStreamCoDETR  

query_head.transformer.decoder.layers.3.norms.0.weight - torch.Size([256]): 
The value is the same before and after calling `init_weights` of TwoStreamCoDETR  

query_head.transformer.decoder.layers.3.norms.0.bias - torch.Size([256]): 
The value is the same before and after calling `init_weights` of TwoStreamCoDETR  

query_head.transformer.decoder.layers.3.norms.1.weight - torch.Size([256]): 
The value is the same before and after calling `init_weights` of TwoStreamCoDETR  

query_head.transformer.decoder.layers.3.norms.1.bias - torch.Size([256]): 
The value is the same before and after calling `init_weights` of TwoStreamCoDETR  

query_head.transformer.decoder.layers.3.norms.2.weight - torch.Size([256]): 
The value is the same before and after calling `init_weights` of TwoStreamCoDETR  

query_head.transformer.decoder.layers.3.norms.2.bias - torch.Size([256]): 
The value is the same before and after calling `init_weights` of TwoStreamCoDETR  

query_head.transformer.decoder.layers.4.attentions.0.attn.in_proj_weight - torch.Size([768, 256]): 
Initialized by user-defined `init_weights` in CoDINOHead  

query_head.transformer.decoder.layers.4.attentions.0.attn.in_proj_bias - torch.Size([768]): 
The value is the same before and after calling `init_weights` of TwoStreamCoDETR  

query_head.transformer.decoder.layers.4.attentions.0.attn.out_proj.weight - torch.Size([256, 256]): 
Initialized by user-defined `init_weights` in CoDINOHead  

query_head.transformer.decoder.layers.4.attentions.0.attn.out_proj.bias - torch.Size([256]): 
The value is the same before and after calling `init_weights` of TwoStreamCoDETR  

query_head.transformer.decoder.layers.4.attentions.1.sampling_offsets.weight - torch.Size([320, 256]): 
The value is the same before and after calling `init_weights` of TwoStreamCoDETR  

query_head.transformer.decoder.layers.4.attentions.1.sampling_offsets.bias - torch.Size([320]): 
The value is the same before and after calling `init_weights` of TwoStreamCoDETR  

query_head.transformer.decoder.layers.4.attentions.1.attention_weights.weight - torch.Size([160, 256]): 
The value is the same before and after calling `init_weights` of TwoStreamCoDETR  

query_head.transformer.decoder.layers.4.attentions.1.attention_weights.bias - torch.Size([160]): 
The value is the same before and after calling `init_weights` of TwoStreamCoDETR  

query_head.transformer.decoder.layers.4.attentions.1.value_proj.weight - torch.Size([256, 256]): 
Initialized by user-defined `init_weights` in CoDINOHead  

query_head.transformer.decoder.layers.4.attentions.1.value_proj.bias - torch.Size([256]): 
The value is the same before and after calling `init_weights` of TwoStreamCoDETR  

query_head.transformer.decoder.layers.4.attentions.1.output_proj.weight - torch.Size([256, 256]): 
Initialized by user-defined `init_weights` in CoDINOHead  

query_head.transformer.decoder.layers.4.attentions.1.output_proj.bias - torch.Size([256]): 
The value is the same before and after calling `init_weights` of TwoStreamCoDETR  

query_head.transformer.decoder.layers.4.ffns.0.layers.0.0.weight - torch.Size([2048, 256]): 
Initialized by user-defined `init_weights` in CoDINOHead  

query_head.transformer.decoder.layers.4.ffns.0.layers.0.0.bias - torch.Size([2048]): 
The value is the same before and after calling `init_weights` of TwoStreamCoDETR  

query_head.transformer.decoder.layers.4.ffns.0.layers.1.weight - torch.Size([256, 2048]): 
Initialized by user-defined `init_weights` in CoDINOHead  

query_head.transformer.decoder.layers.4.ffns.0.layers.1.bias - torch.Size([256]): 
The value is the same before and after calling `init_weights` of TwoStreamCoDETR  

query_head.transformer.decoder.layers.4.norms.0.weight - torch.Size([256]): 
The value is the same before and after calling `init_weights` of TwoStreamCoDETR  

query_head.transformer.decoder.layers.4.norms.0.bias - torch.Size([256]): 
The value is the same before and after calling `init_weights` of TwoStreamCoDETR  

query_head.transformer.decoder.layers.4.norms.1.weight - torch.Size([256]): 
The value is the same before and after calling `init_weights` of TwoStreamCoDETR  

query_head.transformer.decoder.layers.4.norms.1.bias - torch.Size([256]): 
The value is the same before and after calling `init_weights` of TwoStreamCoDETR  

query_head.transformer.decoder.layers.4.norms.2.weight - torch.Size([256]): 
The value is the same before and after calling `init_weights` of TwoStreamCoDETR  

query_head.transformer.decoder.layers.4.norms.2.bias - torch.Size([256]): 
The value is the same before and after calling `init_weights` of TwoStreamCoDETR  

query_head.transformer.decoder.layers.5.attentions.0.attn.in_proj_weight - torch.Size([768, 256]): 
Initialized by user-defined `init_weights` in CoDINOHead  

query_head.transformer.decoder.layers.5.attentions.0.attn.in_proj_bias - torch.Size([768]): 
The value is the same before and after calling `init_weights` of TwoStreamCoDETR  

query_head.transformer.decoder.layers.5.attentions.0.attn.out_proj.weight - torch.Size([256, 256]): 
Initialized by user-defined `init_weights` in CoDINOHead  

query_head.transformer.decoder.layers.5.attentions.0.attn.out_proj.bias - torch.Size([256]): 
The value is the same before and after calling `init_weights` of TwoStreamCoDETR  

query_head.transformer.decoder.layers.5.attentions.1.sampling_offsets.weight - torch.Size([320, 256]): 
The value is the same before and after calling `init_weights` of TwoStreamCoDETR  

query_head.transformer.decoder.layers.5.attentions.1.sampling_offsets.bias - torch.Size([320]): 
The value is the same before and after calling `init_weights` of TwoStreamCoDETR  

query_head.transformer.decoder.layers.5.attentions.1.attention_weights.weight - torch.Size([160, 256]): 
The value is the same before and after calling `init_weights` of TwoStreamCoDETR  

query_head.transformer.decoder.layers.5.attentions.1.attention_weights.bias - torch.Size([160]): 
The value is the same before and after calling `init_weights` of TwoStreamCoDETR  

query_head.transformer.decoder.layers.5.attentions.1.value_proj.weight - torch.Size([256, 256]): 
Initialized by user-defined `init_weights` in CoDINOHead  

query_head.transformer.decoder.layers.5.attentions.1.value_proj.bias - torch.Size([256]): 
The value is the same before and after calling `init_weights` of TwoStreamCoDETR  

query_head.transformer.decoder.layers.5.attentions.1.output_proj.weight - torch.Size([256, 256]): 
Initialized by user-defined `init_weights` in CoDINOHead  

query_head.transformer.decoder.layers.5.attentions.1.output_proj.bias - torch.Size([256]): 
The value is the same before and after calling `init_weights` of TwoStreamCoDETR  

query_head.transformer.decoder.layers.5.ffns.0.layers.0.0.weight - torch.Size([2048, 256]): 
Initialized by user-defined `init_weights` in CoDINOHead  

query_head.transformer.decoder.layers.5.ffns.0.layers.0.0.bias - torch.Size([2048]): 
The value is the same before and after calling `init_weights` of TwoStreamCoDETR  

query_head.transformer.decoder.layers.5.ffns.0.layers.1.weight - torch.Size([256, 2048]): 
Initialized by user-defined `init_weights` in CoDINOHead  

query_head.transformer.decoder.layers.5.ffns.0.layers.1.bias - torch.Size([256]): 
The value is the same before and after calling `init_weights` of TwoStreamCoDETR  

query_head.transformer.decoder.layers.5.norms.0.weight - torch.Size([256]): 
The value is the same before and after calling `init_weights` of TwoStreamCoDETR  

query_head.transformer.decoder.layers.5.norms.0.bias - torch.Size([256]): 
The value is the same before and after calling `init_weights` of TwoStreamCoDETR  

query_head.transformer.decoder.layers.5.norms.1.weight - torch.Size([256]): 
The value is the same before and after calling `init_weights` of TwoStreamCoDETR  

query_head.transformer.decoder.layers.5.norms.1.bias - torch.Size([256]): 
The value is the same before and after calling `init_weights` of TwoStreamCoDETR  

query_head.transformer.decoder.layers.5.norms.2.weight - torch.Size([256]): 
The value is the same before and after calling `init_weights` of TwoStreamCoDETR  

query_head.transformer.decoder.layers.5.norms.2.bias - torch.Size([256]): 
The value is the same before and after calling `init_weights` of TwoStreamCoDETR  

query_head.transformer.decoder.ref_point_head.0.weight - torch.Size([256, 512]): 
Initialized by user-defined `init_weights` in CoDINOHead  

query_head.transformer.decoder.ref_point_head.0.bias - torch.Size([256]): 
The value is the same before and after calling `init_weights` of TwoStreamCoDETR  

query_head.transformer.decoder.ref_point_head.2.weight - torch.Size([256, 256]): 
Initialized by user-defined `init_weights` in CoDINOHead  

query_head.transformer.decoder.ref_point_head.2.bias - torch.Size([256]): 
The value is the same before and after calling `init_weights` of TwoStreamCoDETR  

query_head.transformer.decoder.norm.weight - torch.Size([256]): 
The value is the same before and after calling `init_weights` of TwoStreamCoDETR  

query_head.transformer.decoder.norm.bias - torch.Size([256]): 
The value is the same before and after calling `init_weights` of TwoStreamCoDETR  

query_head.transformer.enc_output.weight - torch.Size([256, 256]): 
Initialized by user-defined `init_weights` in CoDINOHead  

query_head.transformer.enc_output.bias - torch.Size([256]): 
The value is the same before and after calling `init_weights` of TwoStreamCoDETR  

query_head.transformer.enc_output_norm.weight - torch.Size([256]): 
The value is the same before and after calling `init_weights` of TwoStreamCoDETR  

query_head.transformer.enc_output_norm.bias - torch.Size([256]): 
The value is the same before and after calling `init_weights` of TwoStreamCoDETR  

query_head.transformer.query_embed.weight - torch.Size([1500, 256]): 
Initialized by user-defined `init_weights` in CoDINOHead  

query_head.transformer.aux_pos_trans.0.weight - torch.Size([256, 512]): 
Initialized by user-defined `init_weights` in CoDINOHead  

query_head.transformer.aux_pos_trans.0.bias - torch.Size([256]): 
The value is the same before and after calling `init_weights` of TwoStreamCoDETR  

query_head.transformer.aux_pos_trans.1.weight - torch.Size([256, 512]): 
Initialized by user-defined `init_weights` in CoDINOHead  

query_head.transformer.aux_pos_trans.1.bias - torch.Size([256]): 
The value is the same before and after calling `init_weights` of TwoStreamCoDETR  

query_head.transformer.aux_pos_trans_norm.0.weight - torch.Size([256]): 
The value is the same before and after calling `init_weights` of TwoStreamCoDETR  

query_head.transformer.aux_pos_trans_norm.0.bias - torch.Size([256]): 
The value is the same before and after calling `init_weights` of TwoStreamCoDETR  

query_head.transformer.aux_pos_trans_norm.1.weight - torch.Size([256]): 
The value is the same before and after calling `init_weights` of TwoStreamCoDETR  

query_head.transformer.aux_pos_trans_norm.1.bias - torch.Size([256]): 
The value is the same before and after calling `init_weights` of TwoStreamCoDETR  

query_head.downsample.0.weight - torch.Size([256, 256, 3, 3]): 
The value is the same before and after calling `init_weights` of TwoStreamCoDETR  

query_head.downsample.0.bias - torch.Size([256]): 
The value is the same before and after calling `init_weights` of TwoStreamCoDETR  

query_head.downsample.1.weight - torch.Size([256]): 
The value is the same before and after calling `init_weights` of TwoStreamCoDETR  

query_head.downsample.1.bias - torch.Size([256]): 
The value is the same before and after calling `init_weights` of TwoStreamCoDETR  

query_head.cls_branches.0.weight - torch.Size([6, 256]): 
The value is the same before and after calling `init_weights` of TwoStreamCoDETR  

query_head.cls_branches.0.bias - torch.Size([6]): 
The value is the same before and after calling `init_weights` of TwoStreamCoDETR  

query_head.cls_branches.1.weight - torch.Size([6, 256]): 
The value is the same before and after calling `init_weights` of TwoStreamCoDETR  

query_head.cls_branches.1.bias - torch.Size([6]): 
The value is the same before and after calling `init_weights` of TwoStreamCoDETR  

query_head.cls_branches.2.weight - torch.Size([6, 256]): 
The value is the same before and after calling `init_weights` of TwoStreamCoDETR  

query_head.cls_branches.2.bias - torch.Size([6]): 
The value is the same before and after calling `init_weights` of TwoStreamCoDETR  

query_head.cls_branches.3.weight - torch.Size([6, 256]): 
The value is the same before and after calling `init_weights` of TwoStreamCoDETR  

query_head.cls_branches.3.bias - torch.Size([6]): 
The value is the same before and after calling `init_weights` of TwoStreamCoDETR  

query_head.cls_branches.4.weight - torch.Size([6, 256]): 
The value is the same before and after calling `init_weights` of TwoStreamCoDETR  

query_head.cls_branches.4.bias - torch.Size([6]): 
The value is the same before and after calling `init_weights` of TwoStreamCoDETR  

query_head.cls_branches.5.weight - torch.Size([6, 256]): 
The value is the same before and after calling `init_weights` of TwoStreamCoDETR  

query_head.cls_branches.5.bias - torch.Size([6]): 
The value is the same before and after calling `init_weights` of TwoStreamCoDETR  

query_head.cls_branches.6.weight - torch.Size([6, 256]): 
The value is the same before and after calling `init_weights` of TwoStreamCoDETR  

query_head.cls_branches.6.bias - torch.Size([6]): 
The value is the same before and after calling `init_weights` of TwoStreamCoDETR  

query_head.reg_branches.0.0.weight - torch.Size([256, 256]): 
The value is the same before and after calling `init_weights` of TwoStreamCoDETR  

query_head.reg_branches.0.0.bias - torch.Size([256]): 
The value is the same before and after calling `init_weights` of TwoStreamCoDETR  

query_head.reg_branches.0.2.weight - torch.Size([256, 256]): 
The value is the same before and after calling `init_weights` of TwoStreamCoDETR  

query_head.reg_branches.0.2.bias - torch.Size([256]): 
The value is the same before and after calling `init_weights` of TwoStreamCoDETR  

query_head.reg_branches.0.4.weight - torch.Size([4, 256]): 
The value is the same before and after calling `init_weights` of TwoStreamCoDETR  

query_head.reg_branches.0.4.bias - torch.Size([4]): 
The value is the same before and after calling `init_weights` of TwoStreamCoDETR  

query_head.reg_branches.1.0.weight - torch.Size([256, 256]): 
The value is the same before and after calling `init_weights` of TwoStreamCoDETR  

query_head.reg_branches.1.0.bias - torch.Size([256]): 
The value is the same before and after calling `init_weights` of TwoStreamCoDETR  

query_head.reg_branches.1.2.weight - torch.Size([256, 256]): 
The value is the same before and after calling `init_weights` of TwoStreamCoDETR  

query_head.reg_branches.1.2.bias - torch.Size([256]): 
The value is the same before and after calling `init_weights` of TwoStreamCoDETR  

query_head.reg_branches.1.4.weight - torch.Size([4, 256]): 
The value is the same before and after calling `init_weights` of TwoStreamCoDETR  

query_head.reg_branches.1.4.bias - torch.Size([4]): 
The value is the same before and after calling `init_weights` of TwoStreamCoDETR  

query_head.reg_branches.2.0.weight - torch.Size([256, 256]): 
The value is the same before and after calling `init_weights` of TwoStreamCoDETR  

query_head.reg_branches.2.0.bias - torch.Size([256]): 
The value is the same before and after calling `init_weights` of TwoStreamCoDETR  

query_head.reg_branches.2.2.weight - torch.Size([256, 256]): 
The value is the same before and after calling `init_weights` of TwoStreamCoDETR  

query_head.reg_branches.2.2.bias - torch.Size([256]): 
The value is the same before and after calling `init_weights` of TwoStreamCoDETR  

query_head.reg_branches.2.4.weight - torch.Size([4, 256]): 
The value is the same before and after calling `init_weights` of TwoStreamCoDETR  

query_head.reg_branches.2.4.bias - torch.Size([4]): 
The value is the same before and after calling `init_weights` of TwoStreamCoDETR  

query_head.reg_branches.3.0.weight - torch.Size([256, 256]): 
The value is the same before and after calling `init_weights` of TwoStreamCoDETR  

query_head.reg_branches.3.0.bias - torch.Size([256]): 
The value is the same before and after calling `init_weights` of TwoStreamCoDETR  

query_head.reg_branches.3.2.weight - torch.Size([256, 256]): 
The value is the same before and after calling `init_weights` of TwoStreamCoDETR  

query_head.reg_branches.3.2.bias - torch.Size([256]): 
The value is the same before and after calling `init_weights` of TwoStreamCoDETR  

query_head.reg_branches.3.4.weight - torch.Size([4, 256]): 
The value is the same before and after calling `init_weights` of TwoStreamCoDETR  

query_head.reg_branches.3.4.bias - torch.Size([4]): 
The value is the same before and after calling `init_weights` of TwoStreamCoDETR  

query_head.reg_branches.4.0.weight - torch.Size([256, 256]): 
The value is the same before and after calling `init_weights` of TwoStreamCoDETR  

query_head.reg_branches.4.0.bias - torch.Size([256]): 
The value is the same before and after calling `init_weights` of TwoStreamCoDETR  

query_head.reg_branches.4.2.weight - torch.Size([256, 256]): 
The value is the same before and after calling `init_weights` of TwoStreamCoDETR  

query_head.reg_branches.4.2.bias - torch.Size([256]): 
The value is the same before and after calling `init_weights` of TwoStreamCoDETR  

query_head.reg_branches.4.4.weight - torch.Size([4, 256]): 
The value is the same before and after calling `init_weights` of TwoStreamCoDETR  

query_head.reg_branches.4.4.bias - torch.Size([4]): 
The value is the same before and after calling `init_weights` of TwoStreamCoDETR  

query_head.reg_branches.5.0.weight - torch.Size([256, 256]): 
The value is the same before and after calling `init_weights` of TwoStreamCoDETR  

query_head.reg_branches.5.0.bias - torch.Size([256]): 
The value is the same before and after calling `init_weights` of TwoStreamCoDETR  

query_head.reg_branches.5.2.weight - torch.Size([256, 256]): 
The value is the same before and after calling `init_weights` of TwoStreamCoDETR  

query_head.reg_branches.5.2.bias - torch.Size([256]): 
The value is the same before and after calling `init_weights` of TwoStreamCoDETR  

query_head.reg_branches.5.4.weight - torch.Size([4, 256]): 
The value is the same before and after calling `init_weights` of TwoStreamCoDETR  

query_head.reg_branches.5.4.bias - torch.Size([4]): 
The value is the same before and after calling `init_weights` of TwoStreamCoDETR  

query_head.reg_branches.6.0.weight - torch.Size([256, 256]): 
The value is the same before and after calling `init_weights` of TwoStreamCoDETR  

query_head.reg_branches.6.0.bias - torch.Size([256]): 
The value is the same before and after calling `init_weights` of TwoStreamCoDETR  

query_head.reg_branches.6.2.weight - torch.Size([256, 256]): 
The value is the same before and after calling `init_weights` of TwoStreamCoDETR  

query_head.reg_branches.6.2.bias - torch.Size([256]): 
The value is the same before and after calling `init_weights` of TwoStreamCoDETR  

query_head.reg_branches.6.4.weight - torch.Size([4, 256]): 
The value is the same before and after calling `init_weights` of TwoStreamCoDETR  

query_head.reg_branches.6.4.bias - torch.Size([4]): 
The value is the same before and after calling `init_weights` of TwoStreamCoDETR  

query_head.label_embedding.weight - torch.Size([6, 256]): 
The value is the same before and after calling `init_weights` of TwoStreamCoDETR  

rpn_head.rpn_conv.weight - torch.Size([256, 256, 3, 3]): 
The value is the same before and after calling `init_weights` of TwoStreamCoDETR  

rpn_head.rpn_conv.bias - torch.Size([256]): 
The value is the same before and after calling `init_weights` of TwoStreamCoDETR  

rpn_head.rpn_cls.weight - torch.Size([9, 256, 1, 1]): 
The value is the same before and after calling `init_weights` of TwoStreamCoDETR  

rpn_head.rpn_cls.bias - torch.Size([9]): 
The value is the same before and after calling `init_weights` of TwoStreamCoDETR  

rpn_head.rpn_reg.weight - torch.Size([36, 256, 1, 1]): 
The value is the same before and after calling `init_weights` of TwoStreamCoDETR  

rpn_head.rpn_reg.bias - torch.Size([36]): 
The value is the same before and after calling `init_weights` of TwoStreamCoDETR  

roi_head.0.bbox_head.fc_cls.weight - torch.Size([7, 1024]): 
The value is the same before and after calling `init_weights` of TwoStreamCoDETR  

roi_head.0.bbox_head.fc_cls.bias - torch.Size([7]): 
The value is the same before and after calling `init_weights` of TwoStreamCoDETR  

roi_head.0.bbox_head.fc_reg.weight - torch.Size([4, 1024]): 
The value is the same before and after calling `init_weights` of TwoStreamCoDETR  

roi_head.0.bbox_head.fc_reg.bias - torch.Size([4]): 
The value is the same before and after calling `init_weights` of TwoStreamCoDETR  

roi_head.0.bbox_head.shared_convs.0.conv.weight - torch.Size([256, 256, 3, 3]): 
The value is the same before and after calling `init_weights` of TwoStreamCoDETR  

roi_head.0.bbox_head.shared_convs.0.gn.weight - torch.Size([256]): 
The value is the same before and after calling `init_weights` of TwoStreamCoDETR  

roi_head.0.bbox_head.shared_convs.0.gn.bias - torch.Size([256]): 
The value is the same before and after calling `init_weights` of TwoStreamCoDETR  

roi_head.0.bbox_head.shared_convs.1.conv.weight - torch.Size([256, 256, 3, 3]): 
The value is the same before and after calling `init_weights` of TwoStreamCoDETR  

roi_head.0.bbox_head.shared_convs.1.gn.weight - torch.Size([256]): 
The value is the same before and after calling `init_weights` of TwoStreamCoDETR  

roi_head.0.bbox_head.shared_convs.1.gn.bias - torch.Size([256]): 
The value is the same before and after calling `init_weights` of TwoStreamCoDETR  

roi_head.0.bbox_head.shared_convs.2.conv.weight - torch.Size([256, 256, 3, 3]): 
The value is the same before and after calling `init_weights` of TwoStreamCoDETR  

roi_head.0.bbox_head.shared_convs.2.gn.weight - torch.Size([256]): 
The value is the same before and after calling `init_weights` of TwoStreamCoDETR  

roi_head.0.bbox_head.shared_convs.2.gn.bias - torch.Size([256]): 
The value is the same before and after calling `init_weights` of TwoStreamCoDETR  

roi_head.0.bbox_head.shared_convs.3.conv.weight - torch.Size([256, 256, 3, 3]): 
The value is the same before and after calling `init_weights` of TwoStreamCoDETR  

roi_head.0.bbox_head.shared_convs.3.gn.weight - torch.Size([256]): 
The value is the same before and after calling `init_weights` of TwoStreamCoDETR  

roi_head.0.bbox_head.shared_convs.3.gn.bias - torch.Size([256]): 
The value is the same before and after calling `init_weights` of TwoStreamCoDETR  

roi_head.0.bbox_head.shared_fcs.0.weight - torch.Size([1024, 12544]): 
The value is the same before and after calling `init_weights` of TwoStreamCoDETR  

roi_head.0.bbox_head.shared_fcs.0.bias - torch.Size([1024]): 
The value is the same before and after calling `init_weights` of TwoStreamCoDETR  

bbox_head.0.cls_convs.0.conv.weight - torch.Size([256, 256, 3, 3]): 
The value is the same before and after calling `init_weights` of TwoStreamCoDETR  

bbox_head.0.cls_convs.0.gn.weight - torch.Size([256]): 
The value is the same before and after calling `init_weights` of TwoStreamCoDETR  

bbox_head.0.cls_convs.0.gn.bias - torch.Size([256]): 
The value is the same before and after calling `init_weights` of TwoStreamCoDETR  

bbox_head.0.reg_convs.0.conv.weight - torch.Size([256, 256, 3, 3]): 
The value is the same before and after calling `init_weights` of TwoStreamCoDETR  

bbox_head.0.reg_convs.0.gn.weight - torch.Size([256]): 
The value is the same before and after calling `init_weights` of TwoStreamCoDETR  

bbox_head.0.reg_convs.0.gn.bias - torch.Size([256]): 
The value is the same before and after calling `init_weights` of TwoStreamCoDETR  

bbox_head.0.atss_cls.weight - torch.Size([6, 256, 3, 3]): 
The value is the same before and after calling `init_weights` of TwoStreamCoDETR  

bbox_head.0.atss_cls.bias - torch.Size([6]): 
The value is the same before and after calling `init_weights` of TwoStreamCoDETR  

bbox_head.0.atss_reg.weight - torch.Size([4, 256, 3, 3]): 
The value is the same before and after calling `init_weights` of TwoStreamCoDETR  

bbox_head.0.atss_reg.bias - torch.Size([4]): 
The value is the same before and after calling `init_weights` of TwoStreamCoDETR  

bbox_head.0.atss_centerness.weight - torch.Size([1, 256, 3, 3]): 
The value is the same before and after calling `init_weights` of TwoStreamCoDETR  

bbox_head.0.atss_centerness.bias - torch.Size([1]): 
The value is the same before and after calling `init_weights` of TwoStreamCoDETR  

bbox_head.0.scales.0.scale - torch.Size([]): 
The value is the same before and after calling `init_weights` of TwoStreamCoDETR  

bbox_head.0.scales.1.scale - torch.Size([]): 
The value is the same before and after calling `init_weights` of TwoStreamCoDETR  

bbox_head.0.scales.2.scale - torch.Size([]): 
The value is the same before and after calling `init_weights` of TwoStreamCoDETR  

bbox_head.0.scales.3.scale - torch.Size([]): 
The value is the same before and after calling `init_weights` of TwoStreamCoDETR  

bbox_head.0.scales.4.scale - torch.Size([]): 
The value is the same before and after calling `init_weights` of TwoStreamCoDETR  

bbox_head.0.scales.5.scale - torch.Size([]): 
The value is the same before and after calling `init_weights` of TwoStreamCoDETR  
2024-12-31 10:55:15,038 - mmdet - INFO - Automatic scaling of learning rate (LR) has been disabled.
2024-12-31 10:55:15,580 - mmdet - INFO - load checkpoint from local path: /root/autodl-tmp/codino_vit_twostream_640_autoaugv1_train1_IDAT_loop4_M3FD/latest.pth
2024-12-31 10:55:20,922 - mmdet - INFO - resumed epoch 31, iter 146568
2024-12-31 10:55:20,928 - mmdet - INFO - Start running, host: root@autodl-container-7f114d8374-51ca6c03, work_dir: /root/autodl-tmp/codino_vit_twostream_640_autoaugv1_train1_IDAT_loop4_M3FD
2024-12-31 10:55:20,928 - mmdet - INFO - Hooks will be executed in the following order:
before_run:
(VERY_HIGH   ) StepLrUpdaterHook                  
(NORMAL      ) CheckpointHook                     
(LOW         ) EvalHook                           
(VERY_LOW    ) TextLoggerHook                     
 -------------------- 
before_train_epoch:
(VERY_HIGH   ) StepLrUpdaterHook                  
(NORMAL      ) NumClassCheckHook                  
(LOW         ) IterTimerHook                      
(LOW         ) EvalHook                           
(VERY_LOW    ) TextLoggerHook                     
 -------------------- 
before_train_iter:
(VERY_HIGH   ) StepLrUpdaterHook                  
(LOW         ) IterTimerHook                      
(LOW         ) EvalHook                           
 -------------------- 
after_train_iter:
(ABOVE_NORMAL) OptimizerHook                      
(NORMAL      ) CheckpointHook                     
(LOW         ) IterTimerHook                      
(LOW         ) EvalHook                           
(VERY_LOW    ) TextLoggerHook                     
 -------------------- 
after_train_epoch:
(NORMAL      ) CheckpointHook                     
(LOW         ) EvalHook                           
(VERY_LOW    ) TextLoggerHook                     
 -------------------- 
before_val_epoch:
(NORMAL      ) NumClassCheckHook                  
(LOW         ) IterTimerHook                      
(VERY_LOW    ) TextLoggerHook                     
 -------------------- 
before_val_iter:
(LOW         ) IterTimerHook                      
 -------------------- 
after_val_iter:
(LOW         ) IterTimerHook                      
 -------------------- 
after_val_epoch:
(VERY_LOW    ) TextLoggerHook                     
 -------------------- 
after_run:
(VERY_LOW    ) TextLoggerHook                     
 -------------------- 
2024-12-31 10:55:20,928 - mmdet - INFO - workflow: [('train', 1)], max: 36 epochs
2024-12-31 10:55:20,929 - mmdet - INFO - Checkpoints will be saved to /root/autodl-tmp/codino_vit_twostream_640_autoaugv1_train1_IDAT_loop4_M3FD by HardDiskBackend.
2024-12-31 10:58:57,497 - mmdet - INFO - Epoch [32][200/4728]	lr: 5.000e-07, eta: 7:02:59, time: 1.083, data_time: 0.023, memory: 18655, enc_loss_cls: 0.1029, enc_loss_bbox: 0.0893, enc_loss_iou: 0.4264, loss_cls: 0.0805, loss_bbox: 0.0868, loss_iou: 0.4038, d0.loss_cls: 0.1149, d0.loss_bbox: 0.0872, d0.loss_iou: 0.4097, d1.loss_cls: 0.0872, d1.loss_bbox: 0.0850, d1.loss_iou: 0.4056, d2.loss_cls: 0.0831, d2.loss_bbox: 0.0848, d2.loss_iou: 0.4067, d3.loss_cls: 0.0753, d3.loss_bbox: 0.0863, d3.loss_iou: 0.4092, d4.loss_cls: 0.0794, d4.loss_bbox: 0.0870, d4.loss_iou: 0.4042, dn_loss_cls: 0.0206, dn_loss_bbox: 0.0451, dn_loss_iou: 0.2071, d0.dn_loss_cls: 0.0501, d0.dn_loss_bbox: 0.0614, d0.dn_loss_iou: 0.2879, d1.dn_loss_cls: 0.0284, d1.dn_loss_bbox: 0.0481, d1.dn_loss_iou: 0.2227, d2.dn_loss_cls: 0.0240, d2.dn_loss_bbox: 0.0456, d2.dn_loss_iou: 0.2096, d3.dn_loss_cls: 0.0212, d3.dn_loss_bbox: 0.0452, d3.dn_loss_iou: 0.2073, d4.dn_loss_cls: 0.0204, d4.dn_loss_bbox: 0.0451, d4.dn_loss_iou: 0.2071, loss_rpn_cls: 0.0406, loss_rpn_bbox: 0.1135, loss_cls0: 1.4037, acc0: 95.3504, loss_bbox0: 2.6530, loss_cls1: 1.2167, loss_bbox1: 3.7970, loss_centerness1: 6.8107, loss_cls_aux0: 0.0205, loss_bbox_aux0: 0.0140, loss_iou_aux0: 0.0604, d0.loss_cls_aux0: 0.0232, d0.loss_bbox_aux0: 0.0551, d0.loss_iou_aux0: 0.2095, d1.loss_cls_aux0: 0.0215, d1.loss_bbox_aux0: 0.0236, d1.loss_iou_aux0: 0.0957, d2.loss_cls_aux0: 0.0199, d2.loss_bbox_aux0: 0.0168, d2.loss_iou_aux0: 0.0691, d3.loss_cls_aux0: 0.0190, d3.loss_bbox_aux0: 0.0139, d3.loss_iou_aux0: 0.0603, d4.loss_cls_aux0: 0.0190, d4.loss_bbox_aux0: 0.0140, d4.loss_iou_aux0: 0.0604, loss_cls_aux1: 0.0203, loss_bbox_aux1: 0.0645, loss_iou_aux1: 0.2633, d0.loss_cls_aux1: 0.0193, d0.loss_bbox_aux1: 0.0788, d0.loss_iou_aux1: 0.3147, d1.loss_cls_aux1: 0.0194, d1.loss_bbox_aux1: 0.0661, d1.loss_iou_aux1: 0.2716, d2.loss_cls_aux1: 0.0199, d2.loss_bbox_aux1: 0.0651, d2.loss_iou_aux1: 0.2651, d3.loss_cls_aux1: 0.0177, d3.loss_bbox_aux1: 0.0645, d3.loss_iou_aux1: 0.2634, d4.loss_cls_aux1: 0.0193, d4.loss_bbox_aux1: 0.0645, d4.loss_iou_aux1: 0.2633, loss: 24.9040, grad_norm: 239.3534
2024-12-31 11:02:29,527 - mmdet - INFO - Epoch [32][400/4728]	lr: 5.000e-07, eta: 6:55:00, time: 1.060, data_time: 0.009, memory: 18661, enc_loss_cls: 0.0977, enc_loss_bbox: 0.0903, enc_loss_iou: 0.4113, loss_cls: 0.0820, loss_bbox: 0.0797, loss_iou: 0.3879, d0.loss_cls: 0.1121, d0.loss_bbox: 0.0834, d0.loss_iou: 0.3927, d1.loss_cls: 0.0847, d1.loss_bbox: 0.0807, d1.loss_iou: 0.3899, d2.loss_cls: 0.0824, d2.loss_bbox: 0.0812, d2.loss_iou: 0.3873, d3.loss_cls: 0.0831, d3.loss_bbox: 0.0797, d3.loss_iou: 0.3877, d4.loss_cls: 0.0814, d4.loss_bbox: 0.0797, d4.loss_iou: 0.3880, dn_loss_cls: 0.0173, dn_loss_bbox: 0.0455, dn_loss_iou: 0.1995, d0.dn_loss_cls: 0.0453, d0.dn_loss_bbox: 0.0630, d0.dn_loss_iou: 0.2802, d1.dn_loss_cls: 0.0248, d1.dn_loss_bbox: 0.0485, d1.dn_loss_iou: 0.2137, d2.dn_loss_cls: 0.0197, d2.dn_loss_bbox: 0.0463, d2.dn_loss_iou: 0.2017, d3.dn_loss_cls: 0.0183, d3.dn_loss_bbox: 0.0455, d3.dn_loss_iou: 0.1988, d4.dn_loss_cls: 0.0178, d4.dn_loss_bbox: 0.0455, d4.dn_loss_iou: 0.1994, loss_rpn_cls: 0.0359, loss_rpn_bbox: 0.1019, loss_cls0: 1.2738, acc0: 95.6914, loss_bbox0: 2.4988, loss_cls1: 1.1705, loss_bbox1: 3.6572, loss_centerness1: 6.8505, loss_cls_aux0: 0.0128, loss_bbox_aux0: 0.0117, loss_iou_aux0: 0.0526, d0.loss_cls_aux0: 0.0186, d0.loss_bbox_aux0: 0.0569, d0.loss_iou_aux0: 0.2068, d1.loss_cls_aux0: 0.0152, d1.loss_bbox_aux0: 0.0204, d1.loss_iou_aux0: 0.0857, d2.loss_cls_aux0: 0.0148, d2.loss_bbox_aux0: 0.0138, d2.loss_iou_aux0: 0.0580, d3.loss_cls_aux0: 0.0152, d3.loss_bbox_aux0: 0.0117, d3.loss_iou_aux0: 0.0500, d4.loss_cls_aux0: 0.0132, d4.loss_bbox_aux0: 0.0117, d4.loss_iou_aux0: 0.0520, loss_cls_aux1: 0.0095, loss_bbox_aux1: 0.0577, loss_iou_aux1: 0.2560, d0.loss_cls_aux1: 0.0124, d0.loss_bbox_aux1: 0.0772, d0.loss_iou_aux1: 0.3104, d1.loss_cls_aux1: 0.0112, d1.loss_bbox_aux1: 0.0615, d1.loss_iou_aux1: 0.2674, d2.loss_cls_aux1: 0.0103, d2.loss_bbox_aux1: 0.0578, d2.loss_iou_aux1: 0.2578, d3.loss_cls_aux1: 0.0097, d3.loss_bbox_aux1: 0.0577, d3.loss_iou_aux1: 0.2561, d4.loss_cls_aux1: 0.0095, d4.loss_bbox_aux1: 0.0577, d4.loss_iou_aux1: 0.2560, loss: 24.0191, grad_norm: 234.6900
2024-12-31 11:05:57,836 - mmdet - INFO - Epoch [32][600/4728]	lr: 5.000e-07, eta: 6:47:35, time: 1.042, data_time: 0.009, memory: 18661, enc_loss_cls: 0.1043, enc_loss_bbox: 0.0869, enc_loss_iou: 0.3800, loss_cls: 0.0806, loss_bbox: 0.0804, loss_iou: 0.3606, d0.loss_cls: 0.1250, d0.loss_bbox: 0.0787, d0.loss_iou: 0.3600, d1.loss_cls: 0.0891, d1.loss_bbox: 0.0802, d1.loss_iou: 0.3607, d2.loss_cls: 0.0835, d2.loss_bbox: 0.0806, d2.loss_iou: 0.3605, d3.loss_cls: 0.0827, d3.loss_bbox: 0.0806, d3.loss_iou: 0.3607, d4.loss_cls: 0.0834, d4.loss_bbox: 0.0805, d4.loss_iou: 0.3598, dn_loss_cls: 0.0149, dn_loss_bbox: 0.0458, dn_loss_iou: 0.1900, d0.dn_loss_cls: 0.0460, d0.dn_loss_bbox: 0.0639, d0.dn_loss_iou: 0.2680, d1.dn_loss_cls: 0.0231, d1.dn_loss_bbox: 0.0486, d1.dn_loss_iou: 0.2049, d2.dn_loss_cls: 0.0186, d2.dn_loss_bbox: 0.0461, d2.dn_loss_iou: 0.1921, d3.dn_loss_cls: 0.0156, d3.dn_loss_bbox: 0.0458, d3.dn_loss_iou: 0.1902, d4.dn_loss_cls: 0.0151, d4.dn_loss_bbox: 0.0458, d4.dn_loss_iou: 0.1900, loss_rpn_cls: 0.0373, loss_rpn_bbox: 0.1034, loss_cls0: 1.3361, acc0: 95.6191, loss_bbox0: 2.6204, loss_cls1: 1.1643, loss_bbox1: 3.6326, loss_centerness1: 6.7939, loss_cls_aux0: 0.0194, loss_bbox_aux0: 0.0161, loss_iou_aux0: 0.0618, d0.loss_cls_aux0: 0.0213, d0.loss_bbox_aux0: 0.0594, d0.loss_iou_aux0: 0.2135, d1.loss_cls_aux0: 0.0240, d1.loss_bbox_aux0: 0.0257, d1.loss_iou_aux0: 0.0962, d2.loss_cls_aux0: 0.0235, d2.loss_bbox_aux0: 0.0199, d2.loss_iou_aux0: 0.0714, d3.loss_cls_aux0: 0.0211, d3.loss_bbox_aux0: 0.0161, d3.loss_iou_aux0: 0.0617, d4.loss_cls_aux0: 0.0197, d4.loss_bbox_aux0: 0.0161, d4.loss_iou_aux0: 0.0617, loss_cls_aux1: 0.0173, loss_bbox_aux1: 0.0590, loss_iou_aux1: 0.2463, d0.loss_cls_aux1: 0.0227, d0.loss_bbox_aux1: 0.0763, d0.loss_iou_aux1: 0.3006, d1.loss_cls_aux1: 0.0222, d1.loss_bbox_aux1: 0.0614, d1.loss_iou_aux1: 0.2575, d2.loss_cls_aux1: 0.0206, d2.loss_bbox_aux1: 0.0599, d2.loss_iou_aux1: 0.2493, d3.loss_cls_aux1: 0.0192, d3.loss_bbox_aux1: 0.0590, d3.loss_iou_aux1: 0.2463, d4.loss_cls_aux1: 0.0179, d4.loss_bbox_aux1: 0.0590, d4.loss_iou_aux1: 0.2463, loss: 24.0007, grad_norm: 246.7264
2024-12-31 11:09:33,780 - mmdet - INFO - Epoch [32][800/4728]	lr: 5.000e-07, eta: 6:45:47, time: 1.080, data_time: 0.009, memory: 18661, enc_loss_cls: 0.1169, enc_loss_bbox: 0.0963, enc_loss_iou: 0.3953, loss_cls: 0.0924, loss_bbox: 0.0871, loss_iou: 0.3662, d0.loss_cls: 0.1429, d0.loss_bbox: 0.0891, d0.loss_iou: 0.3753, d1.loss_cls: 0.1021, d1.loss_bbox: 0.0875, d1.loss_iou: 0.3671, d2.loss_cls: 0.0965, d2.loss_bbox: 0.0879, d2.loss_iou: 0.3642, d3.loss_cls: 0.0910, d3.loss_bbox: 0.0879, d3.loss_iou: 0.3673, d4.loss_cls: 0.0937, d4.loss_bbox: 0.0874, d4.loss_iou: 0.3660, dn_loss_cls: 0.0220, dn_loss_bbox: 0.0493, dn_loss_iou: 0.1929, d0.dn_loss_cls: 0.0495, d0.dn_loss_bbox: 0.0671, d0.dn_loss_iou: 0.2636, d1.dn_loss_cls: 0.0291, d1.dn_loss_bbox: 0.0525, d1.dn_loss_iou: 0.2086, d2.dn_loss_cls: 0.0250, d2.dn_loss_bbox: 0.0497, d2.dn_loss_iou: 0.1958, d3.dn_loss_cls: 0.0224, d3.dn_loss_bbox: 0.0493, d3.dn_loss_iou: 0.1937, d4.dn_loss_cls: 0.0221, d4.dn_loss_bbox: 0.0493, d4.dn_loss_iou: 0.1931, loss_rpn_cls: 0.0313, loss_rpn_bbox: 0.0953, loss_cls0: 1.2232, acc0: 96.1406, loss_bbox0: 2.3783, loss_cls1: 1.2518, loss_bbox1: 3.4825, loss_centerness1: 6.7406, loss_cls_aux0: 0.0278, loss_bbox_aux0: 0.0154, loss_iou_aux0: 0.0541, d0.loss_cls_aux0: 0.0300, d0.loss_bbox_aux0: 0.0639, d0.loss_iou_aux0: 0.1977, d1.loss_cls_aux0: 0.0290, d1.loss_bbox_aux0: 0.0261, d1.loss_iou_aux0: 0.0856, d2.loss_cls_aux0: 0.0287, d2.loss_bbox_aux0: 0.0181, d2.loss_iou_aux0: 0.0628, d3.loss_cls_aux0: 0.0283, d3.loss_bbox_aux0: 0.0153, d3.loss_iou_aux0: 0.0551, d4.loss_cls_aux0: 0.0280, d4.loss_bbox_aux0: 0.0154, d4.loss_iou_aux0: 0.0540, loss_cls_aux1: 0.0241, loss_bbox_aux1: 0.0714, loss_iou_aux1: 0.2440, d0.loss_cls_aux1: 0.0255, d0.loss_bbox_aux1: 0.0876, d0.loss_iou_aux1: 0.2922, d1.loss_cls_aux1: 0.0255, d1.loss_bbox_aux1: 0.0744, d1.loss_iou_aux1: 0.2535, d2.loss_cls_aux1: 0.0247, d2.loss_bbox_aux1: 0.0720, d2.loss_iou_aux1: 0.2459, d3.loss_cls_aux1: 0.0253, d3.loss_bbox_aux1: 0.0715, d3.loss_iou_aux1: 0.2440, d4.loss_cls_aux1: 0.0241, d4.loss_bbox_aux1: 0.0714, d4.loss_iou_aux1: 0.2440, loss: 23.8542, grad_norm: 246.1860
2024-12-31 11:13:10,281 - mmdet - INFO - Epoch [32][1000/4728]	lr: 5.000e-07, eta: 6:43:29, time: 1.082, data_time: 0.009, memory: 18684, enc_loss_cls: 0.0891, enc_loss_bbox: 0.0815, enc_loss_iou: 0.3767, loss_cls: 0.0697, loss_bbox: 0.0746, loss_iou: 0.3600, d0.loss_cls: 0.1058, d0.loss_bbox: 0.0763, d0.loss_iou: 0.3607, d1.loss_cls: 0.0711, d1.loss_bbox: 0.0764, d1.loss_iou: 0.3623, d2.loss_cls: 0.0668, d2.loss_bbox: 0.0760, d2.loss_iou: 0.3631, d3.loss_cls: 0.0684, d3.loss_bbox: 0.0754, d3.loss_iou: 0.3612, d4.loss_cls: 0.0698, d4.loss_bbox: 0.0749, d4.loss_iou: 0.3602, dn_loss_cls: 0.0178, dn_loss_bbox: 0.0432, dn_loss_iou: 0.1893, d0.dn_loss_cls: 0.0422, d0.dn_loss_bbox: 0.0588, d0.dn_loss_iou: 0.2649, d1.dn_loss_cls: 0.0227, d1.dn_loss_bbox: 0.0460, d1.dn_loss_iou: 0.2041, d2.dn_loss_cls: 0.0196, d2.dn_loss_bbox: 0.0436, d2.dn_loss_iou: 0.1916, d3.dn_loss_cls: 0.0175, d3.dn_loss_bbox: 0.0432, d3.dn_loss_iou: 0.1893, d4.dn_loss_cls: 0.0175, d4.dn_loss_bbox: 0.0432, d4.dn_loss_iou: 0.1893, loss_rpn_cls: 0.0447, loss_rpn_bbox: 0.0997, loss_cls0: 1.2732, acc0: 95.7461, loss_bbox0: 2.5739, loss_cls1: 1.1274, loss_bbox1: 3.4991, loss_centerness1: 6.9293, loss_cls_aux0: 0.0192, loss_bbox_aux0: 0.0151, loss_iou_aux0: 0.0570, d0.loss_cls_aux0: 0.0220, d0.loss_bbox_aux0: 0.0559, d0.loss_iou_aux0: 0.2008, d1.loss_cls_aux0: 0.0188, d1.loss_bbox_aux0: 0.0242, d1.loss_iou_aux0: 0.0882, d2.loss_cls_aux0: 0.0183, d2.loss_bbox_aux0: 0.0178, d2.loss_iou_aux0: 0.0654, d3.loss_cls_aux0: 0.0178, d3.loss_bbox_aux0: 0.0151, d3.loss_iou_aux0: 0.0568, d4.loss_cls_aux0: 0.0186, d4.loss_bbox_aux0: 0.0151, d4.loss_iou_aux0: 0.0569, loss_cls_aux1: 0.0203, loss_bbox_aux1: 0.0551, loss_iou_aux1: 0.2383, d0.loss_cls_aux1: 0.0184, d0.loss_bbox_aux1: 0.0724, d0.loss_iou_aux1: 0.2946, d1.loss_cls_aux1: 0.0195, d1.loss_bbox_aux1: 0.0592, d1.loss_iou_aux1: 0.2493, d2.loss_cls_aux1: 0.0210, d2.loss_bbox_aux1: 0.0563, d2.loss_iou_aux1: 0.2405, d3.loss_cls_aux1: 0.0201, d3.loss_bbox_aux1: 0.0551, d3.loss_iou_aux1: 0.2382, d4.loss_cls_aux1: 0.0203, d4.loss_bbox_aux1: 0.0551, d4.loss_iou_aux1: 0.2383, loss: 23.5661, grad_norm: 221.1880
2024-12-31 11:16:46,336 - mmdet - INFO - Epoch [32][1200/4728]	lr: 5.000e-07, eta: 6:40:36, time: 1.080, data_time: 0.009, memory: 18684, enc_loss_cls: 0.1061, enc_loss_bbox: 0.1013, enc_loss_iou: 0.4236, loss_cls: 0.0993, loss_bbox: 0.0937, loss_iou: 0.3974, d0.loss_cls: 0.1301, d0.loss_bbox: 0.0969, d0.loss_iou: 0.4014, d1.loss_cls: 0.1034, d1.loss_bbox: 0.0946, d1.loss_iou: 0.4020, d2.loss_cls: 0.1034, d2.loss_bbox: 0.0926, d2.loss_iou: 0.3993, d3.loss_cls: 0.0966, d3.loss_bbox: 0.0946, d3.loss_iou: 0.3982, d4.loss_cls: 0.0987, d4.loss_bbox: 0.0938, d4.loss_iou: 0.3975, dn_loss_cls: 0.0207, dn_loss_bbox: 0.0516, dn_loss_iou: 0.2022, d0.dn_loss_cls: 0.0538, d0.dn_loss_bbox: 0.0723, d0.dn_loss_iou: 0.2859, d1.dn_loss_cls: 0.0282, d1.dn_loss_bbox: 0.0556, d1.dn_loss_iou: 0.2188, d2.dn_loss_cls: 0.0234, d2.dn_loss_bbox: 0.0523, d2.dn_loss_iou: 0.2050, d3.dn_loss_cls: 0.0212, d3.dn_loss_bbox: 0.0516, d3.dn_loss_iou: 0.2022, d4.dn_loss_cls: 0.0204, d4.dn_loss_bbox: 0.0516, d4.dn_loss_iou: 0.2021, loss_rpn_cls: 0.0237, loss_rpn_bbox: 0.1012, loss_cls0: 1.2914, acc0: 95.7871, loss_bbox0: 2.5118, loss_cls1: 1.3543, loss_bbox1: 3.7602, loss_centerness1: 7.1163, loss_cls_aux0: 0.0399, loss_bbox_aux0: 0.0136, loss_iou_aux0: 0.0521, d0.loss_cls_aux0: 0.0482, d0.loss_bbox_aux0: 0.0613, d0.loss_iou_aux0: 0.2026, d1.loss_cls_aux0: 0.0391, d1.loss_bbox_aux0: 0.0228, d1.loss_iou_aux0: 0.0827, d2.loss_cls_aux0: 0.0369, d2.loss_bbox_aux0: 0.0162, d2.loss_iou_aux0: 0.0608, d3.loss_cls_aux0: 0.0364, d3.loss_bbox_aux0: 0.0135, d3.loss_iou_aux0: 0.0519, d4.loss_cls_aux0: 0.0379, d4.loss_bbox_aux0: 0.0136, d4.loss_iou_aux0: 0.0521, loss_cls_aux1: 0.0359, loss_bbox_aux1: 0.0720, loss_iou_aux1: 0.2574, d0.loss_cls_aux1: 0.0319, d0.loss_bbox_aux1: 0.0943, d0.loss_iou_aux1: 0.3150, d1.loss_cls_aux1: 0.0298, d1.loss_bbox_aux1: 0.0759, d1.loss_iou_aux1: 0.2694, d2.loss_cls_aux1: 0.0299, d2.loss_bbox_aux1: 0.0734, d2.loss_iou_aux1: 0.2611, d3.loss_cls_aux1: 0.0329, d3.loss_bbox_aux1: 0.0721, d3.loss_iou_aux1: 0.2575, d4.loss_cls_aux1: 0.0348, d4.loss_bbox_aux1: 0.0720, d4.loss_iou_aux1: 0.2574, loss: 25.3566, grad_norm: 289.9836
2024-12-31 11:20:24,774 - mmdet - INFO - Epoch [32][1400/4728]	lr: 5.000e-07, eta: 6:38:08, time: 1.092, data_time: 0.009, memory: 18684, enc_loss_cls: 0.0857, enc_loss_bbox: 0.0913, enc_loss_iou: 0.4017, loss_cls: 0.0729, loss_bbox: 0.0823, loss_iou: 0.3782, d0.loss_cls: 0.1020, d0.loss_bbox: 0.0854, d0.loss_iou: 0.3831, d1.loss_cls: 0.0786, d1.loss_bbox: 0.0834, d1.loss_iou: 0.3771, d2.loss_cls: 0.0716, d2.loss_bbox: 0.0818, d2.loss_iou: 0.3764, d3.loss_cls: 0.0697, d3.loss_bbox: 0.0834, d3.loss_iou: 0.3796, d4.loss_cls: 0.0718, d4.loss_bbox: 0.0828, d4.loss_iou: 0.3790, dn_loss_cls: 0.0159, dn_loss_bbox: 0.0456, dn_loss_iou: 0.1962, d0.dn_loss_cls: 0.0441, d0.dn_loss_bbox: 0.0625, d0.dn_loss_iou: 0.2761, d1.dn_loss_cls: 0.0234, d1.dn_loss_bbox: 0.0485, d1.dn_loss_iou: 0.2104, d2.dn_loss_cls: 0.0185, d2.dn_loss_bbox: 0.0460, d2.dn_loss_iou: 0.1985, d3.dn_loss_cls: 0.0162, d3.dn_loss_bbox: 0.0456, d3.dn_loss_iou: 0.1963, d4.dn_loss_cls: 0.0158, d4.dn_loss_bbox: 0.0456, d4.dn_loss_iou: 0.1962, loss_rpn_cls: 0.0279, loss_rpn_bbox: 0.1142, loss_cls0: 1.3191, acc0: 95.5781, loss_bbox0: 2.5863, loss_cls1: 1.0399, loss_bbox1: 3.4146, loss_centerness1: 6.8402, loss_cls_aux0: 0.0132, loss_bbox_aux0: 0.0154, loss_iou_aux0: 0.0582, d0.loss_cls_aux0: 0.0163, d0.loss_bbox_aux0: 0.0586, d0.loss_iou_aux0: 0.2079, d1.loss_cls_aux0: 0.0149, d1.loss_bbox_aux0: 0.0240, d1.loss_iou_aux0: 0.0887, d2.loss_cls_aux0: 0.0137, d2.loss_bbox_aux0: 0.0173, d2.loss_iou_aux0: 0.0652, d3.loss_cls_aux0: 0.0130, d3.loss_bbox_aux0: 0.0154, d3.loss_iou_aux0: 0.0582, d4.loss_cls_aux0: 0.0130, d4.loss_bbox_aux0: 0.0154, d4.loss_iou_aux0: 0.0582, loss_cls_aux1: 0.0116, loss_bbox_aux1: 0.0599, loss_iou_aux1: 0.2394, d0.loss_cls_aux1: 0.0148, d0.loss_bbox_aux1: 0.0763, d0.loss_iou_aux1: 0.2936, d1.loss_cls_aux1: 0.0141, d1.loss_bbox_aux1: 0.0633, d1.loss_iou_aux1: 0.2494, d2.loss_cls_aux1: 0.0129, d2.loss_bbox_aux1: 0.0603, d2.loss_iou_aux1: 0.2403, d3.loss_cls_aux1: 0.0122, d3.loss_bbox_aux1: 0.0599, d3.loss_iou_aux1: 0.2394, d4.loss_cls_aux1: 0.0116, d4.loss_bbox_aux1: 0.0599, d4.loss_iou_aux1: 0.2394, loss: 23.5855, grad_norm: 231.8254
2024-12-31 11:24:01,534 - mmdet - INFO - Epoch [32][1600/4728]	lr: 5.000e-07, eta: 6:35:00, time: 1.084, data_time: 0.009, memory: 18684, enc_loss_cls: 0.0958, enc_loss_bbox: 0.0796, enc_loss_iou: 0.3937, loss_cls: 0.0769, loss_bbox: 0.0728, loss_iou: 0.3735, d0.loss_cls: 0.1085, d0.loss_bbox: 0.0741, d0.loss_iou: 0.3770, d1.loss_cls: 0.0812, d1.loss_bbox: 0.0736, d1.loss_iou: 0.3755, d2.loss_cls: 0.0771, d2.loss_bbox: 0.0724, d2.loss_iou: 0.3753, d3.loss_cls: 0.0746, d3.loss_bbox: 0.0731, d3.loss_iou: 0.3749, d4.loss_cls: 0.0763, d4.loss_bbox: 0.0727, d4.loss_iou: 0.3733, dn_loss_cls: 0.0175, dn_loss_bbox: 0.0387, dn_loss_iou: 0.1881, d0.dn_loss_cls: 0.0467, d0.dn_loss_bbox: 0.0533, d0.dn_loss_iou: 0.2651, d1.dn_loss_cls: 0.0256, d1.dn_loss_bbox: 0.0411, d1.dn_loss_iou: 0.2029, d2.dn_loss_cls: 0.0211, d2.dn_loss_bbox: 0.0391, d2.dn_loss_iou: 0.1908, d3.dn_loss_cls: 0.0182, d3.dn_loss_bbox: 0.0386, d3.dn_loss_iou: 0.1881, d4.dn_loss_cls: 0.0175, d4.dn_loss_bbox: 0.0387, d4.dn_loss_iou: 0.1881, loss_rpn_cls: 0.0492, loss_rpn_bbox: 0.1155, loss_cls0: 1.3551, acc0: 95.6260, loss_bbox0: 2.5385, loss_cls1: 1.1941, loss_bbox1: 3.5400, loss_centerness1: 6.6037, loss_cls_aux0: 0.0290, loss_bbox_aux0: 0.0134, loss_iou_aux0: 0.0576, d0.loss_cls_aux0: 0.0294, d0.loss_bbox_aux0: 0.0517, d0.loss_iou_aux0: 0.2015, d1.loss_cls_aux0: 0.0333, d1.loss_bbox_aux0: 0.0201, d1.loss_iou_aux0: 0.0849, d2.loss_cls_aux0: 0.0318, d2.loss_bbox_aux0: 0.0149, d2.loss_iou_aux0: 0.0639, d3.loss_cls_aux0: 0.0294, d3.loss_bbox_aux0: 0.0134, d3.loss_iou_aux0: 0.0574, d4.loss_cls_aux0: 0.0282, d4.loss_bbox_aux0: 0.0134, d4.loss_iou_aux0: 0.0574, loss_cls_aux1: 0.0156, loss_bbox_aux1: 0.0544, loss_iou_aux1: 0.2365, d0.loss_cls_aux1: 0.0226, d0.loss_bbox_aux1: 0.0710, d0.loss_iou_aux1: 0.2914, d1.loss_cls_aux1: 0.0181, d1.loss_bbox_aux1: 0.0571, d1.loss_iou_aux1: 0.2470, d2.loss_cls_aux1: 0.0168, d2.loss_bbox_aux1: 0.0549, d2.loss_iou_aux1: 0.2392, d3.loss_cls_aux1: 0.0156, d3.loss_bbox_aux1: 0.0544, d3.loss_iou_aux1: 0.2366, d4.loss_cls_aux1: 0.0152, d4.loss_bbox_aux1: 0.0544, d4.loss_iou_aux1: 0.2365, loss: 23.5351, grad_norm: 210.8202
2024-12-31 11:27:37,249 - mmdet - INFO - Epoch [32][1800/4728]	lr: 5.000e-07, eta: 6:31:33, time: 1.079, data_time: 0.009, memory: 18684, enc_loss_cls: 0.1101, enc_loss_bbox: 0.0929, enc_loss_iou: 0.4181, loss_cls: 0.0813, loss_bbox: 0.0863, loss_iou: 0.3895, d0.loss_cls: 0.1192, d0.loss_bbox: 0.0874, d0.loss_iou: 0.3939, d1.loss_cls: 0.0909, d1.loss_bbox: 0.0876, d1.loss_iou: 0.3903, d2.loss_cls: 0.0852, d2.loss_bbox: 0.0868, d2.loss_iou: 0.3891, d3.loss_cls: 0.0831, d3.loss_bbox: 0.0866, d3.loss_iou: 0.3877, d4.loss_cls: 0.0813, d4.loss_bbox: 0.0865, d4.loss_iou: 0.3892, dn_loss_cls: 0.0196, dn_loss_bbox: 0.0457, dn_loss_iou: 0.2026, d0.dn_loss_cls: 0.0501, d0.dn_loss_bbox: 0.0623, d0.dn_loss_iou: 0.2829, d1.dn_loss_cls: 0.0279, d1.dn_loss_bbox: 0.0486, d1.dn_loss_iou: 0.2184, d2.dn_loss_cls: 0.0229, d2.dn_loss_bbox: 0.0460, d2.dn_loss_iou: 0.2052, d3.dn_loss_cls: 0.0204, d3.dn_loss_bbox: 0.0456, d3.dn_loss_iou: 0.2026, d4.dn_loss_cls: 0.0196, d4.dn_loss_bbox: 0.0457, d4.dn_loss_iou: 0.2029, loss_rpn_cls: 0.0348, loss_rpn_bbox: 0.1129, loss_cls0: 1.3469, acc0: 95.7139, loss_bbox0: 2.5461, loss_cls1: 1.2195, loss_bbox1: 3.8647, loss_centerness1: 6.8861, loss_cls_aux0: 0.0182, loss_bbox_aux0: 0.0167, loss_iou_aux0: 0.0638, d0.loss_cls_aux0: 0.0282, d0.loss_bbox_aux0: 0.0590, d0.loss_iou_aux0: 0.2174, d1.loss_cls_aux0: 0.0241, d1.loss_bbox_aux0: 0.0266, d1.loss_iou_aux0: 0.0999, d2.loss_cls_aux0: 0.0230, d2.loss_bbox_aux0: 0.0187, d2.loss_iou_aux0: 0.0706, d3.loss_cls_aux0: 0.0217, d3.loss_bbox_aux0: 0.0166, d3.loss_iou_aux0: 0.0635, d4.loss_cls_aux0: 0.0189, d4.loss_bbox_aux0: 0.0167, d4.loss_iou_aux0: 0.0637, loss_cls_aux1: 0.0130, loss_bbox_aux1: 0.0684, loss_iou_aux1: 0.2603, d0.loss_cls_aux1: 0.0177, d0.loss_bbox_aux1: 0.0868, d0.loss_iou_aux1: 0.3203, d1.loss_cls_aux1: 0.0158, d1.loss_bbox_aux1: 0.0721, d1.loss_iou_aux1: 0.2727, d2.loss_cls_aux1: 0.0150, d2.loss_bbox_aux1: 0.0687, d2.loss_iou_aux1: 0.2618, d3.loss_cls_aux1: 0.0141, d3.loss_bbox_aux1: 0.0683, d3.loss_iou_aux1: 0.2603, d4.loss_cls_aux1: 0.0130, d4.loss_bbox_aux1: 0.0684, d4.loss_iou_aux1: 0.2603, loss: 24.8278, grad_norm: 247.4409
2024-12-31 11:31:17,678 - mmdet - INFO - Epoch [32][2000/4728]	lr: 5.000e-07, eta: 6:28:55, time: 1.102, data_time: 0.009, memory: 18684, enc_loss_cls: 0.0967, enc_loss_bbox: 0.0834, enc_loss_iou: 0.3910, loss_cls: 0.0800, loss_bbox: 0.0740, loss_iou: 0.3627, d0.loss_cls: 0.1081, d0.loss_bbox: 0.0757, d0.loss_iou: 0.3709, d1.loss_cls: 0.0791, d1.loss_bbox: 0.0751, d1.loss_iou: 0.3685, d2.loss_cls: 0.0800, d2.loss_bbox: 0.0744, d2.loss_iou: 0.3632, d3.loss_cls: 0.0744, d3.loss_bbox: 0.0747, d3.loss_iou: 0.3648, d4.loss_cls: 0.0797, d4.loss_bbox: 0.0741, d4.loss_iou: 0.3626, dn_loss_cls: 0.0138, dn_loss_bbox: 0.0462, dn_loss_iou: 0.1935, d0.dn_loss_cls: 0.0429, d0.dn_loss_bbox: 0.0639, d0.dn_loss_iou: 0.2752, d1.dn_loss_cls: 0.0207, d1.dn_loss_bbox: 0.0488, d1.dn_loss_iou: 0.2075, d2.dn_loss_cls: 0.0164, d2.dn_loss_bbox: 0.0466, d2.dn_loss_iou: 0.1958, d3.dn_loss_cls: 0.0144, d3.dn_loss_bbox: 0.0462, d3.dn_loss_iou: 0.1935, d4.dn_loss_cls: 0.0139, d4.dn_loss_bbox: 0.0462, d4.dn_loss_iou: 0.1935, loss_rpn_cls: 0.0383, loss_rpn_bbox: 0.1069, loss_cls0: 1.3284, acc0: 95.6768, loss_bbox0: 2.6736, loss_cls1: 1.1652, loss_bbox1: 3.6972, loss_centerness1: 6.9811, loss_cls_aux0: 0.0095, loss_bbox_aux0: 0.0148, loss_iou_aux0: 0.0582, d0.loss_cls_aux0: 0.0138, d0.loss_bbox_aux0: 0.0551, d0.loss_iou_aux0: 0.2080, d1.loss_cls_aux0: 0.0133, d1.loss_bbox_aux0: 0.0222, d1.loss_iou_aux0: 0.0868, d2.loss_cls_aux0: 0.0115, d2.loss_bbox_aux0: 0.0166, d2.loss_iou_aux0: 0.0649, d3.loss_cls_aux0: 0.0099, d3.loss_bbox_aux0: 0.0148, d3.loss_iou_aux0: 0.0580, d4.loss_cls_aux0: 0.0092, d4.loss_bbox_aux0: 0.0148, d4.loss_iou_aux0: 0.0581, loss_cls_aux1: 0.0110, loss_bbox_aux1: 0.0695, loss_iou_aux1: 0.2610, d0.loss_cls_aux1: 0.0149, d0.loss_bbox_aux1: 0.0854, d0.loss_iou_aux1: 0.3168, d1.loss_cls_aux1: 0.0134, d1.loss_bbox_aux1: 0.0714, d1.loss_iou_aux1: 0.2708, d2.loss_cls_aux1: 0.0122, d2.loss_bbox_aux1: 0.0700, d2.loss_iou_aux1: 0.2626, d3.loss_cls_aux1: 0.0114, d3.loss_bbox_aux1: 0.0695, d3.loss_iou_aux1: 0.2609, d4.loss_cls_aux1: 0.0109, d4.loss_bbox_aux1: 0.0695, d4.loss_iou_aux1: 0.2610, loss: 24.2644, grad_norm: 249.6486
2024-12-31 11:34:52,674 - mmdet - INFO - Epoch [32][2200/4728]	lr: 5.000e-07, eta: 6:25:13, time: 1.075, data_time: 0.009, memory: 18684, enc_loss_cls: 0.0943, enc_loss_bbox: 0.0930, enc_loss_iou: 0.4188, loss_cls: 0.0853, loss_bbox: 0.0846, loss_iou: 0.3894, d0.loss_cls: 0.1194, d0.loss_bbox: 0.0839, d0.loss_iou: 0.3907, d1.loss_cls: 0.0896, d1.loss_bbox: 0.0838, d1.loss_iou: 0.3902, d2.loss_cls: 0.0846, d2.loss_bbox: 0.0843, d2.loss_iou: 0.3907, d3.loss_cls: 0.0844, d3.loss_bbox: 0.0843, d3.loss_iou: 0.3898, d4.loss_cls: 0.0852, d4.loss_bbox: 0.0844, d4.loss_iou: 0.3888, dn_loss_cls: 0.0177, dn_loss_bbox: 0.0459, dn_loss_iou: 0.1988, d0.dn_loss_cls: 0.0479, d0.dn_loss_bbox: 0.0627, d0.dn_loss_iou: 0.2803, d1.dn_loss_cls: 0.0265, d1.dn_loss_bbox: 0.0484, d1.dn_loss_iou: 0.2138, d2.dn_loss_cls: 0.0212, d2.dn_loss_bbox: 0.0464, d2.dn_loss_iou: 0.2015, d3.dn_loss_cls: 0.0183, d3.dn_loss_bbox: 0.0459, d3.dn_loss_iou: 0.1989, d4.dn_loss_cls: 0.0179, d4.dn_loss_bbox: 0.0459, d4.dn_loss_iou: 0.1988, loss_rpn_cls: 0.0500, loss_rpn_bbox: 0.1198, loss_cls0: 1.3239, acc0: 95.5391, loss_bbox0: 2.6243, loss_cls1: 1.1651, loss_bbox1: 3.7690, loss_centerness1: 6.9035, loss_cls_aux0: 0.0227, loss_bbox_aux0: 0.0169, loss_iou_aux0: 0.0614, d0.loss_cls_aux0: 0.0228, d0.loss_bbox_aux0: 0.0608, d0.loss_iou_aux0: 0.2116, d1.loss_cls_aux0: 0.0224, d1.loss_bbox_aux0: 0.0261, d1.loss_iou_aux0: 0.0936, d2.loss_cls_aux0: 0.0223, d2.loss_bbox_aux0: 0.0188, d2.loss_iou_aux0: 0.0700, d3.loss_cls_aux0: 0.0223, d3.loss_bbox_aux0: 0.0169, d3.loss_iou_aux0: 0.0613, d4.loss_cls_aux0: 0.0217, d4.loss_bbox_aux0: 0.0169, d4.loss_iou_aux0: 0.0614, loss_cls_aux1: 0.0185, loss_bbox_aux1: 0.0650, loss_iou_aux1: 0.2562, d0.loss_cls_aux1: 0.0166, d0.loss_bbox_aux1: 0.0826, d0.loss_iou_aux1: 0.3146, d1.loss_cls_aux1: 0.0181, d1.loss_bbox_aux1: 0.0682, d1.loss_iou_aux1: 0.2679, d2.loss_cls_aux1: 0.0176, d2.loss_bbox_aux1: 0.0665, d2.loss_iou_aux1: 0.2601, d3.loss_cls_aux1: 0.0180, d3.loss_bbox_aux1: 0.0650, d3.loss_iou_aux1: 0.2561, d4.loss_cls_aux1: 0.0180, d4.loss_bbox_aux1: 0.0650, d4.loss_iou_aux1: 0.2561, loss: 24.6721, grad_norm: 267.2751
2024-12-31 11:38:27,463 - mmdet - INFO - Epoch [32][2400/4728]	lr: 5.000e-07, eta: 6:21:30, time: 1.074, data_time: 0.009, memory: 18684, enc_loss_cls: 0.0893, enc_loss_bbox: 0.0840, enc_loss_iou: 0.3982, loss_cls: 0.0655, loss_bbox: 0.0817, loss_iou: 0.3732, d0.loss_cls: 0.1008, d0.loss_bbox: 0.0829, d0.loss_iou: 0.3782, d1.loss_cls: 0.0740, d1.loss_bbox: 0.0817, d1.loss_iou: 0.3757, d2.loss_cls: 0.0661, d2.loss_bbox: 0.0819, d2.loss_iou: 0.3749, d3.loss_cls: 0.0661, d3.loss_bbox: 0.0819, d3.loss_iou: 0.3737, d4.loss_cls: 0.0665, d4.loss_bbox: 0.0817, d4.loss_iou: 0.3728, dn_loss_cls: 0.0150, dn_loss_bbox: 0.0475, dn_loss_iou: 0.1997, d0.dn_loss_cls: 0.0431, d0.dn_loss_bbox: 0.0648, d0.dn_loss_iou: 0.2784, d1.dn_loss_cls: 0.0226, d1.dn_loss_bbox: 0.0502, d1.dn_loss_iou: 0.2141, d2.dn_loss_cls: 0.0178, d2.dn_loss_bbox: 0.0480, d2.dn_loss_iou: 0.2020, d3.dn_loss_cls: 0.0154, d3.dn_loss_bbox: 0.0474, d3.dn_loss_iou: 0.1998, d4.dn_loss_cls: 0.0150, d4.dn_loss_bbox: 0.0475, d4.dn_loss_iou: 0.1997, loss_rpn_cls: 0.0262, loss_rpn_bbox: 0.1210, loss_cls0: 1.3829, acc0: 95.3330, loss_bbox0: 2.7849, loss_cls1: 1.1030, loss_bbox1: 3.6839, loss_centerness1: 6.9766, loss_cls_aux0: 0.0115, loss_bbox_aux0: 0.0170, loss_iou_aux0: 0.0668, d0.loss_cls_aux0: 0.0179, d0.loss_bbox_aux0: 0.0620, d0.loss_iou_aux0: 0.2175, d1.loss_cls_aux0: 0.0169, d1.loss_bbox_aux0: 0.0272, d1.loss_iou_aux0: 0.0998, d2.loss_cls_aux0: 0.0149, d2.loss_bbox_aux0: 0.0202, d2.loss_iou_aux0: 0.0755, d3.loss_cls_aux0: 0.0129, d3.loss_bbox_aux0: 0.0169, d3.loss_iou_aux0: 0.0667, d4.loss_cls_aux0: 0.0119, d4.loss_bbox_aux0: 0.0170, d4.loss_iou_aux0: 0.0667, loss_cls_aux1: 0.0119, loss_bbox_aux1: 0.0635, loss_iou_aux1: 0.2517, d0.loss_cls_aux1: 0.0160, d0.loss_bbox_aux1: 0.0842, d0.loss_iou_aux1: 0.3073, d1.loss_cls_aux1: 0.0141, d1.loss_bbox_aux1: 0.0678, d1.loss_iou_aux1: 0.2639, d2.loss_cls_aux1: 0.0136, d2.loss_bbox_aux1: 0.0647, d2.loss_iou_aux1: 0.2539, d3.loss_cls_aux1: 0.0124, d3.loss_bbox_aux1: 0.0634, d3.loss_iou_aux1: 0.2516, d4.loss_cls_aux1: 0.0121, d4.loss_bbox_aux1: 0.0635, d4.loss_iou_aux1: 0.2517, loss: 24.4636, grad_norm: 211.1656
2024-12-31 11:42:02,070 - mmdet - INFO - Epoch [32][2600/4728]	lr: 5.000e-07, eta: 6:17:47, time: 1.073, data_time: 0.009, memory: 18684, enc_loss_cls: 0.0958, enc_loss_bbox: 0.0824, enc_loss_iou: 0.3990, loss_cls: 0.0842, loss_bbox: 0.0735, loss_iou: 0.3757, d0.loss_cls: 0.1247, d0.loss_bbox: 0.0738, d0.loss_iou: 0.3777, d1.loss_cls: 0.0923, d1.loss_bbox: 0.0740, d1.loss_iou: 0.3745, d2.loss_cls: 0.0832, d2.loss_bbox: 0.0735, d2.loss_iou: 0.3786, d3.loss_cls: 0.0867, d3.loss_bbox: 0.0740, d3.loss_iou: 0.3732, d4.loss_cls: 0.0857, d4.loss_bbox: 0.0735, d4.loss_iou: 0.3740, dn_loss_cls: 0.0191, dn_loss_bbox: 0.0422, dn_loss_iou: 0.2000, d0.dn_loss_cls: 0.0467, d0.dn_loss_bbox: 0.0582, d0.dn_loss_iou: 0.2790, d1.dn_loss_cls: 0.0262, d1.dn_loss_bbox: 0.0447, d1.dn_loss_iou: 0.2146, d2.dn_loss_cls: 0.0214, d2.dn_loss_bbox: 0.0425, d2.dn_loss_iou: 0.2019, d3.dn_loss_cls: 0.0196, d3.dn_loss_bbox: 0.0422, d3.dn_loss_iou: 0.1999, d4.dn_loss_cls: 0.0190, d4.dn_loss_bbox: 0.0422, d4.dn_loss_iou: 0.2000, loss_rpn_cls: 0.0406, loss_rpn_bbox: 0.1121, loss_cls0: 1.3514, acc0: 95.5391, loss_bbox0: 2.5591, loss_cls1: 1.1820, loss_bbox1: 3.6466, loss_centerness1: 6.8779, loss_cls_aux0: 0.0190, loss_bbox_aux0: 0.0144, loss_iou_aux0: 0.0608, d0.loss_cls_aux0: 0.0220, d0.loss_bbox_aux0: 0.0522, d0.loss_iou_aux0: 0.2145, d1.loss_cls_aux0: 0.0205, d1.loss_bbox_aux0: 0.0220, d1.loss_iou_aux0: 0.0933, d2.loss_cls_aux0: 0.0200, d2.loss_bbox_aux0: 0.0168, d2.loss_iou_aux0: 0.0698, d3.loss_cls_aux0: 0.0200, d3.loss_bbox_aux0: 0.0145, d3.loss_iou_aux0: 0.0593, d4.loss_cls_aux0: 0.0177, d4.loss_bbox_aux0: 0.0144, d4.loss_iou_aux0: 0.0613, loss_cls_aux1: 0.0164, loss_bbox_aux1: 0.0564, loss_iou_aux1: 0.2436, d0.loss_cls_aux1: 0.0182, d0.loss_bbox_aux1: 0.0699, d0.loss_iou_aux1: 0.3016, d1.loss_cls_aux1: 0.0183, d1.loss_bbox_aux1: 0.0588, d1.loss_iou_aux1: 0.2550, d2.loss_cls_aux1: 0.0182, d2.loss_bbox_aux1: 0.0562, d2.loss_iou_aux1: 0.2453, d3.loss_cls_aux1: 0.0178, d3.loss_bbox_aux1: 0.0564, d3.loss_iou_aux1: 0.2436, d4.loss_cls_aux1: 0.0164, d4.loss_bbox_aux1: 0.0564, d4.loss_iou_aux1: 0.2435, loss: 24.1238, grad_norm: 244.1893
2024-12-31 11:45:35,848 - mmdet - INFO - Epoch [32][2800/4728]	lr: 5.000e-07, eta: 6:13:59, time: 1.069, data_time: 0.009, memory: 18684, enc_loss_cls: 0.0983, enc_loss_bbox: 0.0988, enc_loss_iou: 0.4203, loss_cls: 0.0730, loss_bbox: 0.0928, loss_iou: 0.4034, d0.loss_cls: 0.1117, d0.loss_bbox: 0.0973, d0.loss_iou: 0.4048, d1.loss_cls: 0.0801, d1.loss_bbox: 0.0942, d1.loss_iou: 0.4031, d2.loss_cls: 0.0762, d2.loss_bbox: 0.0926, d2.loss_iou: 0.4037, d3.loss_cls: 0.0747, d3.loss_bbox: 0.0924, d3.loss_iou: 0.4026, d4.loss_cls: 0.0729, d4.loss_bbox: 0.0928, d4.loss_iou: 0.4035, dn_loss_cls: 0.0172, dn_loss_bbox: 0.0473, dn_loss_iou: 0.2025, d0.dn_loss_cls: 0.0479, d0.dn_loss_bbox: 0.0652, d0.dn_loss_iou: 0.2834, d1.dn_loss_cls: 0.0258, d1.dn_loss_bbox: 0.0506, d1.dn_loss_iou: 0.2177, d2.dn_loss_cls: 0.0209, d2.dn_loss_bbox: 0.0479, d2.dn_loss_iou: 0.2051, d3.dn_loss_cls: 0.0182, d3.dn_loss_bbox: 0.0473, d3.dn_loss_iou: 0.2025, d4.dn_loss_cls: 0.0173, d4.dn_loss_bbox: 0.0473, d4.dn_loss_iou: 0.2025, loss_rpn_cls: 0.0507, loss_rpn_bbox: 0.1125, loss_cls0: 1.3956, acc0: 95.4648, loss_bbox0: 2.7841, loss_cls1: 1.2086, loss_bbox1: 3.7653, loss_centerness1: 7.0105, loss_cls_aux0: 0.0139, loss_bbox_aux0: 0.0162, loss_iou_aux0: 0.0604, d0.loss_cls_aux0: 0.0217, d0.loss_bbox_aux0: 0.0629, d0.loss_iou_aux0: 0.2165, d1.loss_cls_aux0: 0.0197, d1.loss_bbox_aux0: 0.0272, d1.loss_iou_aux0: 0.0941, d2.loss_cls_aux0: 0.0180, d2.loss_bbox_aux0: 0.0190, d2.loss_iou_aux0: 0.0684, d3.loss_cls_aux0: 0.0160, d3.loss_bbox_aux0: 0.0162, d3.loss_iou_aux0: 0.0602, d4.loss_cls_aux0: 0.0137, d4.loss_bbox_aux0: 0.0162, d4.loss_iou_aux0: 0.0603, loss_cls_aux1: 0.0122, loss_bbox_aux1: 0.0727, loss_iou_aux1: 0.2598, d0.loss_cls_aux1: 0.0157, d0.loss_bbox_aux1: 0.0938, d0.loss_iou_aux1: 0.3165, d1.loss_cls_aux1: 0.0155, d1.loss_bbox_aux1: 0.0780, d1.loss_iou_aux1: 0.2721, d2.loss_cls_aux1: 0.0142, d2.loss_bbox_aux1: 0.0727, d2.loss_iou_aux1: 0.2605, d3.loss_cls_aux1: 0.0128, d3.loss_bbox_aux1: 0.0727, d3.loss_iou_aux1: 0.2599, d4.loss_cls_aux1: 0.0119, d4.loss_bbox_aux1: 0.0727, d4.loss_iou_aux1: 0.2598, loss: 25.1780, grad_norm: 215.0858
2024-12-31 11:49:10,015 - mmdet - INFO - Epoch [32][3000/4728]	lr: 5.000e-07, eta: 6:10:15, time: 1.071, data_time: 0.009, memory: 18684, enc_loss_cls: 0.0928, enc_loss_bbox: 0.0930, enc_loss_iou: 0.4114, loss_cls: 0.0780, loss_bbox: 0.0845, loss_iou: 0.3917, d0.loss_cls: 0.1061, d0.loss_bbox: 0.0865, d0.loss_iou: 0.3956, d1.loss_cls: 0.0822, d1.loss_bbox: 0.0845, d1.loss_iou: 0.3956, d2.loss_cls: 0.0755, d2.loss_bbox: 0.0857, d2.loss_iou: 0.3949, d3.loss_cls: 0.0788, d3.loss_bbox: 0.0849, d3.loss_iou: 0.3918, d4.loss_cls: 0.0786, d4.loss_bbox: 0.0845, d4.loss_iou: 0.3913, dn_loss_cls: 0.0203, dn_loss_bbox: 0.0448, dn_loss_iou: 0.1972, d0.dn_loss_cls: 0.0504, d0.dn_loss_bbox: 0.0618, d0.dn_loss_iou: 0.2780, d1.dn_loss_cls: 0.0280, d1.dn_loss_bbox: 0.0475, d1.dn_loss_iou: 0.2126, d2.dn_loss_cls: 0.0226, d2.dn_loss_bbox: 0.0452, d2.dn_loss_iou: 0.1997, d3.dn_loss_cls: 0.0207, d3.dn_loss_bbox: 0.0448, d3.dn_loss_iou: 0.1972, d4.dn_loss_cls: 0.0204, d4.dn_loss_bbox: 0.0448, d4.dn_loss_iou: 0.1971, loss_rpn_cls: 0.0243, loss_rpn_bbox: 0.1115, loss_cls0: 1.3164, acc0: 95.5537, loss_bbox0: 2.5317, loss_cls1: 1.1662, loss_bbox1: 3.6618, loss_centerness1: 6.6825, loss_cls_aux0: 0.0237, loss_bbox_aux0: 0.0150, loss_iou_aux0: 0.0568, d0.loss_cls_aux0: 0.0220, d0.loss_bbox_aux0: 0.0588, d0.loss_iou_aux0: 0.2079, d1.loss_cls_aux0: 0.0218, d1.loss_bbox_aux0: 0.0240, d1.loss_iou_aux0: 0.0884, d2.loss_cls_aux0: 0.0221, d2.loss_bbox_aux0: 0.0170, d2.loss_iou_aux0: 0.0639, d3.loss_cls_aux0: 0.0241, d3.loss_bbox_aux0: 0.0150, d3.loss_iou_aux0: 0.0568, d4.loss_cls_aux0: 0.0230, d4.loss_bbox_aux0: 0.0150, d4.loss_iou_aux0: 0.0567, loss_cls_aux1: 0.0226, loss_bbox_aux1: 0.0670, loss_iou_aux1: 0.2579, d0.loss_cls_aux1: 0.0178, d0.loss_bbox_aux1: 0.0866, d0.loss_iou_aux1: 0.3149, d1.loss_cls_aux1: 0.0176, d1.loss_bbox_aux1: 0.0710, d1.loss_iou_aux1: 0.2706, d2.loss_cls_aux1: 0.0183, d2.loss_bbox_aux1: 0.0675, d2.loss_iou_aux1: 0.2597, d3.loss_cls_aux1: 0.0218, d3.loss_bbox_aux1: 0.0670, d3.loss_iou_aux1: 0.2580, d4.loss_cls_aux1: 0.0223, d4.loss_bbox_aux1: 0.0670, d4.loss_iou_aux1: 0.2579, loss: 24.1727, grad_norm: 276.3706
2024-12-31 11:52:41,502 - mmdet - INFO - Epoch [32][3200/4728]	lr: 5.000e-07, eta: 6:06:16, time: 1.057, data_time: 0.009, memory: 18684, enc_loss_cls: 0.1008, enc_loss_bbox: 0.0934, enc_loss_iou: 0.4075, loss_cls: 0.0998, loss_bbox: 0.0809, loss_iou: 0.3815, d0.loss_cls: 0.1234, d0.loss_bbox: 0.0825, d0.loss_iou: 0.3863, d1.loss_cls: 0.1002, d1.loss_bbox: 0.0809, d1.loss_iou: 0.3833, d2.loss_cls: 0.0913, d2.loss_bbox: 0.0822, d2.loss_iou: 0.3845, d3.loss_cls: 0.0816, d3.loss_bbox: 0.0825, d3.loss_iou: 0.3890, d4.loss_cls: 0.0990, d4.loss_bbox: 0.0810, d4.loss_iou: 0.3817, dn_loss_cls: 0.0162, dn_loss_bbox: 0.0433, dn_loss_iou: 0.1958, d0.dn_loss_cls: 0.0463, d0.dn_loss_bbox: 0.0610, d0.dn_loss_iou: 0.2758, d1.dn_loss_cls: 0.0246, d1.dn_loss_bbox: 0.0467, d1.dn_loss_iou: 0.2110, d2.dn_loss_cls: 0.0193, d2.dn_loss_bbox: 0.0439, d2.dn_loss_iou: 0.1981, d3.dn_loss_cls: 0.0168, d3.dn_loss_bbox: 0.0433, d3.dn_loss_iou: 0.1957, d4.dn_loss_cls: 0.0164, d4.dn_loss_bbox: 0.0433, d4.dn_loss_iou: 0.1958, loss_rpn_cls: 0.0250, loss_rpn_bbox: 0.1095, loss_cls0: 1.3534, acc0: 95.5957, loss_bbox0: 2.5666, loss_cls1: 1.2377, loss_bbox1: 3.6470, loss_centerness1: 6.7638, loss_cls_aux0: 0.0146, loss_bbox_aux0: 0.0148, loss_iou_aux0: 0.0588, d0.loss_cls_aux0: 0.0198, d0.loss_bbox_aux0: 0.0533, d0.loss_iou_aux0: 0.2091, d1.loss_cls_aux0: 0.0181, d1.loss_bbox_aux0: 0.0237, d1.loss_iou_aux0: 0.0921, d2.loss_cls_aux0: 0.0182, d2.loss_bbox_aux0: 0.0170, d2.loss_iou_aux0: 0.0678, d3.loss_cls_aux0: 0.0174, d3.loss_bbox_aux0: 0.0148, d3.loss_iou_aux0: 0.0588, d4.loss_cls_aux0: 0.0155, d4.loss_bbox_aux0: 0.0147, d4.loss_iou_aux0: 0.0587, loss_cls_aux1: 0.0156, loss_bbox_aux1: 0.0585, loss_iou_aux1: 0.2481, d0.loss_cls_aux1: 0.0161, d0.loss_bbox_aux1: 0.0821, d0.loss_iou_aux1: 0.3129, d1.loss_cls_aux1: 0.0176, d1.loss_bbox_aux1: 0.0630, d1.loss_iou_aux1: 0.2596, d2.loss_cls_aux1: 0.0171, d2.loss_bbox_aux1: 0.0598, d2.loss_iou_aux1: 0.2503, d3.loss_cls_aux1: 0.0166, d3.loss_bbox_aux1: 0.0586, d3.loss_iou_aux1: 0.2482, d4.loss_cls_aux1: 0.0161, d4.loss_bbox_aux1: 0.0584, d4.loss_iou_aux1: 0.2481, loss: 24.2241, grad_norm: 236.1464
2024-12-31 11:56:13,154 - mmdet - INFO - Epoch [32][3400/4728]	lr: 5.000e-07, eta: 6:02:21, time: 1.058, data_time: 0.008, memory: 18684, enc_loss_cls: 0.0850, enc_loss_bbox: 0.0759, enc_loss_iou: 0.3617, loss_cls: 0.0664, loss_bbox: 0.0695, loss_iou: 0.3380, d0.loss_cls: 0.0994, d0.loss_bbox: 0.0706, d0.loss_iou: 0.3406, d1.loss_cls: 0.0691, d1.loss_bbox: 0.0705, d1.loss_iou: 0.3401, d2.loss_cls: 0.0618, d2.loss_bbox: 0.0702, d2.loss_iou: 0.3418, d3.loss_cls: 0.0641, d3.loss_bbox: 0.0697, d3.loss_iou: 0.3395, d4.loss_cls: 0.0672, d4.loss_bbox: 0.0694, d4.loss_iou: 0.3379, dn_loss_cls: 0.0164, dn_loss_bbox: 0.0412, dn_loss_iou: 0.1808, d0.dn_loss_cls: 0.0410, d0.dn_loss_bbox: 0.0553, d0.dn_loss_iou: 0.2498, d1.dn_loss_cls: 0.0223, d1.dn_loss_bbox: 0.0436, d1.dn_loss_iou: 0.1942, d2.dn_loss_cls: 0.0179, d2.dn_loss_bbox: 0.0418, d2.dn_loss_iou: 0.1830, d3.dn_loss_cls: 0.0166, d3.dn_loss_bbox: 0.0412, d3.dn_loss_iou: 0.1808, d4.dn_loss_cls: 0.0171, d4.dn_loss_bbox: 0.0412, d4.dn_loss_iou: 0.1808, loss_rpn_cls: 0.0302, loss_rpn_bbox: 0.0838, loss_cls0: 1.2111, acc0: 95.9590, loss_bbox0: 2.3613, loss_cls1: 1.0109, loss_bbox1: 3.2692, loss_centerness1: 6.6806, loss_cls_aux0: 0.0125, loss_bbox_aux0: 0.0144, loss_iou_aux0: 0.0544, d0.loss_cls_aux0: 0.0183, d0.loss_bbox_aux0: 0.0507, d0.loss_iou_aux0: 0.1838, d1.loss_cls_aux0: 0.0172, d1.loss_bbox_aux0: 0.0226, d1.loss_iou_aux0: 0.0800, d2.loss_cls_aux0: 0.0156, d2.loss_bbox_aux0: 0.0164, d2.loss_iou_aux0: 0.0607, d3.loss_cls_aux0: 0.0147, d3.loss_bbox_aux0: 0.0144, d3.loss_iou_aux0: 0.0542, d4.loss_cls_aux0: 0.0131, d4.loss_bbox_aux0: 0.0144, d4.loss_iou_aux0: 0.0543, loss_cls_aux1: 0.0104, loss_bbox_aux1: 0.0536, loss_iou_aux1: 0.2370, d0.loss_cls_aux1: 0.0127, d0.loss_bbox_aux1: 0.0711, d0.loss_iou_aux1: 0.2823, d1.loss_cls_aux1: 0.0116, d1.loss_bbox_aux1: 0.0592, d1.loss_iou_aux1: 0.2459, d2.loss_cls_aux1: 0.0108, d2.loss_bbox_aux1: 0.0558, d2.loss_iou_aux1: 0.2398, d3.loss_cls_aux1: 0.0112, d3.loss_bbox_aux1: 0.0536, d3.loss_iou_aux1: 0.2370, d4.loss_cls_aux1: 0.0108, d4.loss_bbox_aux1: 0.0536, d4.loss_iou_aux1: 0.2370, loss: 22.2252, grad_norm: 203.0192
2024-12-31 11:59:46,283 - mmdet - INFO - Epoch [32][3600/4728]	lr: 5.000e-07, eta: 5:58:36, time: 1.066, data_time: 0.009, memory: 18684, enc_loss_cls: 0.0996, enc_loss_bbox: 0.0831, enc_loss_iou: 0.3822, loss_cls: 0.0779, loss_bbox: 0.0759, loss_iou: 0.3638, d0.loss_cls: 0.1051, d0.loss_bbox: 0.0763, d0.loss_iou: 0.3646, d1.loss_cls: 0.0810, d1.loss_bbox: 0.0778, d1.loss_iou: 0.3665, d2.loss_cls: 0.0792, d2.loss_bbox: 0.0762, d2.loss_iou: 0.3653, d3.loss_cls: 0.0787, d3.loss_bbox: 0.0755, d3.loss_iou: 0.3633, d4.loss_cls: 0.0774, d4.loss_bbox: 0.0758, d4.loss_iou: 0.3640, dn_loss_cls: 0.0165, dn_loss_bbox: 0.0459, dn_loss_iou: 0.1884, d0.dn_loss_cls: 0.0429, d0.dn_loss_bbox: 0.0629, d0.dn_loss_iou: 0.2614, d1.dn_loss_cls: 0.0244, d1.dn_loss_bbox: 0.0488, d1.dn_loss_iou: 0.2033, d2.dn_loss_cls: 0.0196, d2.dn_loss_bbox: 0.0463, d2.dn_loss_iou: 0.1906, d3.dn_loss_cls: 0.0171, d3.dn_loss_bbox: 0.0458, d3.dn_loss_iou: 0.1884, d4.dn_loss_cls: 0.0165, d4.dn_loss_bbox: 0.0459, d4.dn_loss_iou: 0.1884, loss_rpn_cls: 0.0175, loss_rpn_bbox: 0.0942, loss_cls0: 1.1037, acc0: 96.2822, loss_bbox0: 2.2282, loss_cls1: 1.0196, loss_bbox1: 3.3159, loss_centerness1: 6.5720, loss_cls_aux0: 0.0131, loss_bbox_aux0: 0.0139, loss_iou_aux0: 0.0527, d0.loss_cls_aux0: 0.0170, d0.loss_bbox_aux0: 0.0567, d0.loss_iou_aux0: 0.1893, d1.loss_cls_aux0: 0.0160, d1.loss_bbox_aux0: 0.0216, d1.loss_iou_aux0: 0.0801, d2.loss_cls_aux0: 0.0173, d2.loss_bbox_aux0: 0.0160, d2.loss_iou_aux0: 0.0601, d3.loss_cls_aux0: 0.0154, d3.loss_bbox_aux0: 0.0139, d3.loss_iou_aux0: 0.0527, d4.loss_cls_aux0: 0.0136, d4.loss_bbox_aux0: 0.0139, d4.loss_iou_aux0: 0.0526, loss_cls_aux1: 0.0128, loss_bbox_aux1: 0.0543, loss_iou_aux1: 0.2315, d0.loss_cls_aux1: 0.0133, d0.loss_bbox_aux1: 0.0719, d0.loss_iou_aux1: 0.2836, d1.loss_cls_aux1: 0.0141, d1.loss_bbox_aux1: 0.0571, d1.loss_iou_aux1: 0.2410, d2.loss_cls_aux1: 0.0144, d2.loss_bbox_aux1: 0.0554, d2.loss_iou_aux1: 0.2339, d3.loss_cls_aux1: 0.0141, d3.loss_bbox_aux1: 0.0543, d3.loss_iou_aux1: 0.2313, d4.loss_cls_aux1: 0.0130, d4.loss_bbox_aux1: 0.0543, d4.loss_iou_aux1: 0.2315, loss: 22.3114, grad_norm: 208.1833
2024-12-31 12:03:24,417 - mmdet - INFO - Epoch [32][3800/4728]	lr: 5.000e-07, eta: 5:55:19, time: 1.091, data_time: 0.009, memory: 18684, enc_loss_cls: 0.1351, enc_loss_bbox: 0.0792, enc_loss_iou: 0.3803, loss_cls: 0.1134, loss_bbox: 0.0768, loss_iou: 0.3639, d0.loss_cls: 0.1614, d0.loss_bbox: 0.0744, d0.loss_iou: 0.3624, d1.loss_cls: 0.1247, d1.loss_bbox: 0.0755, d1.loss_iou: 0.3614, d2.loss_cls: 0.1167, d2.loss_bbox: 0.0758, d2.loss_iou: 0.3635, d3.loss_cls: 0.1142, d3.loss_bbox: 0.0769, d3.loss_iou: 0.3638, d4.loss_cls: 0.1145, d4.loss_bbox: 0.0769, d4.loss_iou: 0.3639, dn_loss_cls: 0.0224, dn_loss_bbox: 0.0450, dn_loss_iou: 0.1967, d0.dn_loss_cls: 0.0514, d0.dn_loss_bbox: 0.0618, d0.dn_loss_iou: 0.2738, d1.dn_loss_cls: 0.0288, d1.dn_loss_bbox: 0.0477, d1.dn_loss_iou: 0.2100, d2.dn_loss_cls: 0.0239, d2.dn_loss_bbox: 0.0455, d2.dn_loss_iou: 0.1990, d3.dn_loss_cls: 0.0227, d3.dn_loss_bbox: 0.0450, d3.dn_loss_iou: 0.1967, d4.dn_loss_cls: 0.0228, d4.dn_loss_bbox: 0.0450, d4.dn_loss_iou: 0.1967, loss_rpn_cls: 0.0309, loss_rpn_bbox: 0.1189, loss_cls0: 1.4652, acc0: 95.3418, loss_bbox0: 2.6570, loss_cls1: 1.2284, loss_bbox1: 3.7410, loss_centerness1: 6.8738, loss_cls_aux0: 0.0421, loss_bbox_aux0: 0.0142, loss_iou_aux0: 0.0620, d0.loss_cls_aux0: 0.0343, d0.loss_bbox_aux0: 0.0573, d0.loss_iou_aux0: 0.2156, d1.loss_cls_aux0: 0.0360, d1.loss_bbox_aux0: 0.0247, d1.loss_iou_aux0: 0.0937, d2.loss_cls_aux0: 0.0405, d2.loss_bbox_aux0: 0.0167, d2.loss_iou_aux0: 0.0704, d3.loss_cls_aux0: 0.0442, d3.loss_bbox_aux0: 0.0142, d3.loss_iou_aux0: 0.0621, d4.loss_cls_aux0: 0.0428, d4.loss_bbox_aux0: 0.0142, d4.loss_iou_aux0: 0.0620, loss_cls_aux1: 0.0382, loss_bbox_aux1: 0.0622, loss_iou_aux1: 0.2540, d0.loss_cls_aux1: 0.0297, d0.loss_bbox_aux1: 0.0825, d0.loss_iou_aux1: 0.3091, d1.loss_cls_aux1: 0.0301, d1.loss_bbox_aux1: 0.0675, d1.loss_iou_aux1: 0.2659, d2.loss_cls_aux1: 0.0334, d2.loss_bbox_aux1: 0.0626, d2.loss_iou_aux1: 0.2578, d3.loss_cls_aux1: 0.0377, d3.loss_bbox_aux1: 0.0621, d3.loss_iou_aux1: 0.2541, d4.loss_cls_aux1: 0.0384, d4.loss_bbox_aux1: 0.0622, d4.loss_iou_aux1: 0.2539, loss: 24.9727, grad_norm: 294.5703
2024-12-31 12:06:59,408 - mmdet - INFO - Epoch [32][4000/4728]	lr: 5.000e-07, eta: 5:51:45, time: 1.075, data_time: 0.009, memory: 18684, enc_loss_cls: 0.0875, enc_loss_bbox: 0.0891, enc_loss_iou: 0.4150, loss_cls: 0.0722, loss_bbox: 0.0830, loss_iou: 0.3888, d0.loss_cls: 0.1037, d0.loss_bbox: 0.0830, d0.loss_iou: 0.3936, d1.loss_cls: 0.0788, d1.loss_bbox: 0.0817, d1.loss_iou: 0.3881, d2.loss_cls: 0.0737, d2.loss_bbox: 0.0822, d2.loss_iou: 0.3900, d3.loss_cls: 0.0726, d3.loss_bbox: 0.0832, d3.loss_iou: 0.3889, d4.loss_cls: 0.0718, d4.loss_bbox: 0.0830, d4.loss_iou: 0.3883, dn_loss_cls: 0.0210, dn_loss_bbox: 0.0432, dn_loss_iou: 0.1938, d0.dn_loss_cls: 0.0499, d0.dn_loss_bbox: 0.0583, d0.dn_loss_iou: 0.2696, d1.dn_loss_cls: 0.0286, d1.dn_loss_bbox: 0.0459, d1.dn_loss_iou: 0.2085, d2.dn_loss_cls: 0.0235, d2.dn_loss_bbox: 0.0436, d2.dn_loss_iou: 0.1962, d3.dn_loss_cls: 0.0209, d3.dn_loss_bbox: 0.0432, d3.dn_loss_iou: 0.1939, d4.dn_loss_cls: 0.0208, d4.dn_loss_bbox: 0.0432, d4.dn_loss_iou: 0.1939, loss_rpn_cls: 0.0421, loss_rpn_bbox: 0.0974, loss_cls0: 1.1868, acc0: 96.0459, loss_bbox0: 2.3092, loss_cls1: 1.2244, loss_bbox1: 3.5411, loss_centerness1: 6.6797, loss_cls_aux0: 0.0466, loss_bbox_aux0: 0.0128, loss_iou_aux0: 0.0513, d0.loss_cls_aux0: 0.0488, d0.loss_bbox_aux0: 0.0530, d0.loss_iou_aux0: 0.1904, d1.loss_cls_aux0: 0.0522, d1.loss_bbox_aux0: 0.0210, d1.loss_iou_aux0: 0.0807, d2.loss_cls_aux0: 0.0479, d2.loss_bbox_aux0: 0.0147, d2.loss_iou_aux0: 0.0589, d3.loss_cls_aux0: 0.0462, d3.loss_bbox_aux0: 0.0128, d3.loss_iou_aux0: 0.0512, d4.loss_cls_aux0: 0.0443, d4.loss_bbox_aux0: 0.0128, d4.loss_iou_aux0: 0.0512, loss_cls_aux1: 0.0209, loss_bbox_aux1: 0.0586, loss_iou_aux1: 0.2372, d0.loss_cls_aux1: 0.0178, d0.loss_bbox_aux1: 0.0811, d0.loss_iou_aux1: 0.2926, d1.loss_cls_aux1: 0.0183, d1.loss_bbox_aux1: 0.0650, d1.loss_iou_aux1: 0.2482, d2.loss_cls_aux1: 0.0192, d2.loss_bbox_aux1: 0.0608, d2.loss_iou_aux1: 0.2406, d3.loss_cls_aux1: 0.0195, d3.loss_bbox_aux1: 0.0589, d3.loss_iou_aux1: 0.2374, d4.loss_cls_aux1: 0.0198, d4.loss_bbox_aux1: 0.0586, d4.loss_iou_aux1: 0.2372, loss: 23.5653, grad_norm: 242.4550
2024-12-31 12:10:33,532 - mmdet - INFO - Epoch [32][4200/4728]	lr: 5.000e-07, eta: 5:48:06, time: 1.071, data_time: 0.009, memory: 18684, enc_loss_cls: 0.0784, enc_loss_bbox: 0.0832, enc_loss_iou: 0.3612, loss_cls: 0.0564, loss_bbox: 0.0741, loss_iou: 0.3396, d0.loss_cls: 0.0894, d0.loss_bbox: 0.0757, d0.loss_iou: 0.3427, d1.loss_cls: 0.0658, d1.loss_bbox: 0.0739, d1.loss_iou: 0.3410, d2.loss_cls: 0.0574, d2.loss_bbox: 0.0748, d2.loss_iou: 0.3405, d3.loss_cls: 0.0571, d3.loss_bbox: 0.0743, d3.loss_iou: 0.3390, d4.loss_cls: 0.0563, d4.loss_bbox: 0.0740, d4.loss_iou: 0.3392, dn_loss_cls: 0.0115, dn_loss_bbox: 0.0446, dn_loss_iou: 0.1784, d0.dn_loss_cls: 0.0359, d0.dn_loss_bbox: 0.0604, d0.dn_loss_iou: 0.2512, d1.dn_loss_cls: 0.0177, d1.dn_loss_bbox: 0.0472, d1.dn_loss_iou: 0.1910, d2.dn_loss_cls: 0.0143, d2.dn_loss_bbox: 0.0450, d2.dn_loss_iou: 0.1803, d3.dn_loss_cls: 0.0120, d3.dn_loss_bbox: 0.0446, d3.dn_loss_iou: 0.1784, d4.dn_loss_cls: 0.0116, d4.dn_loss_bbox: 0.0446, d4.dn_loss_iou: 0.1784, loss_rpn_cls: 0.0286, loss_rpn_bbox: 0.0993, loss_cls0: 1.2105, acc0: 95.9971, loss_bbox0: 2.4238, loss_cls1: 0.9683, loss_bbox1: 3.4030, loss_centerness1: 6.7621, loss_cls_aux0: 0.0090, loss_bbox_aux0: 0.0159, loss_iou_aux0: 0.0545, d0.loss_cls_aux0: 0.0131, d0.loss_bbox_aux0: 0.0572, d0.loss_iou_aux0: 0.1962, d1.loss_cls_aux0: 0.0115, d1.loss_bbox_aux0: 0.0247, d1.loss_iou_aux0: 0.0850, d2.loss_cls_aux0: 0.0108, d2.loss_bbox_aux0: 0.0186, d2.loss_iou_aux0: 0.0622, d3.loss_cls_aux0: 0.0101, d3.loss_bbox_aux0: 0.0159, d3.loss_iou_aux0: 0.0545, d4.loss_cls_aux0: 0.0097, d4.loss_bbox_aux0: 0.0159, d4.loss_iou_aux0: 0.0545, loss_cls_aux1: 0.0083, loss_bbox_aux1: 0.0601, loss_iou_aux1: 0.2317, d0.loss_cls_aux1: 0.0107, d0.loss_bbox_aux1: 0.0812, d0.loss_iou_aux1: 0.2854, d1.loss_cls_aux1: 0.0099, d1.loss_bbox_aux1: 0.0653, d1.loss_iou_aux1: 0.2434, d2.loss_cls_aux1: 0.0090, d2.loss_bbox_aux1: 0.0599, d2.loss_iou_aux1: 0.2332, d3.loss_cls_aux1: 0.0086, d3.loss_bbox_aux1: 0.0602, d3.loss_iou_aux1: 0.2319, d4.loss_cls_aux1: 0.0085, d4.loss_bbox_aux1: 0.0601, d4.loss_iou_aux1: 0.2317, loss: 22.4548, grad_norm: 212.1049
2024-12-31 12:14:07,995 - mmdet - INFO - Epoch [32][4400/4728]	lr: 5.000e-07, eta: 5:44:29, time: 1.072, data_time: 0.009, memory: 18684, enc_loss_cls: 0.1007, enc_loss_bbox: 0.0889, enc_loss_iou: 0.3704, loss_cls: 0.0842, loss_bbox: 0.0806, loss_iou: 0.3478, d0.loss_cls: 0.1131, d0.loss_bbox: 0.0827, d0.loss_iou: 0.3500, d1.loss_cls: 0.0877, d1.loss_bbox: 0.0823, d1.loss_iou: 0.3513, d2.loss_cls: 0.0805, d2.loss_bbox: 0.0825, d2.loss_iou: 0.3518, d3.loss_cls: 0.0788, d3.loss_bbox: 0.0820, d3.loss_iou: 0.3523, d4.loss_cls: 0.0846, d4.loss_bbox: 0.0808, d4.loss_iou: 0.3485, dn_loss_cls: 0.0145, dn_loss_bbox: 0.0477, dn_loss_iou: 0.1919, d0.dn_loss_cls: 0.0437, d0.dn_loss_bbox: 0.0637, d0.dn_loss_iou: 0.2662, d1.dn_loss_cls: 0.0226, d1.dn_loss_bbox: 0.0505, d1.dn_loss_iou: 0.2053, d2.dn_loss_cls: 0.0177, d2.dn_loss_bbox: 0.0480, d2.dn_loss_iou: 0.1934, d3.dn_loss_cls: 0.0151, d3.dn_loss_bbox: 0.0477, d3.dn_loss_iou: 0.1916, d4.dn_loss_cls: 0.0145, d4.dn_loss_bbox: 0.0477, d4.dn_loss_iou: 0.1918, loss_rpn_cls: 0.0226, loss_rpn_bbox: 0.0883, loss_cls0: 1.2673, acc0: 95.7676, loss_bbox0: 2.4524, loss_cls1: 1.1444, loss_bbox1: 3.3582, loss_centerness1: 6.9809, loss_cls_aux0: 0.0209, loss_bbox_aux0: 0.0132, loss_iou_aux0: 0.0515, d0.loss_cls_aux0: 0.0202, d0.loss_bbox_aux0: 0.0610, d0.loss_iou_aux0: 0.2063, d1.loss_cls_aux0: 0.0204, d1.loss_bbox_aux0: 0.0237, d1.loss_iou_aux0: 0.0835, d2.loss_cls_aux0: 0.0213, d2.loss_bbox_aux0: 0.0159, d2.loss_iou_aux0: 0.0595, d3.loss_cls_aux0: 0.0207, d3.loss_bbox_aux0: 0.0131, d3.loss_iou_aux0: 0.0514, d4.loss_cls_aux0: 0.0215, d4.loss_bbox_aux0: 0.0132, d4.loss_iou_aux0: 0.0514, loss_cls_aux1: 0.0162, loss_bbox_aux1: 0.0573, loss_iou_aux1: 0.2217, d0.loss_cls_aux1: 0.0192, d0.loss_bbox_aux1: 0.0761, d0.loss_iou_aux1: 0.2772, d1.loss_cls_aux1: 0.0174, d1.loss_bbox_aux1: 0.0612, d1.loss_iou_aux1: 0.2310, d2.loss_cls_aux1: 0.0162, d2.loss_bbox_aux1: 0.0582, d2.loss_iou_aux1: 0.2239, d3.loss_cls_aux1: 0.0157, d3.loss_bbox_aux1: 0.0573, d3.loss_iou_aux1: 0.2215, d4.loss_cls_aux1: 0.0166, d4.loss_bbox_aux1: 0.0573, d4.loss_iou_aux1: 0.2217, loss: 23.3044, grad_norm: 245.5396
2024-12-31 12:17:46,433 - mmdet - INFO - Epoch [32][4600/4728]	lr: 5.000e-07, eta: 5:41:09, time: 1.092, data_time: 0.009, memory: 18684, enc_loss_cls: 0.1112, enc_loss_bbox: 0.0914, enc_loss_iou: 0.4013, loss_cls: 0.0890, loss_bbox: 0.0897, loss_iou: 0.3798, d0.loss_cls: 0.1195, d0.loss_bbox: 0.0888, d0.loss_iou: 0.3836, d1.loss_cls: 0.0905, d1.loss_bbox: 0.0890, d1.loss_iou: 0.3803, d2.loss_cls: 0.0866, d2.loss_bbox: 0.0900, d2.loss_iou: 0.3806, d3.loss_cls: 0.0915, d3.loss_bbox: 0.0900, d3.loss_iou: 0.3794, d4.loss_cls: 0.0876, d4.loss_bbox: 0.0899, d4.loss_iou: 0.3812, dn_loss_cls: 0.0200, dn_loss_bbox: 0.0482, dn_loss_iou: 0.1975, d0.dn_loss_cls: 0.0485, d0.dn_loss_bbox: 0.0644, d0.dn_loss_iou: 0.2774, d1.dn_loss_cls: 0.0272, d1.dn_loss_bbox: 0.0511, d1.dn_loss_iou: 0.2124, d2.dn_loss_cls: 0.0226, d2.dn_loss_bbox: 0.0485, d2.dn_loss_iou: 0.1999, d3.dn_loss_cls: 0.0202, d3.dn_loss_bbox: 0.0482, d3.dn_loss_iou: 0.1976, d4.dn_loss_cls: 0.0199, d4.dn_loss_bbox: 0.0482, d4.dn_loss_iou: 0.1976, loss_rpn_cls: 0.0390, loss_rpn_bbox: 0.1089, loss_cls0: 1.3456, acc0: 95.7197, loss_bbox0: 2.5077, loss_cls1: 1.1849, loss_bbox1: 3.5891, loss_centerness1: 6.7068, loss_cls_aux0: 0.0185, loss_bbox_aux0: 0.0145, loss_iou_aux0: 0.0552, d0.loss_cls_aux0: 0.0270, d0.loss_bbox_aux0: 0.0571, d0.loss_iou_aux0: 0.2026, d1.loss_cls_aux0: 0.0244, d1.loss_bbox_aux0: 0.0245, d1.loss_iou_aux0: 0.0877, d2.loss_cls_aux0: 0.0211, d2.loss_bbox_aux0: 0.0167, d2.loss_iou_aux0: 0.0631, d3.loss_cls_aux0: 0.0198, d3.loss_bbox_aux0: 0.0146, d3.loss_iou_aux0: 0.0559, d4.loss_cls_aux0: 0.0190, d4.loss_bbox_aux0: 0.0145, d4.loss_iou_aux0: 0.0552, loss_cls_aux1: 0.0142, loss_bbox_aux1: 0.0627, loss_iou_aux1: 0.2383, d0.loss_cls_aux1: 0.0175, d0.loss_bbox_aux1: 0.0831, d0.loss_iou_aux1: 0.2919, d1.loss_cls_aux1: 0.0168, d1.loss_bbox_aux1: 0.0682, d1.loss_iou_aux1: 0.2515, d2.loss_cls_aux1: 0.0158, d2.loss_bbox_aux1: 0.0637, d2.loss_iou_aux1: 0.2419, d3.loss_cls_aux1: 0.0149, d3.loss_bbox_aux1: 0.0626, d3.loss_iou_aux1: 0.2382, d4.loss_cls_aux1: 0.0143, d4.loss_bbox_aux1: 0.0627, d4.loss_iou_aux1: 0.2383, loss: 24.0109, grad_norm: 257.4113
2024-12-31 12:20:04,144 - mmdet - INFO - Saving checkpoint at 32 epochs
2024-12-31 12:23:09,952 - mmdet - INFO - Evaluating bbox...
2024-12-31 12:24:07,699 - mmdet - INFO - 
 Average Precision  (AP) @[ IoU=0.50:0.95 | area=   all | maxDets=100 ] = 0.614
 Average Precision  (AP) @[ IoU=0.50      | area=   all | maxDets=1000 ] = 0.903
 Average Precision  (AP) @[ IoU=0.75      | area=   all | maxDets=1000 ] = 0.658
 Average Precision  (AP) @[ IoU=0.50:0.95 | area= small | maxDets=1000 ] = 0.394
 Average Precision  (AP) @[ IoU=0.50:0.95 | area=medium | maxDets=1000 ] = 0.701
 Average Precision  (AP) @[ IoU=0.50:0.95 | area= large | maxDets=1000 ] = 0.879
 Average Recall     (AR) @[ IoU=0.50:0.95 | area=   all | maxDets=100 ] = 0.681
 Average Recall     (AR) @[ IoU=0.50:0.95 | area=   all | maxDets=300 ] = 0.685
 Average Recall     (AR) @[ IoU=0.50:0.95 | area=   all | maxDets=1000 ] = 0.686
 Average Recall     (AR) @[ IoU=0.50:0.95 | area= small | maxDets=1000 ] = 0.508
 Average Recall     (AR) @[ IoU=0.50:0.95 | area=medium | maxDets=1000 ] = 0.764
 Average Recall     (AR) @[ IoU=0.50:0.95 | area= large | maxDets=1000 ] = 0.908

2024-12-31 12:24:07,700 - mmdet - INFO - 
+----------+-------+--------+--------+-------+-------+-------+
| category | mAP   | mAP_50 | mAP_75 | mAP_s | mAP_m | mAP_l |
+----------+-------+--------+--------+-------+-------+-------+
| Car      | 0.699 | 0.945  | 0.768  | 0.416 | 0.722 | 0.911 |
| Truck    | 0.685 | 0.92   | 0.75   | 0.423 | 0.686 | 0.883 |
| People   | 0.548 | 0.901  | 0.555  | 0.372 | 0.722 | 0.816 |
| Bus      | 0.781 | 0.96   | 0.875  | 0.484 | 0.72  | 0.896 |
| Lamp     | 0.474 | 0.873  | 0.447  | 0.434 | 0.715 | nan   |
| Motor.   | 0.499 | 0.821  | 0.553  | 0.235 | 0.643 | 0.887 |
+----------+-------+--------+--------+-------+-------+-------+
2024-12-31 12:24:08,225 - mmdet - INFO - Exp name: codino_vit_twostream_640_autoaugv1_train1.py
2024-12-31 12:24:08,225 - mmdet - INFO - Epoch(val) [32][840]	Car_precision: 0.6990, Truck_precision: 0.6850, People_precision: 0.5480, Bus_precision: 0.7810, Lamp_precision: 0.4740, Motor._precision: 0.4990, bbox_mAP: 0.6140, bbox_mAP_50: 0.9030, bbox_mAP_75: 0.6580, bbox_mAP_s: 0.3940, bbox_mAP_m: 0.7010, bbox_mAP_l: 0.8790, bbox_mAP_copypaste: 0.614 0.903 0.658 0.394 0.701 0.879
2024-12-31 12:27:45,518 - mmdet - INFO - Epoch [33][200/4728]	lr: 5.000e-07, eta: 5:26:43, time: 1.086, data_time: 0.025, memory: 18684, enc_loss_cls: 0.1169, enc_loss_bbox: 0.0780, enc_loss_iou: 0.3609, loss_cls: 0.0798, loss_bbox: 0.0732, loss_iou: 0.3458, d0.loss_cls: 0.1202, d0.loss_bbox: 0.0721, d0.loss_iou: 0.3460, d1.loss_cls: 0.0897, d1.loss_bbox: 0.0731, d1.loss_iou: 0.3468, d2.loss_cls: 0.0785, d2.loss_bbox: 0.0733, d2.loss_iou: 0.3476, d3.loss_cls: 0.0786, d3.loss_bbox: 0.0733, d3.loss_iou: 0.3463, d4.loss_cls: 0.0803, d4.loss_bbox: 0.0732, d4.loss_iou: 0.3456, dn_loss_cls: 0.0151, dn_loss_bbox: 0.0430, dn_loss_iou: 0.1830, d0.dn_loss_cls: 0.0441, d0.dn_loss_bbox: 0.0586, d0.dn_loss_iou: 0.2576, d1.dn_loss_cls: 0.0219, d1.dn_loss_bbox: 0.0453, d1.dn_loss_iou: 0.1959, d2.dn_loss_cls: 0.0176, d2.dn_loss_bbox: 0.0434, d2.dn_loss_iou: 0.1849, d3.dn_loss_cls: 0.0157, d3.dn_loss_bbox: 0.0430, d3.dn_loss_iou: 0.1830, d4.dn_loss_cls: 0.0151, d4.dn_loss_bbox: 0.0430, d4.dn_loss_iou: 0.1830, loss_rpn_cls: 0.0241, loss_rpn_bbox: 0.0986, loss_cls0: 1.3096, acc0: 95.6465, loss_bbox0: 2.5475, loss_cls1: 1.1379, loss_bbox1: 3.3237, loss_centerness1: 6.8410, loss_cls_aux0: 0.0201, loss_bbox_aux0: 0.0130, loss_iou_aux0: 0.0538, d0.loss_cls_aux0: 0.0285, d0.loss_bbox_aux0: 0.0537, d0.loss_iou_aux0: 0.1948, d1.loss_cls_aux0: 0.0211, d1.loss_bbox_aux0: 0.0216, d1.loss_iou_aux0: 0.0838, d2.loss_cls_aux0: 0.0208, d2.loss_bbox_aux0: 0.0151, d2.loss_iou_aux0: 0.0609, d3.loss_cls_aux0: 0.0211, d3.loss_bbox_aux0: 0.0130, d3.loss_iou_aux0: 0.0539, d4.loss_cls_aux0: 0.0207, d4.loss_bbox_aux0: 0.0130, d4.loss_iou_aux0: 0.0537, loss_cls_aux1: 0.0159, loss_bbox_aux1: 0.0549, loss_iou_aux1: 0.2312, d0.loss_cls_aux1: 0.0184, d0.loss_bbox_aux1: 0.0703, d0.loss_iou_aux1: 0.2817, d1.loss_cls_aux1: 0.0180, d1.loss_bbox_aux1: 0.0578, d1.loss_iou_aux1: 0.2413, d2.loss_cls_aux1: 0.0177, d2.loss_bbox_aux1: 0.0555, d2.loss_iou_aux1: 0.2332, d3.loss_cls_aux1: 0.0166, d3.loss_bbox_aux1: 0.0549, d3.loss_iou_aux1: 0.2313, d4.loss_cls_aux1: 0.0164, d4.loss_bbox_aux1: 0.0549, d4.loss_iou_aux1: 0.2312, loss: 23.1381, grad_norm: 224.9799
2024-12-31 12:31:19,156 - mmdet - INFO - Epoch [33][400/4728]	lr: 5.000e-07, eta: 5:23:28, time: 1.068, data_time: 0.010, memory: 18684, enc_loss_cls: 0.0907, enc_loss_bbox: 0.0766, enc_loss_iou: 0.3522, loss_cls: 0.0713, loss_bbox: 0.0719, loss_iou: 0.3384, d0.loss_cls: 0.1158, d0.loss_bbox: 0.0727, d0.loss_iou: 0.3388, d1.loss_cls: 0.0779, d1.loss_bbox: 0.0725, d1.loss_iou: 0.3382, d2.loss_cls: 0.0757, d2.loss_bbox: 0.0720, d2.loss_iou: 0.3375, d3.loss_cls: 0.0695, d3.loss_bbox: 0.0728, d3.loss_iou: 0.3402, d4.loss_cls: 0.0691, d4.loss_bbox: 0.0726, d4.loss_iou: 0.3401, dn_loss_cls: 0.0150, dn_loss_bbox: 0.0418, dn_loss_iou: 0.1792, d0.dn_loss_cls: 0.0442, d0.dn_loss_bbox: 0.0568, d0.dn_loss_iou: 0.2522, d1.dn_loss_cls: 0.0231, d1.dn_loss_bbox: 0.0442, d1.dn_loss_iou: 0.1912, d2.dn_loss_cls: 0.0187, d2.dn_loss_bbox: 0.0422, d2.dn_loss_iou: 0.1809, d3.dn_loss_cls: 0.0163, d3.dn_loss_bbox: 0.0418, d3.dn_loss_iou: 0.1792, d4.dn_loss_cls: 0.0155, d4.dn_loss_bbox: 0.0418, d4.dn_loss_iou: 0.1792, loss_rpn_cls: 0.0223, loss_rpn_bbox: 0.0940, loss_cls0: 1.2320, acc0: 95.8838, loss_bbox0: 2.3783, loss_cls1: 1.0700, loss_bbox1: 3.1219, loss_centerness1: 6.5273, loss_cls_aux0: 0.0312, loss_bbox_aux0: 0.0147, loss_iou_aux0: 0.0515, d0.loss_cls_aux0: 0.0217, d0.loss_bbox_aux0: 0.0525, d0.loss_iou_aux0: 0.1926, d1.loss_cls_aux0: 0.0201, d1.loss_bbox_aux0: 0.0217, d1.loss_iou_aux0: 0.0790, d2.loss_cls_aux0: 0.0226, d2.loss_bbox_aux0: 0.0162, d2.loss_iou_aux0: 0.0580, d3.loss_cls_aux0: 0.0255, d3.loss_bbox_aux0: 0.0147, d3.loss_iou_aux0: 0.0515, d4.loss_cls_aux0: 0.0266, d4.loss_bbox_aux0: 0.0147, d4.loss_iou_aux0: 0.0515, loss_cls_aux1: 0.0262, loss_bbox_aux1: 0.0496, loss_iou_aux1: 0.2054, d0.loss_cls_aux1: 0.0226, d0.loss_bbox_aux1: 0.0657, d0.loss_iou_aux1: 0.2592, d1.loss_cls_aux1: 0.0217, d1.loss_bbox_aux1: 0.0528, d1.loss_iou_aux1: 0.2167, d2.loss_cls_aux1: 0.0244, d2.loss_bbox_aux1: 0.0501, d2.loss_iou_aux1: 0.2070, d3.loss_cls_aux1: 0.0230, d3.loss_bbox_aux1: 0.0496, d3.loss_iou_aux1: 0.2054, d4.loss_cls_aux1: 0.0224, d4.loss_bbox_aux1: 0.0496, d4.loss_iou_aux1: 0.2054, loss: 21.9986, grad_norm: 241.8139
2024-12-31 12:34:55,977 - mmdet - INFO - Epoch [33][600/4728]	lr: 5.000e-07, eta: 5:20:23, time: 1.084, data_time: 0.010, memory: 18684, enc_loss_cls: 0.0946, enc_loss_bbox: 0.0931, enc_loss_iou: 0.4239, loss_cls: 0.0721, loss_bbox: 0.0856, loss_iou: 0.4002, d0.loss_cls: 0.1071, d0.loss_bbox: 0.0872, d0.loss_iou: 0.4032, d1.loss_cls: 0.0783, d1.loss_bbox: 0.0865, d1.loss_iou: 0.4019, d2.loss_cls: 0.0747, d2.loss_bbox: 0.0855, d2.loss_iou: 0.4007, d3.loss_cls: 0.0712, d3.loss_bbox: 0.0858, d3.loss_iou: 0.4013, d4.loss_cls: 0.0717, d4.loss_bbox: 0.0856, d4.loss_iou: 0.4007, dn_loss_cls: 0.0178, dn_loss_bbox: 0.0462, dn_loss_iou: 0.2046, d0.dn_loss_cls: 0.0487, d0.dn_loss_bbox: 0.0639, d0.dn_loss_iou: 0.2864, d1.dn_loss_cls: 0.0265, d1.dn_loss_bbox: 0.0493, d1.dn_loss_iou: 0.2201, d2.dn_loss_cls: 0.0210, d2.dn_loss_bbox: 0.0467, d2.dn_loss_iou: 0.2071, d3.dn_loss_cls: 0.0184, d3.dn_loss_bbox: 0.0463, d3.dn_loss_iou: 0.2047, d4.dn_loss_cls: 0.0178, d4.dn_loss_bbox: 0.0463, d4.dn_loss_iou: 0.2047, loss_rpn_cls: 0.0314, loss_rpn_bbox: 0.1094, loss_cls0: 1.3549, acc0: 95.5146, loss_bbox0: 2.6569, loss_cls1: 1.1645, loss_bbox1: 3.8162, loss_centerness1: 7.0923, loss_cls_aux0: 0.0152, loss_bbox_aux0: 0.0184, loss_iou_aux0: 0.0655, d0.loss_cls_aux0: 0.0214, d0.loss_bbox_aux0: 0.0589, d0.loss_iou_aux0: 0.2142, d1.loss_cls_aux0: 0.0180, d1.loss_bbox_aux0: 0.0269, d1.loss_iou_aux0: 0.0982, d2.loss_cls_aux0: 0.0164, d2.loss_bbox_aux0: 0.0209, d2.loss_iou_aux0: 0.0733, d3.loss_cls_aux0: 0.0155, d3.loss_bbox_aux0: 0.0184, d3.loss_iou_aux0: 0.0655, d4.loss_cls_aux0: 0.0154, d4.loss_bbox_aux0: 0.0184, d4.loss_iou_aux0: 0.0655, loss_cls_aux1: 0.0130, loss_bbox_aux1: 0.0667, loss_iou_aux1: 0.2615, d0.loss_cls_aux1: 0.0156, d0.loss_bbox_aux1: 0.0854, d0.loss_iou_aux1: 0.3195, d1.loss_cls_aux1: 0.0146, d1.loss_bbox_aux1: 0.0712, d1.loss_iou_aux1: 0.2745, d2.loss_cls_aux1: 0.0136, d2.loss_bbox_aux1: 0.0671, d2.loss_iou_aux1: 0.2647, d3.loss_cls_aux1: 0.0132, d3.loss_bbox_aux1: 0.0666, d3.loss_iou_aux1: 0.2615, d4.loss_cls_aux1: 0.0130, d4.loss_bbox_aux1: 0.0667, d4.loss_iou_aux1: 0.2615, loss: 25.0086, grad_norm: 227.4672
2024-12-31 12:38:30,219 - mmdet - INFO - Epoch [33][800/4728]	lr: 5.000e-07, eta: 5:17:07, time: 1.071, data_time: 0.010, memory: 18684, enc_loss_cls: 0.0921, enc_loss_bbox: 0.0884, enc_loss_iou: 0.3838, loss_cls: 0.0725, loss_bbox: 0.0851, loss_iou: 0.3622, d0.loss_cls: 0.1078, d0.loss_bbox: 0.0867, d0.loss_iou: 0.3671, d1.loss_cls: 0.0896, d1.loss_bbox: 0.0786, d1.loss_iou: 0.3641, d2.loss_cls: 0.0794, d2.loss_bbox: 0.0777, d2.loss_iou: 0.3655, d3.loss_cls: 0.0775, d3.loss_bbox: 0.0784, d3.loss_iou: 0.3630, d4.loss_cls: 0.0727, d4.loss_bbox: 0.0852, d4.loss_iou: 0.3623, dn_loss_cls: 0.0143, dn_loss_bbox: 0.0464, dn_loss_iou: 0.1876, d0.dn_loss_cls: 0.0402, d0.dn_loss_bbox: 0.0653, d0.dn_loss_iou: 0.2640, d1.dn_loss_cls: 0.0211, d1.dn_loss_bbox: 0.0495, d1.dn_loss_iou: 0.2014, d2.dn_loss_cls: 0.0169, d2.dn_loss_bbox: 0.0469, d2.dn_loss_iou: 0.1897, d3.dn_loss_cls: 0.0148, d3.dn_loss_bbox: 0.0464, d3.dn_loss_iou: 0.1876, d4.dn_loss_cls: 0.0143, d4.dn_loss_bbox: 0.0464, d4.dn_loss_iou: 0.1876, loss_rpn_cls: 0.0343, loss_rpn_bbox: 0.0937, loss_cls0: 1.1958, acc0: 96.0898, loss_bbox0: 2.3823, loss_cls1: 1.0653, loss_bbox1: 3.4543, loss_centerness1: 6.5557, loss_cls_aux0: 0.0116, loss_bbox_aux0: 0.0122, loss_iou_aux0: 0.0468, d0.loss_cls_aux0: 0.0153, d0.loss_bbox_aux0: 0.0565, d0.loss_iou_aux0: 0.1924, d1.loss_cls_aux0: 0.0131, d1.loss_bbox_aux0: 0.0211, d1.loss_iou_aux0: 0.0757, d2.loss_cls_aux0: 0.0129, d2.loss_bbox_aux0: 0.0139, d2.loss_iou_aux0: 0.0531, d3.loss_cls_aux0: 0.0121, d3.loss_bbox_aux0: 0.0122, d3.loss_iou_aux0: 0.0467, d4.loss_cls_aux0: 0.0118, d4.loss_bbox_aux0: 0.0122, d4.loss_iou_aux0: 0.0467, loss_cls_aux1: 0.0088, loss_bbox_aux1: 0.0620, loss_iou_aux1: 0.2451, d0.loss_cls_aux1: 0.0115, d0.loss_bbox_aux1: 0.0802, d0.loss_iou_aux1: 0.2943, d1.loss_cls_aux1: 0.0107, d1.loss_bbox_aux1: 0.0655, d1.loss_iou_aux1: 0.2551, d2.loss_cls_aux1: 0.0095, d2.loss_bbox_aux1: 0.0626, d2.loss_iou_aux1: 0.2473, d3.loss_cls_aux1: 0.0092, d3.loss_bbox_aux1: 0.0621, d3.loss_iou_aux1: 0.2451, d4.loss_cls_aux1: 0.0089, d4.loss_bbox_aux1: 0.0620, d4.loss_iou_aux1: 0.2451, loss: 22.8127, grad_norm: 219.2867
2024-12-31 12:42:05,275 - mmdet - INFO - Epoch [33][1000/4728]	lr: 5.000e-07, eta: 5:13:52, time: 1.075, data_time: 0.010, memory: 18684, enc_loss_cls: 0.1121, enc_loss_bbox: 0.0821, enc_loss_iou: 0.3901, loss_cls: 0.0956, loss_bbox: 0.0738, loss_iou: 0.3675, d0.loss_cls: 0.1290, d0.loss_bbox: 0.0758, d0.loss_iou: 0.3693, d1.loss_cls: 0.0999, d1.loss_bbox: 0.0749, d1.loss_iou: 0.3681, d2.loss_cls: 0.0940, d2.loss_bbox: 0.0749, d2.loss_iou: 0.3700, d3.loss_cls: 0.0867, d3.loss_bbox: 0.0749, d3.loss_iou: 0.3713, d4.loss_cls: 0.0951, d4.loss_bbox: 0.0740, d4.loss_iou: 0.3681, dn_loss_cls: 0.0176, dn_loss_bbox: 0.0433, dn_loss_iou: 0.1939, d0.dn_loss_cls: 0.0516, d0.dn_loss_bbox: 0.0609, d0.dn_loss_iou: 0.2721, d1.dn_loss_cls: 0.0272, d1.dn_loss_bbox: 0.0465, d1.dn_loss_iou: 0.2096, d2.dn_loss_cls: 0.0215, d2.dn_loss_bbox: 0.0438, d2.dn_loss_iou: 0.1965, d3.dn_loss_cls: 0.0186, d3.dn_loss_bbox: 0.0432, d3.dn_loss_iou: 0.1939, d4.dn_loss_cls: 0.0177, d4.dn_loss_bbox: 0.0433, d4.dn_loss_iou: 0.1939, loss_rpn_cls: 0.0313, loss_rpn_bbox: 0.1466, loss_cls0: 1.5217, acc0: 95.0059, loss_bbox0: 2.8445, loss_cls1: 1.1474, loss_bbox1: 3.5065, loss_centerness1: 6.9334, loss_cls_aux0: 0.0210, loss_bbox_aux0: 0.0169, loss_iou_aux0: 0.0668, d0.loss_cls_aux0: 0.0278, d0.loss_bbox_aux0: 0.0582, d0.loss_iou_aux0: 0.2085, d1.loss_cls_aux0: 0.0276, d1.loss_bbox_aux0: 0.0262, d1.loss_iou_aux0: 0.0993, d2.loss_cls_aux0: 0.0258, d2.loss_bbox_aux0: 0.0191, d2.loss_iou_aux0: 0.0745, d3.loss_cls_aux0: 0.0255, d3.loss_bbox_aux0: 0.0169, d3.loss_iou_aux0: 0.0667, d4.loss_cls_aux0: 0.0209, d4.loss_bbox_aux0: 0.0169, d4.loss_iou_aux0: 0.0667, loss_cls_aux1: 0.0206, loss_bbox_aux1: 0.0593, loss_iou_aux1: 0.2478, d0.loss_cls_aux1: 0.0253, d0.loss_bbox_aux1: 0.0762, d0.loss_iou_aux1: 0.2976, d1.loss_cls_aux1: 0.0244, d1.loss_bbox_aux1: 0.0634, d1.loss_iou_aux1: 0.2581, d2.loss_cls_aux1: 0.0224, d2.loss_bbox_aux1: 0.0605, d2.loss_iou_aux1: 0.2507, d3.loss_cls_aux1: 0.0222, d3.loss_bbox_aux1: 0.0593, d3.loss_iou_aux1: 0.2479, d4.loss_cls_aux1: 0.0204, d4.loss_bbox_aux1: 0.0593, d4.loss_iou_aux1: 0.2478, loss: 24.6225, grad_norm: 226.8804
2024-12-31 12:45:40,336 - mmdet - INFO - Epoch [33][1200/4728]	lr: 5.000e-07, eta: 5:10:36, time: 1.075, data_time: 0.010, memory: 18684, enc_loss_cls: 0.1155, enc_loss_bbox: 0.0820, enc_loss_iou: 0.3656, loss_cls: 0.0788, loss_bbox: 0.0767, loss_iou: 0.3434, d0.loss_cls: 0.1312, d0.loss_bbox: 0.0760, d0.loss_iou: 0.3454, d1.loss_cls: 0.0962, d1.loss_bbox: 0.0755, d1.loss_iou: 0.3400, d2.loss_cls: 0.0831, d2.loss_bbox: 0.0770, d2.loss_iou: 0.3441, d3.loss_cls: 0.0766, d3.loss_bbox: 0.0770, d3.loss_iou: 0.3450, d4.loss_cls: 0.0789, d4.loss_bbox: 0.0767, d4.loss_iou: 0.3432, dn_loss_cls: 0.0160, dn_loss_bbox: 0.0460, dn_loss_iou: 0.1876, d0.dn_loss_cls: 0.0425, d0.dn_loss_bbox: 0.0613, d0.dn_loss_iou: 0.2605, d1.dn_loss_cls: 0.0212, d1.dn_loss_bbox: 0.0485, d1.dn_loss_iou: 0.2009, d2.dn_loss_cls: 0.0179, d2.dn_loss_bbox: 0.0463, d2.dn_loss_iou: 0.1897, d3.dn_loss_cls: 0.0161, d3.dn_loss_bbox: 0.0460, d3.dn_loss_iou: 0.1876, d4.dn_loss_cls: 0.0162, d4.dn_loss_bbox: 0.0460, d4.dn_loss_iou: 0.1876, loss_rpn_cls: 0.0219, loss_rpn_bbox: 0.0995, loss_cls0: 1.2911, acc0: 95.8359, loss_bbox0: 2.5002, loss_cls1: 1.1734, loss_bbox1: 3.5568, loss_centerness1: 6.9349, loss_cls_aux0: 0.0200, loss_bbox_aux0: 0.0143, loss_iou_aux0: 0.0544, d0.loss_cls_aux0: 0.0262, d0.loss_bbox_aux0: 0.0573, d0.loss_iou_aux0: 0.2003, d1.loss_cls_aux0: 0.0213, d1.loss_bbox_aux0: 0.0231, d1.loss_iou_aux0: 0.0848, d2.loss_cls_aux0: 0.0204, d2.loss_bbox_aux0: 0.0162, d2.loss_iou_aux0: 0.0612, d3.loss_cls_aux0: 0.0193, d3.loss_bbox_aux0: 0.0143, d3.loss_iou_aux0: 0.0543, d4.loss_cls_aux0: 0.0185, d4.loss_bbox_aux0: 0.0143, d4.loss_iou_aux0: 0.0543, loss_cls_aux1: 0.0166, loss_bbox_aux1: 0.0603, loss_iou_aux1: 0.2391, d0.loss_cls_aux1: 0.0173, d0.loss_bbox_aux1: 0.0755, d0.loss_iou_aux1: 0.2909, d1.loss_cls_aux1: 0.0159, d1.loss_bbox_aux1: 0.0635, d1.loss_iou_aux1: 0.2502, d2.loss_cls_aux1: 0.0164, d2.loss_bbox_aux1: 0.0605, d2.loss_iou_aux1: 0.2400, d3.loss_cls_aux1: 0.0161, d3.loss_bbox_aux1: 0.0604, d3.loss_iou_aux1: 0.2393, d4.loss_cls_aux1: 0.0158, d4.loss_bbox_aux1: 0.0603, d4.loss_iou_aux1: 0.2392, loss: 23.5951, grad_norm: 264.6663
2024-12-31 12:49:14,716 - mmdet - INFO - Epoch [33][1400/4728]	lr: 5.000e-07, eta: 5:07:17, time: 1.072, data_time: 0.009, memory: 18684, enc_loss_cls: 0.1099, enc_loss_bbox: 0.0866, enc_loss_iou: 0.3981, loss_cls: 0.0841, loss_bbox: 0.0785, loss_iou: 0.3775, d0.loss_cls: 0.1276, d0.loss_bbox: 0.0812, d0.loss_iou: 0.3818, d1.loss_cls: 0.0899, d1.loss_bbox: 0.0796, d1.loss_iou: 0.3808, d2.loss_cls: 0.0806, d2.loss_bbox: 0.0812, d2.loss_iou: 0.3851, d3.loss_cls: 0.0832, d3.loss_bbox: 0.0795, d3.loss_iou: 0.3793, d4.loss_cls: 0.0832, d4.loss_bbox: 0.0789, d4.loss_iou: 0.3776, dn_loss_cls: 0.0181, dn_loss_bbox: 0.0425, dn_loss_iou: 0.1944, d0.dn_loss_cls: 0.0490, d0.dn_loss_bbox: 0.0584, d0.dn_loss_iou: 0.2729, d1.dn_loss_cls: 0.0271, d1.dn_loss_bbox: 0.0455, d1.dn_loss_iou: 0.2099, d2.dn_loss_cls: 0.0219, d2.dn_loss_bbox: 0.0429, d2.dn_loss_iou: 0.1970, d3.dn_loss_cls: 0.0193, d3.dn_loss_bbox: 0.0425, d3.dn_loss_iou: 0.1944, d4.dn_loss_cls: 0.0181, d4.dn_loss_bbox: 0.0425, d4.dn_loss_iou: 0.1944, loss_rpn_cls: 0.0267, loss_rpn_bbox: 0.0968, loss_cls0: 1.2797, acc0: 95.8477, loss_bbox0: 2.4476, loss_cls1: 1.1630, loss_bbox1: 3.5118, loss_centerness1: 6.8251, loss_cls_aux0: 0.0208, loss_bbox_aux0: 0.0127, loss_iou_aux0: 0.0511, d0.loss_cls_aux0: 0.0295, d0.loss_bbox_aux0: 0.0527, d0.loss_iou_aux0: 0.1961, d1.loss_cls_aux0: 0.0264, d1.loss_bbox_aux0: 0.0213, d1.loss_iou_aux0: 0.0810, d2.loss_cls_aux0: 0.0242, d2.loss_bbox_aux0: 0.0151, d2.loss_iou_aux0: 0.0592, d3.loss_cls_aux0: 0.0223, d3.loss_bbox_aux0: 0.0127, d3.loss_iou_aux0: 0.0509, d4.loss_cls_aux0: 0.0203, d4.loss_bbox_aux0: 0.0127, d4.loss_iou_aux0: 0.0511, loss_cls_aux1: 0.0129, loss_bbox_aux1: 0.0589, loss_iou_aux1: 0.2442, d0.loss_cls_aux1: 0.0180, d0.loss_bbox_aux1: 0.0789, d0.loss_iou_aux1: 0.2975, d1.loss_cls_aux1: 0.0163, d1.loss_bbox_aux1: 0.0643, d1.loss_iou_aux1: 0.2558, d2.loss_cls_aux1: 0.0150, d2.loss_bbox_aux1: 0.0599, d2.loss_iou_aux1: 0.2470, d3.loss_cls_aux1: 0.0138, d3.loss_bbox_aux1: 0.0589, d3.loss_iou_aux1: 0.2442, d4.loss_cls_aux1: 0.0126, d4.loss_bbox_aux1: 0.0589, d4.loss_iou_aux1: 0.2442, loss: 23.7073, grad_norm: 247.0192
2024-12-31 12:52:49,432 - mmdet - INFO - Epoch [33][1600/4728]	lr: 5.000e-07, eta: 5:03:58, time: 1.074, data_time: 0.009, memory: 18684, enc_loss_cls: 0.1073, enc_loss_bbox: 0.0923, enc_loss_iou: 0.3780, loss_cls: 0.0842, loss_bbox: 0.0828, loss_iou: 0.3524, d0.loss_cls: 0.1284, d0.loss_bbox: 0.0823, d0.loss_iou: 0.3537, d1.loss_cls: 0.0991, d1.loss_bbox: 0.0809, d1.loss_iou: 0.3525, d2.loss_cls: 0.0863, d2.loss_bbox: 0.0837, d2.loss_iou: 0.3560, d3.loss_cls: 0.0790, d3.loss_bbox: 0.0828, d3.loss_iou: 0.3555, d4.loss_cls: 0.0835, d4.loss_bbox: 0.0834, d4.loss_iou: 0.3531, dn_loss_cls: 0.0135, dn_loss_bbox: 0.0463, dn_loss_iou: 0.1854, d0.dn_loss_cls: 0.0415, d0.dn_loss_bbox: 0.0647, d0.dn_loss_iou: 0.2654, d1.dn_loss_cls: 0.0209, d1.dn_loss_bbox: 0.0494, d1.dn_loss_iou: 0.2000, d2.dn_loss_cls: 0.0162, d2.dn_loss_bbox: 0.0468, d2.dn_loss_iou: 0.1878, d3.dn_loss_cls: 0.0141, d3.dn_loss_bbox: 0.0463, d3.dn_loss_iou: 0.1853, d4.dn_loss_cls: 0.0135, d4.dn_loss_bbox: 0.0463, d4.dn_loss_iou: 0.1854, loss_rpn_cls: 0.0299, loss_rpn_bbox: 0.1165, loss_cls0: 1.2882, acc0: 95.6738, loss_bbox0: 2.5818, loss_cls1: 1.2188, loss_bbox1: 3.6182, loss_centerness1: 6.9630, loss_cls_aux0: 0.0110, loss_bbox_aux0: 0.0141, loss_iou_aux0: 0.0508, d0.loss_cls_aux0: 0.0188, d0.loss_bbox_aux0: 0.0578, d0.loss_iou_aux0: 0.2033, d1.loss_cls_aux0: 0.0176, d1.loss_bbox_aux0: 0.0226, d1.loss_iou_aux0: 0.0799, d2.loss_cls_aux0: 0.0133, d2.loss_bbox_aux0: 0.0164, d2.loss_iou_aux0: 0.0586, d3.loss_cls_aux0: 0.0114, d3.loss_bbox_aux0: 0.0141, d3.loss_iou_aux0: 0.0508, d4.loss_cls_aux0: 0.0112, d4.loss_bbox_aux0: 0.0141, d4.loss_iou_aux0: 0.0507, loss_cls_aux1: 0.0129, loss_bbox_aux1: 0.0611, loss_iou_aux1: 0.2388, d0.loss_cls_aux1: 0.0167, d0.loss_bbox_aux1: 0.0810, d0.loss_iou_aux1: 0.2978, d1.loss_cls_aux1: 0.0158, d1.loss_bbox_aux1: 0.0648, d1.loss_iou_aux1: 0.2500, d2.loss_cls_aux1: 0.0147, d2.loss_bbox_aux1: 0.0619, d2.loss_iou_aux1: 0.2409, d3.loss_cls_aux1: 0.0136, d3.loss_bbox_aux1: 0.0611, d3.loss_iou_aux1: 0.2389, d4.loss_cls_aux1: 0.0133, d4.loss_bbox_aux1: 0.0611, d4.loss_iou_aux1: 0.2388, loss: 23.9019, grad_norm: 255.4499
2024-12-31 12:56:24,962 - mmdet - INFO - Epoch [33][1800/4728]	lr: 5.000e-07, eta: 5:00:40, time: 1.078, data_time: 0.010, memory: 18684, enc_loss_cls: 0.0928, enc_loss_bbox: 0.0933, enc_loss_iou: 0.4004, loss_cls: 0.0836, loss_bbox: 0.0836, loss_iou: 0.3728, d0.loss_cls: 0.1074, d0.loss_bbox: 0.0847, d0.loss_iou: 0.3822, d1.loss_cls: 0.0794, d1.loss_bbox: 0.0835, d1.loss_iou: 0.3779, d2.loss_cls: 0.0710, d2.loss_bbox: 0.0845, d2.loss_iou: 0.3803, d3.loss_cls: 0.0714, d3.loss_bbox: 0.0845, d3.loss_iou: 0.3784, d4.loss_cls: 0.0741, d4.loss_bbox: 0.0842, d4.loss_iou: 0.3763, dn_loss_cls: 0.0166, dn_loss_bbox: 0.0451, dn_loss_iou: 0.1947, d0.dn_loss_cls: 0.0454, d0.dn_loss_bbox: 0.0619, d0.dn_loss_iou: 0.2722, d1.dn_loss_cls: 0.0249, d1.dn_loss_bbox: 0.0478, d1.dn_loss_iou: 0.2100, d2.dn_loss_cls: 0.0199, d2.dn_loss_bbox: 0.0455, d2.dn_loss_iou: 0.1972, d3.dn_loss_cls: 0.0172, d3.dn_loss_bbox: 0.0451, d3.dn_loss_iou: 0.1947, d4.dn_loss_cls: 0.0166, d4.dn_loss_bbox: 0.0451, d4.dn_loss_iou: 0.1947, loss_rpn_cls: 0.0269, loss_rpn_bbox: 0.1097, loss_cls0: 1.3270, acc0: 95.6484, loss_bbox0: 2.5552, loss_cls1: 1.1034, loss_bbox1: 3.6277, loss_centerness1: 6.9973, loss_cls_aux0: 0.0184, loss_bbox_aux0: 0.0170, loss_iou_aux0: 0.0616, d0.loss_cls_aux0: 0.0224, d0.loss_bbox_aux0: 0.0588, d0.loss_iou_aux0: 0.2019, d1.loss_cls_aux0: 0.0192, d1.loss_bbox_aux0: 0.0247, d1.loss_iou_aux0: 0.0898, d2.loss_cls_aux0: 0.0186, d2.loss_bbox_aux0: 0.0191, d2.loss_iou_aux0: 0.0693, d3.loss_cls_aux0: 0.0177, d3.loss_bbox_aux0: 0.0170, d3.loss_iou_aux0: 0.0615, d4.loss_cls_aux0: 0.0182, d4.loss_bbox_aux0: 0.0170, d4.loss_iou_aux0: 0.0615, loss_cls_aux1: 0.0129, loss_bbox_aux1: 0.0656, loss_iou_aux1: 0.2515, d0.loss_cls_aux1: 0.0164, d0.loss_bbox_aux1: 0.0832, d0.loss_iou_aux1: 0.3036, d1.loss_cls_aux1: 0.0141, d1.loss_bbox_aux1: 0.0689, d1.loss_iou_aux1: 0.2623, d2.loss_cls_aux1: 0.0131, d2.loss_bbox_aux1: 0.0665, d2.loss_iou_aux1: 0.2541, d3.loss_cls_aux1: 0.0130, d3.loss_bbox_aux1: 0.0654, d3.loss_iou_aux1: 0.2515, d4.loss_cls_aux1: 0.0128, d4.loss_bbox_aux1: 0.0656, d4.loss_iou_aux1: 0.2514, loss: 24.1739, grad_norm: 232.7923
2024-12-31 13:00:00,872 - mmdet - INFO - Epoch [33][2000/4728]	lr: 5.000e-07, eta: 4:57:22, time: 1.080, data_time: 0.010, memory: 18684, enc_loss_cls: 0.1094, enc_loss_bbox: 0.0818, enc_loss_iou: 0.3836, loss_cls: 0.0839, loss_bbox: 0.0731, loss_iou: 0.3647, d0.loss_cls: 0.1169, d0.loss_bbox: 0.0748, d0.loss_iou: 0.3688, d1.loss_cls: 0.0838, d1.loss_bbox: 0.0750, d1.loss_iou: 0.3710, d2.loss_cls: 0.0812, d2.loss_bbox: 0.0746, d2.loss_iou: 0.3693, d3.loss_cls: 0.0783, d3.loss_bbox: 0.0741, d3.loss_iou: 0.3674, d4.loss_cls: 0.0835, d4.loss_bbox: 0.0727, d4.loss_iou: 0.3644, dn_loss_cls: 0.0167, dn_loss_bbox: 0.0418, dn_loss_iou: 0.1903, d0.dn_loss_cls: 0.0506, d0.dn_loss_bbox: 0.0578, d0.dn_loss_iou: 0.2692, d1.dn_loss_cls: 0.0254, d1.dn_loss_bbox: 0.0444, d1.dn_loss_iou: 0.2051, d2.dn_loss_cls: 0.0208, d2.dn_loss_bbox: 0.0422, d2.dn_loss_iou: 0.1924, d3.dn_loss_cls: 0.0178, d3.dn_loss_bbox: 0.0417, d3.dn_loss_iou: 0.1903, d4.dn_loss_cls: 0.0168, d4.dn_loss_bbox: 0.0418, d4.dn_loss_iou: 0.1903, loss_rpn_cls: 0.0349, loss_rpn_bbox: 0.1049, loss_cls0: 1.4111, acc0: 95.3418, loss_bbox0: 2.6457, loss_cls1: 1.1112, loss_bbox1: 3.4398, loss_centerness1: 6.8630, loss_cls_aux0: 0.0315, loss_bbox_aux0: 0.0128, loss_iou_aux0: 0.0543, d0.loss_cls_aux0: 0.0385, d0.loss_bbox_aux0: 0.0534, d0.loss_iou_aux0: 0.2047, d1.loss_cls_aux0: 0.0373, d1.loss_bbox_aux0: 0.0211, d1.loss_iou_aux0: 0.0867, d2.loss_cls_aux0: 0.0390, d2.loss_bbox_aux0: 0.0146, d2.loss_iou_aux0: 0.0618, d3.loss_cls_aux0: 0.0382, d3.loss_bbox_aux0: 0.0128, d3.loss_iou_aux0: 0.0541, d4.loss_cls_aux0: 0.0306, d4.loss_bbox_aux0: 0.0128, d4.loss_iou_aux0: 0.0542, loss_cls_aux1: 0.0234, loss_bbox_aux1: 0.0517, loss_iou_aux1: 0.2387, d0.loss_cls_aux1: 0.0276, d0.loss_bbox_aux1: 0.0677, d0.loss_iou_aux1: 0.2923, d1.loss_cls_aux1: 0.0282, d1.loss_bbox_aux1: 0.0546, d1.loss_iou_aux1: 0.2500, d2.loss_cls_aux1: 0.0288, d2.loss_bbox_aux1: 0.0522, d2.loss_iou_aux1: 0.2411, d3.loss_cls_aux1: 0.0271, d3.loss_bbox_aux1: 0.0517, d3.loss_iou_aux1: 0.2388, d4.loss_cls_aux1: 0.0230, d4.loss_bbox_aux1: 0.0517, d4.loss_iou_aux1: 0.2387, loss: 23.8645, grad_norm: 242.9208
2024-12-31 13:03:40,116 - mmdet - INFO - Epoch [33][2200/4728]	lr: 5.000e-07, eta: 4:54:10, time: 1.096, data_time: 0.010, memory: 18684, enc_loss_cls: 0.0924, enc_loss_bbox: 0.0869, enc_loss_iou: 0.4022, loss_cls: 0.0779, loss_bbox: 0.0791, loss_iou: 0.3787, d0.loss_cls: 0.1133, d0.loss_bbox: 0.0786, d0.loss_iou: 0.3803, d1.loss_cls: 0.0824, d1.loss_bbox: 0.0802, d1.loss_iou: 0.3804, d2.loss_cls: 0.0735, d2.loss_bbox: 0.0799, d2.loss_iou: 0.3818, d3.loss_cls: 0.0756, d3.loss_bbox: 0.0792, d3.loss_iou: 0.3804, d4.loss_cls: 0.0767, d4.loss_bbox: 0.0787, d4.loss_iou: 0.3788, dn_loss_cls: 0.0160, dn_loss_bbox: 0.0431, dn_loss_iou: 0.1952, d0.dn_loss_cls: 0.0437, d0.dn_loss_bbox: 0.0593, d0.dn_loss_iou: 0.2735, d1.dn_loss_cls: 0.0229, d1.dn_loss_bbox: 0.0454, d1.dn_loss_iou: 0.2091, d2.dn_loss_cls: 0.0184, d2.dn_loss_bbox: 0.0435, d2.dn_loss_iou: 0.1975, d3.dn_loss_cls: 0.0165, d3.dn_loss_bbox: 0.0431, d3.dn_loss_iou: 0.1952, d4.dn_loss_cls: 0.0161, d4.dn_loss_bbox: 0.0431, d4.dn_loss_iou: 0.1952, loss_rpn_cls: 0.0282, loss_rpn_bbox: 0.1152, loss_cls0: 1.3403, acc0: 95.5322, loss_bbox0: 2.5973, loss_cls1: 1.1099, loss_bbox1: 3.5101, loss_centerness1: 7.0815, loss_cls_aux0: 0.0230, loss_bbox_aux0: 0.0143, loss_iou_aux0: 0.0609, d0.loss_cls_aux0: 0.0216, d0.loss_bbox_aux0: 0.0553, d0.loss_iou_aux0: 0.2082, d1.loss_cls_aux0: 0.0207, d1.loss_bbox_aux0: 0.0229, d1.loss_iou_aux0: 0.0918, d2.loss_cls_aux0: 0.0200, d2.loss_bbox_aux0: 0.0171, d2.loss_iou_aux0: 0.0700, d3.loss_cls_aux0: 0.0213, d3.loss_bbox_aux0: 0.0144, d3.loss_iou_aux0: 0.0609, d4.loss_cls_aux0: 0.0225, d4.loss_bbox_aux0: 0.0143, d4.loss_iou_aux0: 0.0608, loss_cls_aux1: 0.0179, loss_bbox_aux1: 0.0598, loss_iou_aux1: 0.2386, d0.loss_cls_aux1: 0.0181, d0.loss_bbox_aux1: 0.0762, d0.loss_iou_aux1: 0.2941, d1.loss_cls_aux1: 0.0172, d1.loss_bbox_aux1: 0.0627, d1.loss_iou_aux1: 0.2492, d2.loss_cls_aux1: 0.0164, d2.loss_bbox_aux1: 0.0603, d2.loss_iou_aux1: 0.2405, d3.loss_cls_aux1: 0.0171, d3.loss_bbox_aux1: 0.0598, d3.loss_iou_aux1: 0.2386, d4.loss_cls_aux1: 0.0173, d4.loss_bbox_aux1: 0.0598, d4.loss_iou_aux1: 0.2386, loss: 24.0986, grad_norm: 235.8407
2024-12-31 13:07:14,713 - mmdet - INFO - Epoch [33][2400/4728]	lr: 5.000e-07, eta: 4:50:47, time: 1.073, data_time: 0.009, memory: 18684, enc_loss_cls: 0.1000, enc_loss_bbox: 0.0771, enc_loss_iou: 0.3563, loss_cls: 0.0679, loss_bbox: 0.0764, loss_iou: 0.3444, d0.loss_cls: 0.0982, d0.loss_bbox: 0.0765, d0.loss_iou: 0.3463, d1.loss_cls: 0.0777, d1.loss_bbox: 0.0762, d1.loss_iou: 0.3440, d2.loss_cls: 0.0677, d2.loss_bbox: 0.0768, d2.loss_iou: 0.3459, d3.loss_cls: 0.0686, d3.loss_bbox: 0.0765, d3.loss_iou: 0.3441, d4.loss_cls: 0.0679, d4.loss_bbox: 0.0768, d4.loss_iou: 0.3445, dn_loss_cls: 0.0147, dn_loss_bbox: 0.0428, dn_loss_iou: 0.1858, d0.dn_loss_cls: 0.0397, d0.dn_loss_bbox: 0.0586, d0.dn_loss_iou: 0.2565, d1.dn_loss_cls: 0.0213, d1.dn_loss_bbox: 0.0455, d1.dn_loss_iou: 0.1998, d2.dn_loss_cls: 0.0175, d2.dn_loss_bbox: 0.0432, d2.dn_loss_iou: 0.1880, d3.dn_loss_cls: 0.0154, d3.dn_loss_bbox: 0.0428, d3.dn_loss_iou: 0.1858, d4.dn_loss_cls: 0.0148, d4.dn_loss_bbox: 0.0428, d4.dn_loss_iou: 0.1859, loss_rpn_cls: 0.0299, loss_rpn_bbox: 0.1094, loss_cls0: 1.3289, acc0: 95.5020, loss_bbox0: 2.5843, loss_cls1: 1.0333, loss_bbox1: 3.2202, loss_centerness1: 6.7325, loss_cls_aux0: 0.0109, loss_bbox_aux0: 0.0155, loss_iou_aux0: 0.0576, d0.loss_cls_aux0: 0.0154, d0.loss_bbox_aux0: 0.0516, d0.loss_iou_aux0: 0.1970, d1.loss_cls_aux0: 0.0138, d1.loss_bbox_aux0: 0.0234, d1.loss_iou_aux0: 0.0897, d2.loss_cls_aux0: 0.0131, d2.loss_bbox_aux0: 0.0178, d2.loss_iou_aux0: 0.0662, d3.loss_cls_aux0: 0.0119, d3.loss_bbox_aux0: 0.0154, d3.loss_iou_aux0: 0.0573, d4.loss_cls_aux0: 0.0110, d4.loss_bbox_aux0: 0.0155, d4.loss_iou_aux0: 0.0575, loss_cls_aux1: 0.0091, loss_bbox_aux1: 0.0539, loss_iou_aux1: 0.2220, d0.loss_cls_aux1: 0.0115, d0.loss_bbox_aux1: 0.0711, d0.loss_iou_aux1: 0.2750, d1.loss_cls_aux1: 0.0107, d1.loss_bbox_aux1: 0.0566, d1.loss_iou_aux1: 0.2307, d2.loss_cls_aux1: 0.0103, d2.loss_bbox_aux1: 0.0543, d2.loss_iou_aux1: 0.2235, d3.loss_cls_aux1: 0.0097, d3.loss_bbox_aux1: 0.0538, d3.loss_iou_aux1: 0.2221, d4.loss_cls_aux1: 0.0092, d4.loss_bbox_aux1: 0.0539, d4.loss_iou_aux1: 0.2220, loss: 22.6889, grad_norm: 222.0424
2024-12-31 13:10:55,410 - mmdet - INFO - Epoch [33][2600/4728]	lr: 5.000e-07, eta: 4:47:36, time: 1.103, data_time: 0.010, memory: 18684, enc_loss_cls: 0.1330, enc_loss_bbox: 0.0985, enc_loss_iou: 0.4120, loss_cls: 0.1063, loss_bbox: 0.0912, loss_iou: 0.3889, d0.loss_cls: 0.1389, d0.loss_bbox: 0.0905, d0.loss_iou: 0.3908, d1.loss_cls: 0.1107, d1.loss_bbox: 0.0889, d1.loss_iou: 0.3876, d2.loss_cls: 0.1039, d2.loss_bbox: 0.0915, d2.loss_iou: 0.3899, d3.loss_cls: 0.1049, d3.loss_bbox: 0.0912, d3.loss_iou: 0.3880, d4.loss_cls: 0.1061, d4.loss_bbox: 0.0912, d4.loss_iou: 0.3891, dn_loss_cls: 0.0187, dn_loss_bbox: 0.0492, dn_loss_iou: 0.1998, d0.dn_loss_cls: 0.0505, d0.dn_loss_bbox: 0.0689, d0.dn_loss_iou: 0.2839, d1.dn_loss_cls: 0.0263, d1.dn_loss_bbox: 0.0525, d1.dn_loss_iou: 0.2162, d2.dn_loss_cls: 0.0217, d2.dn_loss_bbox: 0.0499, d2.dn_loss_iou: 0.2030, d3.dn_loss_cls: 0.0187, d3.dn_loss_bbox: 0.0492, d3.dn_loss_iou: 0.2001, d4.dn_loss_cls: 0.0186, d4.dn_loss_bbox: 0.0492, d4.dn_loss_iou: 0.2003, loss_rpn_cls: 0.0382, loss_rpn_bbox: 0.1078, loss_cls0: 1.4333, acc0: 95.4111, loss_bbox0: 2.7274, loss_cls1: 1.2229, loss_bbox1: 3.6401, loss_centerness1: 6.8364, loss_cls_aux0: 0.0193, loss_bbox_aux0: 0.0146, loss_iou_aux0: 0.0642, d0.loss_cls_aux0: 0.0258, d0.loss_bbox_aux0: 0.0608, d0.loss_iou_aux0: 0.2206, d1.loss_cls_aux0: 0.0221, d1.loss_bbox_aux0: 0.0248, d1.loss_iou_aux0: 0.1006, d2.loss_cls_aux0: 0.0204, d2.loss_bbox_aux0: 0.0171, d2.loss_iou_aux0: 0.0735, d3.loss_cls_aux0: 0.0200, d3.loss_bbox_aux0: 0.0146, d3.loss_iou_aux0: 0.0636, d4.loss_cls_aux0: 0.0200, d4.loss_bbox_aux0: 0.0146, d4.loss_iou_aux0: 0.0637, loss_cls_aux1: 0.0164, loss_bbox_aux1: 0.0609, loss_iou_aux1: 0.2470, d0.loss_cls_aux1: 0.0223, d0.loss_bbox_aux1: 0.0763, d0.loss_iou_aux1: 0.3010, d1.loss_cls_aux1: 0.0204, d1.loss_bbox_aux1: 0.0638, d1.loss_iou_aux1: 0.2581, d2.loss_cls_aux1: 0.0187, d2.loss_bbox_aux1: 0.0616, d2.loss_iou_aux1: 0.2501, d3.loss_cls_aux1: 0.0176, d3.loss_bbox_aux1: 0.0609, d3.loss_iou_aux1: 0.2471, d4.loss_cls_aux1: 0.0169, d4.loss_bbox_aux1: 0.0609, d4.loss_iou_aux1: 0.2470, loss: 24.8832, grad_norm: 260.0034
2024-12-31 13:14:34,245 - mmdet - INFO - Epoch [33][2800/4728]	lr: 5.000e-07, eta: 4:44:20, time: 1.094, data_time: 0.010, memory: 18684, enc_loss_cls: 0.1227, enc_loss_bbox: 0.0881, enc_loss_iou: 0.3836, loss_cls: 0.0915, loss_bbox: 0.0796, loss_iou: 0.3674, d0.loss_cls: 0.1364, d0.loss_bbox: 0.0805, d0.loss_iou: 0.3705, d1.loss_cls: 0.0947, d1.loss_bbox: 0.0804, d1.loss_iou: 0.3709, d2.loss_cls: 0.0912, d2.loss_bbox: 0.0809, d2.loss_iou: 0.3710, d3.loss_cls: 0.0899, d3.loss_bbox: 0.0799, d3.loss_iou: 0.3689, d4.loss_cls: 0.0905, d4.loss_bbox: 0.0799, d4.loss_iou: 0.3677, dn_loss_cls: 0.0148, dn_loss_bbox: 0.0447, dn_loss_iou: 0.1918, d0.dn_loss_cls: 0.0425, d0.dn_loss_bbox: 0.0604, d0.dn_loss_iou: 0.2723, d1.dn_loss_cls: 0.0220, d1.dn_loss_bbox: 0.0471, d1.dn_loss_iou: 0.2067, d2.dn_loss_cls: 0.0172, d2.dn_loss_bbox: 0.0450, d2.dn_loss_iou: 0.1939, d3.dn_loss_cls: 0.0152, d3.dn_loss_bbox: 0.0447, d3.dn_loss_iou: 0.1918, d4.dn_loss_cls: 0.0147, d4.dn_loss_bbox: 0.0447, d4.dn_loss_iou: 0.1918, loss_rpn_cls: 0.0376, loss_rpn_bbox: 0.0956, loss_cls0: 1.2044, acc0: 96.0322, loss_bbox0: 2.3927, loss_cls1: 1.2658, loss_bbox1: 3.6114, loss_centerness1: 6.7369, loss_cls_aux0: 0.0303, loss_bbox_aux0: 0.0138, loss_iou_aux0: 0.0528, d0.loss_cls_aux0: 0.0309, d0.loss_bbox_aux0: 0.0510, d0.loss_iou_aux0: 0.1978, d1.loss_cls_aux0: 0.0315, d1.loss_bbox_aux0: 0.0223, d1.loss_iou_aux0: 0.0815, d2.loss_cls_aux0: 0.0309, d2.loss_bbox_aux0: 0.0161, d2.loss_iou_aux0: 0.0597, d3.loss_cls_aux0: 0.0308, d3.loss_bbox_aux0: 0.0138, d3.loss_iou_aux0: 0.0528, d4.loss_cls_aux0: 0.0307, d4.loss_bbox_aux0: 0.0138, d4.loss_iou_aux0: 0.0527, loss_cls_aux1: 0.0114, loss_bbox_aux1: 0.0516, loss_iou_aux1: 0.2424, d0.loss_cls_aux1: 0.0198, d0.loss_bbox_aux1: 0.0689, d0.loss_iou_aux1: 0.2950, d1.loss_cls_aux1: 0.0135, d1.loss_bbox_aux1: 0.0555, d1.loss_iou_aux1: 0.2520, d2.loss_cls_aux1: 0.0121, d2.loss_bbox_aux1: 0.0523, d2.loss_iou_aux1: 0.2433, d3.loss_cls_aux1: 0.0123, d3.loss_bbox_aux1: 0.0517, d3.loss_iou_aux1: 0.2425, d4.loss_cls_aux1: 0.0117, d4.loss_bbox_aux1: 0.0516, d4.loss_iou_aux1: 0.2424, loss: 23.6353, grad_norm: 235.1254
2024-12-31 13:18:08,566 - mmdet - INFO - Epoch [33][3000/4728]	lr: 5.000e-07, eta: 4:40:54, time: 1.072, data_time: 0.010, memory: 18684, enc_loss_cls: 0.1042, enc_loss_bbox: 0.0934, enc_loss_iou: 0.4018, loss_cls: 0.0795, loss_bbox: 0.0850, loss_iou: 0.3856, d0.loss_cls: 0.1184, d0.loss_bbox: 0.0863, d0.loss_iou: 0.3884, d1.loss_cls: 0.0837, d1.loss_bbox: 0.0858, d1.loss_iou: 0.3883, d2.loss_cls: 0.0808, d2.loss_bbox: 0.0853, d2.loss_iou: 0.3868, d3.loss_cls: 0.0780, d3.loss_bbox: 0.0860, d3.loss_iou: 0.3870, d4.loss_cls: 0.0785, d4.loss_bbox: 0.0852, d4.loss_iou: 0.3859, dn_loss_cls: 0.0188, dn_loss_bbox: 0.0469, dn_loss_iou: 0.1970, d0.dn_loss_cls: 0.0481, d0.dn_loss_bbox: 0.0659, d0.dn_loss_iou: 0.2777, d1.dn_loss_cls: 0.0268, d1.dn_loss_bbox: 0.0496, d1.dn_loss_iou: 0.2118, d2.dn_loss_cls: 0.0220, d2.dn_loss_bbox: 0.0475, d2.dn_loss_iou: 0.2001, d3.dn_loss_cls: 0.0195, d3.dn_loss_bbox: 0.0469, d3.dn_loss_iou: 0.1971, d4.dn_loss_cls: 0.0189, d4.dn_loss_bbox: 0.0469, d4.dn_loss_iou: 0.1971, loss_rpn_cls: 0.0240, loss_rpn_bbox: 0.1007, loss_cls0: 1.2651, acc0: 95.8721, loss_bbox0: 2.4797, loss_cls1: 1.2032, loss_bbox1: 3.5717, loss_centerness1: 6.9053, loss_cls_aux0: 0.0221, loss_bbox_aux0: 0.0132, loss_iou_aux0: 0.0507, d0.loss_cls_aux0: 0.0280, d0.loss_bbox_aux0: 0.0579, d0.loss_iou_aux0: 0.1965, d1.loss_cls_aux0: 0.0297, d1.loss_bbox_aux0: 0.0224, d1.loss_iou_aux0: 0.0817, d2.loss_cls_aux0: 0.0270, d2.loss_bbox_aux0: 0.0160, d2.loss_iou_aux0: 0.0599, d3.loss_cls_aux0: 0.0274, d3.loss_bbox_aux0: 0.0132, d3.loss_iou_aux0: 0.0505, d4.loss_cls_aux0: 0.0223, d4.loss_bbox_aux0: 0.0132, d4.loss_iou_aux0: 0.0507, loss_cls_aux1: 0.0226, loss_bbox_aux1: 0.0671, loss_iou_aux1: 0.2453, d0.loss_cls_aux1: 0.0240, d0.loss_bbox_aux1: 0.0843, d0.loss_iou_aux1: 0.3001, d1.loss_cls_aux1: 0.0255, d1.loss_bbox_aux1: 0.0690, d1.loss_iou_aux1: 0.2537, d2.loss_cls_aux1: 0.0255, d2.loss_bbox_aux1: 0.0679, d2.loss_iou_aux1: 0.2476, d3.loss_cls_aux1: 0.0246, d3.loss_bbox_aux1: 0.0671, d3.loss_iou_aux1: 0.2453, d4.loss_cls_aux1: 0.0227, d4.loss_bbox_aux1: 0.0671, d4.loss_iou_aux1: 0.2453, loss: 24.1295, grad_norm: 236.4653
2024-12-31 13:21:43,842 - mmdet - INFO - Epoch [33][3200/4728]	lr: 5.000e-07, eta: 4:37:29, time: 1.076, data_time: 0.010, memory: 18684, enc_loss_cls: 0.0918, enc_loss_bbox: 0.0846, enc_loss_iou: 0.3811, loss_cls: 0.0671, loss_bbox: 0.0779, loss_iou: 0.3614, d0.loss_cls: 0.1058, d0.loss_bbox: 0.0800, d0.loss_iou: 0.3675, d1.loss_cls: 0.0733, d1.loss_bbox: 0.0806, d1.loss_iou: 0.3666, d2.loss_cls: 0.0666, d2.loss_bbox: 0.0797, d2.loss_iou: 0.3675, d3.loss_cls: 0.0670, d3.loss_bbox: 0.0786, d3.loss_iou: 0.3631, d4.loss_cls: 0.0670, d4.loss_bbox: 0.0782, d4.loss_iou: 0.3619, dn_loss_cls: 0.0134, dn_loss_bbox: 0.0455, dn_loss_iou: 0.1924, d0.dn_loss_cls: 0.0396, d0.dn_loss_bbox: 0.0609, d0.dn_loss_iou: 0.2656, d1.dn_loss_cls: 0.0206, d1.dn_loss_bbox: 0.0480, d1.dn_loss_iou: 0.2054, d2.dn_loss_cls: 0.0158, d2.dn_loss_bbox: 0.0458, d2.dn_loss_iou: 0.1942, d3.dn_loss_cls: 0.0137, d3.dn_loss_bbox: 0.0455, d3.dn_loss_iou: 0.1923, d4.dn_loss_cls: 0.0134, d4.dn_loss_bbox: 0.0455, d4.dn_loss_iou: 0.1923, loss_rpn_cls: 0.0300, loss_rpn_bbox: 0.1065, loss_cls0: 1.2917, acc0: 95.7314, loss_bbox0: 2.6080, loss_cls1: 1.1657, loss_bbox1: 3.4455, loss_centerness1: 6.9223, loss_cls_aux0: 0.0109, loss_bbox_aux0: 0.0155, loss_iou_aux0: 0.0577, d0.loss_cls_aux0: 0.0156, d0.loss_bbox_aux0: 0.0582, d0.loss_iou_aux0: 0.2068, d1.loss_cls_aux0: 0.0143, d1.loss_bbox_aux0: 0.0242, d1.loss_iou_aux0: 0.0891, d2.loss_cls_aux0: 0.0134, d2.loss_bbox_aux0: 0.0176, d2.loss_iou_aux0: 0.0649, d3.loss_cls_aux0: 0.0125, d3.loss_bbox_aux0: 0.0155, d3.loss_iou_aux0: 0.0576, d4.loss_cls_aux0: 0.0118, d4.loss_bbox_aux0: 0.0155, d4.loss_iou_aux0: 0.0576, loss_cls_aux1: 0.0123, loss_bbox_aux1: 0.0613, loss_iou_aux1: 0.2478, d0.loss_cls_aux1: 0.0146, d0.loss_bbox_aux1: 0.0761, d0.loss_iou_aux1: 0.2934, d1.loss_cls_aux1: 0.0130, d1.loss_bbox_aux1: 0.0638, d1.loss_iou_aux1: 0.2561, d2.loss_cls_aux1: 0.0131, d2.loss_bbox_aux1: 0.0619, d2.loss_iou_aux1: 0.2494, d3.loss_cls_aux1: 0.0133, d3.loss_bbox_aux1: 0.0613, d3.loss_iou_aux1: 0.2479, d4.loss_cls_aux1: 0.0129, d4.loss_bbox_aux1: 0.0613, d4.loss_iou_aux1: 0.2479, loss: 23.6532, grad_norm: 233.9444
2024-12-31 13:25:18,656 - mmdet - INFO - Epoch [33][3400/4728]	lr: 5.000e-07, eta: 4:34:02, time: 1.074, data_time: 0.009, memory: 18684, enc_loss_cls: 0.0829, enc_loss_bbox: 0.0910, enc_loss_iou: 0.3646, loss_cls: 0.0657, loss_bbox: 0.0804, loss_iou: 0.3464, d0.loss_cls: 0.1011, d0.loss_bbox: 0.0803, d0.loss_iou: 0.3479, d1.loss_cls: 0.0784, d1.loss_bbox: 0.0812, d1.loss_iou: 0.3459, d2.loss_cls: 0.0682, d2.loss_bbox: 0.0808, d2.loss_iou: 0.3470, d3.loss_cls: 0.0672, d3.loss_bbox: 0.0808, d3.loss_iou: 0.3459, d4.loss_cls: 0.0661, d4.loss_bbox: 0.0804, d4.loss_iou: 0.3464, dn_loss_cls: 0.0118, dn_loss_bbox: 0.0465, dn_loss_iou: 0.1880, d0.dn_loss_cls: 0.0380, d0.dn_loss_bbox: 0.0632, d0.dn_loss_iou: 0.2627, d1.dn_loss_cls: 0.0182, d1.dn_loss_bbox: 0.0493, d1.dn_loss_iou: 0.2015, d2.dn_loss_cls: 0.0141, d2.dn_loss_bbox: 0.0469, d2.dn_loss_iou: 0.1905, d3.dn_loss_cls: 0.0125, d3.dn_loss_bbox: 0.0465, d3.dn_loss_iou: 0.1880, d4.dn_loss_cls: 0.0118, d4.dn_loss_bbox: 0.0465, d4.dn_loss_iou: 0.1881, loss_rpn_cls: 0.0288, loss_rpn_bbox: 0.1088, loss_cls0: 1.3327, acc0: 95.5322, loss_bbox0: 2.6155, loss_cls1: 1.1045, loss_bbox1: 3.3841, loss_centerness1: 6.9354, loss_cls_aux0: 0.0117, loss_bbox_aux0: 0.0136, loss_iou_aux0: 0.0546, d0.loss_cls_aux0: 0.0195, d0.loss_bbox_aux0: 0.0595, d0.loss_iou_aux0: 0.2071, d1.loss_cls_aux0: 0.0131, d1.loss_bbox_aux0: 0.0245, d1.loss_iou_aux0: 0.0867, d2.loss_cls_aux0: 0.0126, d2.loss_bbox_aux0: 0.0163, d2.loss_iou_aux0: 0.0627, d3.loss_cls_aux0: 0.0122, d3.loss_bbox_aux0: 0.0135, d3.loss_iou_aux0: 0.0545, d4.loss_cls_aux0: 0.0119, d4.loss_bbox_aux0: 0.0136, d4.loss_iou_aux0: 0.0545, loss_cls_aux1: 0.0117, loss_bbox_aux1: 0.0586, loss_iou_aux1: 0.2251, d0.loss_cls_aux1: 0.0135, d0.loss_bbox_aux1: 0.0791, d0.loss_iou_aux1: 0.2782, d1.loss_cls_aux1: 0.0124, d1.loss_bbox_aux1: 0.0624, d1.loss_iou_aux1: 0.2348, d2.loss_cls_aux1: 0.0116, d2.loss_bbox_aux1: 0.0596, d2.loss_iou_aux1: 0.2283, d3.loss_cls_aux1: 0.0117, d3.loss_bbox_aux1: 0.0586, d3.loss_iou_aux1: 0.2251, d4.loss_cls_aux1: 0.0120, d4.loss_bbox_aux1: 0.0586, d4.loss_iou_aux1: 0.2251, loss: 23.2911, grad_norm: 232.8831
2024-12-31 13:28:55,751 - mmdet - INFO - Epoch [33][3600/4728]	lr: 5.000e-07, eta: 4:30:40, time: 1.085, data_time: 0.009, memory: 18684, enc_loss_cls: 0.0937, enc_loss_bbox: 0.0819, enc_loss_iou: 0.3984, loss_cls: 0.0732, loss_bbox: 0.0779, loss_iou: 0.3783, d0.loss_cls: 0.1090, d0.loss_bbox: 0.0783, d0.loss_iou: 0.3813, d1.loss_cls: 0.0753, d1.loss_bbox: 0.0780, d1.loss_iou: 0.3824, d2.loss_cls: 0.0684, d2.loss_bbox: 0.0783, d2.loss_iou: 0.3824, d3.loss_cls: 0.0716, d3.loss_bbox: 0.0781, d3.loss_iou: 0.3797, d4.loss_cls: 0.0725, d4.loss_bbox: 0.0779, d4.loss_iou: 0.3789, dn_loss_cls: 0.0156, dn_loss_bbox: 0.0426, dn_loss_iou: 0.2049, d0.dn_loss_cls: 0.0454, d0.dn_loss_bbox: 0.0580, d0.dn_loss_iou: 0.2835, d1.dn_loss_cls: 0.0228, d1.dn_loss_bbox: 0.0455, d1.dn_loss_iou: 0.2191, d2.dn_loss_cls: 0.0184, d2.dn_loss_bbox: 0.0431, d2.dn_loss_iou: 0.2072, d3.dn_loss_cls: 0.0163, d3.dn_loss_bbox: 0.0426, d3.dn_loss_iou: 0.2048, d4.dn_loss_cls: 0.0155, d4.dn_loss_bbox: 0.0426, d4.dn_loss_iou: 0.2048, loss_rpn_cls: 0.0261, loss_rpn_bbox: 0.1235, loss_cls0: 1.4319, acc0: 95.2695, loss_bbox0: 2.8405, loss_cls1: 1.1573, loss_bbox1: 3.6437, loss_centerness1: 6.8525, loss_cls_aux0: 0.0209, loss_bbox_aux0: 0.0148, loss_iou_aux0: 0.0737, d0.loss_cls_aux0: 0.0217, d0.loss_bbox_aux0: 0.0540, d0.loss_iou_aux0: 0.2315, d1.loss_cls_aux0: 0.0214, d1.loss_bbox_aux0: 0.0232, d1.loss_iou_aux0: 0.1084, d2.loss_cls_aux0: 0.0207, d2.loss_bbox_aux0: 0.0172, d2.loss_iou_aux0: 0.0820, d3.loss_cls_aux0: 0.0199, d3.loss_bbox_aux0: 0.0147, d3.loss_iou_aux0: 0.0734, d4.loss_cls_aux0: 0.0193, d4.loss_bbox_aux0: 0.0147, d4.loss_iou_aux0: 0.0729, loss_cls_aux1: 0.0155, loss_bbox_aux1: 0.0525, loss_iou_aux1: 0.2385, d0.loss_cls_aux1: 0.0167, d0.loss_bbox_aux1: 0.0689, d0.loss_iou_aux1: 0.2956, d1.loss_cls_aux1: 0.0164, d1.loss_bbox_aux1: 0.0560, d1.loss_iou_aux1: 0.2518, d2.loss_cls_aux1: 0.0150, d2.loss_bbox_aux1: 0.0536, d2.loss_iou_aux1: 0.2421, d3.loss_cls_aux1: 0.0150, d3.loss_bbox_aux1: 0.0525, d3.loss_iou_aux1: 0.2385, d4.loss_cls_aux1: 0.0152, d4.loss_bbox_aux1: 0.0525, d4.loss_iou_aux1: 0.2384, loss: 24.4432, grad_norm: 217.6760
2024-12-31 13:32:31,863 - mmdet - INFO - Epoch [33][3800/4728]	lr: 5.000e-07, eta: 4:27:15, time: 1.081, data_time: 0.009, memory: 18684, enc_loss_cls: 0.0995, enc_loss_bbox: 0.0915, enc_loss_iou: 0.3957, loss_cls: 0.0890, loss_bbox: 0.0844, loss_iou: 0.3715, d0.loss_cls: 0.1238, d0.loss_bbox: 0.0833, d0.loss_iou: 0.3733, d1.loss_cls: 0.1000, d1.loss_bbox: 0.0831, d1.loss_iou: 0.3693, d2.loss_cls: 0.0891, d2.loss_bbox: 0.0827, d2.loss_iou: 0.3714, d3.loss_cls: 0.0894, d3.loss_bbox: 0.0848, d3.loss_iou: 0.3700, d4.loss_cls: 0.0883, d4.loss_bbox: 0.0847, d4.loss_iou: 0.3721, dn_loss_cls: 0.0160, dn_loss_bbox: 0.0463, dn_loss_iou: 0.1914, d0.dn_loss_cls: 0.0459, d0.dn_loss_bbox: 0.0643, d0.dn_loss_iou: 0.2690, d1.dn_loss_cls: 0.0240, d1.dn_loss_bbox: 0.0499, d1.dn_loss_iou: 0.2067, d2.dn_loss_cls: 0.0194, d2.dn_loss_bbox: 0.0469, d2.dn_loss_iou: 0.1938, d3.dn_loss_cls: 0.0169, d3.dn_loss_bbox: 0.0463, d3.dn_loss_iou: 0.1914, d4.dn_loss_cls: 0.0160, d4.dn_loss_bbox: 0.0463, d4.dn_loss_iou: 0.1915, loss_rpn_cls: 0.0299, loss_rpn_bbox: 0.0977, loss_cls0: 1.2639, acc0: 95.9092, loss_bbox0: 2.4589, loss_cls1: 1.1338, loss_bbox1: 3.5241, loss_centerness1: 6.7874, loss_cls_aux0: 0.0191, loss_bbox_aux0: 0.0150, loss_iou_aux0: 0.0557, d0.loss_cls_aux0: 0.0250, d0.loss_bbox_aux0: 0.0589, d0.loss_iou_aux0: 0.2113, d1.loss_cls_aux0: 0.0245, d1.loss_bbox_aux0: 0.0251, d1.loss_iou_aux0: 0.0908, d2.loss_cls_aux0: 0.0223, d2.loss_bbox_aux0: 0.0178, d2.loss_iou_aux0: 0.0652, d3.loss_cls_aux0: 0.0224, d3.loss_bbox_aux0: 0.0149, d3.loss_iou_aux0: 0.0556, d4.loss_cls_aux0: 0.0199, d4.loss_bbox_aux0: 0.0150, d4.loss_iou_aux0: 0.0557, loss_cls_aux1: 0.0158, loss_bbox_aux1: 0.0663, loss_iou_aux1: 0.2431, d0.loss_cls_aux1: 0.0218, d0.loss_bbox_aux1: 0.0889, d0.loss_iou_aux1: 0.2988, d1.loss_cls_aux1: 0.0172, d1.loss_bbox_aux1: 0.0730, d1.loss_iou_aux1: 0.2546, d2.loss_cls_aux1: 0.0169, d2.loss_bbox_aux1: 0.0685, d2.loss_iou_aux1: 0.2462, d3.loss_cls_aux1: 0.0171, d3.loss_bbox_aux1: 0.0661, d3.loss_iou_aux1: 0.2430, d4.loss_cls_aux1: 0.0162, d4.loss_bbox_aux1: 0.0663, d4.loss_iou_aux1: 0.2431, loss: 23.7520, grad_norm: 243.0590
2024-12-31 13:36:09,021 - mmdet - INFO - Epoch [33][4000/4728]	lr: 5.000e-07, eta: 4:23:51, time: 1.086, data_time: 0.009, memory: 18684, enc_loss_cls: 0.1033, enc_loss_bbox: 0.0843, enc_loss_iou: 0.3988, loss_cls: 0.0794, loss_bbox: 0.0784, loss_iou: 0.3752, d0.loss_cls: 0.1199, d0.loss_bbox: 0.0791, d0.loss_iou: 0.3815, d1.loss_cls: 0.0851, d1.loss_bbox: 0.0785, d1.loss_iou: 0.3822, d2.loss_cls: 0.0721, d2.loss_bbox: 0.0789, d2.loss_iou: 0.3851, d3.loss_cls: 0.0791, d3.loss_bbox: 0.0790, d3.loss_iou: 0.3777, d4.loss_cls: 0.0787, d4.loss_bbox: 0.0785, d4.loss_iou: 0.3757, dn_loss_cls: 0.0161, dn_loss_bbox: 0.0435, dn_loss_iou: 0.1974, d0.dn_loss_cls: 0.0463, d0.dn_loss_bbox: 0.0593, d0.dn_loss_iou: 0.2731, d1.dn_loss_cls: 0.0248, d1.dn_loss_bbox: 0.0458, d1.dn_loss_iou: 0.2120, d2.dn_loss_cls: 0.0195, d2.dn_loss_bbox: 0.0438, d2.dn_loss_iou: 0.1997, d3.dn_loss_cls: 0.0168, d3.dn_loss_bbox: 0.0434, d3.dn_loss_iou: 0.1973, d4.dn_loss_cls: 0.0160, d4.dn_loss_bbox: 0.0435, d4.dn_loss_iou: 0.1974, loss_rpn_cls: 0.0294, loss_rpn_bbox: 0.1024, loss_cls0: 1.1898, acc0: 96.0283, loss_bbox0: 2.4130, loss_cls1: 1.0706, loss_bbox1: 3.4026, loss_centerness1: 6.8901, loss_cls_aux0: 0.0143, loss_bbox_aux0: 0.0134, loss_iou_aux0: 0.0515, d0.loss_cls_aux0: 0.0211, d0.loss_bbox_aux0: 0.0557, d0.loss_iou_aux0: 0.1951, d1.loss_cls_aux0: 0.0201, d1.loss_bbox_aux0: 0.0239, d1.loss_iou_aux0: 0.0827, d2.loss_cls_aux0: 0.0198, d2.loss_bbox_aux0: 0.0160, d2.loss_iou_aux0: 0.0601, d3.loss_cls_aux0: 0.0184, d3.loss_bbox_aux0: 0.0133, d3.loss_iou_aux0: 0.0514, d4.loss_cls_aux0: 0.0152, d4.loss_bbox_aux0: 0.0134, d4.loss_iou_aux0: 0.0514, loss_cls_aux1: 0.0148, loss_bbox_aux1: 0.0579, loss_iou_aux1: 0.2349, d0.loss_cls_aux1: 0.0188, d0.loss_bbox_aux1: 0.0737, d0.loss_iou_aux1: 0.2854, d1.loss_cls_aux1: 0.0189, d1.loss_bbox_aux1: 0.0609, d1.loss_iou_aux1: 0.2436, d2.loss_cls_aux1: 0.0180, d2.loss_bbox_aux1: 0.0586, d2.loss_iou_aux1: 0.2372, d3.loss_cls_aux1: 0.0170, d3.loss_bbox_aux1: 0.0579, d3.loss_iou_aux1: 0.2348, d4.loss_cls_aux1: 0.0151, d4.loss_bbox_aux1: 0.0579, d4.loss_iou_aux1: 0.2349, loss: 23.3213, grad_norm: 237.7181
2024-12-31 13:39:43,462 - mmdet - INFO - Epoch [33][4200/4728]	lr: 5.000e-07, eta: 4:20:22, time: 1.072, data_time: 0.009, memory: 18684, enc_loss_cls: 0.0977, enc_loss_bbox: 0.0901, enc_loss_iou: 0.3869, loss_cls: 0.0802, loss_bbox: 0.0794, loss_iou: 0.3634, d0.loss_cls: 0.1109, d0.loss_bbox: 0.0804, d0.loss_iou: 0.3676, d1.loss_cls: 0.0857, d1.loss_bbox: 0.0800, d1.loss_iou: 0.3621, d2.loss_cls: 0.0818, d2.loss_bbox: 0.0793, d2.loss_iou: 0.3631, d3.loss_cls: 0.0788, d3.loss_bbox: 0.0797, d3.loss_iou: 0.3643, d4.loss_cls: 0.0784, d4.loss_bbox: 0.0795, d4.loss_iou: 0.3642, dn_loss_cls: 0.0185, dn_loss_bbox: 0.0451, dn_loss_iou: 0.1892, d0.dn_loss_cls: 0.0474, d0.dn_loss_bbox: 0.0613, d0.dn_loss_iou: 0.2619, d1.dn_loss_cls: 0.0255, d1.dn_loss_bbox: 0.0479, d1.dn_loss_iou: 0.2042, d2.dn_loss_cls: 0.0214, d2.dn_loss_bbox: 0.0457, d2.dn_loss_iou: 0.1916, d3.dn_loss_cls: 0.0188, d3.dn_loss_bbox: 0.0452, d3.dn_loss_iou: 0.1892, d4.dn_loss_cls: 0.0183, d4.dn_loss_bbox: 0.0451, d4.dn_loss_iou: 0.1891, loss_rpn_cls: 0.0326, loss_rpn_bbox: 0.0935, loss_cls0: 1.2359, acc0: 96.0400, loss_bbox0: 2.3657, loss_cls1: 1.0884, loss_bbox1: 3.3703, loss_centerness1: 6.7285, loss_cls_aux0: 0.0244, loss_bbox_aux0: 0.0134, loss_iou_aux0: 0.0472, d0.loss_cls_aux0: 0.0226, d0.loss_bbox_aux0: 0.0583, d0.loss_iou_aux0: 0.1878, d1.loss_cls_aux0: 0.0221, d1.loss_bbox_aux0: 0.0230, d1.loss_iou_aux0: 0.0778, d2.loss_cls_aux0: 0.0231, d2.loss_bbox_aux0: 0.0163, d2.loss_iou_aux0: 0.0553, d3.loss_cls_aux0: 0.0236, d3.loss_bbox_aux0: 0.0134, d3.loss_iou_aux0: 0.0471, d4.loss_cls_aux0: 0.0238, d4.loss_bbox_aux0: 0.0134, d4.loss_iou_aux0: 0.0471, loss_cls_aux1: 0.0226, loss_bbox_aux1: 0.0625, loss_iou_aux1: 0.2348, d0.loss_cls_aux1: 0.0212, d0.loss_bbox_aux1: 0.0803, d0.loss_iou_aux1: 0.2841, d1.loss_cls_aux1: 0.0203, d1.loss_bbox_aux1: 0.0667, d1.loss_iou_aux1: 0.2453, d2.loss_cls_aux1: 0.0216, d2.loss_bbox_aux1: 0.0636, d2.loss_iou_aux1: 0.2376, d3.loss_cls_aux1: 0.0226, d3.loss_bbox_aux1: 0.0626, d3.loss_iou_aux1: 0.2350, d4.loss_cls_aux1: 0.0221, d4.loss_bbox_aux1: 0.0625, d4.loss_iou_aux1: 0.2348, loss: 23.0737, grad_norm: 248.0292
2024-12-31 13:43:18,709 - mmdet - INFO - Epoch [33][4400/4728]	lr: 5.000e-07, eta: 4:16:54, time: 1.076, data_time: 0.010, memory: 18684, enc_loss_cls: 0.1020, enc_loss_bbox: 0.0813, enc_loss_iou: 0.3769, loss_cls: 0.0815, loss_bbox: 0.0719, loss_iou: 0.3565, d0.loss_cls: 0.1229, d0.loss_bbox: 0.0724, d0.loss_iou: 0.3601, d1.loss_cls: 0.0868, d1.loss_bbox: 0.0719, d1.loss_iou: 0.3586, d2.loss_cls: 0.0846, d2.loss_bbox: 0.0721, d2.loss_iou: 0.3568, d3.loss_cls: 0.0823, d3.loss_bbox: 0.0720, d3.loss_iou: 0.3567, d4.loss_cls: 0.0816, d4.loss_bbox: 0.0719, d4.loss_iou: 0.3568, dn_loss_cls: 0.0151, dn_loss_bbox: 0.0410, dn_loss_iou: 0.1903, d0.dn_loss_cls: 0.0429, d0.dn_loss_bbox: 0.0561, d0.dn_loss_iou: 0.2678, d1.dn_loss_cls: 0.0230, d1.dn_loss_bbox: 0.0432, d1.dn_loss_iou: 0.2032, d2.dn_loss_cls: 0.0186, d2.dn_loss_bbox: 0.0414, d2.dn_loss_iou: 0.1922, d3.dn_loss_cls: 0.0163, d3.dn_loss_bbox: 0.0410, d3.dn_loss_iou: 0.1903, d4.dn_loss_cls: 0.0151, d4.dn_loss_bbox: 0.0410, d4.dn_loss_iou: 0.1903, loss_rpn_cls: 0.0233, loss_rpn_bbox: 0.1129, loss_cls0: 1.3773, acc0: 95.4033, loss_bbox0: 2.6663, loss_cls1: 1.1756, loss_bbox1: 3.4787, loss_centerness1: 6.9802, loss_cls_aux0: 0.0187, loss_bbox_aux0: 0.0139, loss_iou_aux0: 0.0595, d0.loss_cls_aux0: 0.0237, d0.loss_bbox_aux0: 0.0521, d0.loss_iou_aux0: 0.2091, d1.loss_cls_aux0: 0.0221, d1.loss_bbox_aux0: 0.0223, d1.loss_iou_aux0: 0.0908, d2.loss_cls_aux0: 0.0190, d2.loss_bbox_aux0: 0.0170, d2.loss_iou_aux0: 0.0689, d3.loss_cls_aux0: 0.0189, d3.loss_bbox_aux0: 0.0138, d3.loss_iou_aux0: 0.0593, d4.loss_cls_aux0: 0.0188, d4.loss_bbox_aux0: 0.0138, d4.loss_iou_aux0: 0.0594, loss_cls_aux1: 0.0174, loss_bbox_aux1: 0.0534, loss_iou_aux1: 0.2381, d0.loss_cls_aux1: 0.0184, d0.loss_bbox_aux1: 0.0688, d0.loss_iou_aux1: 0.2906, d1.loss_cls_aux1: 0.0183, d1.loss_bbox_aux1: 0.0565, d1.loss_iou_aux1: 0.2500, d2.loss_cls_aux1: 0.0190, d2.loss_bbox_aux1: 0.0539, d2.loss_iou_aux1: 0.2401, d3.loss_cls_aux1: 0.0189, d3.loss_bbox_aux1: 0.0534, d3.loss_iou_aux1: 0.2381, d4.loss_cls_aux1: 0.0180, d4.loss_bbox_aux1: 0.0534, d4.loss_iou_aux1: 0.2381, loss: 23.8667, grad_norm: 232.6228
2024-12-31 13:46:53,899 - mmdet - INFO - Epoch [33][4600/4728]	lr: 5.000e-07, eta: 4:13:26, time: 1.076, data_time: 0.010, memory: 18684, enc_loss_cls: 0.0869, enc_loss_bbox: 0.0859, enc_loss_iou: 0.3723, loss_cls: 0.0860, loss_bbox: 0.0772, loss_iou: 0.3390, d0.loss_cls: 0.1200, d0.loss_bbox: 0.0774, d0.loss_iou: 0.3445, d1.loss_cls: 0.1038, d1.loss_bbox: 0.0753, d1.loss_iou: 0.3342, d2.loss_cls: 0.0810, d2.loss_bbox: 0.0777, d2.loss_iou: 0.3430, d3.loss_cls: 0.0847, d3.loss_bbox: 0.0773, d3.loss_iou: 0.3404, d4.loss_cls: 0.0866, d4.loss_bbox: 0.0772, d4.loss_iou: 0.3387, dn_loss_cls: 0.0156, dn_loss_bbox: 0.0437, dn_loss_iou: 0.1808, d0.dn_loss_cls: 0.0416, d0.dn_loss_bbox: 0.0598, d0.dn_loss_iou: 0.2538, d1.dn_loss_cls: 0.0220, d1.dn_loss_bbox: 0.0462, d1.dn_loss_iou: 0.1931, d2.dn_loss_cls: 0.0179, d2.dn_loss_bbox: 0.0441, d2.dn_loss_iou: 0.1831, d3.dn_loss_cls: 0.0155, d3.dn_loss_bbox: 0.0437, d3.dn_loss_iou: 0.1809, d4.dn_loss_cls: 0.0152, d4.dn_loss_bbox: 0.0437, d4.dn_loss_iou: 0.1808, loss_rpn_cls: 0.0236, loss_rpn_bbox: 0.0867, loss_cls0: 1.1665, acc0: 96.2490, loss_bbox0: 2.2503, loss_cls1: 1.0960, loss_bbox1: 3.2581, loss_centerness1: 6.8146, loss_cls_aux0: 0.0218, loss_bbox_aux0: 0.0120, loss_iou_aux0: 0.0481, d0.loss_cls_aux0: 0.0230, d0.loss_bbox_aux0: 0.0519, d0.loss_iou_aux0: 0.1911, d1.loss_cls_aux0: 0.0206, d1.loss_bbox_aux0: 0.0198, d1.loss_iou_aux0: 0.0760, d2.loss_cls_aux0: 0.0216, d2.loss_bbox_aux0: 0.0140, d2.loss_iou_aux0: 0.0550, d3.loss_cls_aux0: 0.0205, d3.loss_bbox_aux0: 0.0120, d3.loss_iou_aux0: 0.0479, d4.loss_cls_aux0: 0.0207, d4.loss_bbox_aux0: 0.0120, d4.loss_iou_aux0: 0.0480, loss_cls_aux1: 0.0152, loss_bbox_aux1: 0.0517, loss_iou_aux1: 0.2145, d0.loss_cls_aux1: 0.0164, d0.loss_bbox_aux1: 0.0682, d0.loss_iou_aux1: 0.2672, d1.loss_cls_aux1: 0.0167, d1.loss_bbox_aux1: 0.0551, d1.loss_iou_aux1: 0.2253, d2.loss_cls_aux1: 0.0158, d2.loss_bbox_aux1: 0.0523, d2.loss_iou_aux1: 0.2166, d3.loss_cls_aux1: 0.0149, d3.loss_bbox_aux1: 0.0517, d3.loss_iou_aux1: 0.2146, d4.loss_cls_aux1: 0.0149, d4.loss_bbox_aux1: 0.0517, d4.loss_iou_aux1: 0.2145, loss: 22.3800, grad_norm: 264.8037
2024-12-31 13:49:12,237 - mmdet - INFO - Saving checkpoint at 33 epochs
2024-12-31 13:52:19,400 - mmdet - INFO - Evaluating bbox...
2024-12-31 13:53:14,044 - mmdet - INFO - 
 Average Precision  (AP) @[ IoU=0.50:0.95 | area=   all | maxDets=100 ] = 0.619
 Average Precision  (AP) @[ IoU=0.50      | area=   all | maxDets=1000 ] = 0.908
 Average Precision  (AP) @[ IoU=0.75      | area=   all | maxDets=1000 ] = 0.654
 Average Precision  (AP) @[ IoU=0.50:0.95 | area= small | maxDets=1000 ] = 0.402
 Average Precision  (AP) @[ IoU=0.50:0.95 | area=medium | maxDets=1000 ] = 0.707
 Average Precision  (AP) @[ IoU=0.50:0.95 | area= large | maxDets=1000 ] = 0.882
 Average Recall     (AR) @[ IoU=0.50:0.95 | area=   all | maxDets=100 ] = 0.686
 Average Recall     (AR) @[ IoU=0.50:0.95 | area=   all | maxDets=300 ] = 0.690
 Average Recall     (AR) @[ IoU=0.50:0.95 | area=   all | maxDets=1000 ] = 0.691
 Average Recall     (AR) @[ IoU=0.50:0.95 | area= small | maxDets=1000 ] = 0.518
 Average Recall     (AR) @[ IoU=0.50:0.95 | area=medium | maxDets=1000 ] = 0.769
 Average Recall     (AR) @[ IoU=0.50:0.95 | area= large | maxDets=1000 ] = 0.916

2024-12-31 13:53:14,045 - mmdet - INFO - 
+----------+-------+--------+--------+-------+-------+-------+
| category | mAP   | mAP_50 | mAP_75 | mAP_s | mAP_m | mAP_l |
+----------+-------+--------+--------+-------+-------+-------+
| Car      | 0.701 | 0.946  | 0.772  | 0.42  | 0.725 | 0.91  |
| Truck    | 0.692 | 0.919  | 0.748  | 0.441 | 0.694 | 0.878 |
| People   | 0.551 | 0.905  | 0.557  | 0.379 | 0.724 | 0.819 |
| Bus      | 0.783 | 0.96   | 0.854  | 0.484 | 0.722 | 0.899 |
| Lamp     | 0.477 | 0.875  | 0.445  | 0.435 | 0.72  | nan   |
| Motor.   | 0.512 | 0.844  | 0.547  | 0.252 | 0.659 | 0.906 |
+----------+-------+--------+--------+-------+-------+-------+
2024-12-31 13:53:28,220 - mmdet - INFO - Now best checkpoint is saved as best_bbox_mAP_50_epoch_33.pth.
2024-12-31 13:53:28,221 - mmdet - INFO - Best bbox_mAP_50 is 0.9080 at 33 epoch.
2024-12-31 13:53:28,222 - mmdet - INFO - Exp name: codino_vit_twostream_640_autoaugv1_train1.py
2024-12-31 13:53:28,222 - mmdet - INFO - Epoch(val) [33][840]	Car_precision: 0.7010, Truck_precision: 0.6920, People_precision: 0.5510, Bus_precision: 0.7830, Lamp_precision: 0.4770, Motor._precision: 0.5120, bbox_mAP: 0.6190, bbox_mAP_50: 0.9080, bbox_mAP_75: 0.6540, bbox_mAP_s: 0.4020, bbox_mAP_m: 0.7070, bbox_mAP_l: 0.8820, bbox_mAP_copypaste: 0.619 0.908 0.654 0.402 0.707 0.882
2024-12-31 13:57:06,043 - mmdet - INFO - Epoch [34][200/4728]	lr: 5.000e-07, eta: 4:04:28, time: 1.089, data_time: 0.025, memory: 18684, enc_loss_cls: 0.1009, enc_loss_bbox: 0.0922, enc_loss_iou: 0.3992, loss_cls: 0.0813, loss_bbox: 0.0825, loss_iou: 0.3673, d0.loss_cls: 0.1188, d0.loss_bbox: 0.0834, d0.loss_iou: 0.3712, d1.loss_cls: 0.0904, d1.loss_bbox: 0.0812, d1.loss_iou: 0.3694, d2.loss_cls: 0.0807, d2.loss_bbox: 0.0824, d2.loss_iou: 0.3703, d3.loss_cls: 0.0797, d3.loss_bbox: 0.0825, d3.loss_iou: 0.3673, d4.loss_cls: 0.0820, d4.loss_bbox: 0.0825, d4.loss_iou: 0.3657, dn_loss_cls: 0.0182, dn_loss_bbox: 0.0455, dn_loss_iou: 0.1931, d0.dn_loss_cls: 0.0465, d0.dn_loss_bbox: 0.0618, d0.dn_loss_iou: 0.2668, d1.dn_loss_cls: 0.0269, d1.dn_loss_bbox: 0.0480, d1.dn_loss_iou: 0.2079, d2.dn_loss_cls: 0.0220, d2.dn_loss_bbox: 0.0458, d2.dn_loss_iou: 0.1956, d3.dn_loss_cls: 0.0189, d3.dn_loss_bbox: 0.0455, d3.dn_loss_iou: 0.1936, d4.dn_loss_cls: 0.0184, d4.dn_loss_bbox: 0.0455, d4.dn_loss_iou: 0.1931, loss_rpn_cls: 0.0293, loss_rpn_bbox: 0.1017, loss_cls0: 1.2790, acc0: 95.8604, loss_bbox0: 2.5019, loss_cls1: 1.1907, loss_bbox1: 3.5515, loss_centerness1: 6.8741, loss_cls_aux0: 0.0161, loss_bbox_aux0: 0.0147, loss_iou_aux0: 0.0531, d0.loss_cls_aux0: 0.0231, d0.loss_bbox_aux0: 0.0583, d0.loss_iou_aux0: 0.2047, d1.loss_cls_aux0: 0.0197, d1.loss_bbox_aux0: 0.0236, d1.loss_iou_aux0: 0.0860, d2.loss_cls_aux0: 0.0183, d2.loss_bbox_aux0: 0.0169, d2.loss_iou_aux0: 0.0601, d3.loss_cls_aux0: 0.0169, d3.loss_bbox_aux0: 0.0147, d3.loss_iou_aux0: 0.0541, d4.loss_cls_aux0: 0.0162, d4.loss_bbox_aux0: 0.0147, d4.loss_iou_aux0: 0.0530, loss_cls_aux1: 0.0151, loss_bbox_aux1: 0.0605, loss_iou_aux1: 0.2397, d0.loss_cls_aux1: 0.0174, d0.loss_bbox_aux1: 0.0791, d0.loss_iou_aux1: 0.2929, d1.loss_cls_aux1: 0.0173, d1.loss_bbox_aux1: 0.0634, d1.loss_iou_aux1: 0.2477, d2.loss_cls_aux1: 0.0169, d2.loss_bbox_aux1: 0.0613, d2.loss_iou_aux1: 0.2421, d3.loss_cls_aux1: 0.0162, d3.loss_bbox_aux1: 0.0606, d3.loss_iou_aux1: 0.2399, d4.loss_cls_aux1: 0.0152, d4.loss_bbox_aux1: 0.0605, d4.loss_iou_aux1: 0.2397, loss: 23.8017, grad_norm: 239.6611
2024-12-31 14:00:39,781 - mmdet - INFO - Epoch [34][400/4728]	lr: 5.000e-07, eta: 4:01:04, time: 1.069, data_time: 0.009, memory: 18684, enc_loss_cls: 0.0970, enc_loss_bbox: 0.0912, enc_loss_iou: 0.3736, loss_cls: 0.0784, loss_bbox: 0.0821, loss_iou: 0.3540, d0.loss_cls: 0.1139, d0.loss_bbox: 0.0822, d0.loss_iou: 0.3533, d1.loss_cls: 0.0781, d1.loss_bbox: 0.0868, d1.loss_iou: 0.3604, d2.loss_cls: 0.0809, d2.loss_bbox: 0.0813, d2.loss_iou: 0.3538, d3.loss_cls: 0.0796, d3.loss_bbox: 0.0823, d3.loss_iou: 0.3553, d4.loss_cls: 0.0746, d4.loss_bbox: 0.0870, d4.loss_iou: 0.3592, dn_loss_cls: 0.0183, dn_loss_bbox: 0.0471, dn_loss_iou: 0.1873, d0.dn_loss_cls: 0.0452, d0.dn_loss_bbox: 0.0622, d0.dn_loss_iou: 0.2610, d1.dn_loss_cls: 0.0253, d1.dn_loss_bbox: 0.0494, d1.dn_loss_iou: 0.1998, d2.dn_loss_cls: 0.0207, d2.dn_loss_bbox: 0.0474, d2.dn_loss_iou: 0.1902, d3.dn_loss_cls: 0.0187, d3.dn_loss_bbox: 0.0471, d3.dn_loss_iou: 0.1876, d4.dn_loss_cls: 0.0184, d4.dn_loss_bbox: 0.0471, d4.dn_loss_iou: 0.1876, loss_rpn_cls: 0.0255, loss_rpn_bbox: 0.1053, loss_cls0: 1.3047, acc0: 95.8135, loss_bbox0: 2.4526, loss_cls1: 1.1288, loss_bbox1: 3.3309, loss_centerness1: 6.6342, loss_cls_aux0: 0.0255, loss_bbox_aux0: 0.0161, loss_iou_aux0: 0.0586, d0.loss_cls_aux0: 0.0292, d0.loss_bbox_aux0: 0.0565, d0.loss_iou_aux0: 0.2047, d1.loss_cls_aux0: 0.0266, d1.loss_bbox_aux0: 0.0239, d1.loss_iou_aux0: 0.0901, d2.loss_cls_aux0: 0.0276, d2.loss_bbox_aux0: 0.0183, d2.loss_iou_aux0: 0.0669, d3.loss_cls_aux0: 0.0265, d3.loss_bbox_aux0: 0.0161, d3.loss_iou_aux0: 0.0580, d4.loss_cls_aux0: 0.0269, d4.loss_bbox_aux0: 0.0161, d4.loss_iou_aux0: 0.0590, loss_cls_aux1: 0.0165, loss_bbox_aux1: 0.0610, loss_iou_aux1: 0.2273, d0.loss_cls_aux1: 0.0174, d0.loss_bbox_aux1: 0.0766, d0.loss_iou_aux1: 0.2749, d1.loss_cls_aux1: 0.0166, d1.loss_bbox_aux1: 0.0652, d1.loss_iou_aux1: 0.2369, d2.loss_cls_aux1: 0.0168, d2.loss_bbox_aux1: 0.0617, d2.loss_iou_aux1: 0.2290, d3.loss_cls_aux1: 0.0168, d3.loss_bbox_aux1: 0.0611, d3.loss_iou_aux1: 0.2273, d4.loss_cls_aux1: 0.0176, d4.loss_bbox_aux1: 0.0610, d4.loss_iou_aux1: 0.2273, loss: 23.1053, grad_norm: 214.3388
2024-12-31 14:04:15,812 - mmdet - INFO - Epoch [34][600/4728]	lr: 5.000e-07, eta: 3:57:42, time: 1.080, data_time: 0.009, memory: 18684, enc_loss_cls: 0.0890, enc_loss_bbox: 0.0993, enc_loss_iou: 0.4344, loss_cls: 0.0862, loss_bbox: 0.0862, loss_iou: 0.3919, d0.loss_cls: 0.1089, d0.loss_bbox: 0.0898, d0.loss_iou: 0.4058, d1.loss_cls: 0.0858, d1.loss_bbox: 0.0881, d1.loss_iou: 0.3977, d2.loss_cls: 0.0920, d2.loss_bbox: 0.0858, d2.loss_iou: 0.3950, d3.loss_cls: 0.0831, d3.loss_bbox: 0.0859, d3.loss_iou: 0.3953, d4.loss_cls: 0.0862, d4.loss_bbox: 0.0862, d4.loss_iou: 0.3922, dn_loss_cls: 0.0210, dn_loss_bbox: 0.0460, dn_loss_iou: 0.2006, d0.dn_loss_cls: 0.0502, d0.dn_loss_bbox: 0.0628, d0.dn_loss_iou: 0.2785, d1.dn_loss_cls: 0.0279, d1.dn_loss_bbox: 0.0489, d1.dn_loss_iou: 0.2163, d2.dn_loss_cls: 0.0236, d2.dn_loss_bbox: 0.0465, d2.dn_loss_iou: 0.2031, d3.dn_loss_cls: 0.0219, d3.dn_loss_bbox: 0.0460, d3.dn_loss_iou: 0.2010, d4.dn_loss_cls: 0.0217, d4.dn_loss_bbox: 0.0460, d4.dn_loss_iou: 0.2007, loss_rpn_cls: 0.0287, loss_rpn_bbox: 0.0961, loss_cls0: 1.1404, acc0: 96.2168, loss_bbox0: 2.2688, loss_cls1: 1.2010, loss_bbox1: 3.4955, loss_centerness1: 6.8386, loss_cls_aux0: 0.0385, loss_bbox_aux0: 0.0135, loss_iou_aux0: 0.0514, d0.loss_cls_aux0: 0.0358, d0.loss_bbox_aux0: 0.0570, d0.loss_iou_aux0: 0.1914, d1.loss_cls_aux0: 0.0330, d1.loss_bbox_aux0: 0.0224, d1.loss_iou_aux0: 0.0797, d2.loss_cls_aux0: 0.0339, d2.loss_bbox_aux0: 0.0163, d2.loss_iou_aux0: 0.0610, d3.loss_cls_aux0: 0.0378, d3.loss_bbox_aux0: 0.0135, d3.loss_iou_aux0: 0.0513, d4.loss_cls_aux0: 0.0384, d4.loss_bbox_aux0: 0.0135, d4.loss_iou_aux0: 0.0513, loss_cls_aux1: 0.0343, loss_bbox_aux1: 0.0715, loss_iou_aux1: 0.2491, d0.loss_cls_aux1: 0.0265, d0.loss_bbox_aux1: 0.0930, d0.loss_iou_aux1: 0.3022, d1.loss_cls_aux1: 0.0273, d1.loss_bbox_aux1: 0.0758, d1.loss_iou_aux1: 0.2600, d2.loss_cls_aux1: 0.0285, d2.loss_bbox_aux1: 0.0722, d2.loss_iou_aux1: 0.2517, d3.loss_cls_aux1: 0.0330, d3.loss_bbox_aux1: 0.0715, d3.loss_iou_aux1: 0.2491, d4.loss_cls_aux1: 0.0335, d4.loss_bbox_aux1: 0.0715, d4.loss_iou_aux1: 0.2491, loss: 23.9362, grad_norm: 234.6301
2024-12-31 14:07:53,088 - mmdet - INFO - Epoch [34][800/4728]	lr: 5.000e-07, eta: 3:54:22, time: 1.086, data_time: 0.009, memory: 18684, enc_loss_cls: 0.0892, enc_loss_bbox: 0.0900, enc_loss_iou: 0.4310, loss_cls: 0.0788, loss_bbox: 0.0815, loss_iou: 0.4022, d0.loss_cls: 0.1047, d0.loss_bbox: 0.0842, d0.loss_iou: 0.4121, d1.loss_cls: 0.0771, d1.loss_bbox: 0.0835, d1.loss_iou: 0.4114, d2.loss_cls: 0.0780, d2.loss_bbox: 0.0828, d2.loss_iou: 0.4066, d3.loss_cls: 0.0768, d3.loss_bbox: 0.0821, d3.loss_iou: 0.4041, d4.loss_cls: 0.0718, d4.loss_bbox: 0.0842, d4.loss_iou: 0.4076, dn_loss_cls: 0.0205, dn_loss_bbox: 0.0413, dn_loss_iou: 0.2037, d0.dn_loss_cls: 0.0501, d0.dn_loss_bbox: 0.0568, d0.dn_loss_iou: 0.2861, d1.dn_loss_cls: 0.0284, d1.dn_loss_bbox: 0.0439, d1.dn_loss_iou: 0.2193, d2.dn_loss_cls: 0.0230, d2.dn_loss_bbox: 0.0417, d2.dn_loss_iou: 0.2063, d3.dn_loss_cls: 0.0206, d3.dn_loss_bbox: 0.0413, d3.dn_loss_iou: 0.2038, d4.dn_loss_cls: 0.0204, d4.dn_loss_bbox: 0.0413, d4.dn_loss_iou: 0.2037, loss_rpn_cls: 0.0266, loss_rpn_bbox: 0.1028, loss_cls0: 1.3470, acc0: 95.4980, loss_bbox0: 2.6193, loss_cls1: 1.1988, loss_bbox1: 3.7726, loss_centerness1: 6.8811, loss_cls_aux0: 0.0192, loss_bbox_aux0: 0.0134, loss_iou_aux0: 0.0569, d0.loss_cls_aux0: 0.0230, d0.loss_bbox_aux0: 0.0528, d0.loss_iou_aux0: 0.2103, d1.loss_cls_aux0: 0.0215, d1.loss_bbox_aux0: 0.0226, d1.loss_iou_aux0: 0.0909, d2.loss_cls_aux0: 0.0203, d2.loss_bbox_aux0: 0.0155, d2.loss_iou_aux0: 0.0648, d3.loss_cls_aux0: 0.0192, d3.loss_bbox_aux0: 0.0134, d3.loss_iou_aux0: 0.0568, d4.loss_cls_aux0: 0.0187, d4.loss_bbox_aux0: 0.0134, d4.loss_iou_aux0: 0.0568, loss_cls_aux1: 0.0161, loss_bbox_aux1: 0.0607, loss_iou_aux1: 0.2562, d0.loss_cls_aux1: 0.0172, d0.loss_bbox_aux1: 0.0791, d0.loss_iou_aux1: 0.3161, d1.loss_cls_aux1: 0.0166, d1.loss_bbox_aux1: 0.0654, d1.loss_iou_aux1: 0.2686, d2.loss_cls_aux1: 0.0162, d2.loss_bbox_aux1: 0.0621, d2.loss_iou_aux1: 0.2595, d3.loss_cls_aux1: 0.0159, d3.loss_bbox_aux1: 0.0608, d3.loss_iou_aux1: 0.2563, d4.loss_cls_aux1: 0.0160, d4.loss_bbox_aux1: 0.0607, d4.loss_iou_aux1: 0.2562, loss: 24.6290, grad_norm: 242.1199
2024-12-31 14:11:27,239 - mmdet - INFO - Epoch [34][1000/4728]	lr: 5.000e-07, eta: 3:50:57, time: 1.071, data_time: 0.009, memory: 18684, enc_loss_cls: 0.0973, enc_loss_bbox: 0.0889, enc_loss_iou: 0.4032, loss_cls: 0.0822, loss_bbox: 0.0803, loss_iou: 0.3776, d0.loss_cls: 0.1172, d0.loss_bbox: 0.0807, d0.loss_iou: 0.3793, d1.loss_cls: 0.0895, d1.loss_bbox: 0.0806, d1.loss_iou: 0.3787, d2.loss_cls: 0.0829, d2.loss_bbox: 0.0804, d2.loss_iou: 0.3801, d3.loss_cls: 0.0803, d3.loss_bbox: 0.0805, d3.loss_iou: 0.3803, d4.loss_cls: 0.0819, d4.loss_bbox: 0.0802, d4.loss_iou: 0.3774, dn_loss_cls: 0.0156, dn_loss_bbox: 0.0446, dn_loss_iou: 0.1969, d0.dn_loss_cls: 0.0472, d0.dn_loss_bbox: 0.0611, d0.dn_loss_iou: 0.2759, d1.dn_loss_cls: 0.0244, d1.dn_loss_bbox: 0.0474, d1.dn_loss_iou: 0.2115, d2.dn_loss_cls: 0.0188, d2.dn_loss_bbox: 0.0451, d2.dn_loss_iou: 0.1994, d3.dn_loss_cls: 0.0163, d3.dn_loss_bbox: 0.0446, d3.dn_loss_iou: 0.1971, d4.dn_loss_cls: 0.0156, d4.dn_loss_bbox: 0.0446, d4.dn_loss_iou: 0.1969, loss_rpn_cls: 0.0347, loss_rpn_bbox: 0.1115, loss_cls0: 1.3791, acc0: 95.4346, loss_bbox0: 2.6571, loss_cls1: 1.1905, loss_bbox1: 3.6472, loss_centerness1: 6.8324, loss_cls_aux0: 0.0198, loss_bbox_aux0: 0.0149, loss_iou_aux0: 0.0572, d0.loss_cls_aux0: 0.0243, d0.loss_bbox_aux0: 0.0555, d0.loss_iou_aux0: 0.2044, d1.loss_cls_aux0: 0.0238, d1.loss_bbox_aux0: 0.0231, d1.loss_iou_aux0: 0.0897, d2.loss_cls_aux0: 0.0223, d2.loss_bbox_aux0: 0.0172, d2.loss_iou_aux0: 0.0661, d3.loss_cls_aux0: 0.0218, d3.loss_bbox_aux0: 0.0150, d3.loss_iou_aux0: 0.0572, d4.loss_cls_aux0: 0.0201, d4.loss_bbox_aux0: 0.0149, d4.loss_iou_aux0: 0.0571, loss_cls_aux1: 0.0153, loss_bbox_aux1: 0.0601, loss_iou_aux1: 0.2462, d0.loss_cls_aux1: 0.0187, d0.loss_bbox_aux1: 0.0771, d0.loss_iou_aux1: 0.2998, d1.loss_cls_aux1: 0.0196, d1.loss_bbox_aux1: 0.0627, d1.loss_iou_aux1: 0.2577, d2.loss_cls_aux1: 0.0188, d2.loss_bbox_aux1: 0.0609, d2.loss_iou_aux1: 0.2486, d3.loss_cls_aux1: 0.0178, d3.loss_bbox_aux1: 0.0601, d3.loss_iou_aux1: 0.2462, d4.loss_cls_aux1: 0.0156, d4.loss_bbox_aux1: 0.0601, d4.loss_iou_aux1: 0.2463, loss: 24.2708, grad_norm: 226.8541
2024-12-31 14:15:01,871 - mmdet - INFO - Epoch [34][1200/4728]	lr: 5.000e-07, eta: 3:47:32, time: 1.073, data_time: 0.009, memory: 18684, enc_loss_cls: 0.0939, enc_loss_bbox: 0.0860, enc_loss_iou: 0.3948, loss_cls: 0.0688, loss_bbox: 0.0766, loss_iou: 0.3749, d0.loss_cls: 0.1086, d0.loss_bbox: 0.0789, d0.loss_iou: 0.3769, d1.loss_cls: 0.0739, d1.loss_bbox: 0.0796, d1.loss_iou: 0.3783, d2.loss_cls: 0.0673, d2.loss_bbox: 0.0790, d2.loss_iou: 0.3776, d3.loss_cls: 0.0731, d3.loss_bbox: 0.0762, d3.loss_iou: 0.3739, d4.loss_cls: 0.0685, d4.loss_bbox: 0.0762, d4.loss_iou: 0.3753, dn_loss_cls: 0.0178, dn_loss_bbox: 0.0431, dn_loss_iou: 0.1930, d0.dn_loss_cls: 0.0453, d0.dn_loss_bbox: 0.0590, d0.dn_loss_iou: 0.2740, d1.dn_loss_cls: 0.0243, d1.dn_loss_bbox: 0.0458, d1.dn_loss_iou: 0.2084, d2.dn_loss_cls: 0.0193, d2.dn_loss_bbox: 0.0436, d2.dn_loss_iou: 0.1960, d3.dn_loss_cls: 0.0177, d3.dn_loss_bbox: 0.0431, d3.dn_loss_iou: 0.1932, d4.dn_loss_cls: 0.0177, d4.dn_loss_bbox: 0.0431, d4.dn_loss_iou: 0.1933, loss_rpn_cls: 0.0325, loss_rpn_bbox: 0.1050, loss_cls0: 1.2186, acc0: 95.8809, loss_bbox0: 2.4613, loss_cls1: 1.0224, loss_bbox1: 3.4511, loss_centerness1: 6.8120, loss_cls_aux0: 0.0222, loss_bbox_aux0: 0.0155, loss_iou_aux0: 0.0607, d0.loss_cls_aux0: 0.0238, d0.loss_bbox_aux0: 0.0548, d0.loss_iou_aux0: 0.2075, d1.loss_cls_aux0: 0.0236, d1.loss_bbox_aux0: 0.0238, d1.loss_iou_aux0: 0.0899, d2.loss_cls_aux0: 0.0242, d2.loss_bbox_aux0: 0.0173, d2.loss_iou_aux0: 0.0665, d3.loss_cls_aux0: 0.0246, d3.loss_bbox_aux0: 0.0155, d3.loss_iou_aux0: 0.0607, d4.loss_cls_aux0: 0.0225, d4.loss_bbox_aux0: 0.0155, d4.loss_iou_aux0: 0.0611, loss_cls_aux1: 0.0137, loss_bbox_aux1: 0.0564, loss_iou_aux1: 0.2354, d0.loss_cls_aux1: 0.0181, d0.loss_bbox_aux1: 0.0768, d0.loss_iou_aux1: 0.2922, d1.loss_cls_aux1: 0.0176, d1.loss_bbox_aux1: 0.0599, d1.loss_iou_aux1: 0.2471, d2.loss_cls_aux1: 0.0170, d2.loss_bbox_aux1: 0.0571, d2.loss_iou_aux1: 0.2379, d3.loss_cls_aux1: 0.0154, d3.loss_bbox_aux1: 0.0565, d3.loss_iou_aux1: 0.2354, d4.loss_cls_aux1: 0.0135, d4.loss_bbox_aux1: 0.0564, d4.loss_iou_aux1: 0.2353, loss: 23.3103, grad_norm: 220.2763
2024-12-31 14:18:38,127 - mmdet - INFO - Epoch [34][1400/4728]	lr: 5.000e-07, eta: 3:44:09, time: 1.081, data_time: 0.010, memory: 18684, enc_loss_cls: 0.0842, enc_loss_bbox: 0.0945, enc_loss_iou: 0.4174, loss_cls: 0.0725, loss_bbox: 0.0820, loss_iou: 0.3863, d0.loss_cls: 0.1144, d0.loss_bbox: 0.0826, d0.loss_iou: 0.3855, d1.loss_cls: 0.0831, d1.loss_bbox: 0.0832, d1.loss_iou: 0.3857, d2.loss_cls: 0.0738, d2.loss_bbox: 0.0820, d2.loss_iou: 0.3877, d3.loss_cls: 0.0722, d3.loss_bbox: 0.0822, d3.loss_iou: 0.3868, d4.loss_cls: 0.0719, d4.loss_bbox: 0.0822, d4.loss_iou: 0.3867, dn_loss_cls: 0.0179, dn_loss_bbox: 0.0458, dn_loss_iou: 0.1996, d0.dn_loss_cls: 0.0460, d0.dn_loss_bbox: 0.0616, d0.dn_loss_iou: 0.2739, d1.dn_loss_cls: 0.0262, d1.dn_loss_bbox: 0.0486, d1.dn_loss_iou: 0.2140, d2.dn_loss_cls: 0.0210, d2.dn_loss_bbox: 0.0462, d2.dn_loss_iou: 0.2020, d3.dn_loss_cls: 0.0187, d3.dn_loss_bbox: 0.0458, d3.dn_loss_iou: 0.1996, d4.dn_loss_cls: 0.0180, d4.dn_loss_bbox: 0.0458, d4.dn_loss_iou: 0.1995, loss_rpn_cls: 0.0248, loss_rpn_bbox: 0.1048, loss_cls0: 1.2842, acc0: 95.7822, loss_bbox0: 2.5214, loss_cls1: 1.1351, loss_bbox1: 3.6938, loss_centerness1: 7.0234, loss_cls_aux0: 0.0164, loss_bbox_aux0: 0.0173, loss_iou_aux0: 0.0599, d0.loss_cls_aux0: 0.0216, d0.loss_bbox_aux0: 0.0562, d0.loss_iou_aux0: 0.2001, d1.loss_cls_aux0: 0.0191, d1.loss_bbox_aux0: 0.0252, d1.loss_iou_aux0: 0.0890, d2.loss_cls_aux0: 0.0181, d2.loss_bbox_aux0: 0.0205, d2.loss_iou_aux0: 0.0691, d3.loss_cls_aux0: 0.0180, d3.loss_bbox_aux0: 0.0173, d3.loss_iou_aux0: 0.0598, d4.loss_cls_aux0: 0.0168, d4.loss_bbox_aux0: 0.0173, d4.loss_iou_aux0: 0.0598, loss_cls_aux1: 0.0145, loss_bbox_aux1: 0.0688, loss_iou_aux1: 0.2615, d0.loss_cls_aux1: 0.0176, d0.loss_bbox_aux1: 0.0894, d0.loss_iou_aux1: 0.3136, d1.loss_cls_aux1: 0.0163, d1.loss_bbox_aux1: 0.0734, d1.loss_iou_aux1: 0.2723, d2.loss_cls_aux1: 0.0153, d2.loss_bbox_aux1: 0.0708, d2.loss_iou_aux1: 0.2645, d3.loss_cls_aux1: 0.0151, d3.loss_bbox_aux1: 0.0688, d3.loss_iou_aux1: 0.2616, d4.loss_cls_aux1: 0.0146, d4.loss_bbox_aux1: 0.0688, d4.loss_iou_aux1: 0.2615, loss: 24.3845, grad_norm: 245.5654
2024-12-31 14:22:13,893 - mmdet - INFO - Epoch [34][1600/4728]	lr: 5.000e-07, eta: 3:40:44, time: 1.079, data_time: 0.010, memory: 18684, enc_loss_cls: 0.0850, enc_loss_bbox: 0.0934, enc_loss_iou: 0.3962, loss_cls: 0.0647, loss_bbox: 0.0900, loss_iou: 0.3798, d0.loss_cls: 0.1054, d0.loss_bbox: 0.0885, d0.loss_iou: 0.3762, d1.loss_cls: 0.0702, d1.loss_bbox: 0.0904, d1.loss_iou: 0.3853, d2.loss_cls: 0.0686, d2.loss_bbox: 0.0903, d2.loss_iou: 0.3819, d3.loss_cls: 0.0653, d3.loss_bbox: 0.0900, d3.loss_iou: 0.3802, d4.loss_cls: 0.0645, d4.loss_bbox: 0.0900, d4.loss_iou: 0.3798, dn_loss_cls: 0.0180, dn_loss_bbox: 0.0458, dn_loss_iou: 0.1918, d0.dn_loss_cls: 0.0477, d0.dn_loss_bbox: 0.0630, d0.dn_loss_iou: 0.2674, d1.dn_loss_cls: 0.0262, d1.dn_loss_bbox: 0.0488, d1.dn_loss_iou: 0.2055, d2.dn_loss_cls: 0.0210, d2.dn_loss_bbox: 0.0461, d2.dn_loss_iou: 0.1937, d3.dn_loss_cls: 0.0182, d3.dn_loss_bbox: 0.0458, d3.dn_loss_iou: 0.1918, d4.dn_loss_cls: 0.0175, d4.dn_loss_bbox: 0.0458, d4.dn_loss_iou: 0.1918, loss_rpn_cls: 0.0257, loss_rpn_bbox: 0.0996, loss_cls0: 1.2723, acc0: 95.8193, loss_bbox0: 2.4981, loss_cls1: 1.0754, loss_bbox1: 3.6401, loss_centerness1: 6.7062, loss_cls_aux0: 0.0252, loss_bbox_aux0: 0.0146, loss_iou_aux0: 0.0529, d0.loss_cls_aux0: 0.0268, d0.loss_bbox_aux0: 0.0605, d0.loss_iou_aux0: 0.2064, d1.loss_cls_aux0: 0.0260, d1.loss_bbox_aux0: 0.0239, d1.loss_iou_aux0: 0.0851, d2.loss_cls_aux0: 0.0245, d2.loss_bbox_aux0: 0.0177, d2.loss_iou_aux0: 0.0624, d3.loss_cls_aux0: 0.0240, d3.loss_bbox_aux0: 0.0146, d3.loss_iou_aux0: 0.0528, d4.loss_cls_aux0: 0.0250, d4.loss_bbox_aux0: 0.0146, d4.loss_iou_aux0: 0.0528, loss_cls_aux1: 0.0169, loss_bbox_aux1: 0.0666, loss_iou_aux1: 0.2457, d0.loss_cls_aux1: 0.0186, d0.loss_bbox_aux1: 0.0865, d0.loss_iou_aux1: 0.3010, d1.loss_cls_aux1: 0.0180, d1.loss_bbox_aux1: 0.0706, d1.loss_iou_aux1: 0.2579, d2.loss_cls_aux1: 0.0176, d2.loss_bbox_aux1: 0.0671, d2.loss_iou_aux1: 0.2476, d3.loss_cls_aux1: 0.0173, d3.loss_bbox_aux1: 0.0667, d3.loss_iou_aux1: 0.2458, d4.loss_cls_aux1: 0.0170, d4.loss_bbox_aux1: 0.0667, d4.loss_iou_aux1: 0.2457, loss: 23.7219, grad_norm: 234.1800
2024-12-31 14:25:50,057 - mmdet - INFO - Epoch [34][1800/4728]	lr: 5.000e-07, eta: 3:37:20, time: 1.081, data_time: 0.009, memory: 18684, enc_loss_cls: 0.0697, enc_loss_bbox: 0.0777, enc_loss_iou: 0.3940, loss_cls: 0.0556, loss_bbox: 0.0699, loss_iou: 0.3640, d0.loss_cls: 0.0899, d0.loss_bbox: 0.0701, d0.loss_iou: 0.3709, d1.loss_cls: 0.0622, d1.loss_bbox: 0.0698, d1.loss_iou: 0.3662, d2.loss_cls: 0.0579, d2.loss_bbox: 0.0700, d2.loss_iou: 0.3654, d3.loss_cls: 0.0564, d3.loss_bbox: 0.0698, d3.loss_iou: 0.3645, d4.loss_cls: 0.0566, d4.loss_bbox: 0.0698, d4.loss_iou: 0.3631, dn_loss_cls: 0.0133, dn_loss_bbox: 0.0408, dn_loss_iou: 0.1897, d0.dn_loss_cls: 0.0414, d0.dn_loss_bbox: 0.0559, d0.dn_loss_iou: 0.2671, d1.dn_loss_cls: 0.0209, d1.dn_loss_bbox: 0.0430, d1.dn_loss_iou: 0.2038, d2.dn_loss_cls: 0.0161, d2.dn_loss_bbox: 0.0412, d2.dn_loss_iou: 0.1919, d3.dn_loss_cls: 0.0138, d3.dn_loss_bbox: 0.0408, d3.dn_loss_iou: 0.1897, d4.dn_loss_cls: 0.0133, d4.dn_loss_bbox: 0.0408, d4.dn_loss_iou: 0.1897, loss_rpn_cls: 0.0332, loss_rpn_bbox: 0.1005, loss_cls0: 1.2065, acc0: 95.9590, loss_bbox0: 2.4828, loss_cls1: 1.0201, loss_bbox1: 3.4728, loss_centerness1: 7.1003, loss_cls_aux0: 0.0117, loss_bbox_aux0: 0.0118, loss_iou_aux0: 0.0472, d0.loss_cls_aux0: 0.0161, d0.loss_bbox_aux0: 0.0522, d0.loss_iou_aux0: 0.2010, d1.loss_cls_aux0: 0.0148, d1.loss_bbox_aux0: 0.0199, d1.loss_iou_aux0: 0.0782, d2.loss_cls_aux0: 0.0137, d2.loss_bbox_aux0: 0.0142, d2.loss_iou_aux0: 0.0555, d3.loss_cls_aux0: 0.0134, d3.loss_bbox_aux0: 0.0117, d3.loss_iou_aux0: 0.0470, d4.loss_cls_aux0: 0.0115, d4.loss_bbox_aux0: 0.0118, d4.loss_iou_aux0: 0.0471, loss_cls_aux1: 0.0102, loss_bbox_aux1: 0.0553, loss_iou_aux1: 0.2420, d0.loss_cls_aux1: 0.0141, d0.loss_bbox_aux1: 0.0689, d0.loss_iou_aux1: 0.2938, d1.loss_cls_aux1: 0.0119, d1.loss_bbox_aux1: 0.0577, d1.loss_iou_aux1: 0.2513, d2.loss_cls_aux1: 0.0112, d2.loss_bbox_aux1: 0.0553, d2.loss_iou_aux1: 0.2423, d3.loss_cls_aux1: 0.0106, d3.loss_bbox_aux1: 0.0552, d3.loss_iou_aux1: 0.2419, d4.loss_cls_aux1: 0.0100, d4.loss_bbox_aux1: 0.0552, d4.loss_iou_aux1: 0.2420, loss: 23.1707, grad_norm: 222.3230
2024-12-31 14:29:27,371 - mmdet - INFO - Epoch [34][2000/4728]	lr: 5.000e-07, eta: 3:33:57, time: 1.087, data_time: 0.010, memory: 18684, enc_loss_cls: 0.0985, enc_loss_bbox: 0.0858, enc_loss_iou: 0.3953, loss_cls: 0.0887, loss_bbox: 0.0788, loss_iou: 0.3724, d0.loss_cls: 0.1186, d0.loss_bbox: 0.0804, d0.loss_iou: 0.3789, d1.loss_cls: 0.0859, d1.loss_bbox: 0.0796, d1.loss_iou: 0.3748, d2.loss_cls: 0.0915, d2.loss_bbox: 0.0788, d2.loss_iou: 0.3741, d3.loss_cls: 0.0844, d3.loss_bbox: 0.0791, d3.loss_iou: 0.3743, d4.loss_cls: 0.0891, d4.loss_bbox: 0.0790, d4.loss_iou: 0.3723, dn_loss_cls: 0.0223, dn_loss_bbox: 0.0432, dn_loss_iou: 0.1940, d0.dn_loss_cls: 0.0486, d0.dn_loss_bbox: 0.0577, d0.dn_loss_iou: 0.2689, d1.dn_loss_cls: 0.0276, d1.dn_loss_bbox: 0.0456, d1.dn_loss_iou: 0.2084, d2.dn_loss_cls: 0.0243, d2.dn_loss_bbox: 0.0436, d2.dn_loss_iou: 0.1962, d3.dn_loss_cls: 0.0219, d3.dn_loss_bbox: 0.0432, d3.dn_loss_iou: 0.1940, d4.dn_loss_cls: 0.0221, d4.dn_loss_bbox: 0.0432, d4.dn_loss_iou: 0.1940, loss_rpn_cls: 0.0297, loss_rpn_bbox: 0.1109, loss_cls0: 1.2914, acc0: 95.7305, loss_bbox0: 2.4885, loss_cls1: 1.1702, loss_bbox1: 3.6789, loss_centerness1: 6.8513, loss_cls_aux0: 0.0281, loss_bbox_aux0: 0.0137, loss_iou_aux0: 0.0572, d0.loss_cls_aux0: 0.0290, d0.loss_bbox_aux0: 0.0526, d0.loss_iou_aux0: 0.1994, d1.loss_cls_aux0: 0.0296, d1.loss_bbox_aux0: 0.0213, d1.loss_iou_aux0: 0.0839, d2.loss_cls_aux0: 0.0289, d2.loss_bbox_aux0: 0.0158, d2.loss_iou_aux0: 0.0643, d3.loss_cls_aux0: 0.0276, d3.loss_bbox_aux0: 0.0137, d3.loss_iou_aux0: 0.0572, d4.loss_cls_aux0: 0.0281, d4.loss_bbox_aux0: 0.0137, d4.loss_iou_aux0: 0.0570, loss_cls_aux1: 0.0205, loss_bbox_aux1: 0.0609, loss_iou_aux1: 0.2593, d0.loss_cls_aux1: 0.0216, d0.loss_bbox_aux1: 0.0799, d0.loss_iou_aux1: 0.3089, d1.loss_cls_aux1: 0.0212, d1.loss_bbox_aux1: 0.0649, d1.loss_iou_aux1: 0.2713, d2.loss_cls_aux1: 0.0212, d2.loss_bbox_aux1: 0.0618, d2.loss_iou_aux1: 0.2618, d3.loss_cls_aux1: 0.0203, d3.loss_bbox_aux1: 0.0610, d3.loss_iou_aux1: 0.2593, d4.loss_cls_aux1: 0.0201, d4.loss_bbox_aux1: 0.0609, d4.loss_iou_aux1: 0.2593, loss: 24.1352, grad_norm: 220.5952
2024-12-31 14:33:05,237 - mmdet - INFO - Epoch [34][2200/4728]	lr: 5.000e-07, eta: 3:30:33, time: 1.089, data_time: 0.010, memory: 18684, enc_loss_cls: 0.0891, enc_loss_bbox: 0.0911, enc_loss_iou: 0.3784, loss_cls: 0.0719, loss_bbox: 0.0855, loss_iou: 0.3535, d0.loss_cls: 0.1086, d0.loss_bbox: 0.0848, d0.loss_iou: 0.3546, d1.loss_cls: 0.0835, d1.loss_bbox: 0.0834, d1.loss_iou: 0.3525, d2.loss_cls: 0.0716, d2.loss_bbox: 0.0842, d2.loss_iou: 0.3552, d3.loss_cls: 0.0716, d3.loss_bbox: 0.0856, d3.loss_iou: 0.3547, d4.loss_cls: 0.0742, d4.loss_bbox: 0.0845, d4.loss_iou: 0.3527, dn_loss_cls: 0.0137, dn_loss_bbox: 0.0498, dn_loss_iou: 0.1887, d0.dn_loss_cls: 0.0423, d0.dn_loss_bbox: 0.0687, d0.dn_loss_iou: 0.2645, d1.dn_loss_cls: 0.0214, d1.dn_loss_bbox: 0.0527, d1.dn_loss_iou: 0.2020, d2.dn_loss_cls: 0.0169, d2.dn_loss_bbox: 0.0503, d2.dn_loss_iou: 0.1907, d3.dn_loss_cls: 0.0143, d3.dn_loss_bbox: 0.0498, d3.dn_loss_iou: 0.1888, d4.dn_loss_cls: 0.0136, d4.dn_loss_bbox: 0.0498, d4.dn_loss_iou: 0.1887, loss_rpn_cls: 0.0464, loss_rpn_bbox: 0.1037, loss_cls0: 1.3057, acc0: 95.5332, loss_bbox0: 2.5651, loss_cls1: 1.0702, loss_bbox1: 3.3344, loss_centerness1: 6.7411, loss_cls_aux0: 0.0134, loss_bbox_aux0: 0.0146, loss_iou_aux0: 0.0554, d0.loss_cls_aux0: 0.0165, d0.loss_bbox_aux0: 0.0612, d0.loss_iou_aux0: 0.2009, d1.loss_cls_aux0: 0.0156, d1.loss_bbox_aux0: 0.0238, d1.loss_iou_aux0: 0.0875, d2.loss_cls_aux0: 0.0153, d2.loss_bbox_aux0: 0.0164, d2.loss_iou_aux0: 0.0622, d3.loss_cls_aux0: 0.0143, d3.loss_bbox_aux0: 0.0145, d3.loss_iou_aux0: 0.0553, d4.loss_cls_aux0: 0.0121, d4.loss_bbox_aux0: 0.0146, d4.loss_iou_aux0: 0.0553, loss_cls_aux1: 0.0131, loss_bbox_aux1: 0.0616, loss_iou_aux1: 0.2328, d0.loss_cls_aux1: 0.0151, d0.loss_bbox_aux1: 0.0806, d0.loss_iou_aux1: 0.2835, d1.loss_cls_aux1: 0.0148, d1.loss_bbox_aux1: 0.0644, d1.loss_iou_aux1: 0.2417, d2.loss_cls_aux1: 0.0145, d2.loss_bbox_aux1: 0.0618, d2.loss_iou_aux1: 0.2339, d3.loss_cls_aux1: 0.0134, d3.loss_bbox_aux1: 0.0616, d3.loss_iou_aux1: 0.2328, d4.loss_cls_aux1: 0.0127, d4.loss_bbox_aux1: 0.0616, d4.loss_iou_aux1: 0.2328, loss: 23.1856, grad_norm: 232.8575
2024-12-31 14:36:42,611 - mmdet - INFO - Epoch [34][2400/4728]	lr: 5.000e-07, eta: 3:27:09, time: 1.087, data_time: 0.010, memory: 18684, enc_loss_cls: 0.0908, enc_loss_bbox: 0.0741, enc_loss_iou: 0.3744, loss_cls: 0.0759, loss_bbox: 0.0681, loss_iou: 0.3534, d0.loss_cls: 0.0981, d0.loss_bbox: 0.0714, d0.loss_iou: 0.3606, d1.loss_cls: 0.0794, d1.loss_bbox: 0.0691, d1.loss_iou: 0.3581, d2.loss_cls: 0.0779, d2.loss_bbox: 0.0690, d2.loss_iou: 0.3551, d3.loss_cls: 0.0721, d3.loss_bbox: 0.0692, d3.loss_iou: 0.3575, d4.loss_cls: 0.0750, d4.loss_bbox: 0.0690, d4.loss_iou: 0.3549, dn_loss_cls: 0.0136, dn_loss_bbox: 0.0413, dn_loss_iou: 0.1877, d0.dn_loss_cls: 0.0398, d0.dn_loss_bbox: 0.0560, d0.dn_loss_iou: 0.2661, d1.dn_loss_cls: 0.0202, d1.dn_loss_bbox: 0.0436, d1.dn_loss_iou: 0.2010, d2.dn_loss_cls: 0.0159, d2.dn_loss_bbox: 0.0416, d2.dn_loss_iou: 0.1897, d3.dn_loss_cls: 0.0140, d3.dn_loss_bbox: 0.0413, d3.dn_loss_iou: 0.1878, d4.dn_loss_cls: 0.0137, d4.dn_loss_bbox: 0.0413, d4.dn_loss_iou: 0.1877, loss_rpn_cls: 0.0189, loss_rpn_bbox: 0.0912, loss_cls0: 1.2857, acc0: 95.7119, loss_bbox0: 2.5227, loss_cls1: 1.1381, loss_bbox1: 3.3428, loss_centerness1: 6.8655, loss_cls_aux0: 0.0146, loss_bbox_aux0: 0.0126, loss_iou_aux0: 0.0521, d0.loss_cls_aux0: 0.0218, d0.loss_bbox_aux0: 0.0526, d0.loss_iou_aux0: 0.2004, d1.loss_cls_aux0: 0.0157, d1.loss_bbox_aux0: 0.0199, d1.loss_iou_aux0: 0.0794, d2.loss_cls_aux0: 0.0139, d2.loss_bbox_aux0: 0.0144, d2.loss_iou_aux0: 0.0580, d3.loss_cls_aux0: 0.0149, d3.loss_bbox_aux0: 0.0126, d3.loss_iou_aux0: 0.0522, d4.loss_cls_aux0: 0.0144, d4.loss_bbox_aux0: 0.0126, d4.loss_iou_aux0: 0.0521, loss_cls_aux1: 0.0159, loss_bbox_aux1: 0.0511, loss_iou_aux1: 0.2264, d0.loss_cls_aux1: 0.0171, d0.loss_bbox_aux1: 0.0696, d0.loss_iou_aux1: 0.2779, d1.loss_cls_aux1: 0.0163, d1.loss_bbox_aux1: 0.0536, d1.loss_iou_aux1: 0.2357, d2.loss_cls_aux1: 0.0153, d2.loss_bbox_aux1: 0.0514, d2.loss_iou_aux1: 0.2289, d3.loss_cls_aux1: 0.0159, d3.loss_bbox_aux1: 0.0512, d3.loss_iou_aux1: 0.2264, d4.loss_cls_aux1: 0.0157, d4.loss_bbox_aux1: 0.0511, d4.loss_iou_aux1: 0.2264, loss: 23.0004, grad_norm: 240.5529
2024-12-31 14:40:14,471 - mmdet - INFO - Epoch [34][2600/4728]	lr: 5.000e-07, eta: 3:23:39, time: 1.059, data_time: 0.010, memory: 18684, enc_loss_cls: 0.0995, enc_loss_bbox: 0.0934, enc_loss_iou: 0.3813, loss_cls: 0.0919, loss_bbox: 0.0844, loss_iou: 0.3545, d0.loss_cls: 0.1091, d0.loss_bbox: 0.0877, d0.loss_iou: 0.3645, d1.loss_cls: 0.0857, d1.loss_bbox: 0.0855, d1.loss_iou: 0.3590, d2.loss_cls: 0.0775, d2.loss_bbox: 0.0874, d2.loss_iou: 0.3618, d3.loss_cls: 0.0925, d3.loss_bbox: 0.0863, d3.loss_iou: 0.3553, d4.loss_cls: 0.0914, d4.loss_bbox: 0.0850, d4.loss_iou: 0.3540, dn_loss_cls: 0.0189, dn_loss_bbox: 0.0474, dn_loss_iou: 0.1857, d0.dn_loss_cls: 0.0456, d0.dn_loss_bbox: 0.0665, d0.dn_loss_iou: 0.2616, d1.dn_loss_cls: 0.0255, d1.dn_loss_bbox: 0.0507, d1.dn_loss_iou: 0.2003, d2.dn_loss_cls: 0.0214, d2.dn_loss_bbox: 0.0478, d2.dn_loss_iou: 0.1879, d3.dn_loss_cls: 0.0196, d3.dn_loss_bbox: 0.0474, d3.dn_loss_iou: 0.1854, d4.dn_loss_cls: 0.0189, d4.dn_loss_bbox: 0.0474, d4.dn_loss_iou: 0.1856, loss_rpn_cls: 0.0402, loss_rpn_bbox: 0.0940, loss_cls0: 1.2482, acc0: 95.8604, loss_bbox0: 2.3581, loss_cls1: 1.2337, loss_bbox1: 3.4321, loss_centerness1: 6.6684, loss_cls_aux0: 0.0400, loss_bbox_aux0: 0.0140, loss_iou_aux0: 0.0513, d0.loss_cls_aux0: 0.0465, d0.loss_bbox_aux0: 0.0598, d0.loss_iou_aux0: 0.1928, d1.loss_cls_aux0: 0.0401, d1.loss_bbox_aux0: 0.0243, d1.loss_iou_aux0: 0.0822, d2.loss_cls_aux0: 0.0402, d2.loss_bbox_aux0: 0.0169, d2.loss_iou_aux0: 0.0592, d3.loss_cls_aux0: 0.0405, d3.loss_bbox_aux0: 0.0141, d3.loss_iou_aux0: 0.0513, d4.loss_cls_aux0: 0.0393, d4.loss_bbox_aux0: 0.0140, d4.loss_iou_aux0: 0.0512, loss_cls_aux1: 0.0132, loss_bbox_aux1: 0.0660, loss_iou_aux1: 0.2309, d0.loss_cls_aux1: 0.0225, d0.loss_bbox_aux1: 0.0833, d0.loss_iou_aux1: 0.2804, d1.loss_cls_aux1: 0.0152, d1.loss_bbox_aux1: 0.0692, d1.loss_iou_aux1: 0.2395, d2.loss_cls_aux1: 0.0147, d2.loss_bbox_aux1: 0.0665, d2.loss_iou_aux1: 0.2325, d3.loss_cls_aux1: 0.0141, d3.loss_bbox_aux1: 0.0659, d3.loss_iou_aux1: 0.2309, d4.loss_cls_aux1: 0.0131, d4.loss_bbox_aux1: 0.0660, d4.loss_iou_aux1: 0.2309, loss: 23.3586, grad_norm: 242.2895
2024-12-31 14:43:51,643 - mmdet - INFO - Epoch [34][2800/4728]	lr: 5.000e-07, eta: 3:20:14, time: 1.086, data_time: 0.010, memory: 18684, enc_loss_cls: 0.0984, enc_loss_bbox: 0.0858, enc_loss_iou: 0.4025, loss_cls: 0.0849, loss_bbox: 0.0784, loss_iou: 0.3779, d0.loss_cls: 0.1160, d0.loss_bbox: 0.0812, d0.loss_iou: 0.3843, d1.loss_cls: 0.0924, d1.loss_bbox: 0.0797, d1.loss_iou: 0.3784, d2.loss_cls: 0.0824, d2.loss_bbox: 0.0793, d2.loss_iou: 0.3804, d3.loss_cls: 0.0817, d3.loss_bbox: 0.0795, d3.loss_iou: 0.3815, d4.loss_cls: 0.0835, d4.loss_bbox: 0.0783, d4.loss_iou: 0.3792, dn_loss_cls: 0.0189, dn_loss_bbox: 0.0421, dn_loss_iou: 0.1972, d0.dn_loss_cls: 0.0510, d0.dn_loss_bbox: 0.0573, d0.dn_loss_iou: 0.2735, d1.dn_loss_cls: 0.0286, d1.dn_loss_bbox: 0.0447, d1.dn_loss_iou: 0.2124, d2.dn_loss_cls: 0.0224, d2.dn_loss_bbox: 0.0424, d2.dn_loss_iou: 0.1995, d3.dn_loss_cls: 0.0195, d3.dn_loss_bbox: 0.0421, d3.dn_loss_iou: 0.1972, d4.dn_loss_cls: 0.0188, d4.dn_loss_bbox: 0.0421, d4.dn_loss_iou: 0.1971, loss_rpn_cls: 0.0235, loss_rpn_bbox: 0.0989, loss_cls0: 1.3335, acc0: 95.6395, loss_bbox0: 2.5888, loss_cls1: 1.1277, loss_bbox1: 3.4556, loss_centerness1: 6.7361, loss_cls_aux0: 0.0238, loss_bbox_aux0: 0.0135, loss_iou_aux0: 0.0532, d0.loss_cls_aux0: 0.0258, d0.loss_bbox_aux0: 0.0538, d0.loss_iou_aux0: 0.2001, d1.loss_cls_aux0: 0.0273, d1.loss_bbox_aux0: 0.0220, d1.loss_iou_aux0: 0.0842, d2.loss_cls_aux0: 0.0267, d2.loss_bbox_aux0: 0.0159, d2.loss_iou_aux0: 0.0615, d3.loss_cls_aux0: 0.0258, d3.loss_bbox_aux0: 0.0135, d3.loss_iou_aux0: 0.0531, d4.loss_cls_aux0: 0.0240, d4.loss_bbox_aux0: 0.0135, d4.loss_iou_aux0: 0.0532, loss_cls_aux1: 0.0207, loss_bbox_aux1: 0.0602, loss_iou_aux1: 0.2395, d0.loss_cls_aux1: 0.0240, d0.loss_bbox_aux1: 0.0779, d0.loss_iou_aux1: 0.2931, d1.loss_cls_aux1: 0.0245, d1.loss_bbox_aux1: 0.0636, d1.loss_iou_aux1: 0.2488, d2.loss_cls_aux1: 0.0230, d2.loss_bbox_aux1: 0.0608, d2.loss_iou_aux1: 0.2413, d3.loss_cls_aux1: 0.0218, d3.loss_bbox_aux1: 0.0602, d3.loss_iou_aux1: 0.2395, d4.loss_cls_aux1: 0.0207, d4.loss_bbox_aux1: 0.0602, d4.loss_iou_aux1: 0.2395, loss: 23.7666, grad_norm: 227.0770
2024-12-31 14:47:29,773 - mmdet - INFO - Epoch [34][3000/4728]	lr: 5.000e-07, eta: 3:16:49, time: 1.091, data_time: 0.010, memory: 18684, enc_loss_cls: 0.0906, enc_loss_bbox: 0.0826, enc_loss_iou: 0.3781, loss_cls: 0.0700, loss_bbox: 0.0746, loss_iou: 0.3591, d0.loss_cls: 0.1099, d0.loss_bbox: 0.0756, d0.loss_iou: 0.3566, d1.loss_cls: 0.0754, d1.loss_bbox: 0.0756, d1.loss_iou: 0.3588, d2.loss_cls: 0.0721, d2.loss_bbox: 0.0754, d2.loss_iou: 0.3591, d3.loss_cls: 0.0685, d3.loss_bbox: 0.0748, d3.loss_iou: 0.3599, d4.loss_cls: 0.0704, d4.loss_bbox: 0.0746, d4.loss_iou: 0.3587, dn_loss_cls: 0.0138, dn_loss_bbox: 0.0442, dn_loss_iou: 0.1893, d0.dn_loss_cls: 0.0392, d0.dn_loss_bbox: 0.0600, d0.dn_loss_iou: 0.2652, d1.dn_loss_cls: 0.0198, d1.dn_loss_bbox: 0.0471, d1.dn_loss_iou: 0.2028, d2.dn_loss_cls: 0.0162, d2.dn_loss_bbox: 0.0447, d2.dn_loss_iou: 0.1913, d3.dn_loss_cls: 0.0144, d3.dn_loss_bbox: 0.0442, d3.dn_loss_iou: 0.1894, d4.dn_loss_cls: 0.0139, d4.dn_loss_bbox: 0.0442, d4.dn_loss_iou: 0.1893, loss_rpn_cls: 0.0390, loss_rpn_bbox: 0.1290, loss_cls0: 1.3727, acc0: 95.3379, loss_bbox0: 2.7137, loss_cls1: 1.0914, loss_bbox1: 3.4698, loss_centerness1: 6.9508, loss_cls_aux0: 0.0112, loss_bbox_aux0: 0.0151, loss_iou_aux0: 0.0582, d0.loss_cls_aux0: 0.0144, d0.loss_bbox_aux0: 0.0582, d0.loss_iou_aux0: 0.2110, d1.loss_cls_aux0: 0.0128, d1.loss_bbox_aux0: 0.0241, d1.loss_iou_aux0: 0.0893, d2.loss_cls_aux0: 0.0116, d2.loss_bbox_aux0: 0.0174, d2.loss_iou_aux0: 0.0670, d3.loss_cls_aux0: 0.0116, d3.loss_bbox_aux0: 0.0151, d3.loss_iou_aux0: 0.0582, d4.loss_cls_aux0: 0.0114, d4.loss_bbox_aux0: 0.0151, d4.loss_iou_aux0: 0.0582, loss_cls_aux1: 0.0106, loss_bbox_aux1: 0.0566, loss_iou_aux1: 0.2375, d0.loss_cls_aux1: 0.0137, d0.loss_bbox_aux1: 0.0729, d0.loss_iou_aux1: 0.2926, d1.loss_cls_aux1: 0.0120, d1.loss_bbox_aux1: 0.0602, d1.loss_iou_aux1: 0.2501, d2.loss_cls_aux1: 0.0112, d2.loss_bbox_aux1: 0.0576, d2.loss_iou_aux1: 0.2398, d3.loss_cls_aux1: 0.0110, d3.loss_bbox_aux1: 0.0566, d3.loss_iou_aux1: 0.2375, d4.loss_cls_aux1: 0.0106, d4.loss_bbox_aux1: 0.0566, d4.loss_iou_aux1: 0.2375, loss: 23.7011, grad_norm: 241.2258
2024-12-31 14:51:06,507 - mmdet - INFO - Epoch [34][3200/4728]	lr: 5.000e-07, eta: 3:13:22, time: 1.084, data_time: 0.010, memory: 18684, enc_loss_cls: 0.0953, enc_loss_bbox: 0.0830, enc_loss_iou: 0.3696, loss_cls: 0.0807, loss_bbox: 0.0759, loss_iou: 0.3468, d0.loss_cls: 0.1139, d0.loss_bbox: 0.0762, d0.loss_iou: 0.3489, d1.loss_cls: 0.0929, d1.loss_bbox: 0.0741, d1.loss_iou: 0.3451, d2.loss_cls: 0.0787, d2.loss_bbox: 0.0769, d2.loss_iou: 0.3495, d3.loss_cls: 0.0752, d3.loss_bbox: 0.0765, d3.loss_iou: 0.3501, d4.loss_cls: 0.0783, d4.loss_bbox: 0.0761, d4.loss_iou: 0.3481, dn_loss_cls: 0.0138, dn_loss_bbox: 0.0442, dn_loss_iou: 0.1876, d0.dn_loss_cls: 0.0408, d0.dn_loss_bbox: 0.0600, d0.dn_loss_iou: 0.2612, d1.dn_loss_cls: 0.0205, d1.dn_loss_bbox: 0.0467, d1.dn_loss_iou: 0.2006, d2.dn_loss_cls: 0.0165, d2.dn_loss_bbox: 0.0444, d2.dn_loss_iou: 0.1897, d3.dn_loss_cls: 0.0145, d3.dn_loss_bbox: 0.0442, d3.dn_loss_iou: 0.1877, d4.dn_loss_cls: 0.0139, d4.dn_loss_bbox: 0.0442, d4.dn_loss_iou: 0.1876, loss_rpn_cls: 0.0332, loss_rpn_bbox: 0.1137, loss_cls0: 1.1867, acc0: 95.9180, loss_bbox0: 2.4342, loss_cls1: 1.0381, loss_bbox1: 3.4242, loss_centerness1: 6.9280, loss_cls_aux0: 0.0113, loss_bbox_aux0: 0.0128, loss_iou_aux0: 0.0543, d0.loss_cls_aux0: 0.0199, d0.loss_bbox_aux0: 0.0547, d0.loss_iou_aux0: 0.1996, d1.loss_cls_aux0: 0.0168, d1.loss_bbox_aux0: 0.0217, d1.loss_iou_aux0: 0.0832, d2.loss_cls_aux0: 0.0134, d2.loss_bbox_aux0: 0.0144, d2.loss_iou_aux0: 0.0604, d3.loss_cls_aux0: 0.0127, d3.loss_bbox_aux0: 0.0129, d3.loss_iou_aux0: 0.0542, d4.loss_cls_aux0: 0.0116, d4.loss_bbox_aux0: 0.0128, d4.loss_iou_aux0: 0.0542, loss_cls_aux1: 0.0115, loss_bbox_aux1: 0.0574, loss_iou_aux1: 0.2357, d0.loss_cls_aux1: 0.0136, d0.loss_bbox_aux1: 0.0745, d0.loss_iou_aux1: 0.2885, d1.loss_cls_aux1: 0.0128, d1.loss_bbox_aux1: 0.0604, d1.loss_iou_aux1: 0.2466, d2.loss_cls_aux1: 0.0124, d2.loss_bbox_aux1: 0.0576, d2.loss_iou_aux1: 0.2376, d3.loss_cls_aux1: 0.0116, d3.loss_bbox_aux1: 0.0573, d3.loss_iou_aux1: 0.2357, d4.loss_cls_aux1: 0.0116, d4.loss_bbox_aux1: 0.0574, d4.loss_iou_aux1: 0.2358, loss: 23.0271, grad_norm: 233.8117
2024-12-31 14:54:41,941 - mmdet - INFO - Epoch [34][3400/4728]	lr: 5.000e-07, eta: 3:09:55, time: 1.077, data_time: 0.010, memory: 18684, enc_loss_cls: 0.0810, enc_loss_bbox: 0.0731, enc_loss_iou: 0.3660, loss_cls: 0.0606, loss_bbox: 0.0666, loss_iou: 0.3445, d0.loss_cls: 0.0924, d0.loss_bbox: 0.0676, d0.loss_iou: 0.3480, d1.loss_cls: 0.0637, d1.loss_bbox: 0.0667, d1.loss_iou: 0.3467, d2.loss_cls: 0.0615, d2.loss_bbox: 0.0678, d2.loss_iou: 0.3465, d3.loss_cls: 0.0611, d3.loss_bbox: 0.0673, d3.loss_iou: 0.3453, d4.loss_cls: 0.0611, d4.loss_bbox: 0.0665, d4.loss_iou: 0.3444, dn_loss_cls: 0.0122, dn_loss_bbox: 0.0406, dn_loss_iou: 0.1869, d0.dn_loss_cls: 0.0368, d0.dn_loss_bbox: 0.0543, d0.dn_loss_iou: 0.2587, d1.dn_loss_cls: 0.0177, d1.dn_loss_bbox: 0.0424, d1.dn_loss_iou: 0.1987, d2.dn_loss_cls: 0.0144, d2.dn_loss_bbox: 0.0410, d2.dn_loss_iou: 0.1890, d3.dn_loss_cls: 0.0123, d3.dn_loss_bbox: 0.0406, d3.dn_loss_iou: 0.1869, d4.dn_loss_cls: 0.0121, d4.dn_loss_bbox: 0.0406, d4.dn_loss_iou: 0.1868, loss_rpn_cls: 0.0183, loss_rpn_bbox: 0.0930, loss_cls0: 1.1948, acc0: 95.9316, loss_bbox0: 2.4849, loss_cls1: 1.0182, loss_bbox1: 3.3263, loss_centerness1: 6.8679, loss_cls_aux0: 0.0083, loss_bbox_aux0: 0.0121, loss_iou_aux0: 0.0497, d0.loss_cls_aux0: 0.0133, d0.loss_bbox_aux0: 0.0512, d0.loss_iou_aux0: 0.2004, d1.loss_cls_aux0: 0.0106, d1.loss_bbox_aux0: 0.0198, d1.loss_iou_aux0: 0.0785, d2.loss_cls_aux0: 0.0095, d2.loss_bbox_aux0: 0.0140, d2.loss_iou_aux0: 0.0564, d3.loss_cls_aux0: 0.0086, d3.loss_bbox_aux0: 0.0121, d3.loss_iou_aux0: 0.0496, d4.loss_cls_aux0: 0.0083, d4.loss_bbox_aux0: 0.0121, d4.loss_iou_aux0: 0.0496, loss_cls_aux1: 0.0092, loss_bbox_aux1: 0.0540, loss_iou_aux1: 0.2260, d0.loss_cls_aux1: 0.0108, d0.loss_bbox_aux1: 0.0685, d0.loss_iou_aux1: 0.2760, d1.loss_cls_aux1: 0.0100, d1.loss_bbox_aux1: 0.0570, d1.loss_iou_aux1: 0.2352, d2.loss_cls_aux1: 0.0092, d2.loss_bbox_aux1: 0.0549, d2.loss_iou_aux1: 0.2279, d3.loss_cls_aux1: 0.0088, d3.loss_bbox_aux1: 0.0541, d3.loss_iou_aux1: 0.2261, d4.loss_cls_aux1: 0.0092, d4.loss_bbox_aux1: 0.0540, d4.loss_iou_aux1: 0.2260, loss: 22.4550, grad_norm: 216.5520
2024-12-31 14:58:15,199 - mmdet - INFO - Epoch [34][3600/4728]	lr: 5.000e-07, eta: 3:06:25, time: 1.066, data_time: 0.010, memory: 18684, enc_loss_cls: 0.0873, enc_loss_bbox: 0.0771, enc_loss_iou: 0.3531, loss_cls: 0.0771, loss_bbox: 0.0680, loss_iou: 0.3314, d0.loss_cls: 0.1019, d0.loss_bbox: 0.0692, d0.loss_iou: 0.3380, d1.loss_cls: 0.0829, d1.loss_bbox: 0.0679, d1.loss_iou: 0.3331, d2.loss_cls: 0.0746, d2.loss_bbox: 0.0686, d2.loss_iou: 0.3347, d3.loss_cls: 0.0762, d3.loss_bbox: 0.0683, d3.loss_iou: 0.3324, d4.loss_cls: 0.0775, d4.loss_bbox: 0.0680, d4.loss_iou: 0.3315, dn_loss_cls: 0.0145, dn_loss_bbox: 0.0396, dn_loss_iou: 0.1800, d0.dn_loss_cls: 0.0423, d0.dn_loss_bbox: 0.0544, d0.dn_loss_iou: 0.2535, d1.dn_loss_cls: 0.0220, d1.dn_loss_bbox: 0.0421, d1.dn_loss_iou: 0.1929, d2.dn_loss_cls: 0.0174, d2.dn_loss_bbox: 0.0400, d2.dn_loss_iou: 0.1819, d3.dn_loss_cls: 0.0150, d3.dn_loss_bbox: 0.0395, d3.dn_loss_iou: 0.1800, d4.dn_loss_cls: 0.0143, d4.dn_loss_bbox: 0.0396, d4.dn_loss_iou: 0.1800, loss_rpn_cls: 0.0183, loss_rpn_bbox: 0.1098, loss_cls0: 1.3859, acc0: 95.4668, loss_bbox0: 2.6020, loss_cls1: 1.0767, loss_bbox1: 3.3450, loss_centerness1: 6.7014, loss_cls_aux0: 0.0274, loss_bbox_aux0: 0.0122, loss_iou_aux0: 0.0512, d0.loss_cls_aux0: 0.0210, d0.loss_bbox_aux0: 0.0510, d0.loss_iou_aux0: 0.1974, d1.loss_cls_aux0: 0.0224, d1.loss_bbox_aux0: 0.0208, d1.loss_iou_aux0: 0.0816, d2.loss_cls_aux0: 0.0239, d2.loss_bbox_aux0: 0.0144, d2.loss_iou_aux0: 0.0583, d3.loss_cls_aux0: 0.0250, d3.loss_bbox_aux0: 0.0122, d3.loss_iou_aux0: 0.0509, d4.loss_cls_aux0: 0.0272, d4.loss_bbox_aux0: 0.0122, d4.loss_iou_aux0: 0.0511, loss_cls_aux1: 0.0187, loss_bbox_aux1: 0.0509, loss_iou_aux1: 0.2256, d0.loss_cls_aux1: 0.0180, d0.loss_bbox_aux1: 0.0667, d0.loss_iou_aux1: 0.2798, d1.loss_cls_aux1: 0.0185, d1.loss_bbox_aux1: 0.0535, d1.loss_iou_aux1: 0.2346, d2.loss_cls_aux1: 0.0182, d2.loss_bbox_aux1: 0.0513, d2.loss_iou_aux1: 0.2264, d3.loss_cls_aux1: 0.0183, d3.loss_bbox_aux1: 0.0509, d3.loss_iou_aux1: 0.2257, d4.loss_cls_aux1: 0.0190, d4.loss_bbox_aux1: 0.0509, d4.loss_iou_aux1: 0.2256, loss: 22.8198, grad_norm: 251.0360
2024-12-31 15:01:52,100 - mmdet - INFO - Epoch [34][3800/4728]	lr: 5.000e-07, eta: 3:02:58, time: 1.084, data_time: 0.010, memory: 18684, enc_loss_cls: 0.1119, enc_loss_bbox: 0.0954, enc_loss_iou: 0.3970, loss_cls: 0.0964, loss_bbox: 0.0884, loss_iou: 0.3758, d0.loss_cls: 0.1351, d0.loss_bbox: 0.0892, d0.loss_iou: 0.3779, d1.loss_cls: 0.0997, d1.loss_bbox: 0.0894, d1.loss_iou: 0.3765, d2.loss_cls: 0.0970, d2.loss_bbox: 0.0906, d2.loss_iou: 0.3773, d3.loss_cls: 0.0932, d3.loss_bbox: 0.0890, d3.loss_iou: 0.3773, d4.loss_cls: 0.0951, d4.loss_bbox: 0.0885, d4.loss_iou: 0.3768, dn_loss_cls: 0.0185, dn_loss_bbox: 0.0474, dn_loss_iou: 0.1976, d0.dn_loss_cls: 0.0478, d0.dn_loss_bbox: 0.0648, d0.dn_loss_iou: 0.2740, d1.dn_loss_cls: 0.0257, d1.dn_loss_bbox: 0.0510, d1.dn_loss_iou: 0.2126, d2.dn_loss_cls: 0.0214, d2.dn_loss_bbox: 0.0481, d2.dn_loss_iou: 0.2004, d3.dn_loss_cls: 0.0191, d3.dn_loss_bbox: 0.0474, d3.dn_loss_iou: 0.1976, d4.dn_loss_cls: 0.0185, d4.dn_loss_bbox: 0.0474, d4.dn_loss_iou: 0.1976, loss_rpn_cls: 0.0362, loss_rpn_bbox: 0.0988, loss_cls0: 1.3557, acc0: 95.6055, loss_bbox0: 2.6231, loss_cls1: 1.2933, loss_bbox1: 3.6426, loss_centerness1: 6.9715, loss_cls_aux0: 0.0278, loss_bbox_aux0: 0.0149, loss_iou_aux0: 0.0551, d0.loss_cls_aux0: 0.0325, d0.loss_bbox_aux0: 0.0591, d0.loss_iou_aux0: 0.2078, d1.loss_cls_aux0: 0.0298, d1.loss_bbox_aux0: 0.0229, d1.loss_iou_aux0: 0.0836, d2.loss_cls_aux0: 0.0289, d2.loss_bbox_aux0: 0.0170, d2.loss_iou_aux0: 0.0626, d3.loss_cls_aux0: 0.0284, d3.loss_bbox_aux0: 0.0149, d3.loss_iou_aux0: 0.0550, d4.loss_cls_aux0: 0.0276, d4.loss_bbox_aux0: 0.0149, d4.loss_iou_aux0: 0.0550, loss_cls_aux1: 0.0217, loss_bbox_aux1: 0.0669, loss_iou_aux1: 0.2551, d0.loss_cls_aux1: 0.0226, d0.loss_bbox_aux1: 0.0867, d0.loss_iou_aux1: 0.3122, d1.loss_cls_aux1: 0.0222, d1.loss_bbox_aux1: 0.0699, d1.loss_iou_aux1: 0.2646, d2.loss_cls_aux1: 0.0216, d2.loss_bbox_aux1: 0.0675, d2.loss_iou_aux1: 0.2572, d3.loss_cls_aux1: 0.0211, d3.loss_bbox_aux1: 0.0668, d3.loss_iou_aux1: 0.2549, d4.loss_cls_aux1: 0.0220, d4.loss_bbox_aux1: 0.0669, d4.loss_iou_aux1: 0.2551, loss: 24.7684, grad_norm: 238.3843
2024-12-31 15:05:28,585 - mmdet - INFO - Epoch [34][4000/4728]	lr: 5.000e-07, eta: 2:59:30, time: 1.082, data_time: 0.010, memory: 18684, enc_loss_cls: 0.0981, enc_loss_bbox: 0.0915, enc_loss_iou: 0.4074, loss_cls: 0.0788, loss_bbox: 0.0823, loss_iou: 0.3815, d0.loss_cls: 0.1151, d0.loss_bbox: 0.0829, d0.loss_iou: 0.3859, d1.loss_cls: 0.0856, d1.loss_bbox: 0.0814, d1.loss_iou: 0.3839, d2.loss_cls: 0.0810, d2.loss_bbox: 0.0817, d2.loss_iou: 0.3833, d3.loss_cls: 0.0770, d3.loss_bbox: 0.0830, d3.loss_iou: 0.3830, d4.loss_cls: 0.0794, d4.loss_bbox: 0.0822, d4.loss_iou: 0.3808, dn_loss_cls: 0.0184, dn_loss_bbox: 0.0433, dn_loss_iou: 0.1914, d0.dn_loss_cls: 0.0501, d0.dn_loss_bbox: 0.0597, d0.dn_loss_iou: 0.2696, d1.dn_loss_cls: 0.0277, d1.dn_loss_bbox: 0.0460, d1.dn_loss_iou: 0.2065, d2.dn_loss_cls: 0.0220, d2.dn_loss_bbox: 0.0435, d2.dn_loss_iou: 0.1936, d3.dn_loss_cls: 0.0193, d3.dn_loss_bbox: 0.0432, d3.dn_loss_iou: 0.1914, d4.dn_loss_cls: 0.0183, d4.dn_loss_bbox: 0.0433, d4.dn_loss_iou: 0.1914, loss_rpn_cls: 0.0306, loss_rpn_bbox: 0.1068, loss_cls0: 1.3375, acc0: 95.5352, loss_bbox0: 2.4510, loss_cls1: 1.2094, loss_bbox1: 3.5686, loss_centerness1: 6.7835, loss_cls_aux0: 0.0234, loss_bbox_aux0: 0.0138, loss_iou_aux0: 0.0574, d0.loss_cls_aux0: 0.0338, d0.loss_bbox_aux0: 0.0531, d0.loss_iou_aux0: 0.2003, d1.loss_cls_aux0: 0.0304, d1.loss_bbox_aux0: 0.0216, d1.loss_iou_aux0: 0.0853, d2.loss_cls_aux0: 0.0266, d2.loss_bbox_aux0: 0.0159, d2.loss_iou_aux0: 0.0653, d3.loss_cls_aux0: 0.0257, d3.loss_bbox_aux0: 0.0137, d3.loss_iou_aux0: 0.0573, d4.loss_cls_aux0: 0.0236, d4.loss_bbox_aux0: 0.0138, d4.loss_iou_aux0: 0.0573, loss_cls_aux1: 0.0168, loss_bbox_aux1: 0.0572, loss_iou_aux1: 0.2403, d0.loss_cls_aux1: 0.0216, d0.loss_bbox_aux1: 0.0721, d0.loss_iou_aux1: 0.2918, d1.loss_cls_aux1: 0.0205, d1.loss_bbox_aux1: 0.0609, d1.loss_iou_aux1: 0.2530, d2.loss_cls_aux1: 0.0182, d2.loss_bbox_aux1: 0.0580, d2.loss_iou_aux1: 0.2434, d3.loss_cls_aux1: 0.0185, d3.loss_bbox_aux1: 0.0571, d3.loss_iou_aux1: 0.2402, d4.loss_cls_aux1: 0.0170, d4.loss_bbox_aux1: 0.0572, d4.loss_iou_aux1: 0.2403, loss: 23.8734, grad_norm: 236.1898
2024-12-31 15:09:08,088 - mmdet - INFO - Epoch [34][4200/4728]	lr: 5.000e-07, eta: 2:56:05, time: 1.098, data_time: 0.010, memory: 18684, enc_loss_cls: 0.1008, enc_loss_bbox: 0.0846, enc_loss_iou: 0.3760, loss_cls: 0.0919, loss_bbox: 0.0760, loss_iou: 0.3477, d0.loss_cls: 0.1140, d0.loss_bbox: 0.0790, d0.loss_iou: 0.3562, d1.loss_cls: 0.0962, d1.loss_bbox: 0.0773, d1.loss_iou: 0.3498, d2.loss_cls: 0.0932, d2.loss_bbox: 0.0756, d2.loss_iou: 0.3482, d3.loss_cls: 0.0921, d3.loss_bbox: 0.0762, d3.loss_iou: 0.3483, d4.loss_cls: 0.0926, d4.loss_bbox: 0.0760, d4.loss_iou: 0.3471, dn_loss_cls: 0.0156, dn_loss_bbox: 0.0461, dn_loss_iou: 0.1886, d0.dn_loss_cls: 0.0460, d0.dn_loss_bbox: 0.0619, d0.dn_loss_iou: 0.2648, d1.dn_loss_cls: 0.0227, d1.dn_loss_bbox: 0.0486, d1.dn_loss_iou: 0.2021, d2.dn_loss_cls: 0.0179, d2.dn_loss_bbox: 0.0464, d2.dn_loss_iou: 0.1908, d3.dn_loss_cls: 0.0161, d3.dn_loss_bbox: 0.0461, d3.dn_loss_iou: 0.1885, d4.dn_loss_cls: 0.0156, d4.dn_loss_bbox: 0.0461, d4.dn_loss_iou: 0.1886, loss_rpn_cls: 0.0471, loss_rpn_bbox: 0.1212, loss_cls0: 1.5502, acc0: 95.0059, loss_bbox0: 2.7839, loss_cls1: 1.2349, loss_bbox1: 3.5248, loss_centerness1: 6.9347, loss_cls_aux0: 0.0238, loss_bbox_aux0: 0.0179, loss_iou_aux0: 0.0622, d0.loss_cls_aux0: 0.0266, d0.loss_bbox_aux0: 0.0619, d0.loss_iou_aux0: 0.2132, d1.loss_cls_aux0: 0.0259, d1.loss_bbox_aux0: 0.0294, d1.loss_iou_aux0: 0.0972, d2.loss_cls_aux0: 0.0253, d2.loss_bbox_aux0: 0.0215, d2.loss_iou_aux0: 0.0712, d3.loss_cls_aux0: 0.0253, d3.loss_bbox_aux0: 0.0179, d3.loss_iou_aux0: 0.0622, d4.loss_cls_aux0: 0.0237, d4.loss_bbox_aux0: 0.0178, d4.loss_iou_aux0: 0.0621, loss_cls_aux1: 0.0196, loss_bbox_aux1: 0.0580, loss_iou_aux1: 0.2360, d0.loss_cls_aux1: 0.0207, d0.loss_bbox_aux1: 0.0804, d0.loss_iou_aux1: 0.2952, d1.loss_cls_aux1: 0.0199, d1.loss_bbox_aux1: 0.0631, d1.loss_iou_aux1: 0.2488, d2.loss_cls_aux1: 0.0195, d2.loss_bbox_aux1: 0.0584, d2.loss_iou_aux1: 0.2397, d3.loss_cls_aux1: 0.0195, d3.loss_bbox_aux1: 0.0580, d3.loss_iou_aux1: 0.2361, d4.loss_cls_aux1: 0.0198, d4.loss_bbox_aux1: 0.0580, d4.loss_iou_aux1: 0.2360, loss: 24.4194, grad_norm: 243.4163
2024-12-31 15:12:43,048 - mmdet - INFO - Epoch [34][4400/4728]	lr: 5.000e-07, eta: 2:52:35, time: 1.075, data_time: 0.010, memory: 18684, enc_loss_cls: 0.0967, enc_loss_bbox: 0.0826, enc_loss_iou: 0.3572, loss_cls: 0.0665, loss_bbox: 0.0779, loss_iou: 0.3460, d0.loss_cls: 0.1032, d0.loss_bbox: 0.0782, d0.loss_iou: 0.3475, d1.loss_cls: 0.0724, d1.loss_bbox: 0.0791, d1.loss_iou: 0.3481, d2.loss_cls: 0.0684, d2.loss_bbox: 0.0781, d2.loss_iou: 0.3474, d3.loss_cls: 0.0656, d3.loss_bbox: 0.0784, d3.loss_iou: 0.3485, d4.loss_cls: 0.0668, d4.loss_bbox: 0.0779, d4.loss_iou: 0.3459, dn_loss_cls: 0.0133, dn_loss_bbox: 0.0456, dn_loss_iou: 0.1825, d0.dn_loss_cls: 0.0410, d0.dn_loss_bbox: 0.0635, d0.dn_loss_iou: 0.2577, d1.dn_loss_cls: 0.0206, d1.dn_loss_bbox: 0.0486, d1.dn_loss_iou: 0.1956, d2.dn_loss_cls: 0.0159, d2.dn_loss_bbox: 0.0462, d2.dn_loss_iou: 0.1846, d3.dn_loss_cls: 0.0139, d3.dn_loss_bbox: 0.0456, d3.dn_loss_iou: 0.1824, d4.dn_loss_cls: 0.0134, d4.dn_loss_bbox: 0.0456, d4.dn_loss_iou: 0.1824, loss_rpn_cls: 0.0381, loss_rpn_bbox: 0.1107, loss_cls0: 1.3522, acc0: 95.4336, loss_bbox0: 2.6293, loss_cls1: 1.0661, loss_bbox1: 3.3970, loss_centerness1: 6.8055, loss_cls_aux0: 0.0125, loss_bbox_aux0: 0.0174, loss_iou_aux0: 0.0617, d0.loss_cls_aux0: 0.0154, d0.loss_bbox_aux0: 0.0573, d0.loss_iou_aux0: 0.1985, d1.loss_cls_aux0: 0.0150, d1.loss_bbox_aux0: 0.0265, d1.loss_iou_aux0: 0.0921, d2.loss_cls_aux0: 0.0138, d2.loss_bbox_aux0: 0.0196, d2.loss_iou_aux0: 0.0694, d3.loss_cls_aux0: 0.0131, d3.loss_bbox_aux0: 0.0174, d3.loss_iou_aux0: 0.0616, d4.loss_cls_aux0: 0.0122, d4.loss_bbox_aux0: 0.0174, d4.loss_iou_aux0: 0.0616, loss_cls_aux1: 0.0121, loss_bbox_aux1: 0.0561, loss_iou_aux1: 0.2288, d0.loss_cls_aux1: 0.0158, d0.loss_bbox_aux1: 0.0743, d0.loss_iou_aux1: 0.2842, d1.loss_cls_aux1: 0.0136, d1.loss_bbox_aux1: 0.0599, d1.loss_iou_aux1: 0.2412, d2.loss_cls_aux1: 0.0131, d2.loss_bbox_aux1: 0.0572, d2.loss_iou_aux1: 0.2327, d3.loss_cls_aux1: 0.0131, d3.loss_bbox_aux1: 0.0561, d3.loss_iou_aux1: 0.2288, d4.loss_cls_aux1: 0.0120, d4.loss_bbox_aux1: 0.0561, d4.loss_iou_aux1: 0.2288, loss: 23.1963, grad_norm: 230.0597
2024-12-31 15:16:18,331 - mmdet - INFO - Epoch [34][4600/4728]	lr: 5.000e-07, eta: 2:49:06, time: 1.076, data_time: 0.010, memory: 18684, enc_loss_cls: 0.0925, enc_loss_bbox: 0.0801, enc_loss_iou: 0.3893, loss_cls: 0.0750, loss_bbox: 0.0751, loss_iou: 0.3675, d0.loss_cls: 0.1214, d0.loss_bbox: 0.0752, d0.loss_iou: 0.3684, d1.loss_cls: 0.0876, d1.loss_bbox: 0.0747, d1.loss_iou: 0.3668, d2.loss_cls: 0.0787, d2.loss_bbox: 0.0750, d2.loss_iou: 0.3668, d3.loss_cls: 0.0748, d3.loss_bbox: 0.0750, d3.loss_iou: 0.3680, d4.loss_cls: 0.0740, d4.loss_bbox: 0.0753, d4.loss_iou: 0.3680, dn_loss_cls: 0.0157, dn_loss_bbox: 0.0414, dn_loss_iou: 0.1945, d0.dn_loss_cls: 0.0455, d0.dn_loss_bbox: 0.0570, d0.dn_loss_iou: 0.2738, d1.dn_loss_cls: 0.0226, d1.dn_loss_bbox: 0.0435, d1.dn_loss_iou: 0.2079, d2.dn_loss_cls: 0.0179, d2.dn_loss_bbox: 0.0418, d2.dn_loss_iou: 0.1963, d3.dn_loss_cls: 0.0161, d3.dn_loss_bbox: 0.0414, d3.dn_loss_iou: 0.1944, d4.dn_loss_cls: 0.0157, d4.dn_loss_bbox: 0.0414, d4.dn_loss_iou: 0.1944, loss_rpn_cls: 0.0322, loss_rpn_bbox: 0.1205, loss_cls0: 1.3732, acc0: 95.4229, loss_bbox0: 2.7289, loss_cls1: 1.1982, loss_bbox1: 3.7502, loss_centerness1: 6.7503, loss_cls_aux0: 0.0223, loss_bbox_aux0: 0.0150, loss_iou_aux0: 0.0639, d0.loss_cls_aux0: 0.0249, d0.loss_bbox_aux0: 0.0525, d0.loss_iou_aux0: 0.2090, d1.loss_cls_aux0: 0.0237, d1.loss_bbox_aux0: 0.0225, d1.loss_iou_aux0: 0.0957, d2.loss_cls_aux0: 0.0232, d2.loss_bbox_aux0: 0.0172, d2.loss_iou_aux0: 0.0725, d3.loss_cls_aux0: 0.0241, d3.loss_bbox_aux0: 0.0150, d3.loss_iou_aux0: 0.0637, d4.loss_cls_aux0: 0.0218, d4.loss_bbox_aux0: 0.0150, d4.loss_iou_aux0: 0.0637, loss_cls_aux1: 0.0223, loss_bbox_aux1: 0.0572, loss_iou_aux1: 0.2579, d0.loss_cls_aux1: 0.0197, d0.loss_bbox_aux1: 0.0726, d0.loss_iou_aux1: 0.3141, d1.loss_cls_aux1: 0.0224, d1.loss_bbox_aux1: 0.0599, d1.loss_iou_aux1: 0.2717, d2.loss_cls_aux1: 0.0239, d2.loss_bbox_aux1: 0.0580, d2.loss_iou_aux1: 0.2613, d3.loss_cls_aux1: 0.0221, d3.loss_bbox_aux1: 0.0572, d3.loss_iou_aux1: 0.2580, d4.loss_cls_aux1: 0.0205, d4.loss_bbox_aux1: 0.0572, d4.loss_iou_aux1: 0.2580, loss: 24.3035, grad_norm: 241.4462
2024-12-31 15:18:36,713 - mmdet - INFO - Saving checkpoint at 34 epochs
2024-12-31 15:21:43,231 - mmdet - INFO - Evaluating bbox...
2024-12-31 15:22:39,820 - mmdet - INFO - 
 Average Precision  (AP) @[ IoU=0.50:0.95 | area=   all | maxDets=100 ] = 0.619
 Average Precision  (AP) @[ IoU=0.50      | area=   all | maxDets=1000 ] = 0.907
 Average Precision  (AP) @[ IoU=0.75      | area=   all | maxDets=1000 ] = 0.655
 Average Precision  (AP) @[ IoU=0.50:0.95 | area= small | maxDets=1000 ] = 0.402
 Average Precision  (AP) @[ IoU=0.50:0.95 | area=medium | maxDets=1000 ] = 0.706
 Average Precision  (AP) @[ IoU=0.50:0.95 | area= large | maxDets=1000 ] = 0.878
 Average Recall     (AR) @[ IoU=0.50:0.95 | area=   all | maxDets=100 ] = 0.687
 Average Recall     (AR) @[ IoU=0.50:0.95 | area=   all | maxDets=300 ] = 0.691
 Average Recall     (AR) @[ IoU=0.50:0.95 | area=   all | maxDets=1000 ] = 0.692
 Average Recall     (AR) @[ IoU=0.50:0.95 | area= small | maxDets=1000 ] = 0.523
 Average Recall     (AR) @[ IoU=0.50:0.95 | area=medium | maxDets=1000 ] = 0.768
 Average Recall     (AR) @[ IoU=0.50:0.95 | area= large | maxDets=1000 ] = 0.909

2024-12-31 15:22:39,821 - mmdet - INFO - 
+----------+-------+--------+--------+-------+-------+-------+
| category | mAP   | mAP_50 | mAP_75 | mAP_s | mAP_m | mAP_l |
+----------+-------+--------+--------+-------+-------+-------+
| Car      | 0.703 | 0.948  | 0.776  | 0.423 | 0.726 | 0.91  |
| Truck    | 0.692 | 0.922  | 0.753  | 0.44  | 0.692 | 0.879 |
| People   | 0.553 | 0.902  | 0.564  | 0.379 | 0.724 | 0.826 |
| Bus      | 0.783 | 0.961  | 0.858  | 0.491 | 0.725 | 0.896 |
| Lamp     | 0.474 | 0.878  | 0.439  | 0.434 | 0.711 | nan   |
| Motor.   | 0.511 | 0.83   | 0.543  | 0.246 | 0.659 | 0.88  |
+----------+-------+--------+--------+-------+-------+-------+
2024-12-31 15:22:40,329 - mmdet - INFO - Exp name: codino_vit_twostream_640_autoaugv1_train1.py
2024-12-31 15:22:40,329 - mmdet - INFO - Epoch(val) [34][840]	Car_precision: 0.7030, Truck_precision: 0.6920, People_precision: 0.5530, Bus_precision: 0.7830, Lamp_precision: 0.4740, Motor._precision: 0.5110, bbox_mAP: 0.6190, bbox_mAP_50: 0.9070, bbox_mAP_75: 0.6550, bbox_mAP_s: 0.4020, bbox_mAP_m: 0.7060, bbox_mAP_l: 0.8780, bbox_mAP_copypaste: 0.619 0.907 0.655 0.402 0.706 0.878
2024-12-31 15:26:17,504 - mmdet - INFO - Epoch [35][200/4728]	lr: 5.000e-08, eta: 2:41:55, time: 1.086, data_time: 0.025, memory: 18684, enc_loss_cls: 0.0936, enc_loss_bbox: 0.0902, enc_loss_iou: 0.3881, loss_cls: 0.0780, loss_bbox: 0.0804, loss_iou: 0.3603, d0.loss_cls: 0.1108, d0.loss_bbox: 0.0823, d0.loss_iou: 0.3671, d1.loss_cls: 0.0841, d1.loss_bbox: 0.0815, d1.loss_iou: 0.3618, d2.loss_cls: 0.0761, d2.loss_bbox: 0.0804, d2.loss_iou: 0.3650, d3.loss_cls: 0.0780, d3.loss_bbox: 0.0808, d3.loss_iou: 0.3614, d4.loss_cls: 0.0782, d4.loss_bbox: 0.0806, d4.loss_iou: 0.3605, dn_loss_cls: 0.0181, dn_loss_bbox: 0.0452, dn_loss_iou: 0.1910, d0.dn_loss_cls: 0.0452, d0.dn_loss_bbox: 0.0623, d0.dn_loss_iou: 0.2659, d1.dn_loss_cls: 0.0253, d1.dn_loss_bbox: 0.0477, d1.dn_loss_iou: 0.2041, d2.dn_loss_cls: 0.0210, d2.dn_loss_bbox: 0.0456, d2.dn_loss_iou: 0.1932, d3.dn_loss_cls: 0.0186, d3.dn_loss_bbox: 0.0452, d3.dn_loss_iou: 0.1910, d4.dn_loss_cls: 0.0180, d4.dn_loss_bbox: 0.0452, d4.dn_loss_iou: 0.1911, loss_rpn_cls: 0.0262, loss_rpn_bbox: 0.1174, loss_cls0: 1.2979, acc0: 95.6602, loss_bbox0: 2.5437, loss_cls1: 1.2679, loss_bbox1: 3.4946, loss_centerness1: 6.7224, loss_cls_aux0: 0.0236, loss_bbox_aux0: 0.0142, loss_iou_aux0: 0.0536, d0.loss_cls_aux0: 0.0291, d0.loss_bbox_aux0: 0.0582, d0.loss_iou_aux0: 0.1996, d1.loss_cls_aux0: 0.0297, d1.loss_bbox_aux0: 0.0232, d1.loss_iou_aux0: 0.0833, d2.loss_cls_aux0: 0.0288, d2.loss_bbox_aux0: 0.0168, d2.loss_iou_aux0: 0.0622, d3.loss_cls_aux0: 0.0269, d3.loss_bbox_aux0: 0.0141, d3.loss_iou_aux0: 0.0536, d4.loss_cls_aux0: 0.0227, d4.loss_bbox_aux0: 0.0142, d4.loss_iou_aux0: 0.0536, loss_cls_aux1: 0.0196, loss_bbox_aux1: 0.0608, loss_iou_aux1: 0.2400, d0.loss_cls_aux1: 0.0205, d0.loss_bbox_aux1: 0.0804, d0.loss_iou_aux1: 0.2990, d1.loss_cls_aux1: 0.0210, d1.loss_bbox_aux1: 0.0642, d1.loss_iou_aux1: 0.2519, d2.loss_cls_aux1: 0.0195, d2.loss_bbox_aux1: 0.0617, d2.loss_iou_aux1: 0.2424, d3.loss_cls_aux1: 0.0199, d3.loss_bbox_aux1: 0.0609, d3.loss_iou_aux1: 0.2400, d4.loss_cls_aux1: 0.0193, d4.loss_bbox_aux1: 0.0608, d4.loss_iou_aux1: 0.2400, loss: 23.7126, grad_norm: 225.1771
2024-12-31 15:29:55,346 - mmdet - INFO - Epoch [35][400/4728]	lr: 5.000e-08, eta: 2:38:30, time: 1.089, data_time: 0.010, memory: 18684, enc_loss_cls: 0.1010, enc_loss_bbox: 0.0855, enc_loss_iou: 0.3819, loss_cls: 0.0800, loss_bbox: 0.0775, loss_iou: 0.3629, d0.loss_cls: 0.1229, d0.loss_bbox: 0.0795, d0.loss_iou: 0.3654, d1.loss_cls: 0.0892, d1.loss_bbox: 0.0784, d1.loss_iou: 0.3644, d2.loss_cls: 0.0916, d2.loss_bbox: 0.0775, d2.loss_iou: 0.3597, d3.loss_cls: 0.0809, d3.loss_bbox: 0.0778, d3.loss_iou: 0.3638, d4.loss_cls: 0.0800, d4.loss_bbox: 0.0778, d4.loss_iou: 0.3642, dn_loss_cls: 0.0182, dn_loss_bbox: 0.0444, dn_loss_iou: 0.1888, d0.dn_loss_cls: 0.0428, d0.dn_loss_bbox: 0.0613, d0.dn_loss_iou: 0.2698, d1.dn_loss_cls: 0.0221, d1.dn_loss_bbox: 0.0471, d1.dn_loss_iou: 0.2027, d2.dn_loss_cls: 0.0183, d2.dn_loss_bbox: 0.0449, d2.dn_loss_iou: 0.1914, d3.dn_loss_cls: 0.0171, d3.dn_loss_bbox: 0.0444, d3.dn_loss_iou: 0.1889, d4.dn_loss_cls: 0.0178, d4.dn_loss_bbox: 0.0444, d4.dn_loss_iou: 0.1890, loss_rpn_cls: 0.0256, loss_rpn_bbox: 0.1152, loss_cls0: 1.3880, acc0: 95.2080, loss_bbox0: 2.7466, loss_cls1: 1.1697, loss_bbox1: 3.4484, loss_centerness1: 7.0322, loss_cls_aux0: 0.0341, loss_bbox_aux0: 0.0158, loss_iou_aux0: 0.0613, d0.loss_cls_aux0: 0.0244, d0.loss_bbox_aux0: 0.0556, d0.loss_iou_aux0: 0.2088, d1.loss_cls_aux0: 0.0256, d1.loss_bbox_aux0: 0.0238, d1.loss_iou_aux0: 0.0919, d2.loss_cls_aux0: 0.0296, d2.loss_bbox_aux0: 0.0178, d2.loss_iou_aux0: 0.0685, d3.loss_cls_aux0: 0.0322, d3.loss_bbox_aux0: 0.0158, d3.loss_iou_aux0: 0.0613, d4.loss_cls_aux0: 0.0327, d4.loss_bbox_aux0: 0.0158, d4.loss_iou_aux0: 0.0613, loss_cls_aux1: 0.0185, loss_bbox_aux1: 0.0567, loss_iou_aux1: 0.2433, d0.loss_cls_aux1: 0.0191, d0.loss_bbox_aux1: 0.0707, d0.loss_iou_aux1: 0.2923, d1.loss_cls_aux1: 0.0185, d1.loss_bbox_aux1: 0.0582, d1.loss_iou_aux1: 0.2510, d2.loss_cls_aux1: 0.0183, d2.loss_bbox_aux1: 0.0575, d2.loss_iou_aux1: 0.2454, d3.loss_cls_aux1: 0.0179, d3.loss_bbox_aux1: 0.0568, d3.loss_iou_aux1: 0.2434, d4.loss_cls_aux1: 0.0185, d4.loss_bbox_aux1: 0.0567, d4.loss_iou_aux1: 0.2433, loss: 24.2034, grad_norm: 239.3541
2024-12-31 15:33:35,807 - mmdet - INFO - Epoch [35][600/4728]	lr: 5.000e-08, eta: 2:35:06, time: 1.102, data_time: 0.009, memory: 18684, enc_loss_cls: 0.1135, enc_loss_bbox: 0.0806, enc_loss_iou: 0.4023, loss_cls: 0.0880, loss_bbox: 0.0747, loss_iou: 0.3880, d0.loss_cls: 0.1366, d0.loss_bbox: 0.0762, d0.loss_iou: 0.3868, d1.loss_cls: 0.1027, d1.loss_bbox: 0.0753, d1.loss_iou: 0.3850, d2.loss_cls: 0.0861, d2.loss_bbox: 0.0776, d2.loss_iou: 0.3936, d3.loss_cls: 0.0934, d3.loss_bbox: 0.0755, d3.loss_iou: 0.3852, d4.loss_cls: 0.0972, d4.loss_bbox: 0.0753, d4.loss_iou: 0.3841, dn_loss_cls: 0.0175, dn_loss_bbox: 0.0434, dn_loss_iou: 0.1993, d0.dn_loss_cls: 0.0477, d0.dn_loss_bbox: 0.0583, d0.dn_loss_iou: 0.2779, d1.dn_loss_cls: 0.0259, d1.dn_loss_bbox: 0.0461, d1.dn_loss_iou: 0.2144, d2.dn_loss_cls: 0.0213, d2.dn_loss_bbox: 0.0439, d2.dn_loss_iou: 0.2012, d3.dn_loss_cls: 0.0183, d3.dn_loss_bbox: 0.0434, d3.dn_loss_iou: 0.1992, d4.dn_loss_cls: 0.0180, d4.dn_loss_bbox: 0.0434, d4.dn_loss_iou: 0.1993, loss_rpn_cls: 0.0363, loss_rpn_bbox: 0.1136, loss_cls0: 1.4104, acc0: 95.3418, loss_bbox0: 2.6926, loss_cls1: 1.1294, loss_bbox1: 3.5517, loss_centerness1: 6.8096, loss_cls_aux0: 0.0178, loss_bbox_aux0: 0.0158, loss_iou_aux0: 0.0616, d0.loss_cls_aux0: 0.0207, d0.loss_bbox_aux0: 0.0548, d0.loss_iou_aux0: 0.2091, d1.loss_cls_aux0: 0.0195, d1.loss_bbox_aux0: 0.0238, d1.loss_iou_aux0: 0.0934, d2.loss_cls_aux0: 0.0181, d2.loss_bbox_aux0: 0.0181, d2.loss_iou_aux0: 0.0728, d3.loss_cls_aux0: 0.0180, d3.loss_bbox_aux0: 0.0158, d3.loss_iou_aux0: 0.0633, d4.loss_cls_aux0: 0.0178, d4.loss_bbox_aux0: 0.0158, d4.loss_iou_aux0: 0.0617, loss_cls_aux1: 0.0169, loss_bbox_aux1: 0.0577, loss_iou_aux1: 0.2457, d0.loss_cls_aux1: 0.0191, d0.loss_bbox_aux1: 0.0740, d0.loss_iou_aux1: 0.2995, d1.loss_cls_aux1: 0.0181, d1.loss_bbox_aux1: 0.0623, d1.loss_iou_aux1: 0.2583, d2.loss_cls_aux1: 0.0183, d2.loss_bbox_aux1: 0.0591, d2.loss_iou_aux1: 0.2490, d3.loss_cls_aux1: 0.0174, d3.loss_bbox_aux1: 0.0578, d3.loss_iou_aux1: 0.2458, d4.loss_cls_aux1: 0.0169, d4.loss_bbox_aux1: 0.0577, d4.loss_iou_aux1: 0.2457, loss: 24.2769, grad_norm: 233.1880
2024-12-31 15:37:17,777 - mmdet - INFO - Epoch [35][800/4728]	lr: 5.000e-08, eta: 2:31:43, time: 1.110, data_time: 0.010, memory: 18684, enc_loss_cls: 0.1005, enc_loss_bbox: 0.0847, enc_loss_iou: 0.3710, loss_cls: 0.0850, loss_bbox: 0.0776, loss_iou: 0.3555, d0.loss_cls: 0.1118, d0.loss_bbox: 0.0793, d0.loss_iou: 0.3585, d1.loss_cls: 0.0989, d1.loss_bbox: 0.0781, d1.loss_iou: 0.3520, d2.loss_cls: 0.0843, d2.loss_bbox: 0.0788, d2.loss_iou: 0.3566, d3.loss_cls: 0.0839, d3.loss_bbox: 0.0781, d3.loss_iou: 0.3560, d4.loss_cls: 0.0849, d4.loss_bbox: 0.0776, d4.loss_iou: 0.3554, dn_loss_cls: 0.0179, dn_loss_bbox: 0.0460, dn_loss_iou: 0.1885, d0.dn_loss_cls: 0.0466, d0.dn_loss_bbox: 0.0613, d0.dn_loss_iou: 0.2610, d1.dn_loss_cls: 0.0252, d1.dn_loss_bbox: 0.0493, d1.dn_loss_iou: 0.2033, d2.dn_loss_cls: 0.0210, d2.dn_loss_bbox: 0.0466, d2.dn_loss_iou: 0.1910, d3.dn_loss_cls: 0.0184, d3.dn_loss_bbox: 0.0460, d3.dn_loss_iou: 0.1887, d4.dn_loss_cls: 0.0176, d4.dn_loss_bbox: 0.0460, d4.dn_loss_iou: 0.1886, loss_rpn_cls: 0.0519, loss_rpn_bbox: 0.0965, loss_cls0: 1.3802, acc0: 95.5898, loss_bbox0: 2.4650, loss_cls1: 1.3279, loss_bbox1: 3.4672, loss_centerness1: 6.9502, loss_cls_aux0: 0.0282, loss_bbox_aux0: 0.0156, loss_iou_aux0: 0.0524, d0.loss_cls_aux0: 0.0492, d0.loss_bbox_aux0: 0.0575, d0.loss_iou_aux0: 0.1967, d1.loss_cls_aux0: 0.0485, d1.loss_bbox_aux0: 0.0253, d1.loss_iou_aux0: 0.0833, d2.loss_cls_aux0: 0.0380, d2.loss_bbox_aux0: 0.0186, d2.loss_iou_aux0: 0.0605, d3.loss_cls_aux0: 0.0333, d3.loss_bbox_aux0: 0.0155, d3.loss_iou_aux0: 0.0524, d4.loss_cls_aux0: 0.0281, d4.loss_bbox_aux0: 0.0156, d4.loss_iou_aux0: 0.0524, loss_cls_aux1: 0.0275, loss_bbox_aux1: 0.0577, loss_iou_aux1: 0.2343, d0.loss_cls_aux1: 0.0315, d0.loss_bbox_aux1: 0.0780, d0.loss_iou_aux1: 0.2867, d1.loss_cls_aux1: 0.0288, d1.loss_bbox_aux1: 0.0610, d1.loss_iou_aux1: 0.2438, d2.loss_cls_aux1: 0.0272, d2.loss_bbox_aux1: 0.0585, d2.loss_iou_aux1: 0.2365, d3.loss_cls_aux1: 0.0273, d3.loss_bbox_aux1: 0.0578, d3.loss_iou_aux1: 0.2343, d4.loss_cls_aux1: 0.0255, d4.loss_bbox_aux1: 0.0577, d4.loss_iou_aux1: 0.2343, loss: 23.9901, grad_norm: 252.5784
2024-12-31 15:40:54,287 - mmdet - INFO - Epoch [35][1000/4728]	lr: 5.000e-08, eta: 2:28:16, time: 1.083, data_time: 0.010, memory: 18684, enc_loss_cls: 0.0958, enc_loss_bbox: 0.0863, enc_loss_iou: 0.3871, loss_cls: 0.0843, loss_bbox: 0.0758, loss_iou: 0.3600, d0.loss_cls: 0.1123, d0.loss_bbox: 0.0773, d0.loss_iou: 0.3629, d1.loss_cls: 0.0913, d1.loss_bbox: 0.0765, d1.loss_iou: 0.3596, d2.loss_cls: 0.0821, d2.loss_bbox: 0.0771, d2.loss_iou: 0.3620, d3.loss_cls: 0.0851, d3.loss_bbox: 0.0761, d3.loss_iou: 0.3600, d4.loss_cls: 0.0839, d4.loss_bbox: 0.0760, d4.loss_iou: 0.3603, dn_loss_cls: 0.0183, dn_loss_bbox: 0.0448, dn_loss_iou: 0.1900, d0.dn_loss_cls: 0.0478, d0.dn_loss_bbox: 0.0604, d0.dn_loss_iou: 0.2645, d1.dn_loss_cls: 0.0265, d1.dn_loss_bbox: 0.0472, d1.dn_loss_iou: 0.2034, d2.dn_loss_cls: 0.0208, d2.dn_loss_bbox: 0.0451, d2.dn_loss_iou: 0.1919, d3.dn_loss_cls: 0.0176, d3.dn_loss_bbox: 0.0447, d3.dn_loss_iou: 0.1900, d4.dn_loss_cls: 0.0177, d4.dn_loss_bbox: 0.0448, d4.dn_loss_iou: 0.1900, loss_rpn_cls: 0.0265, loss_rpn_bbox: 0.1105, loss_cls0: 1.2594, acc0: 95.8369, loss_bbox0: 2.4786, loss_cls1: 1.1712, loss_bbox1: 3.5188, loss_centerness1: 6.9722, loss_cls_aux0: 0.0182, loss_bbox_aux0: 0.0151, loss_iou_aux0: 0.0545, d0.loss_cls_aux0: 0.0227, d0.loss_bbox_aux0: 0.0551, d0.loss_iou_aux0: 0.2006, d1.loss_cls_aux0: 0.0202, d1.loss_bbox_aux0: 0.0239, d1.loss_iou_aux0: 0.0865, d2.loss_cls_aux0: 0.0200, d2.loss_bbox_aux0: 0.0173, d2.loss_iou_aux0: 0.0628, d3.loss_cls_aux0: 0.0178, d3.loss_bbox_aux0: 0.0151, d3.loss_iou_aux0: 0.0546, d4.loss_cls_aux0: 0.0175, d4.loss_bbox_aux0: 0.0151, d4.loss_iou_aux0: 0.0545, loss_cls_aux1: 0.0146, loss_bbox_aux1: 0.0600, loss_iou_aux1: 0.2538, d0.loss_cls_aux1: 0.0173, d0.loss_bbox_aux1: 0.0750, d0.loss_iou_aux1: 0.3040, d1.loss_cls_aux1: 0.0165, d1.loss_bbox_aux1: 0.0634, d1.loss_iou_aux1: 0.2642, d2.loss_cls_aux1: 0.0153, d2.loss_bbox_aux1: 0.0605, d2.loss_iou_aux1: 0.2562, d3.loss_cls_aux1: 0.0145, d3.loss_bbox_aux1: 0.0599, d3.loss_iou_aux1: 0.2539, d4.loss_cls_aux1: 0.0139, d4.loss_bbox_aux1: 0.0600, d4.loss_iou_aux1: 0.2538, loss: 23.7627, grad_norm: 228.3843
2024-12-31 15:44:30,816 - mmdet - INFO - Epoch [35][1200/4728]	lr: 5.000e-08, eta: 2:24:49, time: 1.083, data_time: 0.010, memory: 18684, enc_loss_cls: 0.1035, enc_loss_bbox: 0.0868, enc_loss_iou: 0.3882, loss_cls: 0.1058, loss_bbox: 0.0777, loss_iou: 0.3626, d0.loss_cls: 0.1302, d0.loss_bbox: 0.0796, d0.loss_iou: 0.3696, d1.loss_cls: 0.0998, d1.loss_bbox: 0.0787, d1.loss_iou: 0.3656, d2.loss_cls: 0.0925, d2.loss_bbox: 0.0789, d2.loss_iou: 0.3680, d3.loss_cls: 0.1014, d3.loss_bbox: 0.0782, d3.loss_iou: 0.3643, d4.loss_cls: 0.1058, d4.loss_bbox: 0.0777, d4.loss_iou: 0.3627, dn_loss_cls: 0.0185, dn_loss_bbox: 0.0435, dn_loss_iou: 0.1889, d0.dn_loss_cls: 0.0484, d0.dn_loss_bbox: 0.0597, d0.dn_loss_iou: 0.2642, d1.dn_loss_cls: 0.0255, d1.dn_loss_bbox: 0.0461, d1.dn_loss_iou: 0.2026, d2.dn_loss_cls: 0.0207, d2.dn_loss_bbox: 0.0438, d2.dn_loss_iou: 0.1909, d3.dn_loss_cls: 0.0196, d3.dn_loss_bbox: 0.0435, d3.dn_loss_iou: 0.1889, d4.dn_loss_cls: 0.0185, d4.dn_loss_bbox: 0.0435, d4.dn_loss_iou: 0.1889, loss_rpn_cls: 0.0402, loss_rpn_bbox: 0.1139, loss_cls0: 1.4745, acc0: 95.3423, loss_bbox0: 2.6828, loss_cls1: 1.2884, loss_bbox1: 3.4114, loss_centerness1: 6.8160, loss_cls_aux0: 0.0274, loss_bbox_aux0: 0.0159, loss_iou_aux0: 0.0581, d0.loss_cls_aux0: 0.0486, d0.loss_bbox_aux0: 0.0585, d0.loss_iou_aux0: 0.2026, d1.loss_cls_aux0: 0.0380, d1.loss_bbox_aux0: 0.0281, d1.loss_iou_aux0: 0.0921, d2.loss_cls_aux0: 0.0290, d2.loss_bbox_aux0: 0.0207, d2.loss_iou_aux0: 0.0692, d3.loss_cls_aux0: 0.0282, d3.loss_bbox_aux0: 0.0156, d3.loss_iou_aux0: 0.0579, d4.loss_cls_aux0: 0.0247, d4.loss_bbox_aux0: 0.0158, d4.loss_iou_aux0: 0.0581, loss_cls_aux1: 0.0225, loss_bbox_aux1: 0.0562, loss_iou_aux1: 0.2210, d0.loss_cls_aux1: 0.0306, d0.loss_bbox_aux1: 0.0736, d0.loss_iou_aux1: 0.2784, d1.loss_cls_aux1: 0.0263, d1.loss_bbox_aux1: 0.0593, d1.loss_iou_aux1: 0.2313, d2.loss_cls_aux1: 0.0239, d2.loss_bbox_aux1: 0.0564, d2.loss_iou_aux1: 0.2232, d3.loss_cls_aux1: 0.0237, d3.loss_bbox_aux1: 0.0563, d3.loss_iou_aux1: 0.2212, d4.loss_cls_aux1: 0.0204, d4.loss_bbox_aux1: 0.0562, d4.loss_iou_aux1: 0.2210, loss: 24.1503, grad_norm: 254.2069
2024-12-31 15:48:07,859 - mmdet - INFO - Epoch [35][1400/4728]	lr: 5.000e-08, eta: 2:21:22, time: 1.085, data_time: 0.013, memory: 18684, enc_loss_cls: 0.0757, enc_loss_bbox: 0.0760, enc_loss_iou: 0.3785, loss_cls: 0.0655, loss_bbox: 0.0685, loss_iou: 0.3550, d0.loss_cls: 0.0893, d0.loss_bbox: 0.0709, d0.loss_iou: 0.3598, d1.loss_cls: 0.0714, d1.loss_bbox: 0.0696, d1.loss_iou: 0.3565, d2.loss_cls: 0.0667, d2.loss_bbox: 0.0696, d2.loss_iou: 0.3566, d3.loss_cls: 0.0634, d3.loss_bbox: 0.0691, d3.loss_iou: 0.3568, d4.loss_cls: 0.0659, d4.loss_bbox: 0.0686, d4.loss_iou: 0.3542, dn_loss_cls: 0.0131, dn_loss_bbox: 0.0427, dn_loss_iou: 0.1847, d0.dn_loss_cls: 0.0393, d0.dn_loss_bbox: 0.0567, d0.dn_loss_iou: 0.2567, d1.dn_loss_cls: 0.0195, d1.dn_loss_bbox: 0.0453, d1.dn_loss_iou: 0.1985, d2.dn_loss_cls: 0.0156, d2.dn_loss_bbox: 0.0431, d2.dn_loss_iou: 0.1869, d3.dn_loss_cls: 0.0138, d3.dn_loss_bbox: 0.0426, d3.dn_loss_iou: 0.1847, d4.dn_loss_cls: 0.0131, d4.dn_loss_bbox: 0.0427, d4.dn_loss_iou: 0.1847, loss_rpn_cls: 0.0279, loss_rpn_bbox: 0.1135, loss_cls0: 1.3151, acc0: 95.5713, loss_bbox0: 2.5592, loss_cls1: 1.0510, loss_bbox1: 3.3167, loss_centerness1: 6.6453, loss_cls_aux0: 0.0142, loss_bbox_aux0: 0.0132, loss_iou_aux0: 0.0535, d0.loss_cls_aux0: 0.0240, d0.loss_bbox_aux0: 0.0494, d0.loss_iou_aux0: 0.1908, d1.loss_cls_aux0: 0.0140, d1.loss_bbox_aux0: 0.0203, d1.loss_iou_aux0: 0.0811, d2.loss_cls_aux0: 0.0140, d2.loss_bbox_aux0: 0.0149, d2.loss_iou_aux0: 0.0594, d3.loss_cls_aux0: 0.0135, d3.loss_bbox_aux0: 0.0132, d3.loss_iou_aux0: 0.0534, d4.loss_cls_aux0: 0.0138, d4.loss_bbox_aux0: 0.0132, d4.loss_iou_aux0: 0.0535, loss_cls_aux1: 0.0110, loss_bbox_aux1: 0.0507, loss_iou_aux1: 0.2351, d0.loss_cls_aux1: 0.0134, d0.loss_bbox_aux1: 0.0654, d0.loss_iou_aux1: 0.2833, d1.loss_cls_aux1: 0.0124, d1.loss_bbox_aux1: 0.0542, d1.loss_iou_aux1: 0.2455, d2.loss_cls_aux1: 0.0114, d2.loss_bbox_aux1: 0.0511, d2.loss_iou_aux1: 0.2369, d3.loss_cls_aux1: 0.0117, d3.loss_bbox_aux1: 0.0507, d3.loss_iou_aux1: 0.2352, d4.loss_cls_aux1: 0.0111, d4.loss_bbox_aux1: 0.0507, d4.loss_iou_aux1: 0.2352, loss: 22.6946, grad_norm: 231.7004
2024-12-31 15:51:43,250 - mmdet - INFO - Epoch [35][1600/4728]	lr: 5.000e-08, eta: 2:17:54, time: 1.077, data_time: 0.010, memory: 18684, enc_loss_cls: 0.1013, enc_loss_bbox: 0.0912, enc_loss_iou: 0.3905, loss_cls: 0.0730, loss_bbox: 0.0882, loss_iou: 0.3743, d0.loss_cls: 0.1204, d0.loss_bbox: 0.0898, d0.loss_iou: 0.3743, d1.loss_cls: 0.0847, d1.loss_bbox: 0.0873, d1.loss_iou: 0.3721, d2.loss_cls: 0.0805, d2.loss_bbox: 0.0882, d2.loss_iou: 0.3743, d3.loss_cls: 0.0744, d3.loss_bbox: 0.0881, d3.loss_iou: 0.3745, d4.loss_cls: 0.0739, d4.loss_bbox: 0.0879, d4.loss_iou: 0.3742, dn_loss_cls: 0.0166, dn_loss_bbox: 0.0483, dn_loss_iou: 0.1928, d0.dn_loss_cls: 0.0442, d0.dn_loss_bbox: 0.0659, d0.dn_loss_iou: 0.2704, d1.dn_loss_cls: 0.0244, d1.dn_loss_bbox: 0.0514, d1.dn_loss_iou: 0.2088, d2.dn_loss_cls: 0.0197, d2.dn_loss_bbox: 0.0488, d2.dn_loss_iou: 0.1957, d3.dn_loss_cls: 0.0174, d3.dn_loss_bbox: 0.0482, d3.dn_loss_iou: 0.1928, d4.dn_loss_cls: 0.0166, d4.dn_loss_bbox: 0.0483, d4.dn_loss_iou: 0.1928, loss_rpn_cls: 0.0256, loss_rpn_bbox: 0.1076, loss_cls0: 1.2786, acc0: 95.7764, loss_bbox0: 2.4761, loss_cls1: 1.1582, loss_bbox1: 3.5869, loss_centerness1: 6.9442, loss_cls_aux0: 0.0122, loss_bbox_aux0: 0.0154, loss_iou_aux0: 0.0546, d0.loss_cls_aux0: 0.0154, d0.loss_bbox_aux0: 0.0610, d0.loss_iou_aux0: 0.2021, d1.loss_cls_aux0: 0.0140, d1.loss_bbox_aux0: 0.0236, d1.loss_iou_aux0: 0.0832, d2.loss_cls_aux0: 0.0129, d2.loss_bbox_aux0: 0.0178, d2.loss_iou_aux0: 0.0620, d3.loss_cls_aux0: 0.0126, d3.loss_bbox_aux0: 0.0154, d3.loss_iou_aux0: 0.0546, d4.loss_cls_aux0: 0.0124, d4.loss_bbox_aux0: 0.0154, d4.loss_iou_aux0: 0.0546, loss_cls_aux1: 0.0131, loss_bbox_aux1: 0.0672, loss_iou_aux1: 0.2472, d0.loss_cls_aux1: 0.0140, d0.loss_bbox_aux1: 0.0843, d0.loss_iou_aux1: 0.2966, d1.loss_cls_aux1: 0.0132, d1.loss_bbox_aux1: 0.0715, d1.loss_iou_aux1: 0.2584, d2.loss_cls_aux1: 0.0130, d2.loss_bbox_aux1: 0.0689, d2.loss_iou_aux1: 0.2508, d3.loss_cls_aux1: 0.0131, d3.loss_bbox_aux1: 0.0672, d3.loss_iou_aux1: 0.2473, d4.loss_cls_aux1: 0.0131, d4.loss_bbox_aux1: 0.0672, d4.loss_iou_aux1: 0.2472, loss: 23.9360, grad_norm: 244.2716
2024-12-31 15:55:20,111 - mmdet - INFO - Epoch [35][1800/4728]	lr: 5.000e-08, eta: 2:14:26, time: 1.084, data_time: 0.010, memory: 18684, enc_loss_cls: 0.1014, enc_loss_bbox: 0.0962, enc_loss_iou: 0.4293, loss_cls: 0.0991, loss_bbox: 0.0856, loss_iou: 0.4076, d0.loss_cls: 0.1291, d0.loss_bbox: 0.0868, d0.loss_iou: 0.4082, d1.loss_cls: 0.1156, d1.loss_bbox: 0.0854, d1.loss_iou: 0.4053, d2.loss_cls: 0.1036, d2.loss_bbox: 0.0855, d2.loss_iou: 0.4059, d3.loss_cls: 0.1016, d3.loss_bbox: 0.0853, d3.loss_iou: 0.4070, d4.loss_cls: 0.1000, d4.loss_bbox: 0.0856, d4.loss_iou: 0.4075, dn_loss_cls: 0.0239, dn_loss_bbox: 0.0463, dn_loss_iou: 0.2082, d0.dn_loss_cls: 0.0584, d0.dn_loss_bbox: 0.0629, d0.dn_loss_iou: 0.2905, d1.dn_loss_cls: 0.0319, d1.dn_loss_bbox: 0.0489, d1.dn_loss_iou: 0.2234, d2.dn_loss_cls: 0.0264, d2.dn_loss_bbox: 0.0466, d2.dn_loss_iou: 0.2109, d3.dn_loss_cls: 0.0254, d3.dn_loss_bbox: 0.0463, d3.dn_loss_iou: 0.2083, d4.dn_loss_cls: 0.0248, d4.dn_loss_bbox: 0.0463, d4.dn_loss_iou: 0.2082, loss_rpn_cls: 0.0371, loss_rpn_bbox: 0.1131, loss_cls0: 1.3263, acc0: 95.6436, loss_bbox0: 2.6070, loss_cls1: 1.2430, loss_bbox1: 3.8958, loss_centerness1: 7.0301, loss_cls_aux0: 0.0467, loss_bbox_aux0: 0.0149, loss_iou_aux0: 0.0541, d0.loss_cls_aux0: 0.0421, d0.loss_bbox_aux0: 0.0577, d0.loss_iou_aux0: 0.2104, d1.loss_cls_aux0: 0.0435, d1.loss_bbox_aux0: 0.0241, d1.loss_iou_aux0: 0.0869, d2.loss_cls_aux0: 0.0436, d2.loss_bbox_aux0: 0.0174, d2.loss_iou_aux0: 0.0637, d3.loss_cls_aux0: 0.0493, d3.loss_bbox_aux0: 0.0149, d3.loss_iou_aux0: 0.0540, d4.loss_cls_aux0: 0.0473, d4.loss_bbox_aux0: 0.0149, d4.loss_iou_aux0: 0.0541, loss_cls_aux1: 0.0327, loss_bbox_aux1: 0.0607, loss_iou_aux1: 0.2646, d0.loss_cls_aux1: 0.0288, d0.loss_bbox_aux1: 0.0807, d0.loss_iou_aux1: 0.3218, d1.loss_cls_aux1: 0.0307, d1.loss_bbox_aux1: 0.0646, d1.loss_iou_aux1: 0.2758, d2.loss_cls_aux1: 0.0310, d2.loss_bbox_aux1: 0.0613, d2.loss_iou_aux1: 0.2661, d3.loss_cls_aux1: 0.0327, d3.loss_bbox_aux1: 0.0608, d3.loss_iou_aux1: 0.2648, d4.loss_cls_aux1: 0.0323, d4.loss_bbox_aux1: 0.0607, d4.loss_iou_aux1: 0.2646, loss: 25.4956, grad_norm: 274.9938
2024-12-31 15:58:54,620 - mmdet - INFO - Epoch [35][2000/4728]	lr: 5.000e-08, eta: 2:10:57, time: 1.073, data_time: 0.010, memory: 18684, enc_loss_cls: 0.0967, enc_loss_bbox: 0.0846, enc_loss_iou: 0.3801, loss_cls: 0.0744, loss_bbox: 0.0769, loss_iou: 0.3596, d0.loss_cls: 0.1155, d0.loss_bbox: 0.0781, d0.loss_iou: 0.3595, d1.loss_cls: 0.0842, d1.loss_bbox: 0.0768, d1.loss_iou: 0.3560, d2.loss_cls: 0.0747, d2.loss_bbox: 0.0780, d2.loss_iou: 0.3613, d3.loss_cls: 0.0733, d3.loss_bbox: 0.0770, d3.loss_iou: 0.3602, d4.loss_cls: 0.0741, d4.loss_bbox: 0.0769, d4.loss_iou: 0.3596, dn_loss_cls: 0.0177, dn_loss_bbox: 0.0444, dn_loss_iou: 0.1811, d0.dn_loss_cls: 0.0479, d0.dn_loss_bbox: 0.0602, d0.dn_loss_iou: 0.2549, d1.dn_loss_cls: 0.0247, d1.dn_loss_bbox: 0.0473, d1.dn_loss_iou: 0.1956, d2.dn_loss_cls: 0.0205, d2.dn_loss_bbox: 0.0449, d2.dn_loss_iou: 0.1835, d3.dn_loss_cls: 0.0182, d3.dn_loss_bbox: 0.0444, d3.dn_loss_iou: 0.1811, d4.dn_loss_cls: 0.0177, d4.dn_loss_bbox: 0.0444, d4.dn_loss_iou: 0.1811, loss_rpn_cls: 0.0407, loss_rpn_bbox: 0.0984, loss_cls0: 1.1918, acc0: 96.1904, loss_bbox0: 2.2512, loss_cls1: 1.2804, loss_bbox1: 3.3960, loss_centerness1: 6.7157, loss_cls_aux0: 0.0506, loss_bbox_aux0: 0.0135, loss_iou_aux0: 0.0475, d0.loss_cls_aux0: 0.0586, d0.loss_bbox_aux0: 0.0551, d0.loss_iou_aux0: 0.1848, d1.loss_cls_aux0: 0.0581, d1.loss_bbox_aux0: 0.0211, d1.loss_iou_aux0: 0.0743, d2.loss_cls_aux0: 0.0543, d2.loss_bbox_aux0: 0.0151, d2.loss_iou_aux0: 0.0541, d3.loss_cls_aux0: 0.0498, d3.loss_bbox_aux0: 0.0135, d3.loss_iou_aux0: 0.0475, d4.loss_cls_aux0: 0.0506, d4.loss_bbox_aux0: 0.0135, d4.loss_iou_aux0: 0.0475, loss_cls_aux1: 0.0192, loss_bbox_aux1: 0.0652, loss_iou_aux1: 0.2325, d0.loss_cls_aux1: 0.0361, d0.loss_bbox_aux1: 0.0826, d0.loss_iou_aux1: 0.2815, d1.loss_cls_aux1: 0.0241, d1.loss_bbox_aux1: 0.0684, d1.loss_iou_aux1: 0.2424, d2.loss_cls_aux1: 0.0214, d2.loss_bbox_aux1: 0.0652, d2.loss_iou_aux1: 0.2343, d3.loss_cls_aux1: 0.0202, d3.loss_bbox_aux1: 0.0652, d3.loss_iou_aux1: 0.2325, d4.loss_cls_aux1: 0.0191, d4.loss_bbox_aux1: 0.0652, d4.loss_iou_aux1: 0.2325, loss: 23.1785, grad_norm: 248.9751
2024-12-31 16:02:29,302 - mmdet - INFO - Epoch [35][2200/4728]	lr: 5.000e-08, eta: 2:07:28, time: 1.073, data_time: 0.010, memory: 18684, enc_loss_cls: 0.0902, enc_loss_bbox: 0.0830, enc_loss_iou: 0.3601, loss_cls: 0.0695, loss_bbox: 0.0754, loss_iou: 0.3497, d0.loss_cls: 0.0983, d0.loss_bbox: 0.0763, d0.loss_iou: 0.3478, d1.loss_cls: 0.0780, d1.loss_bbox: 0.0759, d1.loss_iou: 0.3485, d2.loss_cls: 0.0734, d2.loss_bbox: 0.0750, d2.loss_iou: 0.3473, d3.loss_cls: 0.0704, d3.loss_bbox: 0.0754, d3.loss_iou: 0.3497, d4.loss_cls: 0.0693, d4.loss_bbox: 0.0752, d4.loss_iou: 0.3482, dn_loss_cls: 0.0177, dn_loss_bbox: 0.0430, dn_loss_iou: 0.1859, d0.dn_loss_cls: 0.0425, d0.dn_loss_bbox: 0.0588, d0.dn_loss_iou: 0.2600, d1.dn_loss_cls: 0.0235, d1.dn_loss_bbox: 0.0452, d1.dn_loss_iou: 0.1984, d2.dn_loss_cls: 0.0193, d2.dn_loss_bbox: 0.0433, d2.dn_loss_iou: 0.1879, d3.dn_loss_cls: 0.0177, d3.dn_loss_bbox: 0.0430, d3.dn_loss_iou: 0.1859, d4.dn_loss_cls: 0.0175, d4.dn_loss_bbox: 0.0430, d4.dn_loss_iou: 0.1859, loss_rpn_cls: 0.0268, loss_rpn_bbox: 0.0999, loss_cls0: 1.2626, acc0: 95.8486, loss_bbox0: 2.5372, loss_cls1: 1.0563, loss_bbox1: 3.3660, loss_centerness1: 6.7627, loss_cls_aux0: 0.0294, loss_bbox_aux0: 0.0125, loss_iou_aux0: 0.0524, d0.loss_cls_aux0: 0.0236, d0.loss_bbox_aux0: 0.0547, d0.loss_iou_aux0: 0.2021, d1.loss_cls_aux0: 0.0270, d1.loss_bbox_aux0: 0.0216, d1.loss_iou_aux0: 0.0836, d2.loss_cls_aux0: 0.0290, d2.loss_bbox_aux0: 0.0151, d2.loss_iou_aux0: 0.0602, d3.loss_cls_aux0: 0.0280, d3.loss_bbox_aux0: 0.0125, d3.loss_iou_aux0: 0.0524, d4.loss_cls_aux0: 0.0289, d4.loss_bbox_aux0: 0.0125, d4.loss_iou_aux0: 0.0524, loss_cls_aux1: 0.0154, loss_bbox_aux1: 0.0569, loss_iou_aux1: 0.2310, d0.loss_cls_aux1: 0.0167, d0.loss_bbox_aux1: 0.0752, d0.loss_iou_aux1: 0.2817, d1.loss_cls_aux1: 0.0170, d1.loss_bbox_aux1: 0.0621, d1.loss_iou_aux1: 0.2424, d2.loss_cls_aux1: 0.0173, d2.loss_bbox_aux1: 0.0579, d2.loss_iou_aux1: 0.2325, d3.loss_cls_aux1: 0.0159, d3.loss_bbox_aux1: 0.0569, d3.loss_iou_aux1: 0.2310, d4.loss_cls_aux1: 0.0154, d4.loss_bbox_aux1: 0.0569, d4.loss_iou_aux1: 0.2310, loss: 22.9776, grad_norm: 234.7583
2024-12-31 16:06:05,776 - mmdet - INFO - Epoch [35][2400/4728]	lr: 5.000e-08, eta: 2:03:59, time: 1.082, data_time: 0.010, memory: 18684, enc_loss_cls: 0.0884, enc_loss_bbox: 0.0775, enc_loss_iou: 0.3673, loss_cls: 0.0697, loss_bbox: 0.0713, loss_iou: 0.3474, d0.loss_cls: 0.1023, d0.loss_bbox: 0.0732, d0.loss_iou: 0.3534, d1.loss_cls: 0.0735, d1.loss_bbox: 0.0724, d1.loss_iou: 0.3525, d2.loss_cls: 0.0725, d2.loss_bbox: 0.0717, d2.loss_iou: 0.3483, d3.loss_cls: 0.0676, d3.loss_bbox: 0.0717, d3.loss_iou: 0.3488, d4.loss_cls: 0.0689, d4.loss_bbox: 0.0714, d4.loss_iou: 0.3480, dn_loss_cls: 0.0132, dn_loss_bbox: 0.0439, dn_loss_iou: 0.1905, d0.dn_loss_cls: 0.0399, d0.dn_loss_bbox: 0.0597, d0.dn_loss_iou: 0.2656, d1.dn_loss_cls: 0.0201, d1.dn_loss_bbox: 0.0464, d1.dn_loss_iou: 0.2038, d2.dn_loss_cls: 0.0157, d2.dn_loss_bbox: 0.0442, d2.dn_loss_iou: 0.1926, d3.dn_loss_cls: 0.0137, d3.dn_loss_bbox: 0.0439, d3.dn_loss_iou: 0.1906, d4.dn_loss_cls: 0.0132, d4.dn_loss_bbox: 0.0439, d4.dn_loss_iou: 0.1905, loss_rpn_cls: 0.0239, loss_rpn_bbox: 0.1034, loss_cls0: 1.2921, acc0: 95.6172, loss_bbox0: 2.6668, loss_cls1: 1.0457, loss_bbox1: 3.4748, loss_centerness1: 6.8812, loss_cls_aux0: 0.0101, loss_bbox_aux0: 0.0163, loss_iou_aux0: 0.0599, d0.loss_cls_aux0: 0.0148, d0.loss_bbox_aux0: 0.0567, d0.loss_iou_aux0: 0.2039, d1.loss_cls_aux0: 0.0130, d1.loss_bbox_aux0: 0.0243, d1.loss_iou_aux0: 0.0886, d2.loss_cls_aux0: 0.0114, d2.loss_bbox_aux0: 0.0181, d2.loss_iou_aux0: 0.0665, d3.loss_cls_aux0: 0.0110, d3.loss_bbox_aux0: 0.0164, d3.loss_iou_aux0: 0.0599, d4.loss_cls_aux0: 0.0102, d4.loss_bbox_aux0: 0.0163, d4.loss_iou_aux0: 0.0599, loss_cls_aux1: 0.0105, loss_bbox_aux1: 0.0572, loss_iou_aux1: 0.2328, d0.loss_cls_aux1: 0.0131, d0.loss_bbox_aux1: 0.0726, d0.loss_iou_aux1: 0.2870, d1.loss_cls_aux1: 0.0126, d1.loss_bbox_aux1: 0.0605, d1.loss_iou_aux1: 0.2436, d2.loss_cls_aux1: 0.0120, d2.loss_bbox_aux1: 0.0574, d2.loss_iou_aux1: 0.2349, d3.loss_cls_aux1: 0.0115, d3.loss_bbox_aux1: 0.0572, d3.loss_iou_aux1: 0.2328, d4.loss_cls_aux1: 0.0107, d4.loss_bbox_aux1: 0.0571, d4.loss_iou_aux1: 0.2329, loss: 23.2912, grad_norm: 222.0113
2024-12-31 16:09:40,731 - mmdet - INFO - Epoch [35][2600/4728]	lr: 5.000e-08, eta: 2:00:30, time: 1.075, data_time: 0.010, memory: 18684, enc_loss_cls: 0.0904, enc_loss_bbox: 0.0975, enc_loss_iou: 0.4109, loss_cls: 0.0745, loss_bbox: 0.0836, loss_iou: 0.3814, d0.loss_cls: 0.1065, d0.loss_bbox: 0.0888, d0.loss_iou: 0.3872, d1.loss_cls: 0.0786, d1.loss_bbox: 0.0885, d1.loss_iou: 0.3867, d2.loss_cls: 0.0740, d2.loss_bbox: 0.0858, d2.loss_iou: 0.3838, d3.loss_cls: 0.0775, d3.loss_bbox: 0.0830, d3.loss_iou: 0.3803, d4.loss_cls: 0.0766, d4.loss_bbox: 0.0827, d4.loss_iou: 0.3800, dn_loss_cls: 0.0163, dn_loss_bbox: 0.0478, dn_loss_iou: 0.1938, d0.dn_loss_cls: 0.0456, d0.dn_loss_bbox: 0.0651, d0.dn_loss_iou: 0.2705, d1.dn_loss_cls: 0.0246, d1.dn_loss_bbox: 0.0503, d1.dn_loss_iou: 0.2085, d2.dn_loss_cls: 0.0198, d2.dn_loss_bbox: 0.0481, d2.dn_loss_iou: 0.1960, d3.dn_loss_cls: 0.0173, d3.dn_loss_bbox: 0.0477, d3.dn_loss_iou: 0.1937, d4.dn_loss_cls: 0.0165, d4.dn_loss_bbox: 0.0478, d4.dn_loss_iou: 0.1939, loss_rpn_cls: 0.0206, loss_rpn_bbox: 0.0997, loss_cls0: 1.1991, acc0: 96.0410, loss_bbox0: 2.4119, loss_cls1: 1.1618, loss_bbox1: 3.4085, loss_centerness1: 7.0460, loss_cls_aux0: 0.0119, loss_bbox_aux0: 0.0151, loss_iou_aux0: 0.0573, d0.loss_cls_aux0: 0.0262, d0.loss_bbox_aux0: 0.0580, d0.loss_iou_aux0: 0.1950, d1.loss_cls_aux0: 0.0188, d1.loss_bbox_aux0: 0.0238, d1.loss_iou_aux0: 0.0862, d2.loss_cls_aux0: 0.0166, d2.loss_bbox_aux0: 0.0173, d2.loss_iou_aux0: 0.0638, d3.loss_cls_aux0: 0.0144, d3.loss_bbox_aux0: 0.0151, d3.loss_iou_aux0: 0.0576, d4.loss_cls_aux0: 0.0120, d4.loss_bbox_aux0: 0.0151, d4.loss_iou_aux0: 0.0574, loss_cls_aux1: 0.0119, loss_bbox_aux1: 0.0579, loss_iou_aux1: 0.2209, d0.loss_cls_aux1: 0.0174, d0.loss_bbox_aux1: 0.0792, d0.loss_iou_aux1: 0.2774, d1.loss_cls_aux1: 0.0148, d1.loss_bbox_aux1: 0.0629, d1.loss_iou_aux1: 0.2327, d2.loss_cls_aux1: 0.0142, d2.loss_bbox_aux1: 0.0588, d2.loss_iou_aux1: 0.2241, d3.loss_cls_aux1: 0.0131, d3.loss_bbox_aux1: 0.0578, d3.loss_iou_aux1: 0.2209, d4.loss_cls_aux1: 0.0121, d4.loss_bbox_aux1: 0.0579, d4.loss_iou_aux1: 0.2209, loss: 23.5660, grad_norm: 250.8268
2024-12-31 16:13:15,526 - mmdet - INFO - Epoch [35][2800/4728]	lr: 5.000e-08, eta: 1:57:01, time: 1.074, data_time: 0.010, memory: 18684, enc_loss_cls: 0.0980, enc_loss_bbox: 0.0940, enc_loss_iou: 0.3959, loss_cls: 0.0838, loss_bbox: 0.0854, loss_iou: 0.3748, d0.loss_cls: 0.1186, d0.loss_bbox: 0.0886, d0.loss_iou: 0.3785, d1.loss_cls: 0.0856, d1.loss_bbox: 0.0870, d1.loss_iou: 0.3794, d2.loss_cls: 0.0824, d2.loss_bbox: 0.0863, d2.loss_iou: 0.3789, d3.loss_cls: 0.0800, d3.loss_bbox: 0.0857, d3.loss_iou: 0.3764, d4.loss_cls: 0.0813, d4.loss_bbox: 0.0854, d4.loss_iou: 0.3758, dn_loss_cls: 0.0148, dn_loss_bbox: 0.0428, dn_loss_iou: 0.1913, d0.dn_loss_cls: 0.0477, d0.dn_loss_bbox: 0.0590, d0.dn_loss_iou: 0.2741, d1.dn_loss_cls: 0.0240, d1.dn_loss_bbox: 0.0453, d1.dn_loss_iou: 0.2050, d2.dn_loss_cls: 0.0181, d2.dn_loss_bbox: 0.0430, d2.dn_loss_iou: 0.1936, d3.dn_loss_cls: 0.0157, d3.dn_loss_bbox: 0.0428, d3.dn_loss_iou: 0.1916, d4.dn_loss_cls: 0.0149, d4.dn_loss_bbox: 0.0428, d4.dn_loss_iou: 0.1914, loss_rpn_cls: 0.0247, loss_rpn_bbox: 0.1104, loss_cls0: 1.3995, acc0: 95.4229, loss_bbox0: 2.7075, loss_cls1: 1.1348, loss_bbox1: 3.4212, loss_centerness1: 6.7314, loss_cls_aux0: 0.0294, loss_bbox_aux0: 0.0127, loss_iou_aux0: 0.0537, d0.loss_cls_aux0: 0.0421, d0.loss_bbox_aux0: 0.0506, d0.loss_iou_aux0: 0.2085, d1.loss_cls_aux0: 0.0333, d1.loss_bbox_aux0: 0.0210, d1.loss_iou_aux0: 0.0861, d2.loss_cls_aux0: 0.0306, d2.loss_bbox_aux0: 0.0149, d2.loss_iou_aux0: 0.0616, d3.loss_cls_aux0: 0.0322, d3.loss_bbox_aux0: 0.0127, d3.loss_iou_aux0: 0.0537, d4.loss_cls_aux0: 0.0305, d4.loss_bbox_aux0: 0.0127, d4.loss_iou_aux0: 0.0537, loss_cls_aux1: 0.0171, loss_bbox_aux1: 0.0503, loss_iou_aux1: 0.2296, d0.loss_cls_aux1: 0.0194, d0.loss_bbox_aux1: 0.0624, d0.loss_iou_aux1: 0.2809, d1.loss_cls_aux1: 0.0199, d1.loss_bbox_aux1: 0.0529, d1.loss_iou_aux1: 0.2400, d2.loss_cls_aux1: 0.0186, d2.loss_bbox_aux1: 0.0507, d2.loss_iou_aux1: 0.2321, d3.loss_cls_aux1: 0.0188, d3.loss_bbox_aux1: 0.0503, d3.loss_iou_aux1: 0.2298, d4.loss_cls_aux1: 0.0172, d4.loss_bbox_aux1: 0.0503, d4.loss_iou_aux1: 0.2296, loss: 23.7993, grad_norm: 222.3235
2024-12-31 16:16:51,398 - mmdet - INFO - Epoch [35][3000/4728]	lr: 5.000e-08, eta: 1:53:32, time: 1.079, data_time: 0.010, memory: 18684, enc_loss_cls: 0.0969, enc_loss_bbox: 0.0862, enc_loss_iou: 0.4189, loss_cls: 0.0886, loss_bbox: 0.0767, loss_iou: 0.3900, d0.loss_cls: 0.1226, d0.loss_bbox: 0.0790, d0.loss_iou: 0.3909, d1.loss_cls: 0.0970, d1.loss_bbox: 0.0777, d1.loss_iou: 0.3915, d2.loss_cls: 0.0839, d2.loss_bbox: 0.0780, d2.loss_iou: 0.3940, d3.loss_cls: 0.0853, d3.loss_bbox: 0.0773, d3.loss_iou: 0.3923, d4.loss_cls: 0.0867, d4.loss_bbox: 0.0767, d4.loss_iou: 0.3910, dn_loss_cls: 0.0235, dn_loss_bbox: 0.0411, dn_loss_iou: 0.1960, d0.dn_loss_cls: 0.0548, d0.dn_loss_bbox: 0.0559, d0.dn_loss_iou: 0.2757, d1.dn_loss_cls: 0.0310, d1.dn_loss_bbox: 0.0433, d1.dn_loss_iou: 0.2104, d2.dn_loss_cls: 0.0265, d2.dn_loss_bbox: 0.0414, d2.dn_loss_iou: 0.1982, d3.dn_loss_cls: 0.0237, d3.dn_loss_bbox: 0.0411, d3.dn_loss_iou: 0.1961, d4.dn_loss_cls: 0.0238, d4.dn_loss_bbox: 0.0411, d4.dn_loss_iou: 0.1959, loss_rpn_cls: 0.0290, loss_rpn_bbox: 0.0988, loss_cls0: 1.3080, acc0: 95.7373, loss_bbox0: 2.4631, loss_cls1: 1.2048, loss_bbox1: 3.5365, loss_centerness1: 6.8028, loss_cls_aux0: 0.0298, loss_bbox_aux0: 0.0131, loss_iou_aux0: 0.0499, d0.loss_cls_aux0: 0.0385, d0.loss_bbox_aux0: 0.0526, d0.loss_iou_aux0: 0.1972, d1.loss_cls_aux0: 0.0379, d1.loss_bbox_aux0: 0.0214, d1.loss_iou_aux0: 0.0821, d2.loss_cls_aux0: 0.0332, d2.loss_bbox_aux0: 0.0153, d2.loss_iou_aux0: 0.0578, d3.loss_cls_aux0: 0.0304, d3.loss_bbox_aux0: 0.0131, d3.loss_iou_aux0: 0.0499, d4.loss_cls_aux0: 0.0297, d4.loss_bbox_aux0: 0.0131, d4.loss_iou_aux0: 0.0499, loss_cls_aux1: 0.0240, loss_bbox_aux1: 0.0645, loss_iou_aux1: 0.2452, d0.loss_cls_aux1: 0.0290, d0.loss_bbox_aux1: 0.0796, d0.loss_iou_aux1: 0.2986, d1.loss_cls_aux1: 0.0275, d1.loss_bbox_aux1: 0.0668, d1.loss_iou_aux1: 0.2553, d2.loss_cls_aux1: 0.0258, d2.loss_bbox_aux1: 0.0653, d2.loss_iou_aux1: 0.2480, d3.loss_cls_aux1: 0.0249, d3.loss_bbox_aux1: 0.0645, d3.loss_iou_aux1: 0.2453, d4.loss_cls_aux1: 0.0238, d4.loss_bbox_aux1: 0.0645, d4.loss_iou_aux1: 0.2452, loss: 24.0562, grad_norm: 233.4548
2024-12-31 16:20:26,710 - mmdet - INFO - Epoch [35][3200/4728]	lr: 5.000e-08, eta: 1:50:02, time: 1.077, data_time: 0.010, memory: 18684, enc_loss_cls: 0.0947, enc_loss_bbox: 0.0864, enc_loss_iou: 0.3877, loss_cls: 0.0788, loss_bbox: 0.0794, loss_iou: 0.3696, d0.loss_cls: 0.1174, d0.loss_bbox: 0.0783, d0.loss_iou: 0.3670, d1.loss_cls: 0.0818, d1.loss_bbox: 0.0796, d1.loss_iou: 0.3718, d2.loss_cls: 0.0822, d2.loss_bbox: 0.0801, d2.loss_iou: 0.3682, d3.loss_cls: 0.0786, d3.loss_bbox: 0.0794, d3.loss_iou: 0.3689, d4.loss_cls: 0.0783, d4.loss_bbox: 0.0795, d4.loss_iou: 0.3693, dn_loss_cls: 0.0175, dn_loss_bbox: 0.0423, dn_loss_iou: 0.1891, d0.dn_loss_cls: 0.0459, d0.dn_loss_bbox: 0.0582, d0.dn_loss_iou: 0.2648, d1.dn_loss_cls: 0.0257, d1.dn_loss_bbox: 0.0447, d1.dn_loss_iou: 0.2033, d2.dn_loss_cls: 0.0209, d2.dn_loss_bbox: 0.0427, d2.dn_loss_iou: 0.1915, d3.dn_loss_cls: 0.0183, d3.dn_loss_bbox: 0.0423, d3.dn_loss_iou: 0.1890, d4.dn_loss_cls: 0.0177, d4.dn_loss_bbox: 0.0423, d4.dn_loss_iou: 0.1891, loss_rpn_cls: 0.0312, loss_rpn_bbox: 0.0922, loss_cls0: 1.3211, acc0: 95.8770, loss_bbox0: 2.4738, loss_cls1: 1.2547, loss_bbox1: 3.4819, loss_centerness1: 6.7790, loss_cls_aux0: 0.0430, loss_bbox_aux0: 0.0117, loss_iou_aux0: 0.0480, d0.loss_cls_aux0: 0.0399, d0.loss_bbox_aux0: 0.0536, d0.loss_iou_aux0: 0.1964, d1.loss_cls_aux0: 0.0456, d1.loss_bbox_aux0: 0.0201, d1.loss_iou_aux0: 0.0781, d2.loss_cls_aux0: 0.0456, d2.loss_bbox_aux0: 0.0133, d2.loss_iou_aux0: 0.0542, d3.loss_cls_aux0: 0.0451, d3.loss_bbox_aux0: 0.0117, d3.loss_iou_aux0: 0.0481, d4.loss_cls_aux0: 0.0450, d4.loss_bbox_aux0: 0.0117, d4.loss_iou_aux0: 0.0480, loss_cls_aux1: 0.0385, loss_bbox_aux1: 0.0561, loss_iou_aux1: 0.2296, d0.loss_cls_aux1: 0.0380, d0.loss_bbox_aux1: 0.0705, d0.loss_iou_aux1: 0.2804, d1.loss_cls_aux1: 0.0419, d1.loss_bbox_aux1: 0.0589, d1.loss_iou_aux1: 0.2393, d2.loss_cls_aux1: 0.0399, d2.loss_bbox_aux1: 0.0564, d2.loss_iou_aux1: 0.2313, d3.loss_cls_aux1: 0.0390, d3.loss_bbox_aux1: 0.0560, d3.loss_iou_aux1: 0.2294, d4.loss_cls_aux1: 0.0391, d4.loss_bbox_aux1: 0.0561, d4.loss_iou_aux1: 0.2296, loss: 23.7456, grad_norm: 239.2594
2024-12-31 16:24:03,190 - mmdet - INFO - Epoch [35][3400/4728]	lr: 5.000e-08, eta: 1:46:33, time: 1.082, data_time: 0.010, memory: 18684, enc_loss_cls: 0.0887, enc_loss_bbox: 0.0895, enc_loss_iou: 0.3954, loss_cls: 0.0726, loss_bbox: 0.0785, loss_iou: 0.3747, d0.loss_cls: 0.1068, d0.loss_bbox: 0.0815, d0.loss_iou: 0.3821, d1.loss_cls: 0.0803, d1.loss_bbox: 0.0785, d1.loss_iou: 0.3751, d2.loss_cls: 0.0731, d2.loss_bbox: 0.0791, d2.loss_iou: 0.3764, d3.loss_cls: 0.0743, d3.loss_bbox: 0.0788, d3.loss_iou: 0.3743, d4.loss_cls: 0.0717, d4.loss_bbox: 0.0790, d4.loss_iou: 0.3760, dn_loss_cls: 0.0149, dn_loss_bbox: 0.0433, dn_loss_iou: 0.1958, d0.dn_loss_cls: 0.0449, d0.dn_loss_bbox: 0.0595, d0.dn_loss_iou: 0.2740, d1.dn_loss_cls: 0.0233, d1.dn_loss_bbox: 0.0459, d1.dn_loss_iou: 0.2098, d2.dn_loss_cls: 0.0184, d2.dn_loss_bbox: 0.0437, d2.dn_loss_iou: 0.1984, d3.dn_loss_cls: 0.0157, d3.dn_loss_bbox: 0.0433, d3.dn_loss_iou: 0.1955, d4.dn_loss_cls: 0.0149, d4.dn_loss_bbox: 0.0433, d4.dn_loss_iou: 0.1961, loss_rpn_cls: 0.0195, loss_rpn_bbox: 0.1002, loss_cls0: 1.3082, acc0: 95.6865, loss_bbox0: 2.5801, loss_cls1: 1.1667, loss_bbox1: 3.5448, loss_centerness1: 6.9910, loss_cls_aux0: 0.0236, loss_bbox_aux0: 0.0120, loss_iou_aux0: 0.0464, d0.loss_cls_aux0: 0.0282, d0.loss_bbox_aux0: 0.0535, d0.loss_iou_aux0: 0.1956, d1.loss_cls_aux0: 0.0280, d1.loss_bbox_aux0: 0.0205, d1.loss_iou_aux0: 0.0753, d2.loss_cls_aux0: 0.0287, d2.loss_bbox_aux0: 0.0144, d2.loss_iou_aux0: 0.0539, d3.loss_cls_aux0: 0.0267, d3.loss_bbox_aux0: 0.0120, d3.loss_iou_aux0: 0.0464, d4.loss_cls_aux0: 0.0233, d4.loss_bbox_aux0: 0.0120, d4.loss_iou_aux0: 0.0464, loss_cls_aux1: 0.0162, loss_bbox_aux1: 0.0597, loss_iou_aux1: 0.2449, d0.loss_cls_aux1: 0.0190, d0.loss_bbox_aux1: 0.0811, d0.loss_iou_aux1: 0.3045, d1.loss_cls_aux1: 0.0177, d1.loss_bbox_aux1: 0.0641, d1.loss_iou_aux1: 0.2589, d2.loss_cls_aux1: 0.0186, d2.loss_bbox_aux1: 0.0606, d2.loss_iou_aux1: 0.2481, d3.loss_cls_aux1: 0.0184, d3.loss_bbox_aux1: 0.0598, d3.loss_iou_aux1: 0.2449, d4.loss_cls_aux1: 0.0162, d4.loss_bbox_aux1: 0.0597, d4.loss_iou_aux1: 0.2449, loss: 23.9619, grad_norm: 238.1209
2024-12-31 16:27:40,673 - mmdet - INFO - Epoch [35][3600/4728]	lr: 5.000e-08, eta: 1:43:04, time: 1.087, data_time: 0.010, memory: 18684, enc_loss_cls: 0.0954, enc_loss_bbox: 0.1007, enc_loss_iou: 0.4320, loss_cls: 0.0871, loss_bbox: 0.0905, loss_iou: 0.4080, d0.loss_cls: 0.1116, d0.loss_bbox: 0.0917, d0.loss_iou: 0.4137, d1.loss_cls: 0.0883, d1.loss_bbox: 0.0912, d1.loss_iou: 0.4110, d2.loss_cls: 0.0815, d2.loss_bbox: 0.0909, d2.loss_iou: 0.4113, d3.loss_cls: 0.0807, d3.loss_bbox: 0.0917, d3.loss_iou: 0.4110, d4.loss_cls: 0.0865, d4.loss_bbox: 0.0908, d4.loss_iou: 0.4083, dn_loss_cls: 0.0206, dn_loss_bbox: 0.0466, dn_loss_iou: 0.2054, d0.dn_loss_cls: 0.0522, d0.dn_loss_bbox: 0.0629, d0.dn_loss_iou: 0.2839, d1.dn_loss_cls: 0.0303, d1.dn_loss_bbox: 0.0498, d1.dn_loss_iou: 0.2211, d2.dn_loss_cls: 0.0245, d2.dn_loss_bbox: 0.0470, d2.dn_loss_iou: 0.2077, d3.dn_loss_cls: 0.0215, d3.dn_loss_bbox: 0.0467, d3.dn_loss_iou: 0.2054, d4.dn_loss_cls: 0.0207, d4.dn_loss_bbox: 0.0466, d4.dn_loss_iou: 0.2053, loss_rpn_cls: 0.0327, loss_rpn_bbox: 0.1086, loss_cls0: 1.3294, acc0: 95.6689, loss_bbox0: 2.5477, loss_cls1: 1.1927, loss_bbox1: 3.6121, loss_centerness1: 6.9843, loss_cls_aux0: 0.0261, loss_bbox_aux0: 0.0158, loss_iou_aux0: 0.0547, d0.loss_cls_aux0: 0.0308, d0.loss_bbox_aux0: 0.0596, d0.loss_iou_aux0: 0.2020, d1.loss_cls_aux0: 0.0303, d1.loss_bbox_aux0: 0.0250, d1.loss_iou_aux0: 0.0857, d2.loss_cls_aux0: 0.0286, d2.loss_bbox_aux0: 0.0184, d2.loss_iou_aux0: 0.0624, d3.loss_cls_aux0: 0.0277, d3.loss_bbox_aux0: 0.0158, d3.loss_iou_aux0: 0.0548, d4.loss_cls_aux0: 0.0254, d4.loss_bbox_aux0: 0.0158, d4.loss_iou_aux0: 0.0547, loss_cls_aux1: 0.0225, loss_bbox_aux1: 0.0665, loss_iou_aux1: 0.2543, d0.loss_cls_aux1: 0.0237, d0.loss_bbox_aux1: 0.0920, d0.loss_iou_aux1: 0.3166, d1.loss_cls_aux1: 0.0247, d1.loss_bbox_aux1: 0.0702, d1.loss_iou_aux1: 0.2670, d2.loss_cls_aux1: 0.0234, d2.loss_bbox_aux1: 0.0676, d2.loss_iou_aux1: 0.2575, d3.loss_cls_aux1: 0.0233, d3.loss_bbox_aux1: 0.0665, d3.loss_iou_aux1: 0.2546, d4.loss_cls_aux1: 0.0223, d4.loss_bbox_aux1: 0.0665, d4.loss_iou_aux1: 0.2543, loss: 24.7869, grad_norm: 235.6003
2024-12-31 16:31:17,174 - mmdet - INFO - Epoch [35][3800/4728]	lr: 5.000e-08, eta: 1:39:34, time: 1.082, data_time: 0.010, memory: 18684, enc_loss_cls: 0.0978, enc_loss_bbox: 0.0844, enc_loss_iou: 0.4075, loss_cls: 0.0801, loss_bbox: 0.0802, loss_iou: 0.3841, d0.loss_cls: 0.1145, d0.loss_bbox: 0.0817, d0.loss_iou: 0.3891, d1.loss_cls: 0.0888, d1.loss_bbox: 0.0816, d1.loss_iou: 0.3837, d2.loss_cls: 0.0869, d2.loss_bbox: 0.0801, d2.loss_iou: 0.3814, d3.loss_cls: 0.0788, d3.loss_bbox: 0.0803, d3.loss_iou: 0.3838, d4.loss_cls: 0.0802, d4.loss_bbox: 0.0801, d4.loss_iou: 0.3839, dn_loss_cls: 0.0165, dn_loss_bbox: 0.0421, dn_loss_iou: 0.1961, d0.dn_loss_cls: 0.0470, d0.dn_loss_bbox: 0.0562, d0.dn_loss_iou: 0.2732, d1.dn_loss_cls: 0.0252, d1.dn_loss_bbox: 0.0444, d1.dn_loss_iou: 0.2103, d2.dn_loss_cls: 0.0197, d2.dn_loss_bbox: 0.0424, d2.dn_loss_iou: 0.1981, d3.dn_loss_cls: 0.0167, d3.dn_loss_bbox: 0.0421, d3.dn_loss_iou: 0.1959, d4.dn_loss_cls: 0.0164, d4.dn_loss_bbox: 0.0421, d4.dn_loss_iou: 0.1961, loss_rpn_cls: 0.0331, loss_rpn_bbox: 0.1048, loss_cls0: 1.3173, acc0: 95.6572, loss_bbox0: 2.5340, loss_cls1: 1.1785, loss_bbox1: 3.5806, loss_centerness1: 6.8301, loss_cls_aux0: 0.0160, loss_bbox_aux0: 0.0143, loss_iou_aux0: 0.0570, d0.loss_cls_aux0: 0.0302, d0.loss_bbox_aux0: 0.0523, d0.loss_iou_aux0: 0.2007, d1.loss_cls_aux0: 0.0226, d1.loss_bbox_aux0: 0.0223, d1.loss_iou_aux0: 0.0859, d2.loss_cls_aux0: 0.0182, d2.loss_bbox_aux0: 0.0164, d2.loss_iou_aux0: 0.0647, d3.loss_cls_aux0: 0.0174, d3.loss_bbox_aux0: 0.0143, d3.loss_iou_aux0: 0.0570, d4.loss_cls_aux0: 0.0163, d4.loss_bbox_aux0: 0.0143, d4.loss_iou_aux0: 0.0570, loss_cls_aux1: 0.0158, loss_bbox_aux1: 0.0571, loss_iou_aux1: 0.2457, d0.loss_cls_aux1: 0.0194, d0.loss_bbox_aux1: 0.0718, d0.loss_iou_aux1: 0.2934, d1.loss_cls_aux1: 0.0163, d1.loss_bbox_aux1: 0.0592, d1.loss_iou_aux1: 0.2547, d2.loss_cls_aux1: 0.0167, d2.loss_bbox_aux1: 0.0574, d2.loss_iou_aux1: 0.2466, d3.loss_cls_aux1: 0.0155, d3.loss_bbox_aux1: 0.0571, d3.loss_iou_aux1: 0.2458, d4.loss_cls_aux1: 0.0157, d4.loss_bbox_aux1: 0.0571, d4.loss_iou_aux1: 0.2457, loss: 23.9356, grad_norm: 248.5815
2024-12-31 16:34:52,129 - mmdet - INFO - Epoch [35][4000/4728]	lr: 5.000e-08, eta: 1:36:04, time: 1.075, data_time: 0.010, memory: 18684, enc_loss_cls: 0.0897, enc_loss_bbox: 0.0813, enc_loss_iou: 0.3794, loss_cls: 0.0748, loss_bbox: 0.0733, loss_iou: 0.3555, d0.loss_cls: 0.1098, d0.loss_bbox: 0.0740, d0.loss_iou: 0.3593, d1.loss_cls: 0.0835, d1.loss_bbox: 0.0731, d1.loss_iou: 0.3562, d2.loss_cls: 0.0706, d2.loss_bbox: 0.0738, d2.loss_iou: 0.3592, d3.loss_cls: 0.0734, d3.loss_bbox: 0.0736, d3.loss_iou: 0.3561, d4.loss_cls: 0.0755, d4.loss_bbox: 0.0734, d4.loss_iou: 0.3548, dn_loss_cls: 0.0165, dn_loss_bbox: 0.0423, dn_loss_iou: 0.1850, d0.dn_loss_cls: 0.0437, d0.dn_loss_bbox: 0.0574, d0.dn_loss_iou: 0.2607, d1.dn_loss_cls: 0.0230, d1.dn_loss_bbox: 0.0447, d1.dn_loss_iou: 0.1986, d2.dn_loss_cls: 0.0188, d2.dn_loss_bbox: 0.0426, d2.dn_loss_iou: 0.1871, d3.dn_loss_cls: 0.0165, d3.dn_loss_bbox: 0.0423, d3.dn_loss_iou: 0.1851, d4.dn_loss_cls: 0.0161, d4.dn_loss_bbox: 0.0423, d4.dn_loss_iou: 0.1851, loss_rpn_cls: 0.0328, loss_rpn_bbox: 0.0892, loss_cls0: 1.2557, acc0: 95.8906, loss_bbox0: 2.3528, loss_cls1: 1.0669, loss_bbox1: 3.3649, loss_centerness1: 6.7959, loss_cls_aux0: 0.0206, loss_bbox_aux0: 0.0138, loss_iou_aux0: 0.0509, d0.loss_cls_aux0: 0.0265, d0.loss_bbox_aux0: 0.0541, d0.loss_iou_aux0: 0.1889, d1.loss_cls_aux0: 0.0274, d1.loss_bbox_aux0: 0.0215, d1.loss_iou_aux0: 0.0773, d2.loss_cls_aux0: 0.0261, d2.loss_bbox_aux0: 0.0158, d2.loss_iou_aux0: 0.0582, d3.loss_cls_aux0: 0.0233, d3.loss_bbox_aux0: 0.0139, d3.loss_iou_aux0: 0.0509, d4.loss_cls_aux0: 0.0214, d4.loss_bbox_aux0: 0.0138, d4.loss_iou_aux0: 0.0509, loss_cls_aux1: 0.0133, loss_bbox_aux1: 0.0570, loss_iou_aux1: 0.2357, d0.loss_cls_aux1: 0.0141, d0.loss_bbox_aux1: 0.0765, d0.loss_iou_aux1: 0.2851, d1.loss_cls_aux1: 0.0142, d1.loss_bbox_aux1: 0.0605, d1.loss_iou_aux1: 0.2450, d2.loss_cls_aux1: 0.0136, d2.loss_bbox_aux1: 0.0579, d2.loss_iou_aux1: 0.2376, d3.loss_cls_aux1: 0.0132, d3.loss_bbox_aux1: 0.0569, d3.loss_iou_aux1: 0.2356, d4.loss_cls_aux1: 0.0131, d4.loss_bbox_aux1: 0.0570, d4.loss_iou_aux1: 0.2357, loss: 22.8640, grad_norm: 226.3244
2024-12-31 16:38:28,561 - mmdet - INFO - Epoch [35][4200/4728]	lr: 5.000e-08, eta: 1:32:34, time: 1.082, data_time: 0.010, memory: 18684, enc_loss_cls: 0.0830, enc_loss_bbox: 0.1033, enc_loss_iou: 0.4281, loss_cls: 0.0734, loss_bbox: 0.0904, loss_iou: 0.3955, d0.loss_cls: 0.0995, d0.loss_bbox: 0.0947, d0.loss_iou: 0.4039, d1.loss_cls: 0.0789, d1.loss_bbox: 0.0937, d1.loss_iou: 0.4010, d2.loss_cls: 0.0749, d2.loss_bbox: 0.0913, d2.loss_iou: 0.3974, d3.loss_cls: 0.0739, d3.loss_bbox: 0.0904, d3.loss_iou: 0.3963, d4.loss_cls: 0.0717, d4.loss_bbox: 0.0906, d4.loss_iou: 0.3965, dn_loss_cls: 0.0182, dn_loss_bbox: 0.0500, dn_loss_iou: 0.2044, d0.dn_loss_cls: 0.0476, d0.dn_loss_bbox: 0.0677, d0.dn_loss_iou: 0.2824, d1.dn_loss_cls: 0.0262, d1.dn_loss_bbox: 0.0531, d1.dn_loss_iou: 0.2201, d2.dn_loss_cls: 0.0213, d2.dn_loss_bbox: 0.0505, d2.dn_loss_iou: 0.2071, d3.dn_loss_cls: 0.0190, d3.dn_loss_bbox: 0.0500, d3.dn_loss_iou: 0.2044, d4.dn_loss_cls: 0.0182, d4.dn_loss_bbox: 0.0500, d4.dn_loss_iou: 0.2044, loss_rpn_cls: 0.0258, loss_rpn_bbox: 0.1015, loss_cls0: 1.2717, acc0: 95.7529, loss_bbox0: 2.5551, loss_cls1: 1.1010, loss_bbox1: 3.6840, loss_centerness1: 6.9418, loss_cls_aux0: 0.0156, loss_bbox_aux0: 0.0157, loss_iou_aux0: 0.0535, d0.loss_cls_aux0: 0.0206, d0.loss_bbox_aux0: 0.0665, d0.loss_iou_aux0: 0.2090, d1.loss_cls_aux0: 0.0210, d1.loss_bbox_aux0: 0.0263, d1.loss_iou_aux0: 0.0859, d2.loss_cls_aux0: 0.0210, d2.loss_bbox_aux0: 0.0188, d2.loss_iou_aux0: 0.0624, d3.loss_cls_aux0: 0.0172, d3.loss_bbox_aux0: 0.0158, d3.loss_iou_aux0: 0.0535, d4.loss_cls_aux0: 0.0152, d4.loss_bbox_aux0: 0.0157, d4.loss_iou_aux0: 0.0535, loss_cls_aux1: 0.0143, loss_bbox_aux1: 0.0701, loss_iou_aux1: 0.2542, d0.loss_cls_aux1: 0.0148, d0.loss_bbox_aux1: 0.0909, d0.loss_iou_aux1: 0.3096, d1.loss_cls_aux1: 0.0155, d1.loss_bbox_aux1: 0.0740, d1.loss_iou_aux1: 0.2675, d2.loss_cls_aux1: 0.0157, d2.loss_bbox_aux1: 0.0708, d2.loss_iou_aux1: 0.2574, d3.loss_cls_aux1: 0.0152, d3.loss_bbox_aux1: 0.0701, d3.loss_iou_aux1: 0.2543, d4.loss_cls_aux1: 0.0142, d4.loss_bbox_aux1: 0.0701, d4.loss_iou_aux1: 0.2542, loss: 24.4237, grad_norm: 232.2337
2024-12-31 16:42:03,647 - mmdet - INFO - Epoch [35][4400/4728]	lr: 5.000e-08, eta: 1:29:04, time: 1.075, data_time: 0.010, memory: 18684, enc_loss_cls: 0.0848, enc_loss_bbox: 0.0839, enc_loss_iou: 0.3660, loss_cls: 0.0593, loss_bbox: 0.0783, loss_iou: 0.3515, d0.loss_cls: 0.0942, d0.loss_bbox: 0.0772, d0.loss_iou: 0.3537, d1.loss_cls: 0.0653, d1.loss_bbox: 0.0779, d1.loss_iou: 0.3518, d2.loss_cls: 0.0620, d2.loss_bbox: 0.0777, d2.loss_iou: 0.3517, d3.loss_cls: 0.0596, d3.loss_bbox: 0.0786, d3.loss_iou: 0.3513, d4.loss_cls: 0.0594, d4.loss_bbox: 0.0784, d4.loss_iou: 0.3516, dn_loss_cls: 0.0141, dn_loss_bbox: 0.0441, dn_loss_iou: 0.1848, d0.dn_loss_cls: 0.0403, d0.dn_loss_bbox: 0.0600, d0.dn_loss_iou: 0.2584, d1.dn_loss_cls: 0.0206, d1.dn_loss_bbox: 0.0466, d1.dn_loss_iou: 0.1982, d2.dn_loss_cls: 0.0166, d2.dn_loss_bbox: 0.0444, d2.dn_loss_iou: 0.1868, d3.dn_loss_cls: 0.0144, d3.dn_loss_bbox: 0.0441, d3.dn_loss_iou: 0.1848, d4.dn_loss_cls: 0.0141, d4.dn_loss_bbox: 0.0441, d4.dn_loss_iou: 0.1848, loss_rpn_cls: 0.0322, loss_rpn_bbox: 0.1128, loss_cls0: 1.3199, acc0: 95.5527, loss_bbox0: 2.6649, loss_cls1: 1.0392, loss_bbox1: 3.3831, loss_centerness1: 6.8872, loss_cls_aux0: 0.0088, loss_bbox_aux0: 0.0135, loss_iou_aux0: 0.0528, d0.loss_cls_aux0: 0.0141, d0.loss_bbox_aux0: 0.0553, d0.loss_iou_aux0: 0.1985, d1.loss_cls_aux0: 0.0111, d1.loss_bbox_aux0: 0.0226, d1.loss_iou_aux0: 0.0828, d2.loss_cls_aux0: 0.0099, d2.loss_bbox_aux0: 0.0163, d2.loss_iou_aux0: 0.0613, d3.loss_cls_aux0: 0.0087, d3.loss_bbox_aux0: 0.0135, d3.loss_iou_aux0: 0.0528, d4.loss_cls_aux0: 0.0085, d4.loss_bbox_aux0: 0.0135, d4.loss_iou_aux0: 0.0528, loss_cls_aux1: 0.0097, loss_bbox_aux1: 0.0589, loss_iou_aux1: 0.2305, d0.loss_cls_aux1: 0.0133, d0.loss_bbox_aux1: 0.0713, d0.loss_iou_aux1: 0.2764, d1.loss_cls_aux1: 0.0111, d1.loss_bbox_aux1: 0.0632, d1.loss_iou_aux1: 0.2403, d2.loss_cls_aux1: 0.0107, d2.loss_bbox_aux1: 0.0593, d2.loss_iou_aux1: 0.2317, d3.loss_cls_aux1: 0.0102, d3.loss_bbox_aux1: 0.0589, d3.loss_iou_aux1: 0.2305, d4.loss_cls_aux1: 0.0096, d4.loss_bbox_aux1: 0.0589, d4.loss_iou_aux1: 0.2305, loss: 23.1265, grad_norm: 225.4590
2024-12-31 16:45:39,177 - mmdet - INFO - Epoch [35][4600/4728]	lr: 5.000e-08, eta: 1:25:34, time: 1.078, data_time: 0.010, memory: 18684, enc_loss_cls: 0.1006, enc_loss_bbox: 0.0866, enc_loss_iou: 0.4022, loss_cls: 0.0805, loss_bbox: 0.0815, loss_iou: 0.3885, d0.loss_cls: 0.1153, d0.loss_bbox: 0.0826, d0.loss_iou: 0.3943, d1.loss_cls: 0.0867, d1.loss_bbox: 0.0820, d1.loss_iou: 0.3906, d2.loss_cls: 0.0836, d2.loss_bbox: 0.0826, d2.loss_iou: 0.3890, d3.loss_cls: 0.0816, d3.loss_bbox: 0.0821, d3.loss_iou: 0.3888, d4.loss_cls: 0.0819, d4.loss_bbox: 0.0818, d4.loss_iou: 0.3879, dn_loss_cls: 0.0159, dn_loss_bbox: 0.0429, dn_loss_iou: 0.1956, d0.dn_loss_cls: 0.0451, d0.dn_loss_bbox: 0.0589, d0.dn_loss_iou: 0.2755, d1.dn_loss_cls: 0.0239, d1.dn_loss_bbox: 0.0456, d1.dn_loss_iou: 0.2096, d2.dn_loss_cls: 0.0186, d2.dn_loss_bbox: 0.0432, d2.dn_loss_iou: 0.1971, d3.dn_loss_cls: 0.0161, d3.dn_loss_bbox: 0.0429, d3.dn_loss_iou: 0.1954, d4.dn_loss_cls: 0.0157, d4.dn_loss_bbox: 0.0429, d4.dn_loss_iou: 0.1955, loss_rpn_cls: 0.0326, loss_rpn_bbox: 0.1129, loss_cls0: 1.2778, acc0: 95.6514, loss_bbox0: 2.5621, loss_cls1: 1.1966, loss_bbox1: 3.7399, loss_centerness1: 6.7989, loss_cls_aux0: 0.0135, loss_bbox_aux0: 0.0147, loss_iou_aux0: 0.0600, d0.loss_cls_aux0: 0.0308, d0.loss_bbox_aux0: 0.0519, d0.loss_iou_aux0: 0.2047, d1.loss_cls_aux0: 0.0249, d1.loss_bbox_aux0: 0.0219, d1.loss_iou_aux0: 0.0881, d2.loss_cls_aux0: 0.0180, d2.loss_bbox_aux0: 0.0168, d2.loss_iou_aux0: 0.0676, d3.loss_cls_aux0: 0.0133, d3.loss_bbox_aux0: 0.0147, d3.loss_iou_aux0: 0.0612, d4.loss_cls_aux0: 0.0131, d4.loss_bbox_aux0: 0.0147, d4.loss_iou_aux0: 0.0599, loss_cls_aux1: 0.0085, loss_bbox_aux1: 0.0611, loss_iou_aux1: 0.2625, d0.loss_cls_aux1: 0.0103, d0.loss_bbox_aux1: 0.0779, d0.loss_iou_aux1: 0.3145, d1.loss_cls_aux1: 0.0097, d1.loss_bbox_aux1: 0.0627, d1.loss_iou_aux1: 0.2728, d2.loss_cls_aux1: 0.0095, d2.loss_bbox_aux1: 0.0617, d2.loss_iou_aux1: 0.2648, d3.loss_cls_aux1: 0.0089, d3.loss_bbox_aux1: 0.0611, d3.loss_iou_aux1: 0.2623, d4.loss_cls_aux1: 0.0085, d4.loss_bbox_aux1: 0.0611, d4.loss_iou_aux1: 0.2625, loss: 24.2225, grad_norm: 258.0402
2024-12-31 16:47:57,296 - mmdet - INFO - Saving checkpoint at 35 epochs
2024-12-31 16:51:04,949 - mmdet - INFO - Evaluating bbox...
2024-12-31 16:52:02,551 - mmdet - INFO - 
 Average Precision  (AP) @[ IoU=0.50:0.95 | area=   all | maxDets=100 ] = 0.619
 Average Precision  (AP) @[ IoU=0.50      | area=   all | maxDets=1000 ] = 0.906
 Average Precision  (AP) @[ IoU=0.75      | area=   all | maxDets=1000 ] = 0.656
 Average Precision  (AP) @[ IoU=0.50:0.95 | area= small | maxDets=1000 ] = 0.402
 Average Precision  (AP) @[ IoU=0.50:0.95 | area=medium | maxDets=1000 ] = 0.707
 Average Precision  (AP) @[ IoU=0.50:0.95 | area= large | maxDets=1000 ] = 0.878
 Average Recall     (AR) @[ IoU=0.50:0.95 | area=   all | maxDets=100 ] = 0.687
 Average Recall     (AR) @[ IoU=0.50:0.95 | area=   all | maxDets=300 ] = 0.691
 Average Recall     (AR) @[ IoU=0.50:0.95 | area=   all | maxDets=1000 ] = 0.692
 Average Recall     (AR) @[ IoU=0.50:0.95 | area= small | maxDets=1000 ] = 0.520
 Average Recall     (AR) @[ IoU=0.50:0.95 | area=medium | maxDets=1000 ] = 0.768
 Average Recall     (AR) @[ IoU=0.50:0.95 | area= large | maxDets=1000 ] = 0.911

2024-12-31 16:52:02,552 - mmdet - INFO - 
+----------+-------+--------+--------+-------+-------+-------+
| category | mAP   | mAP_50 | mAP_75 | mAP_s | mAP_m | mAP_l |
+----------+-------+--------+--------+-------+-------+-------+
| Car      | 0.703 | 0.948  | 0.775  | 0.423 | 0.728 | 0.908 |
| Truck    | 0.691 | 0.919  | 0.758  | 0.441 | 0.692 | 0.879 |
| People   | 0.552 | 0.901  | 0.566  | 0.376 | 0.725 | 0.825 |
| Bus      | 0.785 | 0.962  | 0.854  | 0.486 | 0.724 | 0.901 |
| Lamp     | 0.477 | 0.878  | 0.446  | 0.438 | 0.713 | nan   |
| Motor.   | 0.51  | 0.832  | 0.537  | 0.25  | 0.658 | 0.88  |
+----------+-------+--------+--------+-------+-------+-------+
2024-12-31 16:52:03,063 - mmdet - INFO - Exp name: codino_vit_twostream_640_autoaugv1_train1.py
2024-12-31 16:52:03,063 - mmdet - INFO - Epoch(val) [35][840]	Car_precision: 0.7030, Truck_precision: 0.6910, People_precision: 0.5520, Bus_precision: 0.7850, Lamp_precision: 0.4770, Motor._precision: 0.5100, bbox_mAP: 0.6190, bbox_mAP_50: 0.9060, bbox_mAP_75: 0.6560, bbox_mAP_s: 0.4020, bbox_mAP_m: 0.7070, bbox_mAP_l: 0.8780, bbox_mAP_copypaste: 0.619 0.906 0.656 0.402 0.707 0.878
2024-12-31 16:55:41,339 - mmdet - INFO - Epoch [36][200/4728]	lr: 5.000e-08, eta: 1:19:16, time: 1.091, data_time: 0.024, memory: 18684, enc_loss_cls: 0.1288, enc_loss_bbox: 0.0878, enc_loss_iou: 0.3861, loss_cls: 0.1103, loss_bbox: 0.0802, loss_iou: 0.3664, d0.loss_cls: 0.1356, d0.loss_bbox: 0.0816, d0.loss_iou: 0.3722, d1.loss_cls: 0.1076, d1.loss_bbox: 0.0808, d1.loss_iou: 0.3716, d2.loss_cls: 0.1142, d2.loss_bbox: 0.0805, d2.loss_iou: 0.3662, d3.loss_cls: 0.1043, d3.loss_bbox: 0.0803, d3.loss_iou: 0.3686, d4.loss_cls: 0.1113, d4.loss_bbox: 0.0801, d4.loss_iou: 0.3658, dn_loss_cls: 0.0178, dn_loss_bbox: 0.0468, dn_loss_iou: 0.1973, d0.dn_loss_cls: 0.0467, d0.dn_loss_bbox: 0.0637, d0.dn_loss_iou: 0.2746, d1.dn_loss_cls: 0.0248, d1.dn_loss_bbox: 0.0498, d1.dn_loss_iou: 0.2135, d2.dn_loss_cls: 0.0203, d2.dn_loss_bbox: 0.0472, d2.dn_loss_iou: 0.1999, d3.dn_loss_cls: 0.0183, d3.dn_loss_bbox: 0.0468, d3.dn_loss_iou: 0.1976, d4.dn_loss_cls: 0.0176, d4.dn_loss_bbox: 0.0468, d4.dn_loss_iou: 0.1973, loss_rpn_cls: 0.0412, loss_rpn_bbox: 0.0925, loss_cls0: 1.2736, acc0: 95.8730, loss_bbox0: 2.3639, loss_cls1: 1.2907, loss_bbox1: 3.4478, loss_centerness1: 6.9705, loss_cls_aux0: 0.0136, loss_bbox_aux0: 0.0139, loss_iou_aux0: 0.0509, d0.loss_cls_aux0: 0.0162, d0.loss_bbox_aux0: 0.0600, d0.loss_iou_aux0: 0.1965, d1.loss_cls_aux0: 0.0150, d1.loss_bbox_aux0: 0.0236, d1.loss_iou_aux0: 0.0814, d2.loss_cls_aux0: 0.0140, d2.loss_bbox_aux0: 0.0164, d2.loss_iou_aux0: 0.0593, d3.loss_cls_aux0: 0.0148, d3.loss_bbox_aux0: 0.0139, d3.loss_iou_aux0: 0.0508, d4.loss_cls_aux0: 0.0137, d4.loss_bbox_aux0: 0.0139, d4.loss_iou_aux0: 0.0509, loss_cls_aux1: 0.0125, loss_bbox_aux1: 0.0663, loss_iou_aux1: 0.2482, d0.loss_cls_aux1: 0.0133, d0.loss_bbox_aux1: 0.0808, d0.loss_iou_aux1: 0.2949, d1.loss_cls_aux1: 0.0130, d1.loss_bbox_aux1: 0.0674, d1.loss_iou_aux1: 0.2554, d2.loss_cls_aux1: 0.0130, d2.loss_bbox_aux1: 0.0662, d2.loss_iou_aux1: 0.2492, d3.loss_cls_aux1: 0.0126, d3.loss_bbox_aux1: 0.0663, d3.loss_iou_aux1: 0.2482, d4.loss_cls_aux1: 0.0127, d4.loss_bbox_aux1: 0.0663, d4.loss_iou_aux1: 0.2482, loss: 23.9404, grad_norm: 265.3281
2024-12-31 16:59:17,010 - mmdet - INFO - Epoch [36][400/4728]	lr: 5.000e-08, eta: 1:15:47, time: 1.078, data_time: 0.010, memory: 18684, enc_loss_cls: 0.0849, enc_loss_bbox: 0.0872, enc_loss_iou: 0.3856, loss_cls: 0.0723, loss_bbox: 0.0796, loss_iou: 0.3670, d0.loss_cls: 0.1073, d0.loss_bbox: 0.0825, d0.loss_iou: 0.3683, d1.loss_cls: 0.0794, d1.loss_bbox: 0.0801, d1.loss_iou: 0.3661, d2.loss_cls: 0.0713, d2.loss_bbox: 0.0805, d2.loss_iou: 0.3686, d3.loss_cls: 0.0713, d3.loss_bbox: 0.0801, d3.loss_iou: 0.3686, d4.loss_cls: 0.0725, d4.loss_bbox: 0.0795, d4.loss_iou: 0.3670, dn_loss_cls: 0.0148, dn_loss_bbox: 0.0411, dn_loss_iou: 0.1869, d0.dn_loss_cls: 0.0431, d0.dn_loss_bbox: 0.0559, d0.dn_loss_iou: 0.2626, d1.dn_loss_cls: 0.0232, d1.dn_loss_bbox: 0.0435, d1.dn_loss_iou: 0.2008, d2.dn_loss_cls: 0.0180, d2.dn_loss_bbox: 0.0414, d2.dn_loss_iou: 0.1893, d3.dn_loss_cls: 0.0156, d3.dn_loss_bbox: 0.0410, d3.dn_loss_iou: 0.1869, d4.dn_loss_cls: 0.0149, d4.dn_loss_bbox: 0.0411, d4.dn_loss_iou: 0.1870, loss_rpn_cls: 0.0221, loss_rpn_bbox: 0.1049, loss_cls0: 1.2296, acc0: 95.9229, loss_bbox0: 2.4572, loss_cls1: 1.0888, loss_bbox1: 3.4398, loss_centerness1: 6.8399, loss_cls_aux0: 0.0201, loss_bbox_aux0: 0.0124, loss_iou_aux0: 0.0521, d0.loss_cls_aux0: 0.0255, d0.loss_bbox_aux0: 0.0514, d0.loss_iou_aux0: 0.1986, d1.loss_cls_aux0: 0.0231, d1.loss_bbox_aux0: 0.0202, d1.loss_iou_aux0: 0.0807, d2.loss_cls_aux0: 0.0209, d2.loss_bbox_aux0: 0.0149, d2.loss_iou_aux0: 0.0604, d3.loss_cls_aux0: 0.0204, d3.loss_bbox_aux0: 0.0124, d3.loss_iou_aux0: 0.0521, d4.loss_cls_aux0: 0.0201, d4.loss_bbox_aux0: 0.0124, d4.loss_iou_aux0: 0.0521, loss_cls_aux1: 0.0125, loss_bbox_aux1: 0.0549, loss_iou_aux1: 0.2330, d0.loss_cls_aux1: 0.0139, d0.loss_bbox_aux1: 0.0701, d0.loss_iou_aux1: 0.2819, d1.loss_cls_aux1: 0.0129, d1.loss_bbox_aux1: 0.0584, d1.loss_iou_aux1: 0.2451, d2.loss_cls_aux1: 0.0125, d2.loss_bbox_aux1: 0.0561, d2.loss_iou_aux1: 0.2368, d3.loss_cls_aux1: 0.0125, d3.loss_bbox_aux1: 0.0549, d3.loss_iou_aux1: 0.2330, d4.loss_cls_aux1: 0.0126, d4.loss_bbox_aux1: 0.0549, d4.loss_iou_aux1: 0.2330, loss: 23.1480, grad_norm: 215.2381
2024-12-31 17:02:51,938 - mmdet - INFO - Epoch [36][600/4728]	lr: 5.000e-08, eta: 1:12:18, time: 1.075, data_time: 0.010, memory: 18684, enc_loss_cls: 0.0995, enc_loss_bbox: 0.0987, enc_loss_iou: 0.4290, loss_cls: 0.1132, loss_bbox: 0.0829, loss_iou: 0.3910, d0.loss_cls: 0.1207, d0.loss_bbox: 0.0928, d0.loss_iou: 0.4070, d1.loss_cls: 0.1077, d1.loss_bbox: 0.0871, d1.loss_iou: 0.4007, d2.loss_cls: 0.1064, d2.loss_bbox: 0.0859, d2.loss_iou: 0.3961, d3.loss_cls: 0.1110, d3.loss_bbox: 0.0840, d3.loss_iou: 0.3926, d4.loss_cls: 0.1134, d4.loss_bbox: 0.0832, d4.loss_iou: 0.3912, dn_loss_cls: 0.0189, dn_loss_bbox: 0.0447, dn_loss_iou: 0.2037, d0.dn_loss_cls: 0.0502, d0.dn_loss_bbox: 0.0614, d0.dn_loss_iou: 0.2830, d1.dn_loss_cls: 0.0276, d1.dn_loss_bbox: 0.0477, d1.dn_loss_iou: 0.2190, d2.dn_loss_cls: 0.0223, d2.dn_loss_bbox: 0.0452, d2.dn_loss_iou: 0.2054, d3.dn_loss_cls: 0.0194, d3.dn_loss_bbox: 0.0447, d3.dn_loss_iou: 0.2031, d4.dn_loss_cls: 0.0189, d4.dn_loss_bbox: 0.0447, d4.dn_loss_iou: 0.2031, loss_rpn_cls: 0.0340, loss_rpn_bbox: 0.0966, loss_cls0: 1.2120, acc0: 95.9863, loss_bbox0: 2.4062, loss_cls1: 1.2993, loss_bbox1: 3.7575, loss_centerness1: 6.8733, loss_cls_aux0: 0.0192, loss_bbox_aux0: 0.0177, loss_iou_aux0: 0.0552, d0.loss_cls_aux0: 0.0319, d0.loss_bbox_aux0: 0.0600, d0.loss_iou_aux0: 0.2145, d1.loss_cls_aux0: 0.0236, d1.loss_bbox_aux0: 0.0252, d1.loss_iou_aux0: 0.0866, d2.loss_cls_aux0: 0.0203, d2.loss_bbox_aux0: 0.0197, d2.loss_iou_aux0: 0.0628, d3.loss_cls_aux0: 0.0183, d3.loss_bbox_aux0: 0.0177, d3.loss_iou_aux0: 0.0547, d4.loss_cls_aux0: 0.0190, d4.loss_bbox_aux0: 0.0177, d4.loss_iou_aux0: 0.0540, loss_cls_aux1: 0.0154, loss_bbox_aux1: 0.0731, loss_iou_aux1: 0.2550, d0.loss_cls_aux1: 0.0177, d0.loss_bbox_aux1: 0.0913, d0.loss_iou_aux1: 0.3090, d1.loss_cls_aux1: 0.0172, d1.loss_bbox_aux1: 0.0768, d1.loss_iou_aux1: 0.2650, d2.loss_cls_aux1: 0.0160, d2.loss_bbox_aux1: 0.0747, d2.loss_iou_aux1: 0.2589, d3.loss_cls_aux1: 0.0155, d3.loss_bbox_aux1: 0.0731, d3.loss_iou_aux1: 0.2551, d4.loss_cls_aux1: 0.0158, d4.loss_bbox_aux1: 0.0731, d4.loss_iou_aux1: 0.2550, loss: 24.6122, grad_norm: 260.2045
2024-12-31 17:06:28,722 - mmdet - INFO - Epoch [36][800/4728]	lr: 5.000e-08, eta: 1:08:49, time: 1.084, data_time: 0.010, memory: 18684, enc_loss_cls: 0.1228, enc_loss_bbox: 0.0843, enc_loss_iou: 0.3843, loss_cls: 0.0983, loss_bbox: 0.0769, loss_iou: 0.3603, d0.loss_cls: 0.1224, d0.loss_bbox: 0.0755, d0.loss_iou: 0.3688, d1.loss_cls: 0.1040, d1.loss_bbox: 0.0773, d1.loss_iou: 0.3623, d2.loss_cls: 0.0930, d2.loss_bbox: 0.0764, d2.loss_iou: 0.3651, d3.loss_cls: 0.0911, d3.loss_bbox: 0.0772, d3.loss_iou: 0.3636, d4.loss_cls: 0.0971, d4.loss_bbox: 0.0770, d4.loss_iou: 0.3606, dn_loss_cls: 0.0211, dn_loss_bbox: 0.0419, dn_loss_iou: 0.1893, d0.dn_loss_cls: 0.0541, d0.dn_loss_bbox: 0.0578, d0.dn_loss_iou: 0.2656, d1.dn_loss_cls: 0.0287, d1.dn_loss_bbox: 0.0442, d1.dn_loss_iou: 0.2018, d2.dn_loss_cls: 0.0237, d2.dn_loss_bbox: 0.0423, d2.dn_loss_iou: 0.1910, d3.dn_loss_cls: 0.0220, d3.dn_loss_bbox: 0.0419, d3.dn_loss_iou: 0.1892, d4.dn_loss_cls: 0.0215, d4.dn_loss_bbox: 0.0419, d4.dn_loss_iou: 0.1892, loss_rpn_cls: 0.0227, loss_rpn_bbox: 0.0986, loss_cls0: 1.2962, acc0: 95.8848, loss_bbox0: 2.4088, loss_cls1: 1.2552, loss_bbox1: 3.5157, loss_centerness1: 6.9211, loss_cls_aux0: 0.0455, loss_bbox_aux0: 0.0116, loss_iou_aux0: 0.0491, d0.loss_cls_aux0: 0.0451, d0.loss_bbox_aux0: 0.0511, d0.loss_iou_aux0: 0.1950, d1.loss_cls_aux0: 0.0410, d1.loss_bbox_aux0: 0.0197, d1.loss_iou_aux0: 0.0779, d2.loss_cls_aux0: 0.0442, d2.loss_bbox_aux0: 0.0135, d2.loss_iou_aux0: 0.0564, d3.loss_cls_aux0: 0.0423, d3.loss_bbox_aux0: 0.0117, d3.loss_iou_aux0: 0.0492, d4.loss_cls_aux0: 0.0450, d4.loss_bbox_aux0: 0.0116, d4.loss_iou_aux0: 0.0490, loss_cls_aux1: 0.0317, loss_bbox_aux1: 0.0585, loss_iou_aux1: 0.2408, d0.loss_cls_aux1: 0.0308, d0.loss_bbox_aux1: 0.0768, d0.loss_iou_aux1: 0.2940, d1.loss_cls_aux1: 0.0318, d1.loss_bbox_aux1: 0.0626, d1.loss_iou_aux1: 0.2492, d2.loss_cls_aux1: 0.0303, d2.loss_bbox_aux1: 0.0596, d2.loss_iou_aux1: 0.2429, d3.loss_cls_aux1: 0.0305, d3.loss_bbox_aux1: 0.0585, d3.loss_iou_aux1: 0.2410, d4.loss_cls_aux1: 0.0321, d4.loss_bbox_aux1: 0.0585, d4.loss_iou_aux1: 0.2408, loss: 23.9536, grad_norm: 269.8452
2024-12-31 17:10:04,421 - mmdet - INFO - Epoch [36][1000/4728]	lr: 5.000e-08, eta: 1:05:20, time: 1.078, data_time: 0.010, memory: 18684, enc_loss_cls: 0.0712, enc_loss_bbox: 0.0799, enc_loss_iou: 0.3775, loss_cls: 0.0522, loss_bbox: 0.0731, loss_iou: 0.3557, d0.loss_cls: 0.0815, d0.loss_bbox: 0.0748, d0.loss_iou: 0.3596, d1.loss_cls: 0.0568, d1.loss_bbox: 0.0738, d1.loss_iou: 0.3592, d2.loss_cls: 0.0508, d2.loss_bbox: 0.0728, d2.loss_iou: 0.3576, d3.loss_cls: 0.0512, d3.loss_bbox: 0.0732, d3.loss_iou: 0.3559, d4.loss_cls: 0.0520, d4.loss_bbox: 0.0730, d4.loss_iou: 0.3559, dn_loss_cls: 0.0136, dn_loss_bbox: 0.0432, dn_loss_iou: 0.1905, d0.dn_loss_cls: 0.0373, d0.dn_loss_bbox: 0.0573, d0.dn_loss_iou: 0.2617, d1.dn_loss_cls: 0.0189, d1.dn_loss_bbox: 0.0454, d1.dn_loss_iou: 0.2030, d2.dn_loss_cls: 0.0153, d2.dn_loss_bbox: 0.0434, d2.dn_loss_iou: 0.1928, d3.dn_loss_cls: 0.0139, d3.dn_loss_bbox: 0.0432, d3.dn_loss_iou: 0.1907, d4.dn_loss_cls: 0.0135, d4.dn_loss_bbox: 0.0432, d4.dn_loss_iou: 0.1906, loss_rpn_cls: 0.0237, loss_rpn_bbox: 0.1015, loss_cls0: 1.1467, acc0: 96.1211, loss_bbox0: 2.3655, loss_cls1: 1.0310, loss_bbox1: 3.4036, loss_centerness1: 6.9030, loss_cls_aux0: 0.0120, loss_bbox_aux0: 0.0120, loss_iou_aux0: 0.0560, d0.loss_cls_aux0: 0.0183, d0.loss_bbox_aux0: 0.0526, d0.loss_iou_aux0: 0.2045, d1.loss_cls_aux0: 0.0135, d1.loss_bbox_aux0: 0.0200, d1.loss_iou_aux0: 0.0863, d2.loss_cls_aux0: 0.0128, d2.loss_bbox_aux0: 0.0139, d2.loss_iou_aux0: 0.0642, d3.loss_cls_aux0: 0.0117, d3.loss_bbox_aux0: 0.0120, d3.loss_iou_aux0: 0.0563, d4.loss_cls_aux0: 0.0115, d4.loss_bbox_aux0: 0.0120, d4.loss_iou_aux0: 0.0558, loss_cls_aux1: 0.0090, loss_bbox_aux1: 0.0577, loss_iou_aux1: 0.2310, d0.loss_cls_aux1: 0.0105, d0.loss_bbox_aux1: 0.0722, d0.loss_iou_aux1: 0.2805, d1.loss_cls_aux1: 0.0095, d1.loss_bbox_aux1: 0.0606, d1.loss_iou_aux1: 0.2401, d2.loss_cls_aux1: 0.0090, d2.loss_bbox_aux1: 0.0577, d2.loss_iou_aux1: 0.2322, d3.loss_cls_aux1: 0.0086, d3.loss_bbox_aux1: 0.0577, d3.loss_iou_aux1: 0.2309, d4.loss_cls_aux1: 0.0090, d4.loss_bbox_aux1: 0.0577, d4.loss_iou_aux1: 0.2310, loss: 22.6408, grad_norm: 236.4829
2024-12-31 17:13:25,225 - mmdet - INFO - Epoch [36][1200/4728]	lr: 5.000e-08, eta: 1:01:48, time: 1.004, data_time: 0.009, memory: 18684, enc_loss_cls: 0.0875, enc_loss_bbox: 0.0850, enc_loss_iou: 0.4063, loss_cls: 0.0800, loss_bbox: 0.0777, loss_iou: 0.3842, d0.loss_cls: 0.1092, d0.loss_bbox: 0.0789, d0.loss_iou: 0.3840, d1.loss_cls: 0.0890, d1.loss_bbox: 0.0784, d1.loss_iou: 0.3842, d2.loss_cls: 0.0777, d2.loss_bbox: 0.0788, d2.loss_iou: 0.3862, d3.loss_cls: 0.0765, d3.loss_bbox: 0.0782, d3.loss_iou: 0.3862, d4.loss_cls: 0.0785, d4.loss_bbox: 0.0779, d4.loss_iou: 0.3851, dn_loss_cls: 0.0173, dn_loss_bbox: 0.0423, dn_loss_iou: 0.1939, d0.dn_loss_cls: 0.0496, d0.dn_loss_bbox: 0.0576, d0.dn_loss_iou: 0.2735, d1.dn_loss_cls: 0.0254, d1.dn_loss_bbox: 0.0450, d1.dn_loss_iou: 0.2088, d2.dn_loss_cls: 0.0207, d2.dn_loss_bbox: 0.0426, d2.dn_loss_iou: 0.1962, d3.dn_loss_cls: 0.0181, d3.dn_loss_bbox: 0.0422, d3.dn_loss_iou: 0.1933, d4.dn_loss_cls: 0.0178, d4.dn_loss_bbox: 0.0423, d4.dn_loss_iou: 0.1928, loss_rpn_cls: 0.0420, loss_rpn_bbox: 0.0884, loss_cls0: 1.2384, acc0: 95.9365, loss_bbox0: 2.4203, loss_cls1: 1.2378, loss_bbox1: 3.6466, loss_centerness1: 6.6658, loss_cls_aux0: 0.0176, loss_bbox_aux0: 0.0139, loss_iou_aux0: 0.0533, d0.loss_cls_aux0: 0.0339, d0.loss_bbox_aux0: 0.0536, d0.loss_iou_aux0: 0.2047, d1.loss_cls_aux0: 0.0242, d1.loss_bbox_aux0: 0.0227, d1.loss_iou_aux0: 0.0890, d2.loss_cls_aux0: 0.0192, d2.loss_bbox_aux0: 0.0165, d2.loss_iou_aux0: 0.0639, d3.loss_cls_aux0: 0.0165, d3.loss_bbox_aux0: 0.0139, d3.loss_iou_aux0: 0.0544, d4.loss_cls_aux0: 0.0183, d4.loss_bbox_aux0: 0.0139, d4.loss_iou_aux0: 0.0531, loss_cls_aux1: 0.0133, loss_bbox_aux1: 0.0584, loss_iou_aux1: 0.2529, d0.loss_cls_aux1: 0.0217, d0.loss_bbox_aux1: 0.0750, d0.loss_iou_aux1: 0.3051, d1.loss_cls_aux1: 0.0149, d1.loss_bbox_aux1: 0.0607, d1.loss_iou_aux1: 0.2629, d2.loss_cls_aux1: 0.0143, d2.loss_bbox_aux1: 0.0586, d2.loss_iou_aux1: 0.2551, d3.loss_cls_aux1: 0.0134, d3.loss_bbox_aux1: 0.0584, d3.loss_iou_aux1: 0.2528, d4.loss_cls_aux1: 0.0131, d4.loss_bbox_aux1: 0.0584, d4.loss_iou_aux1: 0.2529, loss: 23.7126, grad_norm: 231.5935
2024-12-31 17:16:56,194 - mmdet - INFO - Epoch [36][1400/4728]	lr: 5.000e-08, eta: 0:58:18, time: 1.055, data_time: 0.010, memory: 18684, enc_loss_cls: 0.1023, enc_loss_bbox: 0.0909, enc_loss_iou: 0.3989, loss_cls: 0.1003, loss_bbox: 0.0842, loss_iou: 0.3776, d0.loss_cls: 0.1327, d0.loss_bbox: 0.0858, d0.loss_iou: 0.3800, d1.loss_cls: 0.1046, d1.loss_bbox: 0.0848, d1.loss_iou: 0.3792, d2.loss_cls: 0.1006, d2.loss_bbox: 0.0849, d2.loss_iou: 0.3791, d3.loss_cls: 0.0992, d3.loss_bbox: 0.0841, d3.loss_iou: 0.3776, d4.loss_cls: 0.0989, d4.loss_bbox: 0.0841, d4.loss_iou: 0.3779, dn_loss_cls: 0.0195, dn_loss_bbox: 0.0459, dn_loss_iou: 0.1910, d0.dn_loss_cls: 0.0501, d0.dn_loss_bbox: 0.0614, d0.dn_loss_iou: 0.2701, d1.dn_loss_cls: 0.0271, d1.dn_loss_bbox: 0.0490, d1.dn_loss_iou: 0.2076, d2.dn_loss_cls: 0.0227, d2.dn_loss_bbox: 0.0464, d2.dn_loss_iou: 0.1936, d3.dn_loss_cls: 0.0201, d3.dn_loss_bbox: 0.0460, d3.dn_loss_iou: 0.1910, d4.dn_loss_cls: 0.0195, d4.dn_loss_bbox: 0.0459, d4.dn_loss_iou: 0.1910, loss_rpn_cls: 0.0356, loss_rpn_bbox: 0.0912, loss_cls0: 1.2146, acc0: 96.1484, loss_bbox0: 2.3998, loss_cls1: 1.3980, loss_bbox1: 3.5985, loss_centerness1: 6.9557, loss_cls_aux0: 0.0182, loss_bbox_aux0: 0.0139, loss_iou_aux0: 0.0514, d0.loss_cls_aux0: 0.0394, d0.loss_bbox_aux0: 0.0557, d0.loss_iou_aux0: 0.1906, d1.loss_cls_aux0: 0.0382, d1.loss_bbox_aux0: 0.0228, d1.loss_iou_aux0: 0.0802, d2.loss_cls_aux0: 0.0266, d2.loss_bbox_aux0: 0.0166, d2.loss_iou_aux0: 0.0597, d3.loss_cls_aux0: 0.0214, d3.loss_bbox_aux0: 0.0138, d3.loss_iou_aux0: 0.0514, d4.loss_cls_aux0: 0.0182, d4.loss_bbox_aux0: 0.0139, d4.loss_iou_aux0: 0.0514, loss_cls_aux1: 0.0187, loss_bbox_aux1: 0.0597, loss_iou_aux1: 0.2551, d0.loss_cls_aux1: 0.0258, d0.loss_bbox_aux1: 0.0777, d0.loss_iou_aux1: 0.3042, d1.loss_cls_aux1: 0.0209, d1.loss_bbox_aux1: 0.0622, d1.loss_iou_aux1: 0.2631, d2.loss_cls_aux1: 0.0191, d2.loss_bbox_aux1: 0.0607, d2.loss_iou_aux1: 0.2573, d3.loss_cls_aux1: 0.0186, d3.loss_bbox_aux1: 0.0597, d3.loss_iou_aux1: 0.2552, d4.loss_cls_aux1: 0.0188, d4.loss_bbox_aux1: 0.0596, d4.loss_iou_aux1: 0.2551, loss: 24.2738, grad_norm: 251.8626
2024-12-31 17:20:31,408 - mmdet - INFO - Epoch [36][1600/4728]	lr: 5.000e-08, eta: 0:54:49, time: 1.076, data_time: 0.010, memory: 18684, enc_loss_cls: 0.0980, enc_loss_bbox: 0.0856, enc_loss_iou: 0.3743, loss_cls: 0.0843, loss_bbox: 0.0779, loss_iou: 0.3461, d0.loss_cls: 0.1087, d0.loss_bbox: 0.0788, d0.loss_iou: 0.3573, d1.loss_cls: 0.0871, d1.loss_bbox: 0.0771, d1.loss_iou: 0.3483, d2.loss_cls: 0.0816, d2.loss_bbox: 0.0780, d2.loss_iou: 0.3507, d3.loss_cls: 0.0847, d3.loss_bbox: 0.0778, d3.loss_iou: 0.3477, d4.loss_cls: 0.0856, d4.loss_bbox: 0.0780, d4.loss_iou: 0.3459, dn_loss_cls: 0.0146, dn_loss_bbox: 0.0471, dn_loss_iou: 0.1902, d0.dn_loss_cls: 0.0405, d0.dn_loss_bbox: 0.0637, d0.dn_loss_iou: 0.2629, d1.dn_loss_cls: 0.0210, d1.dn_loss_bbox: 0.0504, d1.dn_loss_iou: 0.2035, d2.dn_loss_cls: 0.0169, d2.dn_loss_bbox: 0.0477, d2.dn_loss_iou: 0.1925, d3.dn_loss_cls: 0.0149, d3.dn_loss_bbox: 0.0471, d3.dn_loss_iou: 0.1904, d4.dn_loss_cls: 0.0144, d4.dn_loss_bbox: 0.0471, d4.dn_loss_iou: 0.1903, loss_rpn_cls: 0.0244, loss_rpn_bbox: 0.1006, loss_cls0: 1.2926, acc0: 95.6162, loss_bbox0: 2.5667, loss_cls1: 1.1477, loss_bbox1: 3.5761, loss_centerness1: 6.7911, loss_cls_aux0: 0.0124, loss_bbox_aux0: 0.0149, loss_iou_aux0: 0.0543, d0.loss_cls_aux0: 0.0205, d0.loss_bbox_aux0: 0.0578, d0.loss_iou_aux0: 0.2008, d1.loss_cls_aux0: 0.0162, d1.loss_bbox_aux0: 0.0234, d1.loss_iou_aux0: 0.0836, d2.loss_cls_aux0: 0.0145, d2.loss_bbox_aux0: 0.0176, d2.loss_iou_aux0: 0.0628, d3.loss_cls_aux0: 0.0138, d3.loss_bbox_aux0: 0.0149, d3.loss_iou_aux0: 0.0543, d4.loss_cls_aux0: 0.0126, d4.loss_bbox_aux0: 0.0149, d4.loss_iou_aux0: 0.0544, loss_cls_aux1: 0.0108, loss_bbox_aux1: 0.0748, loss_iou_aux1: 0.2316, d0.loss_cls_aux1: 0.0128, d0.loss_bbox_aux1: 0.0999, d0.loss_iou_aux1: 0.2869, d1.loss_cls_aux1: 0.0110, d1.loss_bbox_aux1: 0.0831, d1.loss_iou_aux1: 0.2438, d2.loss_cls_aux1: 0.0109, d2.loss_bbox_aux1: 0.0775, d2.loss_iou_aux1: 0.2348, d3.loss_cls_aux1: 0.0104, d3.loss_bbox_aux1: 0.0747, d3.loss_iou_aux1: 0.2317, d4.loss_cls_aux1: 0.0107, d4.loss_bbox_aux1: 0.0748, d4.loss_iou_aux1: 0.2316, loss: 23.5637, grad_norm: 230.1384
2024-12-31 17:24:07,208 - mmdet - INFO - Epoch [36][1800/4728]	lr: 5.000e-08, eta: 0:51:19, time: 1.079, data_time: 0.010, memory: 18684, enc_loss_cls: 0.0987, enc_loss_bbox: 0.0854, enc_loss_iou: 0.4253, loss_cls: 0.0907, loss_bbox: 0.0782, loss_iou: 0.4004, d0.loss_cls: 0.1197, d0.loss_bbox: 0.0792, d0.loss_iou: 0.4030, d1.loss_cls: 0.0949, d1.loss_bbox: 0.0783, d1.loss_iou: 0.4016, d2.loss_cls: 0.0903, d2.loss_bbox: 0.0790, d2.loss_iou: 0.4027, d3.loss_cls: 0.0891, d3.loss_bbox: 0.0783, d3.loss_iou: 0.4008, d4.loss_cls: 0.0903, d4.loss_bbox: 0.0782, d4.loss_iou: 0.4008, dn_loss_cls: 0.0159, dn_loss_bbox: 0.0437, dn_loss_iou: 0.2083, d0.dn_loss_cls: 0.0472, d0.dn_loss_bbox: 0.0598, d0.dn_loss_iou: 0.2910, d1.dn_loss_cls: 0.0246, d1.dn_loss_bbox: 0.0465, d1.dn_loss_iou: 0.2248, d2.dn_loss_cls: 0.0192, d2.dn_loss_bbox: 0.0442, d2.dn_loss_iou: 0.2113, d3.dn_loss_cls: 0.0165, d3.dn_loss_bbox: 0.0437, d3.dn_loss_iou: 0.2084, d4.dn_loss_cls: 0.0160, d4.dn_loss_bbox: 0.0437, d4.dn_loss_iou: 0.2084, loss_rpn_cls: 0.0338, loss_rpn_bbox: 0.1131, loss_cls0: 1.3001, acc0: 95.5830, loss_bbox0: 2.6708, loss_cls1: 1.1588, loss_bbox1: 3.9009, loss_centerness1: 6.8409, loss_cls_aux0: 0.0104, loss_bbox_aux0: 0.0131, loss_iou_aux0: 0.0535, d0.loss_cls_aux0: 0.0172, d0.loss_bbox_aux0: 0.0545, d0.loss_iou_aux0: 0.2070, d1.loss_cls_aux0: 0.0138, d1.loss_bbox_aux0: 0.0209, d1.loss_iou_aux0: 0.0835, d2.loss_cls_aux0: 0.0122, d2.loss_bbox_aux0: 0.0155, d2.loss_iou_aux0: 0.0614, d3.loss_cls_aux0: 0.0115, d3.loss_bbox_aux0: 0.0131, d3.loss_iou_aux0: 0.0536, d4.loss_cls_aux0: 0.0106, d4.loss_bbox_aux0: 0.0131, d4.loss_iou_aux0: 0.0535, loss_cls_aux1: 0.0120, loss_bbox_aux1: 0.0613, loss_iou_aux1: 0.2703, d0.loss_cls_aux1: 0.0152, d0.loss_bbox_aux1: 0.0776, d0.loss_iou_aux1: 0.3251, d1.loss_cls_aux1: 0.0144, d1.loss_bbox_aux1: 0.0646, d1.loss_iou_aux1: 0.2815, d2.loss_cls_aux1: 0.0132, d2.loss_bbox_aux1: 0.0624, d2.loss_iou_aux1: 0.2734, d3.loss_cls_aux1: 0.0123, d3.loss_bbox_aux1: 0.0613, d3.loss_iou_aux1: 0.2705, d4.loss_cls_aux1: 0.0121, d4.loss_bbox_aux1: 0.0613, d4.loss_iou_aux1: 0.2703, loss: 24.7334, grad_norm: 253.0927
2024-12-31 17:27:43,810 - mmdet - INFO - Epoch [36][2000/4728]	lr: 5.000e-08, eta: 0:47:49, time: 1.083, data_time: 0.010, memory: 18684, enc_loss_cls: 0.0941, enc_loss_bbox: 0.0763, enc_loss_iou: 0.3629, loss_cls: 0.0741, loss_bbox: 0.0725, loss_iou: 0.3400, d0.loss_cls: 0.1158, d0.loss_bbox: 0.0726, d0.loss_iou: 0.3444, d1.loss_cls: 0.0794, d1.loss_bbox: 0.0718, d1.loss_iou: 0.3456, d2.loss_cls: 0.0738, d2.loss_bbox: 0.0721, d2.loss_iou: 0.3422, d3.loss_cls: 0.0767, d3.loss_bbox: 0.0727, d3.loss_iou: 0.3384, d4.loss_cls: 0.0751, d4.loss_bbox: 0.0725, d4.loss_iou: 0.3395, dn_loss_cls: 0.0137, dn_loss_bbox: 0.0434, dn_loss_iou: 0.1823, d0.dn_loss_cls: 0.0397, d0.dn_loss_bbox: 0.0579, d0.dn_loss_iou: 0.2518, d1.dn_loss_cls: 0.0194, d1.dn_loss_bbox: 0.0455, d1.dn_loss_iou: 0.1931, d2.dn_loss_cls: 0.0160, d2.dn_loss_bbox: 0.0438, d2.dn_loss_iou: 0.1834, d3.dn_loss_cls: 0.0142, d3.dn_loss_bbox: 0.0434, d3.dn_loss_iou: 0.1820, d4.dn_loss_cls: 0.0138, d4.dn_loss_bbox: 0.0434, d4.dn_loss_iou: 0.1823, loss_rpn_cls: 0.0280, loss_rpn_bbox: 0.0904, loss_cls0: 1.1504, acc0: 96.1143, loss_bbox0: 2.3184, loss_cls1: 1.0375, loss_bbox1: 3.3557, loss_centerness1: 6.8864, loss_cls_aux0: 0.0117, loss_bbox_aux0: 0.0142, loss_iou_aux0: 0.0530, d0.loss_cls_aux0: 0.0167, d0.loss_bbox_aux0: 0.0540, d0.loss_iou_aux0: 0.2004, d1.loss_cls_aux0: 0.0151, d1.loss_bbox_aux0: 0.0225, d1.loss_iou_aux0: 0.0826, d2.loss_cls_aux0: 0.0133, d2.loss_bbox_aux0: 0.0159, d2.loss_iou_aux0: 0.0596, d3.loss_cls_aux0: 0.0127, d3.loss_bbox_aux0: 0.0142, d3.loss_iou_aux0: 0.0527, d4.loss_cls_aux0: 0.0118, d4.loss_bbox_aux0: 0.0142, d4.loss_iou_aux0: 0.0532, loss_cls_aux1: 0.0088, loss_bbox_aux1: 0.0573, loss_iou_aux1: 0.2177, d0.loss_cls_aux1: 0.0111, d0.loss_bbox_aux1: 0.0699, d0.loss_iou_aux1: 0.2693, d1.loss_cls_aux1: 0.0091, d1.loss_bbox_aux1: 0.0588, d1.loss_iou_aux1: 0.2262, d2.loss_cls_aux1: 0.0092, d2.loss_bbox_aux1: 0.0575, d2.loss_iou_aux1: 0.2191, d3.loss_cls_aux1: 0.0088, d3.loss_bbox_aux1: 0.0572, d3.loss_iou_aux1: 0.2176, d4.loss_cls_aux1: 0.0086, d4.loss_bbox_aux1: 0.0573, d4.loss_iou_aux1: 0.2177, loss: 22.4474, grad_norm: 226.5777
2024-12-31 17:31:22,315 - mmdet - INFO - Epoch [36][2200/4728]	lr: 5.000e-08, eta: 0:44:20, time: 1.093, data_time: 0.010, memory: 18684, enc_loss_cls: 0.0851, enc_loss_bbox: 0.0785, enc_loss_iou: 0.4122, loss_cls: 0.0683, loss_bbox: 0.0758, loss_iou: 0.3945, d0.loss_cls: 0.1015, d0.loss_bbox: 0.0729, d0.loss_iou: 0.3934, d1.loss_cls: 0.0705, d1.loss_bbox: 0.0761, d1.loss_iou: 0.3983, d2.loss_cls: 0.0673, d2.loss_bbox: 0.0761, d2.loss_iou: 0.3977, d3.loss_cls: 0.0684, d3.loss_bbox: 0.0758, d3.loss_iou: 0.3954, d4.loss_cls: 0.0672, d4.loss_bbox: 0.0759, d4.loss_iou: 0.3952, dn_loss_cls: 0.0161, dn_loss_bbox: 0.0412, dn_loss_iou: 0.2037, d0.dn_loss_cls: 0.0463, d0.dn_loss_bbox: 0.0558, d0.dn_loss_iou: 0.2846, d1.dn_loss_cls: 0.0240, d1.dn_loss_bbox: 0.0437, d1.dn_loss_iou: 0.2193, d2.dn_loss_cls: 0.0194, d2.dn_loss_bbox: 0.0415, d2.dn_loss_iou: 0.2060, d3.dn_loss_cls: 0.0170, d3.dn_loss_bbox: 0.0411, d3.dn_loss_iou: 0.2036, d4.dn_loss_cls: 0.0160, d4.dn_loss_bbox: 0.0412, d4.dn_loss_iou: 0.2037, loss_rpn_cls: 0.0293, loss_rpn_bbox: 0.1118, loss_cls0: 1.2843, acc0: 95.7939, loss_bbox0: 2.6106, loss_cls1: 1.1131, loss_bbox1: 3.7068, loss_centerness1: 6.9938, loss_cls_aux0: 0.0104, loss_bbox_aux0: 0.0143, loss_iou_aux0: 0.0545, d0.loss_cls_aux0: 0.0148, d0.loss_bbox_aux0: 0.0547, d0.loss_iou_aux0: 0.2061, d1.loss_cls_aux0: 0.0127, d1.loss_bbox_aux0: 0.0235, d1.loss_iou_aux0: 0.0866, d2.loss_cls_aux0: 0.0120, d2.loss_bbox_aux0: 0.0171, d2.loss_iou_aux0: 0.0640, d3.loss_cls_aux0: 0.0112, d3.loss_bbox_aux0: 0.0142, d3.loss_iou_aux0: 0.0545, d4.loss_cls_aux0: 0.0103, d4.loss_bbox_aux0: 0.0144, d4.loss_iou_aux0: 0.0545, loss_cls_aux1: 0.0129, loss_bbox_aux1: 0.0587, loss_iou_aux1: 0.2554, d0.loss_cls_aux1: 0.0150, d0.loss_bbox_aux1: 0.0739, d0.loss_iou_aux1: 0.3097, d1.loss_cls_aux1: 0.0142, d1.loss_bbox_aux1: 0.0625, d1.loss_iou_aux1: 0.2677, d2.loss_cls_aux1: 0.0139, d2.loss_bbox_aux1: 0.0591, d2.loss_iou_aux1: 0.2572, d3.loss_cls_aux1: 0.0137, d3.loss_bbox_aux1: 0.0588, d3.loss_iou_aux1: 0.2555, d4.loss_cls_aux1: 0.0128, d4.loss_bbox_aux1: 0.0587, d4.loss_iou_aux1: 0.2555, loss: 24.2052, grad_norm: 218.4218
2024-12-31 17:34:58,188 - mmdet - INFO - Epoch [36][2400/4728]	lr: 5.000e-08, eta: 0:40:50, time: 1.079, data_time: 0.010, memory: 18684, enc_loss_cls: 0.1086, enc_loss_bbox: 0.0868, enc_loss_iou: 0.3733, loss_cls: 0.0845, loss_bbox: 0.0810, loss_iou: 0.3624, d0.loss_cls: 0.1274, d0.loss_bbox: 0.0811, d0.loss_iou: 0.3555, d1.loss_cls: 0.0983, d1.loss_bbox: 0.0804, d1.loss_iou: 0.3607, d2.loss_cls: 0.0918, d2.loss_bbox: 0.0814, d2.loss_iou: 0.3625, d3.loss_cls: 0.0824, d3.loss_bbox: 0.0814, d3.loss_iou: 0.3630, d4.loss_cls: 0.0841, d4.loss_bbox: 0.0808, d4.loss_iou: 0.3622, dn_loss_cls: 0.0134, dn_loss_bbox: 0.0439, dn_loss_iou: 0.1881, d0.dn_loss_cls: 0.0432, d0.dn_loss_bbox: 0.0615, d0.dn_loss_iou: 0.2675, d1.dn_loss_cls: 0.0208, d1.dn_loss_bbox: 0.0464, d1.dn_loss_iou: 0.2010, d2.dn_loss_cls: 0.0163, d2.dn_loss_bbox: 0.0444, d2.dn_loss_iou: 0.1904, d3.dn_loss_cls: 0.0140, d3.dn_loss_bbox: 0.0439, d3.dn_loss_iou: 0.1883, d4.dn_loss_cls: 0.0133, d4.dn_loss_bbox: 0.0439, d4.dn_loss_iou: 0.1881, loss_rpn_cls: 0.0436, loss_rpn_bbox: 0.1000, loss_cls0: 1.2453, acc0: 95.9736, loss_bbox0: 2.3840, loss_cls1: 1.2375, loss_bbox1: 3.5548, loss_centerness1: 6.6972, loss_cls_aux0: 0.0225, loss_bbox_aux0: 0.0117, loss_iou_aux0: 0.0477, d0.loss_cls_aux0: 0.0381, d0.loss_bbox_aux0: 0.0545, d0.loss_iou_aux0: 0.1984, d1.loss_cls_aux0: 0.0299, d1.loss_bbox_aux0: 0.0202, d1.loss_iou_aux0: 0.0790, d2.loss_cls_aux0: 0.0225, d2.loss_bbox_aux0: 0.0139, d2.loss_iou_aux0: 0.0562, d3.loss_cls_aux0: 0.0230, d3.loss_bbox_aux0: 0.0116, d3.loss_iou_aux0: 0.0477, d4.loss_cls_aux0: 0.0226, d4.loss_bbox_aux0: 0.0117, d4.loss_iou_aux0: 0.0478, loss_cls_aux1: 0.0168, loss_bbox_aux1: 0.0593, loss_iou_aux1: 0.2382, d0.loss_cls_aux1: 0.0248, d0.loss_bbox_aux1: 0.0766, d0.loss_iou_aux1: 0.2914, d1.loss_cls_aux1: 0.0185, d1.loss_bbox_aux1: 0.0630, d1.loss_iou_aux1: 0.2503, d2.loss_cls_aux1: 0.0168, d2.loss_bbox_aux1: 0.0603, d2.loss_iou_aux1: 0.2408, d3.loss_cls_aux1: 0.0177, d3.loss_bbox_aux1: 0.0593, d3.loss_iou_aux1: 0.2381, d4.loss_cls_aux1: 0.0162, d4.loss_bbox_aux1: 0.0593, d4.loss_iou_aux1: 0.2382, loss: 23.4252, grad_norm: 282.7022
2024-12-31 17:38:34,994 - mmdet - INFO - Epoch [36][2600/4728]	lr: 5.000e-08, eta: 0:37:20, time: 1.084, data_time: 0.010, memory: 18684, enc_loss_cls: 0.0912, enc_loss_bbox: 0.0813, enc_loss_iou: 0.3943, loss_cls: 0.0750, loss_bbox: 0.0737, loss_iou: 0.3730, d0.loss_cls: 0.1110, d0.loss_bbox: 0.0751, d0.loss_iou: 0.3793, d1.loss_cls: 0.0819, d1.loss_bbox: 0.0730, d1.loss_iou: 0.3731, d2.loss_cls: 0.0750, d2.loss_bbox: 0.0735, d2.loss_iou: 0.3753, d3.loss_cls: 0.0736, d3.loss_bbox: 0.0740, d3.loss_iou: 0.3747, d4.loss_cls: 0.0738, d4.loss_bbox: 0.0738, d4.loss_iou: 0.3735, dn_loss_cls: 0.0151, dn_loss_bbox: 0.0422, dn_loss_iou: 0.1944, d0.dn_loss_cls: 0.0446, d0.dn_loss_bbox: 0.0572, d0.dn_loss_iou: 0.2738, d1.dn_loss_cls: 0.0234, d1.dn_loss_bbox: 0.0447, d1.dn_loss_iou: 0.2101, d2.dn_loss_cls: 0.0182, d2.dn_loss_bbox: 0.0426, d2.dn_loss_iou: 0.1973, d3.dn_loss_cls: 0.0158, d3.dn_loss_bbox: 0.0422, d3.dn_loss_iou: 0.1945, d4.dn_loss_cls: 0.0153, d4.dn_loss_bbox: 0.0422, d4.dn_loss_iou: 0.1944, loss_rpn_cls: 0.0268, loss_rpn_bbox: 0.1037, loss_cls0: 1.3023, acc0: 95.8096, loss_bbox0: 2.6325, loss_cls1: 1.1208, loss_bbox1: 3.4479, loss_centerness1: 6.8856, loss_cls_aux0: 0.0157, loss_bbox_aux0: 0.0128, loss_iou_aux0: 0.0477, d0.loss_cls_aux0: 0.0203, d0.loss_bbox_aux0: 0.0550, d0.loss_iou_aux0: 0.2015, d1.loss_cls_aux0: 0.0177, d1.loss_bbox_aux0: 0.0206, d1.loss_iou_aux0: 0.0786, d2.loss_cls_aux0: 0.0167, d2.loss_bbox_aux0: 0.0148, d2.loss_iou_aux0: 0.0554, d3.loss_cls_aux0: 0.0158, d3.loss_bbox_aux0: 0.0128, d3.loss_iou_aux0: 0.0478, d4.loss_cls_aux0: 0.0156, d4.loss_bbox_aux0: 0.0128, d4.loss_iou_aux0: 0.0477, loss_cls_aux1: 0.0173, loss_bbox_aux1: 0.0561, loss_iou_aux1: 0.2388, d0.loss_cls_aux1: 0.0174, d0.loss_bbox_aux1: 0.0714, d0.loss_iou_aux1: 0.2901, d1.loss_cls_aux1: 0.0174, d1.loss_bbox_aux1: 0.0589, d1.loss_iou_aux1: 0.2506, d2.loss_cls_aux1: 0.0157, d2.loss_bbox_aux1: 0.0568, d2.loss_iou_aux1: 0.2423, d3.loss_cls_aux1: 0.0168, d3.loss_bbox_aux1: 0.0561, d3.loss_iou_aux1: 0.2388, d4.loss_cls_aux1: 0.0165, d4.loss_bbox_aux1: 0.0561, d4.loss_iou_aux1: 0.2387, loss: 23.6016, grad_norm: 244.0652
2024-12-31 17:42:11,339 - mmdet - INFO - Epoch [36][2800/4728]	lr: 5.000e-08, eta: 0:33:50, time: 1.082, data_time: 0.010, memory: 18684, enc_loss_cls: 0.0844, enc_loss_bbox: 0.1003, enc_loss_iou: 0.4187, loss_cls: 0.0692, loss_bbox: 0.0895, loss_iou: 0.3955, d0.loss_cls: 0.0915, d0.loss_bbox: 0.0923, d0.loss_iou: 0.4024, d1.loss_cls: 0.0737, d1.loss_bbox: 0.0905, d1.loss_iou: 0.3956, d2.loss_cls: 0.0717, d2.loss_bbox: 0.0897, d2.loss_iou: 0.3944, d3.loss_cls: 0.0701, d3.loss_bbox: 0.0894, d3.loss_iou: 0.3955, d4.loss_cls: 0.0695, d4.loss_bbox: 0.0892, d4.loss_iou: 0.3955, dn_loss_cls: 0.0169, dn_loss_bbox: 0.0453, dn_loss_iou: 0.2021, d0.dn_loss_cls: 0.0474, d0.dn_loss_bbox: 0.0620, d0.dn_loss_iou: 0.2819, d1.dn_loss_cls: 0.0260, d1.dn_loss_bbox: 0.0484, d1.dn_loss_iou: 0.2184, d2.dn_loss_cls: 0.0204, d2.dn_loss_bbox: 0.0457, d2.dn_loss_iou: 0.2044, d3.dn_loss_cls: 0.0175, d3.dn_loss_bbox: 0.0453, d3.dn_loss_iou: 0.2021, d4.dn_loss_cls: 0.0170, d4.dn_loss_bbox: 0.0453, d4.dn_loss_iou: 0.2021, loss_rpn_cls: 0.0377, loss_rpn_bbox: 0.1314, loss_cls0: 1.4879, acc0: 95.0088, loss_bbox0: 2.8602, loss_cls1: 1.1460, loss_bbox1: 3.7308, loss_centerness1: 7.0666, loss_cls_aux0: 0.0156, loss_bbox_aux0: 0.0205, loss_iou_aux0: 0.0694, d0.loss_cls_aux0: 0.0182, d0.loss_bbox_aux0: 0.0613, d0.loss_iou_aux0: 0.2121, d1.loss_cls_aux0: 0.0161, d1.loss_bbox_aux0: 0.0282, d1.loss_iou_aux0: 0.0979, d2.loss_cls_aux0: 0.0151, d2.loss_bbox_aux0: 0.0226, d2.loss_iou_aux0: 0.0765, d3.loss_cls_aux0: 0.0149, d3.loss_bbox_aux0: 0.0206, d3.loss_iou_aux0: 0.0696, d4.loss_cls_aux0: 0.0155, d4.loss_bbox_aux0: 0.0205, d4.loss_iou_aux0: 0.0694, loss_cls_aux1: 0.0119, loss_bbox_aux1: 0.0777, loss_iou_aux1: 0.2652, d0.loss_cls_aux1: 0.0133, d0.loss_bbox_aux1: 0.0955, d0.loss_iou_aux1: 0.3163, d1.loss_cls_aux1: 0.0120, d1.loss_bbox_aux1: 0.0793, d1.loss_iou_aux1: 0.2740, d2.loss_cls_aux1: 0.0121, d2.loss_bbox_aux1: 0.0780, d2.loss_iou_aux1: 0.2673, d3.loss_cls_aux1: 0.0116, d3.loss_bbox_aux1: 0.0777, d3.loss_iou_aux1: 0.2653, d4.loss_cls_aux1: 0.0119, d4.loss_bbox_aux1: 0.0777, d4.loss_iou_aux1: 0.2652, loss: 25.2537, grad_norm: 229.9868
2024-12-31 17:45:49,028 - mmdet - INFO - Epoch [36][3000/4728]	lr: 5.000e-08, eta: 0:30:20, time: 1.088, data_time: 0.010, memory: 18684, enc_loss_cls: 0.1148, enc_loss_bbox: 0.0820, enc_loss_iou: 0.3804, loss_cls: 0.1067, loss_bbox: 0.0786, loss_iou: 0.3628, d0.loss_cls: 0.1342, d0.loss_bbox: 0.0791, d0.loss_iou: 0.3663, d1.loss_cls: 0.1035, d1.loss_bbox: 0.0776, d1.loss_iou: 0.3683, d2.loss_cls: 0.1096, d2.loss_bbox: 0.0779, d2.loss_iou: 0.3645, d3.loss_cls: 0.1041, d3.loss_bbox: 0.0787, d3.loss_iou: 0.3650, d4.loss_cls: 0.1055, d4.loss_bbox: 0.0787, d4.loss_iou: 0.3646, dn_loss_cls: 0.0447, dn_loss_bbox: 0.0429, dn_loss_iou: 0.1850, d0.dn_loss_cls: 0.0631, d0.dn_loss_bbox: 0.0581, d0.dn_loss_iou: 0.2571, d1.dn_loss_cls: 0.0448, d1.dn_loss_bbox: 0.0459, d1.dn_loss_iou: 0.1994, d2.dn_loss_cls: 0.0417, d2.dn_loss_bbox: 0.0433, d2.dn_loss_iou: 0.1873, d3.dn_loss_cls: 0.0432, d3.dn_loss_bbox: 0.0428, d3.dn_loss_iou: 0.1851, d4.dn_loss_cls: 0.0447, d4.dn_loss_bbox: 0.0429, d4.dn_loss_iou: 0.1850, loss_rpn_cls: 0.0392, loss_rpn_bbox: 0.1060, loss_cls0: 1.2738, acc0: 95.8457, loss_bbox0: 2.4545, loss_cls1: 1.3340, loss_bbox1: 3.4589, loss_centerness1: 6.6014, loss_cls_aux0: 0.0428, loss_bbox_aux0: 0.0152, loss_iou_aux0: 0.0543, d0.loss_cls_aux0: 0.0431, d0.loss_bbox_aux0: 0.0540, d0.loss_iou_aux0: 0.1922, d1.loss_cls_aux0: 0.0421, d1.loss_bbox_aux0: 0.0246, d1.loss_iou_aux0: 0.0858, d2.loss_cls_aux0: 0.0433, d2.loss_bbox_aux0: 0.0174, d2.loss_iou_aux0: 0.0620, d3.loss_cls_aux0: 0.0444, d3.loss_bbox_aux0: 0.0152, d3.loss_iou_aux0: 0.0543, d4.loss_cls_aux0: 0.0420, d4.loss_bbox_aux0: 0.0152, d4.loss_iou_aux0: 0.0543, loss_cls_aux1: 0.0416, loss_bbox_aux1: 0.0596, loss_iou_aux1: 0.2369, d0.loss_cls_aux1: 0.0386, d0.loss_bbox_aux1: 0.0784, d0.loss_iou_aux1: 0.2874, d1.loss_cls_aux1: 0.0410, d1.loss_bbox_aux1: 0.0636, d1.loss_iou_aux1: 0.2478, d2.loss_cls_aux1: 0.0417, d2.loss_bbox_aux1: 0.0607, d2.loss_iou_aux1: 0.2394, d3.loss_cls_aux1: 0.0421, d3.loss_bbox_aux1: 0.0594, d3.loss_iou_aux1: 0.2368, d4.loss_cls_aux1: 0.0403, d4.loss_bbox_aux1: 0.0596, d4.loss_iou_aux1: 0.2369, loss: 23.9416, grad_norm: 245.6809
2024-12-31 17:49:25,575 - mmdet - INFO - Epoch [36][3200/4728]	lr: 5.000e-08, eta: 0:26:50, time: 1.083, data_time: 0.010, memory: 18684, enc_loss_cls: 0.0832, enc_loss_bbox: 0.0870, enc_loss_iou: 0.3544, loss_cls: 0.0636, loss_bbox: 0.0788, loss_iou: 0.3398, d0.loss_cls: 0.1011, d0.loss_bbox: 0.0803, d0.loss_iou: 0.3374, d1.loss_cls: 0.0655, d1.loss_bbox: 0.0800, d1.loss_iou: 0.3412, d2.loss_cls: 0.0643, d2.loss_bbox: 0.0793, d2.loss_iou: 0.3402, d3.loss_cls: 0.0762, d3.loss_bbox: 0.0774, d3.loss_iou: 0.3339, d4.loss_cls: 0.0633, d4.loss_bbox: 0.0789, d4.loss_iou: 0.3396, dn_loss_cls: 0.0122, dn_loss_bbox: 0.0433, dn_loss_iou: 0.1797, d0.dn_loss_cls: 0.0370, d0.dn_loss_bbox: 0.0588, d0.dn_loss_iou: 0.2489, d1.dn_loss_cls: 0.0189, d1.dn_loss_bbox: 0.0458, d1.dn_loss_iou: 0.1916, d2.dn_loss_cls: 0.0149, d2.dn_loss_bbox: 0.0438, d2.dn_loss_iou: 0.1816, d3.dn_loss_cls: 0.0127, d3.dn_loss_bbox: 0.0433, d3.dn_loss_iou: 0.1799, d4.dn_loss_cls: 0.0122, d4.dn_loss_bbox: 0.0433, d4.dn_loss_iou: 0.1797, loss_rpn_cls: 0.0397, loss_rpn_bbox: 0.1042, loss_cls0: 1.2369, acc0: 95.8662, loss_bbox0: 2.3824, loss_cls1: 1.1798, loss_bbox1: 3.2563, loss_centerness1: 6.7715, loss_cls_aux0: 0.0086, loss_bbox_aux0: 0.0140, loss_iou_aux0: 0.0552, d0.loss_cls_aux0: 0.0170, d0.loss_bbox_aux0: 0.0553, d0.loss_iou_aux0: 0.1971, d1.loss_cls_aux0: 0.0109, d1.loss_bbox_aux0: 0.0216, d1.loss_iou_aux0: 0.0820, d2.loss_cls_aux0: 0.0095, d2.loss_bbox_aux0: 0.0159, d2.loss_iou_aux0: 0.0619, d3.loss_cls_aux0: 0.0087, d3.loss_bbox_aux0: 0.0140, d3.loss_iou_aux0: 0.0551, d4.loss_cls_aux0: 0.0088, d4.loss_bbox_aux0: 0.0140, d4.loss_iou_aux0: 0.0552, loss_cls_aux1: 0.0079, loss_bbox_aux1: 0.0553, loss_iou_aux1: 0.2154, d0.loss_cls_aux1: 0.0119, d0.loss_bbox_aux1: 0.0720, d0.loss_iou_aux1: 0.2647, d1.loss_cls_aux1: 0.0095, d1.loss_bbox_aux1: 0.0582, d1.loss_iou_aux1: 0.2232, d2.loss_cls_aux1: 0.0090, d2.loss_bbox_aux1: 0.0559, d2.loss_iou_aux1: 0.2173, d3.loss_cls_aux1: 0.0084, d3.loss_bbox_aux1: 0.0553, d3.loss_iou_aux1: 0.2153, d4.loss_cls_aux1: 0.0080, d4.loss_bbox_aux1: 0.0553, d4.loss_iou_aux1: 0.2154, loss: 22.4469, grad_norm: 220.9279
2024-12-31 17:53:02,250 - mmdet - INFO - Epoch [36][3400/4728]	lr: 5.000e-08, eta: 0:23:19, time: 1.083, data_time: 0.010, memory: 18684, enc_loss_cls: 0.0825, enc_loss_bbox: 0.0774, enc_loss_iou: 0.3705, loss_cls: 0.0583, loss_bbox: 0.0717, loss_iou: 0.3555, d0.loss_cls: 0.0909, d0.loss_bbox: 0.0744, d0.loss_iou: 0.3559, d1.loss_cls: 0.0595, d1.loss_bbox: 0.0727, d1.loss_iou: 0.3576, d2.loss_cls: 0.0592, d2.loss_bbox: 0.0714, d2.loss_iou: 0.3557, d3.loss_cls: 0.0568, d3.loss_bbox: 0.0714, d3.loss_iou: 0.3567, d4.loss_cls: 0.0577, d4.loss_bbox: 0.0717, d4.loss_iou: 0.3555, dn_loss_cls: 0.0141, dn_loss_bbox: 0.0401, dn_loss_iou: 0.1868, d0.dn_loss_cls: 0.0399, d0.dn_loss_bbox: 0.0543, d0.dn_loss_iou: 0.2593, d1.dn_loss_cls: 0.0203, d1.dn_loss_bbox: 0.0422, d1.dn_loss_iou: 0.2006, d2.dn_loss_cls: 0.0161, d2.dn_loss_bbox: 0.0404, d2.dn_loss_iou: 0.1888, d3.dn_loss_cls: 0.0142, d3.dn_loss_bbox: 0.0401, d3.dn_loss_iou: 0.1868, d4.dn_loss_cls: 0.0140, d4.dn_loss_bbox: 0.0401, d4.dn_loss_iou: 0.1868, loss_rpn_cls: 0.0222, loss_rpn_bbox: 0.1072, loss_cls0: 1.1995, acc0: 95.9062, loss_bbox0: 2.4238, loss_cls1: 0.9509, loss_bbox1: 3.3162, loss_centerness1: 6.8505, loss_cls_aux0: 0.0136, loss_bbox_aux0: 0.0132, loss_iou_aux0: 0.0526, d0.loss_cls_aux0: 0.0181, d0.loss_bbox_aux0: 0.0506, d0.loss_iou_aux0: 0.1922, d1.loss_cls_aux0: 0.0166, d1.loss_bbox_aux0: 0.0192, d1.loss_iou_aux0: 0.0786, d2.loss_cls_aux0: 0.0147, d2.loss_bbox_aux0: 0.0143, d2.loss_iou_aux0: 0.0590, d3.loss_cls_aux0: 0.0140, d3.loss_bbox_aux0: 0.0132, d3.loss_iou_aux0: 0.0525, d4.loss_cls_aux0: 0.0132, d4.loss_bbox_aux0: 0.0132, d4.loss_iou_aux0: 0.0526, loss_cls_aux1: 0.0119, loss_bbox_aux1: 0.0546, loss_iou_aux1: 0.2328, d0.loss_cls_aux1: 0.0134, d0.loss_bbox_aux1: 0.0698, d0.loss_iou_aux1: 0.2834, d1.loss_cls_aux1: 0.0135, d1.loss_bbox_aux1: 0.0563, d1.loss_iou_aux1: 0.2435, d2.loss_cls_aux1: 0.0120, d2.loss_bbox_aux1: 0.0551, d2.loss_iou_aux1: 0.2348, d3.loss_cls_aux1: 0.0110, d3.loss_bbox_aux1: 0.0547, d3.loss_iou_aux1: 0.2327, d4.loss_cls_aux1: 0.0113, d4.loss_bbox_aux1: 0.0546, d4.loss_iou_aux1: 0.2328, loss: 22.5178, grad_norm: 208.1663
2024-12-31 17:56:38,511 - mmdet - INFO - Epoch [36][3600/4728]	lr: 5.000e-08, eta: 0:19:49, time: 1.081, data_time: 0.010, memory: 18684, enc_loss_cls: 0.0910, enc_loss_bbox: 0.0739, enc_loss_iou: 0.3865, loss_cls: 0.0715, loss_bbox: 0.0683, loss_iou: 0.3672, d0.loss_cls: 0.1071, d0.loss_bbox: 0.0692, d0.loss_iou: 0.3696, d1.loss_cls: 0.0805, d1.loss_bbox: 0.0688, d1.loss_iou: 0.3688, d2.loss_cls: 0.0706, d2.loss_bbox: 0.0689, d2.loss_iou: 0.3705, d3.loss_cls: 0.0731, d3.loss_bbox: 0.0685, d3.loss_iou: 0.3669, d4.loss_cls: 0.0717, d4.loss_bbox: 0.0682, d4.loss_iou: 0.3671, dn_loss_cls: 0.0148, dn_loss_bbox: 0.0385, dn_loss_iou: 0.1901, d0.dn_loss_cls: 0.0429, d0.dn_loss_bbox: 0.0538, d0.dn_loss_iou: 0.2685, d1.dn_loss_cls: 0.0223, d1.dn_loss_bbox: 0.0406, d1.dn_loss_iou: 0.2040, d2.dn_loss_cls: 0.0174, d2.dn_loss_bbox: 0.0388, d2.dn_loss_iou: 0.1923, d3.dn_loss_cls: 0.0154, d3.dn_loss_bbox: 0.0385, d3.dn_loss_iou: 0.1901, d4.dn_loss_cls: 0.0148, d4.dn_loss_bbox: 0.0385, d4.dn_loss_iou: 0.1901, loss_rpn_cls: 0.0290, loss_rpn_bbox: 0.1029, loss_cls0: 1.2699, acc0: 95.6131, loss_bbox0: 2.5752, loss_cls1: 1.0270, loss_bbox1: 3.3733, loss_centerness1: 6.8493, loss_cls_aux0: 0.0085, loss_bbox_aux0: 0.0120, loss_iou_aux0: 0.0528, d0.loss_cls_aux0: 0.0139, d0.loss_bbox_aux0: 0.0481, d0.loss_iou_aux0: 0.2009, d1.loss_cls_aux0: 0.0112, d1.loss_bbox_aux0: 0.0181, d1.loss_iou_aux0: 0.0819, d2.loss_cls_aux0: 0.0100, d2.loss_bbox_aux0: 0.0138, d2.loss_iou_aux0: 0.0612, d3.loss_cls_aux0: 0.0098, d3.loss_bbox_aux0: 0.0119, d3.loss_iou_aux0: 0.0527, d4.loss_cls_aux0: 0.0087, d4.loss_bbox_aux0: 0.0120, d4.loss_iou_aux0: 0.0527, loss_cls_aux1: 0.0087, loss_bbox_aux1: 0.0505, loss_iou_aux1: 0.2374, d0.loss_cls_aux1: 0.0108, d0.loss_bbox_aux1: 0.0659, d0.loss_iou_aux1: 0.2889, d1.loss_cls_aux1: 0.0106, d1.loss_bbox_aux1: 0.0533, d1.loss_iou_aux1: 0.2475, d2.loss_cls_aux1: 0.0102, d2.loss_bbox_aux1: 0.0507, d2.loss_iou_aux1: 0.2398, d3.loss_cls_aux1: 0.0100, d3.loss_bbox_aux1: 0.0505, d3.loss_iou_aux1: 0.2374, d4.loss_cls_aux1: 0.0088, d4.loss_bbox_aux1: 0.0505, d4.loss_iou_aux1: 0.2374, loss: 23.0345, grad_norm: 213.5620
2024-12-31 18:00:15,370 - mmdet - INFO - Epoch [36][3800/4728]	lr: 5.000e-08, eta: 0:16:18, time: 1.084, data_time: 0.010, memory: 18684, enc_loss_cls: 0.1042, enc_loss_bbox: 0.0860, enc_loss_iou: 0.3717, loss_cls: 0.0855, loss_bbox: 0.0795, loss_iou: 0.3506, d0.loss_cls: 0.1258, d0.loss_bbox: 0.0763, d0.loss_iou: 0.3465, d1.loss_cls: 0.0976, d1.loss_bbox: 0.0790, d1.loss_iou: 0.3477, d2.loss_cls: 0.0880, d2.loss_bbox: 0.0798, d2.loss_iou: 0.3529, d3.loss_cls: 0.0859, d3.loss_bbox: 0.0795, d3.loss_iou: 0.3516, d4.loss_cls: 0.0851, d4.loss_bbox: 0.0796, d4.loss_iou: 0.3507, dn_loss_cls: 0.0159, dn_loss_bbox: 0.0464, dn_loss_iou: 0.1852, d0.dn_loss_cls: 0.0475, d0.dn_loss_bbox: 0.0632, d0.dn_loss_iou: 0.2635, d1.dn_loss_cls: 0.0250, d1.dn_loss_bbox: 0.0491, d1.dn_loss_iou: 0.1993, d2.dn_loss_cls: 0.0188, d2.dn_loss_bbox: 0.0466, d2.dn_loss_iou: 0.1873, d3.dn_loss_cls: 0.0171, d3.dn_loss_bbox: 0.0464, d3.dn_loss_iou: 0.1853, d4.dn_loss_cls: 0.0160, d4.dn_loss_bbox: 0.0464, d4.dn_loss_iou: 0.1852, loss_rpn_cls: 0.0293, loss_rpn_bbox: 0.1014, loss_cls0: 1.2764, acc0: 95.7383, loss_bbox0: 2.4633, loss_cls1: 1.1650, loss_bbox1: 3.5012, loss_centerness1: 6.6782, loss_cls_aux0: 0.0235, loss_bbox_aux0: 0.0124, loss_iou_aux0: 0.0502, d0.loss_cls_aux0: 0.0273, d0.loss_bbox_aux0: 0.0573, d0.loss_iou_aux0: 0.1981, d1.loss_cls_aux0: 0.0277, d1.loss_bbox_aux0: 0.0214, d1.loss_iou_aux0: 0.0794, d2.loss_cls_aux0: 0.0264, d2.loss_bbox_aux0: 0.0149, d2.loss_iou_aux0: 0.0581, d3.loss_cls_aux0: 0.0267, d3.loss_bbox_aux0: 0.0124, d3.loss_iou_aux0: 0.0501, d4.loss_cls_aux0: 0.0231, d4.loss_bbox_aux0: 0.0124, d4.loss_iou_aux0: 0.0502, loss_cls_aux1: 0.0213, loss_bbox_aux1: 0.0587, loss_iou_aux1: 0.2389, d0.loss_cls_aux1: 0.0241, d0.loss_bbox_aux1: 0.0756, d0.loss_iou_aux1: 0.2944, d1.loss_cls_aux1: 0.0247, d1.loss_bbox_aux1: 0.0611, d1.loss_iou_aux1: 0.2490, d2.loss_cls_aux1: 0.0243, d2.loss_bbox_aux1: 0.0591, d2.loss_iou_aux1: 0.2410, d3.loss_cls_aux1: 0.0247, d3.loss_bbox_aux1: 0.0588, d3.loss_iou_aux1: 0.2389, d4.loss_cls_aux1: 0.0212, d4.loss_bbox_aux1: 0.0587, d4.loss_iou_aux1: 0.2389, loss: 23.3478, grad_norm: 220.1051
2024-12-31 18:03:54,632 - mmdet - INFO - Epoch [36][4000/4728]	lr: 5.000e-08, eta: 0:12:48, time: 1.096, data_time: 0.010, memory: 18684, enc_loss_cls: 0.0891, enc_loss_bbox: 0.0871, enc_loss_iou: 0.3795, loss_cls: 0.0715, loss_bbox: 0.0753, loss_iou: 0.3549, d0.loss_cls: 0.1047, d0.loss_bbox: 0.0799, d0.loss_iou: 0.3601, d1.loss_cls: 0.0819, d1.loss_bbox: 0.0782, d1.loss_iou: 0.3572, d2.loss_cls: 0.0691, d2.loss_bbox: 0.0790, d2.loss_iou: 0.3616, d3.loss_cls: 0.0671, d3.loss_bbox: 0.0772, d3.loss_iou: 0.3576, d4.loss_cls: 0.0701, d4.loss_bbox: 0.0755, d4.loss_iou: 0.3569, dn_loss_cls: 0.0154, dn_loss_bbox: 0.0443, dn_loss_iou: 0.1874, d0.dn_loss_cls: 0.0436, d0.dn_loss_bbox: 0.0606, d0.dn_loss_iou: 0.2621, d1.dn_loss_cls: 0.0231, d1.dn_loss_bbox: 0.0467, d1.dn_loss_iou: 0.2010, d2.dn_loss_cls: 0.0181, d2.dn_loss_bbox: 0.0445, d2.dn_loss_iou: 0.1895, d3.dn_loss_cls: 0.0160, d3.dn_loss_bbox: 0.0442, d3.dn_loss_iou: 0.1878, d4.dn_loss_cls: 0.0153, d4.dn_loss_bbox: 0.0443, d4.dn_loss_iou: 0.1875, loss_rpn_cls: 0.0260, loss_rpn_bbox: 0.0993, loss_cls0: 1.2829, acc0: 95.6855, loss_bbox0: 2.4904, loss_cls1: 1.1241, loss_bbox1: 3.4304, loss_centerness1: 6.8189, loss_cls_aux0: 0.0206, loss_bbox_aux0: 0.0136, loss_iou_aux0: 0.0543, d0.loss_cls_aux0: 0.0267, d0.loss_bbox_aux0: 0.0552, d0.loss_iou_aux0: 0.1965, d1.loss_cls_aux0: 0.0219, d1.loss_bbox_aux0: 0.0214, d1.loss_iou_aux0: 0.0814, d2.loss_cls_aux0: 0.0202, d2.loss_bbox_aux0: 0.0154, d2.loss_iou_aux0: 0.0598, d3.loss_cls_aux0: 0.0202, d3.loss_bbox_aux0: 0.0135, d3.loss_iou_aux0: 0.0533, d4.loss_cls_aux0: 0.0205, d4.loss_bbox_aux0: 0.0136, d4.loss_iou_aux0: 0.0543, loss_cls_aux1: 0.0157, loss_bbox_aux1: 0.0615, loss_iou_aux1: 0.2398, d0.loss_cls_aux1: 0.0165, d0.loss_bbox_aux1: 0.0779, d0.loss_iou_aux1: 0.2847, d1.loss_cls_aux1: 0.0164, d1.loss_bbox_aux1: 0.0655, d1.loss_iou_aux1: 0.2513, d2.loss_cls_aux1: 0.0160, d2.loss_bbox_aux1: 0.0625, d2.loss_iou_aux1: 0.2426, d3.loss_cls_aux1: 0.0153, d3.loss_bbox_aux1: 0.0615, d3.loss_iou_aux1: 0.2398, d4.loss_cls_aux1: 0.0156, d4.loss_bbox_aux1: 0.0615, d4.loss_iou_aux1: 0.2398, loss: 23.2830, grad_norm: 231.2738
2024-12-31 18:07:32,321 - mmdet - INFO - Epoch [36][4200/4728]	lr: 5.000e-08, eta: 0:09:17, time: 1.088, data_time: 0.010, memory: 18684, enc_loss_cls: 0.1014, enc_loss_bbox: 0.0844, enc_loss_iou: 0.3737, loss_cls: 0.0764, loss_bbox: 0.0785, loss_iou: 0.3580, d0.loss_cls: 0.1101, d0.loss_bbox: 0.0830, d0.loss_iou: 0.3633, d1.loss_cls: 0.0824, d1.loss_bbox: 0.0812, d1.loss_iou: 0.3592, d2.loss_cls: 0.0737, d2.loss_bbox: 0.0804, d2.loss_iou: 0.3593, d3.loss_cls: 0.0781, d3.loss_bbox: 0.0790, d3.loss_iou: 0.3576, d4.loss_cls: 0.0770, d4.loss_bbox: 0.0788, d4.loss_iou: 0.3579, dn_loss_cls: 0.0142, dn_loss_bbox: 0.0412, dn_loss_iou: 0.1904, d0.dn_loss_cls: 0.0400, d0.dn_loss_bbox: 0.0563, d0.dn_loss_iou: 0.2653, d1.dn_loss_cls: 0.0203, d1.dn_loss_bbox: 0.0439, d1.dn_loss_iou: 0.2052, d2.dn_loss_cls: 0.0164, d2.dn_loss_bbox: 0.0416, d2.dn_loss_iou: 0.1935, d3.dn_loss_cls: 0.0146, d3.dn_loss_bbox: 0.0412, d3.dn_loss_iou: 0.1917, d4.dn_loss_cls: 0.0142, d4.dn_loss_bbox: 0.0412, d4.dn_loss_iou: 0.1901, loss_rpn_cls: 0.0296, loss_rpn_bbox: 0.1178, loss_cls0: 1.2459, acc0: 95.7617, loss_bbox0: 2.5683, loss_cls1: 1.0879, loss_bbox1: 3.3098, loss_centerness1: 6.6779, loss_cls_aux0: 0.0118, loss_bbox_aux0: 0.0146, loss_iou_aux0: 0.0644, d0.loss_cls_aux0: 0.0167, d0.loss_bbox_aux0: 0.0532, d0.loss_iou_aux0: 0.2101, d1.loss_cls_aux0: 0.0126, d1.loss_bbox_aux0: 0.0218, d1.loss_iou_aux0: 0.0951, d2.loss_cls_aux0: 0.0116, d2.loss_bbox_aux0: 0.0166, d2.loss_iou_aux0: 0.0739, d3.loss_cls_aux0: 0.0115, d3.loss_bbox_aux0: 0.0146, d3.loss_iou_aux0: 0.0644, d4.loss_cls_aux0: 0.0111, d4.loss_bbox_aux0: 0.0146, d4.loss_iou_aux0: 0.0645, loss_cls_aux1: 0.0102, loss_bbox_aux1: 0.0527, loss_iou_aux1: 0.2203, d0.loss_cls_aux1: 0.0124, d0.loss_bbox_aux1: 0.0671, d0.loss_iou_aux1: 0.2707, d1.loss_cls_aux1: 0.0104, d1.loss_bbox_aux1: 0.0561, d1.loss_iou_aux1: 0.2318, d2.loss_cls_aux1: 0.0100, d2.loss_bbox_aux1: 0.0533, d2.loss_iou_aux1: 0.2225, d3.loss_cls_aux1: 0.0103, d3.loss_bbox_aux1: 0.0527, d3.loss_iou_aux1: 0.2204, d4.loss_cls_aux1: 0.0098, d4.loss_bbox_aux1: 0.0527, d4.loss_iou_aux1: 0.2203, loss: 22.9190, grad_norm: 228.4372
2024-12-31 18:11:08,368 - mmdet - INFO - Epoch [36][4400/4728]	lr: 5.000e-08, eta: 0:05:46, time: 1.080, data_time: 0.010, memory: 18684, enc_loss_cls: 0.0983, enc_loss_bbox: 0.0879, enc_loss_iou: 0.3745, loss_cls: 0.0781, loss_bbox: 0.0829, loss_iou: 0.3561, d0.loss_cls: 0.1164, d0.loss_bbox: 0.0836, d0.loss_iou: 0.3590, d1.loss_cls: 0.0875, d1.loss_bbox: 0.0835, d1.loss_iou: 0.3595, d2.loss_cls: 0.0784, d2.loss_bbox: 0.0839, d2.loss_iou: 0.3582, d3.loss_cls: 0.0762, d3.loss_bbox: 0.0834, d3.loss_iou: 0.3584, d4.loss_cls: 0.0782, d4.loss_bbox: 0.0829, d4.loss_iou: 0.3564, dn_loss_cls: 0.0195, dn_loss_bbox: 0.0457, dn_loss_iou: 0.1868, d0.dn_loss_cls: 0.0510, d0.dn_loss_bbox: 0.0631, d0.dn_loss_iou: 0.2621, d1.dn_loss_cls: 0.0285, d1.dn_loss_bbox: 0.0485, d1.dn_loss_iou: 0.2018, d2.dn_loss_cls: 0.0229, d2.dn_loss_bbox: 0.0462, d2.dn_loss_iou: 0.1892, d3.dn_loss_cls: 0.0199, d3.dn_loss_bbox: 0.0457, d3.dn_loss_iou: 0.1867, d4.dn_loss_cls: 0.0195, d4.dn_loss_bbox: 0.0457, d4.dn_loss_iou: 0.1868, loss_rpn_cls: 0.0293, loss_rpn_bbox: 0.0982, loss_cls0: 1.3234, acc0: 95.7793, loss_bbox0: 2.5358, loss_cls1: 1.1438, loss_bbox1: 3.4426, loss_centerness1: 6.8141, loss_cls_aux0: 0.0190, loss_bbox_aux0: 0.0139, loss_iou_aux0: 0.0526, d0.loss_cls_aux0: 0.0232, d0.loss_bbox_aux0: 0.0573, d0.loss_iou_aux0: 0.1951, d1.loss_cls_aux0: 0.0227, d1.loss_bbox_aux0: 0.0235, d1.loss_iou_aux0: 0.0820, d2.loss_cls_aux0: 0.0218, d2.loss_bbox_aux0: 0.0159, d2.loss_iou_aux0: 0.0593, d3.loss_cls_aux0: 0.0209, d3.loss_bbox_aux0: 0.0139, d3.loss_iou_aux0: 0.0525, d4.loss_cls_aux0: 0.0188, d4.loss_bbox_aux0: 0.0139, d4.loss_iou_aux0: 0.0526, loss_cls_aux1: 0.0202, loss_bbox_aux1: 0.0604, loss_iou_aux1: 0.2329, d0.loss_cls_aux1: 0.0231, d0.loss_bbox_aux1: 0.0752, d0.loss_iou_aux1: 0.2798, d1.loss_cls_aux1: 0.0227, d1.loss_bbox_aux1: 0.0631, d1.loss_iou_aux1: 0.2416, d2.loss_cls_aux1: 0.0219, d2.loss_bbox_aux1: 0.0608, d2.loss_iou_aux1: 0.2351, d3.loss_cls_aux1: 0.0209, d3.loss_bbox_aux1: 0.0604, d3.loss_iou_aux1: 0.2330, d4.loss_cls_aux1: 0.0203, d4.loss_bbox_aux1: 0.0603, d4.loss_iou_aux1: 0.2329, loss: 23.5036, grad_norm: 245.7676
2024-12-31 18:14:44,248 - mmdet - INFO - Epoch [36][4600/4728]	lr: 5.000e-08, eta: 0:02:15, time: 1.079, data_time: 0.010, memory: 18684, enc_loss_cls: 0.1021, enc_loss_bbox: 0.0757, enc_loss_iou: 0.3452, loss_cls: 0.0769, loss_bbox: 0.0719, loss_iou: 0.3328, d0.loss_cls: 0.1148, d0.loss_bbox: 0.0728, d0.loss_iou: 0.3341, d1.loss_cls: 0.0818, d1.loss_bbox: 0.0702, d1.loss_iou: 0.3358, d2.loss_cls: 0.0784, d2.loss_bbox: 0.0720, d2.loss_iou: 0.3325, d3.loss_cls: 0.0772, d3.loss_bbox: 0.0721, d3.loss_iou: 0.3334, d4.loss_cls: 0.0802, d4.loss_bbox: 0.0719, d4.loss_iou: 0.3317, dn_loss_cls: 0.0149, dn_loss_bbox: 0.0412, dn_loss_iou: 0.1800, d0.dn_loss_cls: 0.0408, d0.dn_loss_bbox: 0.0560, d0.dn_loss_iou: 0.2499, d1.dn_loss_cls: 0.0211, d1.dn_loss_bbox: 0.0435, d1.dn_loss_iou: 0.1941, d2.dn_loss_cls: 0.0175, d2.dn_loss_bbox: 0.0414, d2.dn_loss_iou: 0.1824, d3.dn_loss_cls: 0.0154, d3.dn_loss_bbox: 0.0411, d3.dn_loss_iou: 0.1806, d4.dn_loss_cls: 0.0149, d4.dn_loss_bbox: 0.0412, d4.dn_loss_iou: 0.1802, loss_rpn_cls: 0.0226, loss_rpn_bbox: 0.1123, loss_cls0: 1.3315, acc0: 95.6475, loss_bbox0: 2.5146, loss_cls1: 1.0157, loss_bbox1: 3.1700, loss_centerness1: 6.6893, loss_cls_aux0: 0.0170, loss_bbox_aux0: 0.0142, loss_iou_aux0: 0.0537, d0.loss_cls_aux0: 0.0210, d0.loss_bbox_aux0: 0.0523, d0.loss_iou_aux0: 0.1922, d1.loss_cls_aux0: 0.0212, d1.loss_bbox_aux0: 0.0211, d1.loss_iou_aux0: 0.0820, d2.loss_cls_aux0: 0.0200, d2.loss_bbox_aux0: 0.0155, d2.loss_iou_aux0: 0.0606, d3.loss_cls_aux0: 0.0186, d3.loss_bbox_aux0: 0.0142, d3.loss_iou_aux0: 0.0539, d4.loss_cls_aux0: 0.0172, d4.loss_bbox_aux0: 0.0142, d4.loss_iou_aux0: 0.0537, loss_cls_aux1: 0.0167, loss_bbox_aux1: 0.0524, loss_iou_aux1: 0.2131, d0.loss_cls_aux1: 0.0175, d0.loss_bbox_aux1: 0.0687, d0.loss_iou_aux1: 0.2651, d1.loss_cls_aux1: 0.0174, d1.loss_bbox_aux1: 0.0552, d1.loss_iou_aux1: 0.2233, d2.loss_cls_aux1: 0.0169, d2.loss_bbox_aux1: 0.0530, d2.loss_iou_aux1: 0.2154, d3.loss_cls_aux1: 0.0165, d3.loss_bbox_aux1: 0.0524, d3.loss_iou_aux1: 0.2131, d4.loss_cls_aux1: 0.0169, d4.loss_bbox_aux1: 0.0524, d4.loss_iou_aux1: 0.2131, loss: 22.3971, grad_norm: 216.4833
2024-12-31 18:17:03,179 - mmdet - INFO - Saving checkpoint at 36 epochs
2024-12-31 18:20:13,490 - mmdet - INFO - Evaluating bbox...
2024-12-31 18:21:12,470 - mmdet - INFO - 
 Average Precision  (AP) @[ IoU=0.50:0.95 | area=   all | maxDets=100 ] = 0.621
 Average Precision  (AP) @[ IoU=0.50      | area=   all | maxDets=1000 ] = 0.907
 Average Precision  (AP) @[ IoU=0.75      | area=   all | maxDets=1000 ] = 0.663
 Average Precision  (AP) @[ IoU=0.50:0.95 | area= small | maxDets=1000 ] = 0.407
 Average Precision  (AP) @[ IoU=0.50:0.95 | area=medium | maxDets=1000 ] = 0.706
 Average Precision  (AP) @[ IoU=0.50:0.95 | area= large | maxDets=1000 ] = 0.883
 Average Recall     (AR) @[ IoU=0.50:0.95 | area=   all | maxDets=100 ] = 0.691
 Average Recall     (AR) @[ IoU=0.50:0.95 | area=   all | maxDets=300 ] = 0.694
 Average Recall     (AR) @[ IoU=0.50:0.95 | area=   all | maxDets=1000 ] = 0.695
 Average Recall     (AR) @[ IoU=0.50:0.95 | area= small | maxDets=1000 ] = 0.528
 Average Recall     (AR) @[ IoU=0.50:0.95 | area=medium | maxDets=1000 ] = 0.770
 Average Recall     (AR) @[ IoU=0.50:0.95 | area= large | maxDets=1000 ] = 0.917

2024-12-31 18:21:12,472 - mmdet - INFO - 
+----------+-------+--------+--------+-------+-------+-------+
| category | mAP   | mAP_50 | mAP_75 | mAP_s | mAP_m | mAP_l |
+----------+-------+--------+--------+-------+-------+-------+
| Car      | 0.703 | 0.948  | 0.775  | 0.424 | 0.727 | 0.909 |
| Truck    | 0.691 | 0.921  | 0.758  | 0.45  | 0.692 | 0.872 |
| People   | 0.553 | 0.903  | 0.567  | 0.38  | 0.725 | 0.824 |
| Bus      | 0.789 | 0.961  | 0.868  | 0.496 | 0.728 | 0.901 |
| Lamp     | 0.476 | 0.876  | 0.452  | 0.438 | 0.709 | nan   |
| Motor.   | 0.515 | 0.835  | 0.557  | 0.254 | 0.656 | 0.909 |
+----------+-------+--------+--------+-------+-------+-------+
2024-12-31 18:21:13,022 - mmdet - INFO - Exp name: codino_vit_twostream_640_autoaugv1_train1.py
2024-12-31 18:21:13,022 - mmdet - INFO - Epoch(val) [36][840]	Car_precision: 0.7030, Truck_precision: 0.6910, People_precision: 0.5530, Bus_precision: 0.7890, Lamp_precision: 0.4760, Motor._precision: 0.5150, bbox_mAP: 0.6210, bbox_mAP_50: 0.9070, bbox_mAP_75: 0.6630, bbox_mAP_s: 0.4070, bbox_mAP_m: 0.7060, bbox_mAP_l: 0.8830, bbox_mAP_copypaste: 0.621 0.907 0.663 0.407 0.706 0.883
